Age,Attrition,BusinessTravel,DailyRate,DistanceFromHome,Education,EnvironmentSatisfaction,Gender,HourlyRate,JobInvolvement,JobLevel,JobSatisfaction,MonthlyIncome,MonthlyRate,NumCompaniesWorked,OverTime,PercentSalaryHike,PerformanceRating,RelationshipSatisfaction,StockOptionLevel,TotalWorkingYears,TrainingTimesLastYear,WorkLifeBalance,YearsAtCompany,YearsInCurrentRole,YearsSinceLastPromotion,YearsWithCurrManager,Department_Research & Development,Department_Sales,EducationField_Life Sciences,EducationField_Marketing,EducationField_Medical,EducationField_Other,EducationField_Technical Degree,JobRole_Human Resources,JobRole_Laboratory Technician,JobRole_Manager,JobRole_Manufacturing Director,JobRole_Research Director,JobRole_Research Scientist,JobRole_Sales Executive,JobRole_Sales Representative,MaritalStatus_Married,MaritalStatus_Single,LogMonthlyIncome,YearsPerCompany,PromotionLag,IncomePerYear,HighRiskProfile
41,1,1,1102,1,2,2,0,94,3,2,4,5993,19479,8,1,11,3,1,0,8,0,1,6,4,0,5,0,1,1,0,0,0,0,0,0,0,0,0,0,1,0,0,1,8.698514248,1,-4,665.89,0
49,0,2,279,8,1,3,1,61,2,2,2,5130,24907,1,0,23,4,4,1,10,3,3,10,7,1,7,1,0,1,0,0,0,0,0,0,0,0,0,1,0,0,1,0,8.543055851,10,-6,466.36,0
37,1,1,1373,2,2,4,1,92,2,1,3,2090,2396,6,1,15,3,2,0,7,3,3,0,0,0,0,1,0,0,0,0,1,0,0,1,0,0,0,0,0,0,0,1,7.645397699,1.166666667,0,261.25,0
33,0,2,1392,3,4,4,0,56,3,1,3,2909,23159,1,1,11,3,3,0,8,3,3,8,7,3,0,1,0,1,0,0,0,0,0,0,0,0,0,1,0,0,1,0,7.97590836,8,-4,323.22,0
27,0,1,591,2,1,1,1,40,3,1,2,3468,16632,9,0,12,3,4,1,6,3,3,2,2,2,2,1,0,0,0,1,0,0,0,1,0,0,0,0,0,0,1,0,8.151621647,0.666666667,0,495.43,0
32,0,2,1005,2,2,4,1,79,3,1,4,3068,11864,0,0,13,3,3,0,8,2,2,7,7,3,6,1,0,1,0,0,0,0,0,1,0,0,0,0,0,0,0,1,8.029107055,8,-4,340.89,0
59,0,1,1324,3,3,3,0,81,4,1,1,2670,9964,4,1,20,4,1,3,12,3,2,1,0,0,0,1,0,0,0,1,0,0,0,1,0,0,0,0,0,0,1,0,7.890208213,3,0,205.38,0
30,0,1,1358,24,1,4,1,67,3,1,3,2693,13335,1,0,22,4,2,1,1,2,3,1,0,0,0,1,0,1,0,0,0,0,0,1,0,0,0,0,0,0,0,0,7.898782357,1,0,1346.5,0
38,0,2,216,23,3,4,1,44,2,3,3,9526,8787,0,0,21,4,2,0,10,2,3,9,7,1,8,1,0,1,0,0,0,0,0,0,0,1,0,0,0,0,0,1,9.161885152,10,-6,866,0
36,0,1,1299,27,3,3,1,94,3,2,3,5237,16577,6,0,13,3,2,2,17,3,2,7,7,7,7,1,0,0,0,1,0,0,0,0,0,0,0,0,0,0,1,0,8.563695025,2.833333333,0,290.94,0
35,0,1,809,16,3,1,1,84,4,1,2,2426,16479,0,0,13,3,3,1,6,5,3,5,4,0,3,1,0,0,0,1,0,0,0,1,0,0,0,0,0,0,1,0,7.794411206,6,-4,346.57,0
29,0,1,153,15,2,4,0,49,2,2,3,4193,12682,0,1,12,3,4,0,10,3,3,9,5,0,8,1,0,1,0,0,0,0,0,1,0,0,0,0,0,0,0,1,8.341410211,10,-5,381.18,0
31,0,1,670,26,1,1,1,31,3,1,3,2911,15170,1,0,17,3,4,1,5,1,2,5,2,4,3,1,0,1,0,0,0,0,0,0,0,0,0,1,0,0,0,0,7.976595409,5,2,485.17,0
34,0,1,1346,19,2,2,1,93,3,1,4,2661,8758,0,0,11,3,3,1,3,2,3,2,2,1,2,1,0,0,0,1,0,0,0,1,0,0,0,0,0,0,0,0,7.886832999,3,-1,665.25,0
28,1,1,103,24,3,3,1,50,2,1,3,2028,12947,5,1,14,3,2,0,6,4,3,4,2,0,3,1,0,1,0,0,0,0,0,1,0,0,0,0,0,0,0,1,7.61529834,1.2,-2,289.71,0
29,0,1,1389,21,4,2,0,51,4,3,1,9980,10195,1,0,11,3,3,1,10,1,3,10,9,8,8,1,0,1,0,0,0,0,0,0,0,1,0,0,0,0,0,0,9.208438565,10,-1,907.27,0
32,0,1,334,5,2,1,1,80,4,1,2,3298,15053,0,1,12,3,4,2,7,5,2,6,2,0,5,1,0,1,0,0,0,0,0,0,0,0,0,1,0,0,0,0,8.101374671,7,-2,412.25,0
22,0,0,1123,16,2,4,1,96,4,1,4,2935,7324,1,1,13,3,2,2,1,2,2,1,0,0,0,1,0,0,0,1,0,0,0,1,0,0,0,0,0,0,0,0,7.98480339,1,0,1467.5,0
53,0,1,1219,2,4,1,0,78,2,4,4,15427,22021,2,0,16,3,3,0,31,3,3,25,8,3,7,0,1,1,0,0,0,0,0,0,1,0,0,0,0,0,1,0,9.643939319,15.5,-5,482.09,0
38,0,1,371,2,3,4,1,45,3,1,4,3944,4306,5,1,11,3,3,0,6,3,3,3,2,1,2,1,0,1,0,0,0,0,0,0,0,0,0,1,0,0,0,1,8.280204233,1.2,-1,563.43,0
24,0,0,673,11,2,1,0,96,4,2,3,4011,8232,0,0,18,3,4,1,5,5,2,4,2,1,3,1,0,0,0,0,1,0,0,0,0,1,0,0,0,0,0,0,8.297045149,5,-1,668.5,0
36,1,1,1218,9,4,3,1,82,2,1,1,3407,6986,7,0,23,4,2,0,10,4,3,5,3,0,3,0,1,1,0,0,0,0,0,0,0,0,0,0,0,1,0,1,8.133880888,1.428571429,-3,309.73,0
34,0,1,419,7,4,1,0,53,3,3,2,11994,21293,0,0,11,3,3,0,13,4,3,12,6,2,11,1,0,1,0,0,0,0,0,0,0,0,1,0,0,0,0,1,9.392245175,13,-4,856.71,0
21,0,1,391,15,2,3,1,96,3,1,4,1232,19281,1,0,14,3,4,0,0,6,3,0,0,0,0,1,0,1,0,0,0,0,0,0,0,0,0,1,0,0,0,1,7.117205503,0,0,1232,0
34,1,1,699,6,1,2,1,83,3,1,1,2960,17102,2,0,11,3,3,0,8,2,3,4,2,1,3,1,0,0,0,1,0,0,0,0,0,0,0,1,0,0,0,1,7.993282328,4,-1,328.89,0
53,0,1,1282,5,3,3,0,58,3,5,3,19094,10735,4,0,11,3,4,1,26,3,2,14,13,4,8,1,0,0,0,0,1,0,0,0,1,0,0,0,0,0,0,0,9.8571818,6.5,-9,707.19,0
32,1,2,1125,16,1,2,0,72,1,1,1,3919,4681,1,1,22,4,2,0,10,5,3,10,2,6,7,1,0,1,0,0,0,0,0,0,0,0,0,1,0,0,0,1,8.273846933,10,4,356.27,0
42,0,1,691,8,4,3,1,48,3,2,2,6825,21173,0,0,11,3,4,1,10,2,3,9,7,4,2,0,1,0,1,0,0,0,0,0,0,0,0,0,1,0,1,0,8.828494129,10,-3,620.45,0
44,0,1,477,7,4,1,0,42,2,3,4,10248,2094,3,0,14,3,4,1,24,4,3,22,6,5,17,1,0,0,0,1,0,0,0,0,0,0,0,0,0,0,1,0,9.234935419,8,-1,409.92,0
46,0,1,705,2,4,2,0,83,3,5,1,18947,22822,3,0,12,3,4,0,22,2,2,2,2,2,1,0,1,0,1,0,0,0,0,0,1,0,0,0,0,0,0,1,9.849453664,7.333333333,0,823.78,0
33,0,1,924,2,3,3,1,78,3,1,4,2496,6670,4,0,11,3,4,0,7,3,3,1,1,0,0,1,0,0,0,1,0,0,0,1,0,0,0,0,0,0,0,1,7.82284529,1.75,-1,312,0
44,0,1,1459,10,4,4,1,41,3,2,4,6465,19121,2,1,13,3,4,0,9,5,4,4,2,1,3,1,0,0,0,0,1,0,0,0,0,0,0,0,0,0,1,0,8.774312958,4.5,-1,646.5,0
30,0,1,125,9,2,4,1,83,2,1,3,2206,16117,1,0,13,3,1,0,10,5,3,10,0,1,8,1,0,0,0,1,0,0,0,1,0,0,0,0,0,0,0,1,7.699389406,10,1,200.55,0
39,1,1,895,5,3,4,1,56,3,2,4,2086,3335,3,0,14,3,3,1,19,6,4,1,0,0,0,0,1,0,0,0,0,1,0,0,0,0,0,0,0,1,1,0,7.643482907,6.333333333,0,104.3,0
24,1,1,813,1,3,2,1,61,3,1,4,2293,3020,2,1,16,3,1,1,6,2,2,2,0,2,0,1,0,0,0,1,0,0,0,0,0,0,0,1,0,0,1,0,7.738052298,3,2,327.57,0
43,0,1,1273,2,2,4,0,72,4,1,3,2645,21923,1,0,12,3,4,2,6,3,2,5,3,1,4,1,0,0,0,1,0,0,0,0,0,0,0,1,0,0,0,0,7.880804345,6,-2,377.86,0
50,1,1,869,3,2,1,1,86,2,1,3,2683,3810,1,1,14,3,3,0,3,2,3,3,2,0,2,0,1,0,1,0,0,0,0,0,0,0,0,0,0,1,1,0,7.895063498,3,-2,670.75,0
35,0,1,890,2,3,4,0,97,3,1,4,2014,9687,1,0,13,3,1,0,2,3,3,2,2,2,2,0,1,0,1,0,0,0,0,0,0,0,0,0,0,1,1,0,7.608374474,2,0,671.33,0
36,0,1,852,5,4,2,0,82,2,1,1,3419,13072,9,1,14,3,4,1,6,3,4,1,1,0,0,1,0,1,0,0,0,0,0,0,0,0,0,1,0,0,1,0,8.13739583,0.666666667,-1,488.43,0
33,0,2,1141,1,3,3,0,42,4,2,1,5376,3193,2,0,19,3,1,2,10,3,3,5,3,1,3,0,1,1,0,0,0,0,0,0,0,0,0,0,1,0,1,0,8.589885877,5,-2,488.73,0
35,0,1,464,4,2,3,1,75,3,1,4,1951,10910,1,0,12,3,3,1,1,3,3,1,0,0,0,1,0,0,0,0,1,0,0,1,0,0,0,0,0,0,0,0,7.576609767,1,0,975.5,0
27,0,1,1240,2,4,4,0,33,3,1,1,2341,19715,1,0,13,3,4,1,1,6,3,1,0,0,0,1,0,1,0,0,0,0,0,1,0,0,0,0,0,0,0,0,7.758760544,1,0,1170.5,0
26,1,1,1357,25,3,1,1,48,1,1,3,2293,10558,1,0,12,3,3,0,1,2,2,1,0,0,1,1,0,1,0,0,0,0,0,1,0,0,0,0,0,0,0,1,7.738052298,1,0,1146.5,0
27,0,2,994,8,3,4,1,37,3,3,3,8726,2975,1,0,15,3,4,0,9,0,3,9,8,1,7,0,1,1,0,0,0,0,0,0,0,0,0,0,1,0,0,1,9.074176947,9,-7,872.6,1
30,0,2,721,1,2,3,0,58,3,2,4,4011,10781,1,0,23,4,4,0,12,2,3,12,8,3,7,1,0,0,0,1,0,0,0,1,0,0,0,0,0,0,0,1,8.297045149,12,-5,308.54,1
41,1,1,1360,12,3,2,0,49,3,5,3,19545,16280,1,0,12,3,4,0,23,0,3,22,15,15,8,1,0,0,0,0,0,1,0,0,0,0,1,0,0,0,1,0,9.880525941,23,0,814.38,0
34,0,0,1065,23,4,2,1,72,3,2,3,4568,10034,0,0,20,4,3,0,10,2,3,9,5,8,7,0,1,0,1,0,0,0,0,0,0,0,0,0,1,0,0,1,8.427049642,10,3,415.27,0
37,0,1,408,19,2,2,1,73,3,1,2,3022,10227,4,0,21,4,1,0,8,1,3,1,0,0,0,1,0,1,0,0,0,0,0,0,0,0,0,1,0,0,1,0,8.014004995,2,0,335.78,0
46,0,2,1211,5,4,1,1,98,3,2,4,5772,20445,4,1,21,4,3,0,14,4,3,9,6,0,8,0,1,0,1,0,0,0,0,0,0,0,0,0,1,0,0,1,8.660947155,3.5,-6,384.8,0
35,0,1,1229,8,1,4,1,36,4,1,4,2269,4892,1,0,19,3,4,0,1,2,3,1,0,0,1,1,0,1,0,0,0,0,0,1,0,0,0,0,0,0,1,0,7.72753511,1,0,1134.5,0
48,1,1,626,1,2,1,1,98,2,3,3,5381,19294,9,1,13,3,4,0,23,2,3,1,0,0,0,1,0,1,0,0,0,0,0,1,0,0,0,0,0,0,0,1,8.590815331,2.555555556,0,224.21,0
28,1,1,1434,5,4,3,1,50,3,1,3,3441,11179,1,1,13,3,3,0,2,3,2,2,2,2,2,1,0,0,0,0,0,1,0,1,0,0,0,0,0,0,0,1,8.143807977,2,0,1147,0
44,0,1,1488,1,5,2,0,75,3,2,1,5454,4009,5,1,21,4,3,1,9,2,2,4,3,1,3,0,1,0,1,0,0,0,0,0,0,0,0,0,1,0,0,0,8.604287898,1.8,-2,545.4,0
35,0,0,1097,11,2,3,1,79,2,3,1,9884,8302,2,1,13,3,3,1,10,3,3,4,0,2,3,1,0,0,0,1,0,0,0,0,0,0,0,0,0,0,1,0,9.198773736,5,2,898.55,0
26,0,1,1443,23,3,3,0,47,2,2,4,4157,21436,7,1,19,3,3,1,5,2,2,2,2,0,0,0,1,0,1,0,0,0,0,0,0,0,0,0,1,0,1,0,8.332789468,0.714285714,-2,692.83,0
33,0,2,515,1,2,1,0,98,3,3,4,13458,15146,1,1,12,3,3,0,15,1,3,15,14,8,12,1,0,1,0,0,0,0,0,0,0,0,1,0,0,0,0,1,9.507403306,15,-6,841.12,0
35,0,2,853,18,5,2,1,71,3,3,1,9069,11031,1,0,22,4,4,1,9,3,2,9,8,1,8,0,1,1,0,0,0,0,0,0,0,0,0,0,1,0,1,0,9.112727543,9,-7,906.9,0
35,0,1,1142,23,4,3,0,30,3,1,1,4014,16002,3,1,15,3,3,1,4,3,3,2,2,2,2,1,0,0,0,1,0,0,0,1,0,0,0,0,0,0,1,0,8.297792626,1.333333333,0,802.8,0
31,0,1,655,7,4,4,1,48,3,2,4,5915,9528,3,0,22,4,4,1,10,3,2,7,7,1,7,1,0,1,0,0,0,0,0,1,0,0,0,0,0,0,0,0,8.685415824,3.333333333,-6,537.73,0
37,0,1,1115,1,4,1,1,51,2,2,3,5993,2689,1,0,18,3,3,1,7,2,4,7,5,0,7,1,0,1,0,0,0,0,0,0,0,1,0,0,0,0,0,0,8.698514248,7,-5,749.12,0
32,0,1,427,1,3,1,1,33,3,2,4,6162,10877,1,1,22,4,2,1,9,3,3,9,8,7,8,1,0,0,0,1,0,0,0,0,0,1,0,0,0,0,1,0,8.726318951,9,-1,616.2,0
38,0,2,653,29,5,4,0,50,3,2,4,2406,5456,1,0,11,3,4,0,10,2,3,10,3,9,9,1,0,1,0,0,0,0,0,1,0,0,0,0,0,0,0,1,7.786136438,10,6,218.73,0
50,0,1,989,7,2,2,0,43,2,5,3,18740,16701,5,1,12,3,4,1,29,2,2,27,3,13,8,1,0,0,0,1,0,0,0,0,0,0,1,0,0,0,0,0,9.838468916,5.8,10,624.67,0
59,0,1,1435,25,3,1,0,99,3,3,1,7637,2354,7,0,11,3,4,0,28,3,2,21,16,7,9,0,1,1,0,0,0,0,0,0,0,0,0,0,1,0,0,1,8.940891068,4,-9,263.34,0
36,0,1,1223,8,3,3,0,59,3,3,3,10096,8202,1,0,13,3,2,3,17,2,3,17,14,12,8,1,0,0,0,0,0,1,0,0,0,0,0,0,0,0,0,0,9.219993629,17,-2,560.89,0
55,0,1,836,8,3,4,0,33,3,4,3,14756,19730,2,1,14,3,3,3,21,2,3,5,0,0,2,1,0,0,0,1,0,0,0,0,1,0,0,0,0,0,0,0,9.599472825,10.5,0,670.73,0
36,0,2,1195,11,3,2,1,95,2,2,2,6499,22656,1,0,13,3,3,0,6,3,3,6,5,0,3,1,0,1,0,0,0,0,0,0,0,1,0,0,0,0,0,1,8.779557456,6,-5,928.43,0
45,0,1,1339,7,3,2,1,59,3,3,1,9724,18787,2,0,17,3,3,1,25,2,3,1,0,0,0,1,0,1,0,0,0,0,0,0,0,0,0,1,0,0,0,0,9.182455168,12.5,0,374,0
35,0,2,664,1,3,2,1,79,3,1,1,2194,5868,4,0,13,3,4,1,5,2,2,3,2,1,2,1,0,0,0,1,0,0,0,0,0,0,0,1,0,0,1,0,7.693937326,1.25,-1,365.67,0
36,1,1,318,9,3,4,1,79,2,1,3,3388,21777,0,1,17,3,1,1,2,0,2,1,0,0,0,1,0,0,0,1,0,0,0,0,0,0,0,1,0,0,1,0,8.128290172,2,0,1129.33,0
59,0,2,1225,1,1,1,0,57,2,2,3,5473,24668,7,0,11,3,4,0,20,2,2,4,3,1,3,0,1,1,0,0,0,0,0,0,0,0,0,0,1,0,0,1,8.60776489,2.857142857,-2,260.62,0
29,0,1,1328,2,3,3,1,76,3,1,2,2703,4956,0,0,23,4,4,1,6,3,3,5,4,0,4,1,0,1,0,0,0,0,0,0,0,0,0,1,0,0,1,0,7.902487437,6,-4,386.14,0
31,0,1,1082,1,4,3,1,87,3,1,2,2501,18775,1,0,17,3,2,0,1,4,3,1,1,1,0,1,0,0,0,1,0,0,0,0,0,0,0,1,0,0,0,1,7.824845691,1,0,1250.5,0
32,0,1,548,1,3,2,1,66,3,2,2,6220,7346,1,0,17,3,2,2,10,3,3,10,4,0,9,1,0,1,0,0,0,0,0,0,0,0,0,1,0,0,1,0,8.735685945,10,-4,565.45,0
36,0,1,132,6,3,2,0,55,4,1,4,3038,22002,3,0,12,3,2,0,5,3,3,1,0,0,0,1,0,1,0,0,0,0,0,1,0,0,0,0,0,0,1,0,8.019283793,1.666666667,0,506.33,0
31,0,1,746,8,4,3,0,61,3,2,4,4424,20682,1,0,23,4,4,0,11,2,3,11,7,1,8,1,0,1,0,0,0,0,0,0,0,1,0,0,0,0,0,1,8.395025557,11,-6,368.67,0
35,0,1,776,1,4,3,1,32,2,2,1,4312,23016,0,0,14,3,2,0,16,2,3,15,13,2,8,0,1,0,1,0,0,0,0,0,0,0,0,0,1,0,0,1,8.369388997,16,-11,253.65,0
45,0,1,193,6,4,4,1,52,3,3,1,13245,15067,4,1,14,3,2,0,17,3,4,0,0,0,0,1,0,0,0,0,1,0,0,0,0,0,1,0,0,0,1,0,9.491450899,4.25,0,735.83,0
37,0,1,397,7,4,1,1,30,3,3,3,13664,25258,4,0,13,3,1,0,16,3,4,5,2,0,2,1,0,0,0,1,0,0,0,0,0,0,1,0,0,0,0,1,9.522593098,4,-2,803.76,0
46,0,1,945,5,2,2,1,80,3,2,2,5021,10425,8,1,22,4,4,1,16,2,3,4,2,0,2,0,0,0,0,1,0,0,1,0,0,0,0,0,0,0,0,0,8.52158354,2,-2,295.35,0
30,0,1,852,1,1,4,1,55,2,2,4,5126,15998,1,1,12,3,3,2,10,1,2,10,8,3,0,1,0,1,0,0,0,0,0,1,0,0,0,0,0,0,1,0,8.542275972,10,-5,466,0
35,0,1,1214,1,3,2,1,30,2,1,3,2859,26278,1,0,18,3,1,0,6,3,3,6,4,0,4,1,0,0,0,1,0,0,0,0,0,0,0,1,0,0,0,1,7.958576904,6,-4,408.43,0
55,0,1,111,1,2,1,1,70,3,3,4,10239,18092,3,0,14,3,4,1,24,4,3,1,0,1,0,0,1,1,0,0,0,0,0,0,0,0,0,0,1,0,1,0,9.234056899,8,1,409.56,0
38,0,0,573,6,3,2,0,79,1,2,4,5329,15717,7,1,12,3,4,3,17,3,3,13,11,1,9,1,0,0,0,1,0,0,0,0,0,0,0,1,0,0,0,0,8.581106517,2.428571429,-10,296.06,0
34,0,1,1153,1,2,1,1,94,3,2,2,4325,17736,1,0,15,3,3,0,5,2,3,5,2,1,3,1,0,0,0,1,0,0,0,0,0,1,0,0,0,0,1,0,8.372398607,5,-1,720.83,0
56,0,1,1400,7,3,4,1,49,1,3,4,7260,21698,4,0,11,3,1,0,37,3,2,6,4,0,2,1,0,1,0,0,0,0,0,0,0,1,0,0,0,0,0,1,8.890272839,9.25,-4,191.05,0
23,0,1,541,2,1,3,1,62,3,1,1,2322,9518,3,0,13,3,3,1,3,3,3,0,0,0,0,0,1,0,0,0,0,1,0,0,0,0,0,0,0,1,0,0,7.750614733,1,0,580.5,0
51,0,1,432,9,4,4,1,96,3,1,4,2075,18725,3,0,23,4,2,2,10,4,3,4,2,0,3,1,0,1,0,0,0,0,0,1,0,0,0,0,0,0,1,0,7.638198244,3.333333333,-2,188.64,0
30,0,1,288,2,3,3,1,99,2,2,4,4152,15830,1,0,19,3,1,3,11,3,3,11,10,10,8,1,0,1,0,0,0,0,0,0,0,0,0,0,0,0,1,0,8.331586244,11,0,346,0
46,1,1,669,9,2,3,1,64,2,3,4,9619,13596,1,0,16,3,4,0,9,3,3,9,8,4,7,0,1,0,0,1,0,0,0,0,0,0,0,0,1,0,0,1,9.171599544,9,-4,961.9,0
40,0,2,530,1,4,3,1,78,2,4,2,13503,14115,1,0,22,4,4,1,22,3,2,22,3,11,11,1,0,1,0,0,0,0,0,0,0,0,0,0,0,0,1,0,9.510741217,22,8,587.09,0
51,0,1,632,21,4,3,1,71,3,2,4,5441,8423,0,1,22,4,4,0,11,2,1,10,7,1,0,0,1,0,1,0,0,0,0,0,0,0,0,0,1,0,0,1,8.601901919,11,-6,453.42,0
30,0,1,1334,4,2,3,0,63,2,2,2,5209,19760,1,1,12,3,2,3,11,4,2,11,8,2,7,0,1,0,0,1,0,0,0,0,0,0,0,0,1,0,0,0,8.558335135,11,-6,434.08,0
46,0,2,638,1,3,3,1,40,2,3,1,10673,3142,2,1,13,3,3,1,21,5,2,10,9,9,5,1,0,0,0,1,0,0,0,0,0,0,0,0,0,0,1,0,9.275566157,10.5,0,485.14,0
32,0,1,1093,6,4,2,1,87,3,2,3,5010,24301,1,0,16,3,1,0,12,0,3,11,8,5,7,0,1,0,0,1,0,0,0,0,0,0,0,0,1,0,0,1,8.519390775,12,-3,385.38,0
54,0,1,1217,2,4,1,0,60,3,3,3,13549,24001,9,0,12,3,1,1,16,5,1,4,3,0,3,1,0,0,0,0,0,1,0,0,0,0,1,0,0,0,1,0,9.514141826,1.777777778,-3,797,0
24,0,1,1353,3,2,1,0,33,3,2,3,4999,17519,0,0,21,4,1,1,4,2,2,3,2,0,2,0,1,0,0,0,1,0,0,0,0,0,0,0,1,0,1,0,8.517193191,4,-2,999.8,0
28,0,0,120,4,3,2,1,43,3,2,3,4221,8863,1,0,15,3,2,0,5,3,4,5,4,0,4,0,1,0,0,1,0,0,0,0,0,0,0,0,1,0,1,0,8.348064228,5,-4,703.5,0
58,0,1,682,10,4,4,1,37,3,4,3,13872,24409,0,0,13,3,3,0,38,1,2,37,10,1,8,0,1,0,0,1,0,0,0,0,0,0,0,0,1,0,0,1,9.537699784,38,-9,355.69,0
44,0,0,489,23,3,2,1,67,3,2,2,2042,25043,4,0,12,3,3,1,17,3,4,3,2,1,2,1,0,0,0,1,0,0,0,1,0,0,0,0,0,0,1,0,7.622174595,4.25,-1,113.44,0
37,1,1,807,6,4,3,1,63,3,1,1,2073,23648,4,1,22,4,4,0,7,3,3,3,2,0,2,0,0,0,0,0,0,0,1,0,0,0,0,0,0,0,0,0,7.637234389,1.75,-2,259.12,0
32,0,1,827,1,1,4,1,71,3,1,1,2956,15178,1,0,13,3,4,0,1,2,3,1,0,0,0,1,0,1,0,0,0,0,0,0,0,0,0,1,0,0,0,1,7.99193052,1,0,1478,0
20,1,2,871,6,3,4,0,66,2,1,4,2926,19783,1,1,18,3,2,0,1,5,3,1,0,1,0,1,0,1,0,0,0,0,0,1,0,0,0,0,0,0,0,1,7.981733287,1,1,1463,1
34,0,1,665,6,4,1,0,41,3,2,3,4809,12482,1,0,14,3,3,0,16,3,3,16,13,2,10,1,0,0,0,0,1,0,0,0,0,0,0,1,0,0,0,1,8.478452363,16,-11,282.88,0
37,0,0,1040,2,2,3,1,100,2,2,4,5163,15850,5,0,14,3,4,1,17,2,4,1,0,0,0,1,0,1,0,0,0,0,0,0,0,0,0,0,0,0,0,0,8.549466752,3.4,0,286.83,0
59,0,0,1420,2,4,3,0,32,2,5,4,18844,21922,9,0,21,4,4,1,30,3,3,3,2,2,2,0,0,0,0,0,0,0,0,0,1,0,0,0,0,0,1,0,9.844002906,3.333333333,0,607.87,0
50,0,2,1115,1,3,1,0,73,3,5,2,18172,9755,3,1,19,3,1,0,28,1,2,8,3,0,7,1,0,1,0,0,0,0,0,0,0,0,1,0,0,0,1,0,9.807692255,9.333333333,-3,626.62,0
25,1,1,240,5,3,3,1,46,2,2,3,5744,26959,1,1,11,3,4,0,6,1,3,6,4,0,3,0,1,0,1,0,0,0,0,0,0,0,0,0,1,0,0,1,8.65608519,6,-4,820.57,0
25,0,1,1280,7,1,4,1,64,2,1,4,2889,26897,1,0,11,3,3,2,2,2,3,2,2,2,1,1,0,0,0,1,0,0,0,0,0,0,0,1,0,0,1,0,7.969011781,2,0,963,0
22,0,1,534,15,3,2,0,59,3,1,4,2871,23785,1,0,15,3,3,0,1,5,3,0,0,0,0,1,0,0,0,1,0,0,0,1,0,0,0,0,0,0,0,1,7.96276393,1,0,1435.5,0
51,0,2,1456,1,4,1,0,30,2,3,1,7484,25796,3,0,20,4,3,0,23,1,2,13,12,12,8,1,0,0,0,1,0,0,0,0,0,0,0,0,0,0,0,1,8.920656297,7.666666667,0,311.83,0
34,1,2,658,7,3,1,1,66,1,2,3,6074,22887,1,1,24,4,4,0,9,3,3,9,7,0,6,1,0,1,0,0,0,0,0,1,0,0,0,0,0,0,0,1,8.711937268,9,-7,607.4,0
54,0,0,142,26,3,4,0,30,4,4,4,17328,13871,2,1,12,3,3,0,23,3,3,5,3,4,4,0,0,0,0,0,0,0,0,0,1,0,0,0,0,0,0,1,9.760136678,11.5,1,722,0
24,0,1,1127,18,1,2,1,52,3,1,3,2774,13257,0,0,12,3,3,1,6,2,3,5,3,1,2,1,0,1,0,0,0,0,0,1,0,0,0,0,0,0,1,0,7.928406026,6,-2,396.29,0
34,0,1,1031,6,4,3,0,45,2,2,2,4505,15000,6,0,15,3,3,1,12,3,3,1,0,0,0,1,0,1,0,0,0,0,0,0,0,0,0,1,0,0,0,0,8.413165121,2,0,346.54,0
37,0,1,1189,3,3,3,1,87,3,3,4,7428,14506,2,0,12,3,1,0,12,3,3,5,3,1,3,0,1,1,0,0,0,0,0,0,0,0,0,0,1,0,0,1,8.913146539,6,-2,571.38,0
34,0,1,1354,5,3,3,0,45,2,3,1,11631,5615,2,0,12,3,4,0,14,6,3,11,10,5,8,1,0,0,0,1,0,0,0,0,1,0,0,0,0,0,0,1,9.3615152,7,-5,775.4,0
36,0,2,1467,11,2,2,0,92,3,3,4,9738,22952,0,0,14,3,3,1,10,6,3,9,7,2,8,0,1,0,0,0,0,1,0,0,0,0,0,0,1,0,1,0,9.183893722,10,-5,885.27,0
36,0,1,922,3,2,1,0,39,3,1,4,2835,2561,5,0,22,4,1,1,7,2,3,1,0,0,0,1,0,1,0,0,0,0,0,1,0,0,0,0,0,0,0,0,7.950149888,1.4,0,354.38,0
43,0,2,394,26,2,3,1,92,3,4,4,16959,19494,1,1,12,3,4,2,25,3,4,25,12,4,12,0,1,1,0,0,0,0,0,0,1,0,0,0,0,0,1,0,9.738612909,25,-8,652.27,0
30,0,2,1312,23,3,1,1,96,1,1,3,2613,22310,1,0,25,4,3,3,10,2,2,10,7,0,9,1,0,1,0,0,0,0,0,0,0,0,0,1,0,0,0,0,7.868636894,10,-7,237.55,0
33,0,0,750,22,2,3,1,95,3,2,2,6146,15480,0,0,13,3,1,1,8,2,4,7,7,0,7,0,1,0,1,0,0,0,0,0,0,0,0,0,1,0,1,0,8.723719437,8,-7,682.89,0
56,1,1,441,14,4,2,0,72,3,1,2,4963,4510,9,1,18,3,1,3,7,2,3,5,4,4,3,1,0,1,0,0,0,0,0,0,0,0,0,1,0,0,1,0,8.509967146,0.777777778,0,620.38,0
51,0,1,684,6,3,1,1,51,3,5,3,19537,6462,7,0,13,3,3,0,23,5,3,20,18,15,15,1,0,1,0,0,0,0,0,0,0,0,1,0,0,0,0,1,9.880116566,3.285714286,-3,814.04,0
31,1,1,249,6,4,2,1,76,1,2,3,6172,20739,4,1,18,3,2,0,12,3,2,7,7,7,7,0,1,1,0,0,0,0,0,0,0,0,0,0,1,0,1,0,8.727940222,3,0,474.77,0
26,0,1,841,6,3,3,0,46,2,1,2,2368,23300,1,0,19,3,3,0,5,3,2,5,4,4,3,1,0,0,0,0,1,0,0,0,0,0,0,1,0,0,1,0,7.770223204,5,0,394.67,0
58,1,1,147,23,4,4,0,94,3,3,4,10312,3465,1,0,12,3,4,1,40,3,2,40,10,15,6,1,0,0,0,1,0,0,0,0,0,0,0,0,0,0,1,0,9.241160514,40,5,251.51,0
19,1,1,528,22,1,4,1,50,3,1,3,1675,26820,1,1,19,3,4,0,0,2,2,0,0,0,0,0,1,0,1,0,0,0,0,0,0,0,0,0,0,1,0,1,7.424165281,0,0,1675,0
22,0,1,594,2,1,3,1,100,3,1,4,2523,19299,0,0,14,3,3,1,3,2,3,2,1,2,1,1,0,0,0,0,0,1,0,1,0,0,0,0,0,0,1,0,7.833600224,3,1,630.75,0
49,0,1,470,20,4,3,0,96,3,2,1,6567,5549,1,0,14,3,3,0,16,2,2,15,11,5,11,1,0,0,0,1,0,0,0,0,0,1,0,0,0,0,1,0,8.789964651,16,-6,386.29,0
43,0,2,957,28,3,2,0,72,4,1,3,4739,16090,4,0,12,3,4,0,18,2,3,3,2,1,2,1,0,0,0,1,0,0,0,0,0,0,0,1,0,0,0,1,8.463792415,4.5,-1,249.42,0
50,0,2,809,12,3,3,0,77,3,3,4,9208,6645,4,0,11,3,4,0,16,3,3,2,2,2,1,0,1,0,1,0,0,0,0,0,0,0,0,0,1,0,0,1,9.127936546,4,0,541.65,0
31,1,1,542,20,3,2,0,71,1,2,3,4559,24788,3,1,11,3,3,1,4,2,3,2,2,2,2,0,1,1,0,0,0,0,0,0,0,0,0,0,1,0,1,0,8.425077903,1.333333333,0,911.8,0
41,0,1,802,9,1,3,1,96,3,3,3,8189,21196,3,1,13,3,3,1,12,2,3,9,7,0,7,0,1,1,0,0,0,0,0,0,0,0,0,0,1,0,0,0,9.010669177,4,-7,629.92,0
26,0,1,1355,25,1,3,0,61,3,1,3,2942,8916,1,0,23,4,4,1,8,3,3,8,7,5,7,0,0,1,0,0,0,0,1,0,0,0,0,0,0,0,1,0,7.987184748,8,-2,326.89,0
36,0,1,216,6,2,2,1,84,3,2,2,4941,2819,6,0,20,4,4,2,7,0,3,3,2,0,1,1,0,0,0,1,0,0,0,0,0,1,0,0,0,0,0,0,8.505525387,1.166666667,-2,617.62,0
51,1,2,1150,8,4,1,1,53,1,3,4,10650,25150,2,0,15,3,4,0,18,2,3,4,2,0,3,1,0,1,0,0,0,0,0,0,0,1,0,0,0,0,0,1,9.273409063,9,-2,560.53,0
39,0,1,1329,4,4,4,0,47,2,2,3,5902,14590,4,0,14,3,3,1,17,1,4,15,11,5,9,0,1,1,0,0,0,0,0,0,0,0,0,0,1,0,1,0,8.683215975,4.25,-6,327.89,0
25,0,1,959,28,3,1,1,41,2,2,3,8639,24835,2,0,18,3,4,0,6,3,3,2,2,2,2,0,1,1,0,0,0,0,0,0,0,0,0,0,1,0,1,0,9.064157862,3,0,1234.14,0
30,0,1,1240,9,3,3,1,48,3,2,4,6347,13982,0,1,19,3,4,0,12,2,1,11,9,4,7,0,0,0,0,0,0,0,1,0,0,0,0,0,0,0,1,0,8.755895082,12,-5,488.23,0
32,1,1,1033,9,3,1,0,41,3,1,1,4200,10224,7,0,22,4,1,0,10,2,4,5,4,0,4,1,0,0,0,1,0,0,0,1,0,0,0,0,0,0,0,1,8.343077871,1.428571429,-4,381.82,0
45,0,1,1316,29,3,3,1,83,3,1,4,3452,9752,5,0,13,3,2,0,9,2,2,6,5,0,3,1,0,0,0,1,0,0,0,0,0,0,0,1,0,0,0,1,8.146998697,1.8,-5,345.2,0
38,0,1,364,3,5,4,0,32,3,2,3,4317,2302,3,1,20,4,2,0,19,2,3,3,2,2,2,1,0,0,0,0,0,1,0,0,0,0,0,1,0,0,0,1,8.370547611,6.333333333,0,215.85,0
30,0,1,438,18,3,1,0,75,3,1,3,2632,23910,1,0,14,3,3,0,5,4,2,5,4,0,4,1,0,1,0,0,0,0,0,0,0,0,0,1,0,0,0,1,7.875879159,5,-4,438.67,0
32,0,2,689,9,2,4,1,35,1,2,4,4668,22812,0,0,17,3,4,3,9,2,4,8,7,0,7,0,1,0,0,1,0,0,0,0,0,0,0,0,1,0,0,0,8.448700195,9,-7,466.8,0
30,0,1,201,5,3,4,0,84,3,1,1,3204,10415,5,0,14,3,4,1,8,3,3,3,2,2,2,1,0,0,0,0,0,1,0,0,0,0,0,1,0,0,0,0,8.072467369,1.6,0,356,0
30,0,1,1427,2,1,2,1,35,2,1,4,2720,11162,0,0,13,3,4,0,6,3,3,5,3,1,2,1,0,0,0,1,0,0,0,1,0,0,0,0,0,0,0,1,7.908754739,6,-2,388.57,0
41,0,2,857,10,3,4,1,91,2,4,1,17181,12888,4,0,13,3,2,1,21,2,2,7,6,7,7,1,0,1,0,0,0,0,0,0,1,0,0,0,0,0,0,0,9.751617603,5.25,1,780.95,0
41,0,1,933,9,4,3,1,94,3,1,1,2238,6961,2,0,21,4,4,1,7,2,3,5,0,1,4,1,0,1,0,0,0,0,0,1,0,0,0,0,0,0,1,0,7.713784617,3.5,1,279.75,0
19,0,1,1181,3,1,2,0,79,3,1,2,1483,16102,1,0,14,3,4,0,1,3,3,1,0,0,0,1,0,0,0,1,0,0,0,1,0,0,0,0,0,0,0,1,7.302496424,1,0,741.5,0
40,0,2,1395,26,3,2,0,54,3,2,2,5605,8504,1,0,11,3,1,1,20,2,3,20,7,2,13,1,0,0,0,1,0,0,0,0,0,0,0,1,0,0,0,0,8.631592732,20,-5,266.9,0
35,0,1,662,1,5,3,1,94,3,3,2,7295,11439,1,0,13,3,1,2,10,3,3,10,8,0,6,0,1,0,1,0,0,0,0,0,0,0,0,0,1,0,1,0,8.895081532,10,-8,663.18,0
53,0,1,1436,6,2,2,1,34,3,2,3,2306,16047,2,1,20,4,4,1,13,3,1,7,7,4,5,0,1,0,1,0,0,0,0,0,0,0,0,0,0,1,1,0,7.743703258,6.5,-3,164.71,0
45,0,1,194,9,3,2,1,60,3,2,2,2348,10901,8,0,18,3,3,1,20,2,1,17,9,0,15,1,0,1,0,0,0,0,0,1,0,0,0,0,0,0,0,0,7.761744985,2.5,-9,111.81,0
32,0,2,967,8,3,2,0,43,3,3,4,8998,15589,1,0,14,3,4,0,9,2,3,9,8,3,7,0,1,0,1,0,0,0,0,0,0,0,0,0,1,0,0,1,9.104868739,9,-5,899.8,0
29,0,0,1496,1,1,4,1,41,3,2,3,4319,26283,1,0,13,3,1,1,10,1,3,10,7,0,9,1,0,0,0,0,0,1,0,0,0,1,0,0,0,0,1,0,8.371010681,10,-7,392.64,0
51,0,1,1169,7,4,2,1,34,2,2,3,6132,13983,2,0,17,3,3,0,10,2,3,1,0,0,0,1,0,0,0,1,0,0,0,0,0,1,0,0,0,0,1,0,8.721439306,5,0,557.45,0
58,0,1,1145,9,3,2,0,75,2,1,2,3346,11873,4,1,20,4,2,1,9,3,2,1,0,0,0,1,0,0,0,1,0,0,0,0,0,0,0,1,0,0,1,0,8.115819701,2.25,0,334.6,0
40,0,1,630,4,4,3,1,67,2,3,4,10855,8552,7,0,11,3,1,1,15,2,2,12,11,2,11,0,1,0,1,0,0,0,0,0,0,0,0,0,1,0,1,0,9.292473202,2.142857143,-9,678.44,0
34,0,2,303,2,4,3,0,75,3,1,3,2231,11314,6,0,18,3,4,1,6,3,3,4,3,1,2,0,1,0,1,0,0,0,0,0,0,0,0,0,0,1,1,0,7.710653324,1,-2,318.71,0
22,0,1,1256,19,1,3,1,80,3,1,4,2323,11992,1,0,24,4,1,2,2,6,3,2,2,2,2,1,0,0,0,1,0,0,0,0,0,0,0,1,0,0,1,0,7.751045118,2,0,774.33,0
27,0,0,691,9,3,4,1,57,3,1,2,2024,5970,6,0,18,3,4,1,6,1,1,2,2,2,2,1,0,0,0,1,0,0,0,0,0,0,0,1,0,0,0,0,7.61332498,1,0,289.14,0
28,0,1,440,21,3,3,1,42,3,1,4,2713,6672,1,0,11,3,3,1,5,2,1,5,2,0,2,1,0,0,0,1,0,0,0,0,0,0,0,1,0,0,1,0,7.90617884,5,-2,452.17,0
57,0,1,334,24,2,3,1,83,4,3,4,9439,23402,3,1,16,3,2,1,12,2,1,5,3,1,4,1,0,1,0,0,0,0,0,0,0,0,0,0,0,0,0,0,9.152711259,4,-2,726.08,0
27,0,0,1450,3,3,3,1,79,2,1,3,2566,25326,1,1,15,3,4,1,1,2,2,1,1,0,1,1,0,0,0,1,0,0,0,0,0,0,0,1,0,0,0,0,7.850493181,1,-1,1283,0
50,0,1,1452,11,3,3,0,53,3,5,2,19926,17053,3,0,15,3,2,0,21,5,3,5,4,4,4,1,0,1,0,0,0,0,0,0,1,0,0,0,0,0,0,1,9.899830875,7,0,905.73,0
41,0,1,465,14,3,1,1,56,3,1,3,2451,4609,4,0,12,3,1,1,13,2,3,9,8,1,8,1,0,1,0,0,0,0,0,0,0,0,0,1,0,0,0,0,7.804659297,3.25,-7,175.07,0
30,0,1,1339,5,3,2,0,41,3,3,4,9419,8053,2,0,12,3,3,1,12,2,3,10,9,7,4,0,1,1,0,0,0,0,0,0,0,0,0,0,1,0,1,0,9.150590368,6,-2,724.54,0
38,0,1,702,1,4,1,0,59,2,2,4,8686,12930,4,0,22,4,3,0,12,2,4,8,3,0,7,0,1,1,0,0,0,0,0,0,0,0,0,0,1,0,0,1,9.069582934,3,-3,668.15,0
32,0,1,120,6,5,3,1,43,3,1,3,3038,12430,3,0,20,4,1,0,8,2,3,5,4,1,4,1,0,1,0,0,0,0,0,0,0,0,0,1,0,0,0,1,8.019283793,2.666666667,-3,337.56,0
27,0,1,1157,17,3,3,1,51,3,1,2,3058,13364,0,1,16,3,4,1,6,3,2,5,2,1,1,1,0,0,0,0,0,1,0,0,0,0,0,1,0,0,1,0,8.025843344,6,-1,436.86,0
19,1,2,602,1,1,3,0,100,1,1,1,2325,20989,0,0,21,4,1,0,1,5,4,0,0,0,0,0,1,0,0,0,0,1,0,0,0,0,0,0,0,1,0,1,7.751905333,1,0,1162.5,1
36,0,2,1480,3,2,4,1,30,3,1,2,2088,15062,4,0,12,3,3,0,13,3,2,8,7,7,2,1,0,0,0,1,0,0,0,1,0,0,0,0,0,0,0,1,7.644440762,3.25,0,149.14,0
30,0,0,111,9,3,3,1,66,3,2,1,3072,11012,1,0,11,3,3,2,12,4,3,12,9,6,10,1,0,0,0,1,0,0,0,1,0,0,0,0,0,0,0,0,8.030409562,12,-3,236.31,0
45,0,1,1268,4,2,3,0,30,3,2,1,5006,6319,4,1,11,3,1,1,9,3,4,5,4,0,3,0,1,1,0,0,0,0,0,0,0,0,0,0,1,0,0,0,8.518592212,2.25,-4,500.6,0
56,0,1,713,8,3,3,0,67,3,1,1,4257,13939,4,1,18,3,3,1,19,3,3,2,2,2,2,1,0,1,0,0,0,0,0,0,0,0,0,1,0,0,0,0,8.356554845,4.75,0,212.85,0
33,0,1,134,2,3,3,1,90,3,1,4,2500,10515,0,0,14,3,1,0,4,2,4,3,1,0,2,1,0,1,0,0,0,0,0,0,0,0,0,1,0,0,0,1,7.824445931,4,-1,500,0
19,1,1,303,2,3,2,1,47,2,1,4,1102,9241,1,0,22,4,3,0,1,3,2,1,0,1,0,1,0,1,0,0,0,0,0,1,0,0,0,0,0,0,0,1,7.005789019,1,1,551,0
46,0,1,526,1,2,2,0,92,3,3,1,10453,2137,1,0,25,4,3,3,24,2,3,24,13,15,7,0,1,0,1,0,0,0,0,0,0,0,0,0,1,0,0,0,9.254739959,24,2,418.12,0
38,0,1,1380,9,2,3,0,75,3,1,4,2288,6319,1,0,12,3,3,0,2,3,3,2,2,2,1,1,0,1,0,0,0,0,0,1,0,0,0,0,0,0,0,1,7.73587032,2,0,762.67,0
31,0,1,140,12,1,3,0,95,3,1,4,3929,6984,8,1,23,4,3,1,7,0,3,4,2,0,2,1,0,0,0,1,0,0,0,0,0,0,0,1,0,0,1,0,8.276394705,0.875,-2,491.12,0
34,0,1,629,27,2,4,0,95,3,1,2,2311,5711,2,0,15,3,4,0,9,3,3,3,2,1,2,1,0,0,0,1,0,0,0,0,0,0,0,1,0,0,0,1,7.74586823,4.5,-1,231.1,0
41,1,1,1356,20,2,2,0,70,3,1,2,3140,21728,1,1,22,4,4,0,4,5,2,4,3,0,2,0,1,0,1,0,0,0,0,0,0,0,0,0,0,1,0,1,8.0522965,4,-3,628,0
50,0,1,328,1,3,3,1,86,2,1,3,3690,3425,2,0,15,3,4,1,5,2,2,3,2,0,2,1,0,0,0,1,0,0,0,1,0,0,0,0,0,0,1,0,8.213652703,2.5,-2,615,0
53,0,1,1084,13,2,4,0,57,4,2,1,4450,26250,1,0,11,3,3,2,5,3,3,4,2,1,3,1,0,0,0,1,0,0,0,0,0,1,0,0,0,0,0,0,8.400884069,5,-1,741.67,0
33,0,1,931,14,3,4,0,72,3,1,2,2756,4673,1,0,13,3,4,1,8,5,3,8,7,1,6,1,0,0,0,1,0,0,0,0,0,0,0,1,0,0,1,0,7.921898411,8,-6,306.22,0
40,0,1,989,4,1,4,0,46,3,5,3,19033,6499,1,0,14,3,2,1,21,2,3,20,8,9,9,1,0,0,0,1,0,0,0,0,1,0,0,0,0,0,1,0,9.853982133,21,1,865.14,0
55,0,1,692,14,4,3,1,61,4,5,2,18722,13339,8,0,11,3,4,0,36,3,3,24,15,2,15,1,0,0,0,1,0,0,0,0,0,0,1,0,0,0,0,1,9.837507994,4.5,-13,506,0
34,0,2,1069,2,1,4,1,45,2,2,3,9547,14074,1,0,17,3,3,0,10,2,2,10,9,1,9,1,0,1,0,0,0,0,0,0,0,1,0,0,0,0,1,0,9.164086987,10,-8,867.91,0
51,0,1,313,3,3,4,0,98,3,4,2,13734,7192,3,0,18,3,3,0,21,6,3,7,7,1,0,1,0,0,0,1,0,0,0,0,0,0,0,0,0,0,0,1,9.527702599,7,-6,624.27,0
52,0,1,699,1,4,3,1,65,2,5,3,19999,5678,0,0,14,3,1,1,34,5,3,33,18,11,9,1,0,1,0,0,0,0,0,0,1,0,0,0,0,0,1,0,9.903487553,34,-7,571.4,0
27,0,1,894,9,3,4,0,99,3,1,2,2279,11781,1,0,16,3,4,0,7,2,2,7,7,0,3,1,0,0,0,1,0,0,0,0,0,0,0,1,0,0,0,1,7.731930722,7,-7,284.88,0
35,1,1,556,23,2,2,1,50,2,2,3,5916,15497,3,1,13,3,1,0,8,1,3,1,0,0,1,1,0,1,0,0,0,0,0,0,0,1,0,0,0,0,1,0,8.685584843,2.666666667,0,657.33,0
43,0,0,1344,7,3,4,1,37,4,1,4,2089,5228,4,0,14,3,4,3,7,3,4,5,4,2,2,1,0,0,0,1,0,0,0,0,0,0,0,1,0,0,0,0,7.644919345,1.75,-2,261.12,0
45,0,0,1195,2,2,1,1,65,2,4,4,16792,20462,9,0,23,4,4,1,22,1,3,20,8,11,8,1,0,0,0,1,0,0,0,0,1,0,0,0,0,0,1,0,9.728717412,2.444444444,3,730.09,0
37,0,1,290,21,3,2,1,65,4,1,1,3564,22977,1,1,12,3,1,1,8,3,2,8,7,1,7,1,0,1,0,0,0,0,0,0,0,0,0,1,0,0,1,0,8.178919333,8,-6,396,0
35,0,2,138,2,3,2,0,37,3,2,2,4425,15986,5,0,11,3,4,0,10,5,3,6,2,1,2,1,0,0,0,1,0,0,0,1,0,0,0,0,0,0,0,1,8.395251521,2,-1,402.27,0
42,0,0,926,21,2,3,0,36,3,2,3,5265,16439,2,0,16,3,2,1,11,5,3,5,3,0,2,1,0,0,0,1,0,0,0,0,0,1,0,0,0,0,0,0,8.56902634,5.5,-3,438.75,0
38,0,1,1261,2,4,4,1,88,3,2,3,6553,7259,9,0,14,3,2,0,14,3,3,1,0,0,0,1,0,1,0,0,0,0,0,0,0,1,0,0,0,0,1,0,8.787830829,1.555555556,0,436.87,0
38,0,1,1084,29,3,4,1,54,3,2,4,6261,4185,3,0,18,3,1,1,9,3,1,7,7,1,7,1,0,0,0,0,0,1,0,0,0,1,0,0,0,0,1,0,8.742254902,3,-6,626.1,0
27,0,2,472,1,1,3,1,60,2,2,1,4298,9679,5,0,19,3,3,1,6,1,3,2,2,2,0,1,0,0,0,0,0,1,0,0,0,1,0,0,0,0,1,0,8.366137716,1.2,0,614,0
49,0,0,1002,18,4,4,1,92,3,2,4,6804,23793,1,1,15,3,1,2,7,0,3,7,7,1,7,1,0,1,0,0,0,0,0,0,0,1,0,0,0,0,0,0,8.825412915,7,-6,850.5,0
34,0,2,878,10,4,4,1,43,3,1,3,3815,5972,1,1,17,3,4,1,5,4,4,5,3,2,0,1,0,0,0,1,0,0,0,0,0,0,0,1,0,0,0,0,8.246958033,5,-1,635.83,0
40,0,1,905,19,2,3,1,99,3,2,4,2741,16523,8,1,15,3,3,1,15,2,4,7,2,3,7,1,0,0,0,1,0,0,0,1,0,0,0,0,0,0,1,0,7.91644286,1.875,1,171.31,0
38,1,1,1180,29,1,2,1,70,3,2,1,6673,11354,7,1,19,3,2,0,17,2,3,1,0,0,0,1,0,0,0,1,0,0,0,0,0,0,0,0,0,0,1,0,8.805974659,2.428571429,0,370.72,0
29,1,1,121,27,3,2,0,35,3,3,4,7639,24525,1,0,22,4,4,3,10,3,2,10,4,1,9,0,1,0,1,0,0,0,0,0,0,0,0,0,1,0,1,0,8.941152882,10,-3,694.45,0
22,0,1,1136,5,3,4,1,60,4,1,2,2328,12392,1,1,16,3,1,1,4,2,2,4,2,2,2,1,0,1,0,0,0,0,0,0,0,0,0,1,0,0,0,0,7.75319427,4,0,465.6,0
36,0,2,635,18,1,2,0,73,3,1,4,2153,7703,1,0,13,3,1,0,8,2,3,8,1,1,7,1,0,0,0,1,0,0,0,1,0,0,0,0,0,0,0,1,7.675081858,8,0,239.22,0
40,0,0,1151,9,5,4,1,63,2,2,4,4876,14242,9,0,14,3,4,1,5,5,1,3,2,0,2,1,0,1,0,0,0,0,0,0,0,0,0,0,0,0,1,0,8.492285556,0.555555556,-2,812.67,0
46,0,1,644,1,4,4,1,97,3,3,1,9396,12368,7,0,16,3,3,1,17,3,3,4,2,0,3,1,0,0,0,1,0,0,0,0,0,0,0,0,0,0,0,0,9.148145768,2.428571429,-2,522,0
32,1,1,1045,4,4,4,1,32,1,3,4,10400,25812,1,0,11,3,3,0,14,2,2,14,8,9,8,0,1,0,0,1,0,0,0,0,0,0,0,0,1,0,1,0,9.249657234,14,1,693.33,0
30,0,0,829,1,1,3,1,88,2,3,3,8474,20925,1,0,22,4,3,0,12,2,3,11,8,5,8,1,0,1,0,0,0,0,0,0,0,1,0,0,0,0,0,1,9.044875932,12,-3,651.85,0
27,0,2,1242,20,3,4,0,90,3,2,3,9981,12916,1,0,14,3,4,0,7,2,3,7,7,0,7,0,1,1,0,0,0,0,0,0,0,0,0,0,1,0,0,1,9.20853875,7,-7,1247.62,1
51,0,1,1469,8,4,2,1,81,2,3,2,12490,15736,5,0,16,3,4,2,16,5,1,10,9,4,7,1,0,1,0,0,0,0,0,0,0,0,1,0,0,0,1,0,9.432763664,3.2,-5,734.71,0
30,1,1,1005,3,3,4,0,88,3,1,1,2657,8556,5,1,11,3,3,0,8,5,3,5,2,0,4,1,0,0,0,0,0,1,0,0,0,0,0,1,0,0,0,1,7.885329239,1.6,-2,295.22,0
41,0,1,896,6,3,4,0,75,3,3,4,13591,14674,3,1,18,3,3,0,16,3,3,1,0,0,0,0,1,1,0,0,0,0,0,0,1,0,0,0,0,0,0,1,9.517236663,5.333333333,0,799.47,0
30,1,2,334,26,4,3,0,52,2,2,1,6696,22967,5,0,15,3,3,0,9,5,2,6,3,0,1,0,1,0,1,0,0,0,0,0,0,0,0,0,1,0,0,1,8.809414944,1.8,-3,669.6,1
29,1,1,992,1,3,3,1,85,3,1,3,2058,19757,0,0,14,3,4,0,7,1,2,6,2,1,5,1,0,0,0,0,0,1,0,0,0,0,0,1,0,0,0,1,7.629975707,7,-1,257.25,0
45,0,0,1052,6,3,4,0,57,2,3,4,8865,16840,6,0,12,3,4,0,23,2,3,19,7,12,8,0,1,0,0,1,0,0,0,0,0,0,0,0,1,0,0,1,9.089979015,3.833333333,5,369.38,0
54,0,1,1147,3,3,4,0,52,3,2,1,5940,17011,2,0,14,3,4,1,16,4,3,6,2,0,5,0,1,0,1,0,0,0,0,0,0,0,0,0,1,0,1,0,8.689632748,8,-2,349.41,0
36,0,1,1396,5,2,4,1,62,3,2,2,5914,9945,8,0,16,3,4,0,16,3,4,13,11,3,7,1,0,1,0,0,0,0,0,1,0,0,0,0,0,0,0,1,8.685246776,2,-8,347.88,0
33,0,1,147,4,4,3,0,47,2,1,2,2622,13248,6,0,21,4,4,0,7,3,3,3,2,1,1,1,0,0,0,1,0,0,0,0,0,0,0,1,0,0,1,0,7.87207398,1.166666667,-1,327.75,0
37,0,2,663,11,3,2,1,47,3,3,4,12185,10056,1,1,14,3,3,3,10,1,3,10,8,0,7,1,0,0,0,0,1,0,0,0,0,0,1,0,0,0,0,0,9.408043031,10,-8,1107.73,0
38,0,1,119,3,3,1,1,76,3,3,3,10609,9647,0,0,12,3,3,2,17,6,2,16,10,5,13,0,1,1,0,0,0,0,0,0,0,0,0,0,1,0,0,0,9.269552232,17,-5,589.39,0
31,0,0,979,1,4,3,1,90,1,2,3,4345,4381,0,0,12,3,4,1,6,2,3,5,4,1,4,1,0,0,0,1,0,0,0,0,0,1,0,0,0,0,1,0,8.377011161,6,-3,620.71,0
59,0,1,142,3,3,3,1,70,2,1,4,2177,8456,3,0,17,3,1,1,7,6,3,1,0,0,0,1,0,1,0,0,0,0,0,0,0,0,0,1,0,0,1,0,7.686162303,2.333333333,0,272.12,0
37,0,2,319,4,4,1,1,41,3,1,4,2793,2539,4,0,17,3,3,1,13,2,3,9,8,5,8,0,1,0,1,0,0,0,0,0,0,0,0,0,0,1,0,0,7.93522954,3.25,-3,199.5,0
29,0,2,1413,1,1,2,0,42,3,3,4,7918,6599,1,0,14,3,4,1,11,5,3,11,10,4,1,0,1,0,0,1,0,0,0,0,0,0,0,0,1,0,1,0,8.977020214,11,-6,659.83,0
35,0,2,944,1,3,3,0,92,3,3,3,8789,9096,1,0,14,3,1,0,10,3,4,10,7,0,8,0,1,0,1,0,0,0,0,0,0,0,0,0,1,0,0,1,9.081369991,10,-7,799,0
29,1,1,896,18,1,3,1,86,2,1,4,2389,14961,1,1,13,3,3,0,4,3,2,4,3,0,1,1,0,0,0,1,0,0,0,0,0,0,0,1,0,0,0,1,7.779048645,4,-3,477.8,0
52,0,1,1323,2,3,3,0,89,2,1,4,3212,3300,7,0,15,3,2,0,6,3,2,2,2,2,2,1,0,1,0,0,0,0,0,1,0,0,0,0,0,0,0,1,8.074960359,0.857142857,0,458.86,0
42,0,1,532,4,2,3,1,58,3,5,4,19232,4933,1,0,11,3,4,0,22,3,3,22,17,11,15,1,0,0,0,0,0,1,0,0,1,0,0,0,0,0,1,0,9.864382833,22,-6,836.17,0
59,0,1,818,6,2,2,1,52,3,1,3,2267,25657,8,0,17,3,4,0,7,2,2,2,2,2,2,0,0,0,0,1,0,0,1,0,0,0,0,0,0,0,1,0,7.726653665,0.875,0,283.38,0
50,0,1,854,1,4,4,0,68,3,5,4,19517,24118,3,0,11,3,3,1,32,3,2,7,0,0,6,0,1,0,0,1,0,0,0,0,1,0,0,0,0,0,0,0,9.879092396,10.66666667,0,591.42,0
33,1,1,813,14,3,3,1,58,3,1,4,2436,22149,5,1,13,3,3,1,8,2,1,5,4,0,4,1,0,0,0,1,0,0,0,1,0,0,0,0,0,0,1,0,7.798523054,1.6,-4,270.67,0
43,0,1,1034,16,3,4,0,80,3,4,4,16064,7744,5,1,22,4,3,1,22,3,3,17,13,1,9,0,1,0,1,0,0,0,0,0,1,0,0,0,0,0,1,0,9.684398272,4.4,-12,698.43,0
33,1,1,465,2,2,1,0,39,3,1,1,2707,21509,7,0,20,4,1,0,13,3,4,9,7,1,7,1,0,1,0,0,0,0,0,1,0,0,0,0,0,0,1,0,7.903965634,1.857142857,-6,193.36,0
52,0,0,771,2,4,1,1,79,2,5,3,19068,21030,1,1,18,3,4,0,33,2,4,33,7,15,12,0,1,1,0,0,0,0,0,0,1,0,0,0,0,0,0,1,9.855819259,33,8,560.82,0
32,0,1,1401,4,2,3,0,56,3,1,2,3931,20990,2,0,11,3,1,1,6,5,3,4,3,1,2,0,1,1,0,0,0,0,0,0,0,0,0,0,0,1,1,0,8.276903481,3,-2,561.57,0
32,1,1,515,1,3,4,1,62,2,1,3,3730,9571,0,1,14,3,4,0,4,2,1,3,2,1,2,1,0,1,0,0,0,0,0,1,0,0,0,0,0,0,0,1,8.224431573,4,-1,746,0
39,0,1,1431,1,4,3,0,96,3,1,3,2232,15417,7,0,14,3,3,3,7,1,3,3,2,1,2,1,0,0,0,1,0,0,0,1,0,0,0,0,0,0,0,0,7.711101252,1,-1,279,0
32,0,0,976,26,4,3,1,100,3,2,4,4465,12069,0,0,18,3,1,0,4,2,3,3,2,2,2,0,1,0,1,0,0,0,0,0,0,0,0,0,1,0,1,0,8.404248432,4,0,893,0
41,0,1,1411,19,2,3,1,36,3,2,1,3072,19877,2,0,16,3,1,2,17,2,2,1,0,0,0,1,0,1,0,0,0,0,0,0,0,0,0,1,0,0,0,0,8.030409562,8.5,0,170.67,0
40,0,1,1300,24,2,1,1,62,3,2,4,3319,24447,1,0,17,3,1,2,9,3,3,9,8,4,7,1,0,0,0,0,0,1,0,0,0,0,0,1,0,0,0,0,8.107720062,9,-4,331.9,0
45,0,1,252,1,3,3,1,70,4,5,4,19202,15970,0,0,11,3,3,1,25,2,3,24,0,1,7,1,0,0,0,0,1,0,0,0,1,0,0,0,0,0,1,0,9.862821796,25,1,738.54,0
31,0,2,1327,3,4,2,1,73,3,3,3,13675,13523,9,0,12,3,1,1,9,3,3,2,2,2,2,1,0,0,0,1,0,0,0,0,0,0,1,0,0,0,0,0,9.523397751,1,0,1367.5,0
33,0,1,832,5,4,3,0,63,2,1,4,2911,14776,1,0,13,3,3,1,2,2,2,2,2,0,2,1,0,1,0,0,0,0,0,0,0,0,0,1,0,0,1,0,7.976595409,2,-2,970.33,0
34,0,1,470,2,4,4,1,84,2,2,1,5957,23687,6,0,13,3,2,1,13,3,3,11,9,5,9,1,0,1,0,0,0,0,0,0,0,1,0,0,0,0,1,0,8.692490133,2.166666667,-4,425.5,0
37,0,1,1017,1,2,3,0,83,2,1,1,3920,18697,2,0,14,3,1,1,17,2,2,3,1,0,2,1,0,0,0,1,0,0,0,0,0,0,0,1,0,0,1,0,8.274102002,8.5,-1,217.78,0
45,0,2,1199,7,4,1,1,77,4,2,3,6434,5118,4,0,17,3,4,1,9,1,3,3,2,0,2,1,0,1,0,0,0,0,0,0,0,1,0,0,0,0,1,0,8.76950712,2.25,-2,643.4,0
37,1,2,504,10,3,1,1,61,3,3,3,10048,22573,6,0,11,3,2,2,17,5,3,1,0,0,0,1,0,0,0,1,0,0,0,0,0,1,0,0,0,0,0,0,9.215228406,2.833333333,0,558.22,0
39,0,2,505,2,4,3,0,64,3,3,3,10938,6420,0,0,25,4,4,0,20,1,3,19,6,11,8,1,0,0,0,0,0,1,0,0,0,0,0,0,0,0,0,1,9.300089664,20,5,520.86,0
29,0,1,665,15,3,3,1,60,3,1,4,2340,22673,1,0,19,3,1,0,6,1,3,6,5,1,5,1,0,1,0,0,0,0,0,0,0,0,0,1,0,0,0,1,7.758333467,6,-4,334.29,0
42,0,1,916,17,2,4,0,82,4,2,1,6545,23016,3,1,13,3,3,0,10,1,3,3,2,0,2,1,0,1,0,0,0,0,0,0,0,0,0,1,0,0,0,1,8.786609455,3.333333333,-2,595,0
29,0,1,1247,20,2,4,1,45,3,2,4,6931,10732,2,0,14,3,4,1,10,2,3,3,2,0,2,0,1,0,1,0,0,0,0,0,0,0,0,0,1,0,0,0,8.843903651,5,-2,630.09,0
25,0,1,685,1,3,1,0,62,3,2,3,4898,7505,0,0,12,3,4,2,5,3,3,4,2,1,2,1,0,1,0,0,0,0,0,0,0,1,0,0,0,0,1,0,8.496786382,5,-1,816.33,0
42,0,1,269,2,3,4,0,56,2,1,1,2593,8007,0,1,11,3,3,1,10,4,3,9,6,7,8,1,0,0,0,1,0,0,0,1,0,0,0,0,0,0,0,0,7.860956365,10,1,235.73,0
40,0,1,1416,2,2,1,1,49,3,5,3,19436,5949,0,0,19,3,4,1,22,5,3,21,7,3,9,1,0,0,0,1,0,0,0,0,0,0,1,0,0,0,0,0,9.874933745,22,-4,845.04,0
51,0,1,833,1,3,3,1,96,3,1,4,2723,23231,1,0,11,3,2,0,1,0,2,1,0,0,0,1,0,1,0,0,0,0,0,0,0,0,0,1,0,0,1,0,7.909856667,1,0,1361.5,0
31,1,2,307,29,2,3,1,71,2,1,2,3479,11652,0,0,11,3,2,0,6,2,4,5,4,1,4,1,0,0,0,1,0,0,0,1,0,0,0,0,0,0,0,1,8.154787573,6,-3,497,1
32,0,2,1311,7,3,2,1,100,4,1,2,2794,26062,1,0,20,4,3,0,5,3,1,5,1,0,3,1,0,1,0,0,0,0,0,1,0,0,0,0,0,0,1,0,7.935587386,5,-1,465.67,0
38,0,0,1327,2,2,4,1,39,2,2,4,5249,19682,3,0,18,3,4,1,13,0,3,8,7,7,5,0,1,1,0,0,0,0,0,0,0,0,0,0,1,0,1,0,8.565983356,4.333333333,0,374.93,0
32,0,1,128,2,1,4,1,84,2,2,1,2176,19737,4,0,13,3,4,0,9,5,3,6,2,0,4,1,0,0,0,0,0,1,0,1,0,0,0,0,0,0,0,1,7.685703061,2.25,-2,217.6,0
46,0,1,488,2,3,3,0,75,1,4,2,16872,14977,3,1,12,3,2,1,28,2,2,7,7,7,7,0,1,0,0,0,0,1,0,0,1,0,0,0,0,0,1,0,9.73346999,9.333333333,0,581.79,0
28,1,1,529,2,4,1,1,79,3,1,3,3485,14935,2,0,11,3,3,0,5,5,1,0,0,0,0,1,0,1,0,0,0,0,0,1,0,0,0,0,0,0,0,1,8.156510226,2.5,0,580.83,0
29,0,1,1210,2,3,1,1,78,2,2,2,6644,3687,2,0,19,3,2,2,10,2,3,0,0,0,0,0,1,0,0,1,0,0,0,0,0,0,0,0,1,0,1,0,8.801619971,5,0,604,0
31,0,1,1463,23,3,2,1,64,2,2,4,5582,14408,0,0,21,4,2,1,10,2,3,9,0,7,8,1,0,0,0,1,0,0,0,0,0,0,0,0,0,0,1,0,8.627481545,10,7,507.45,0
25,0,0,675,5,2,2,1,85,4,2,1,4000,18384,1,0,12,3,4,2,6,2,3,6,3,1,5,1,0,1,0,0,0,0,0,0,0,0,0,0,0,0,0,0,8.294299609,6,-2,571.43,0
45,0,1,1385,20,2,3,1,79,3,4,4,13496,7501,0,1,14,3,2,0,21,2,3,20,7,4,10,1,0,0,0,1,0,0,0,0,0,0,0,0,0,0,1,0,9.510222718,21,-3,613.45,0
36,0,1,1403,6,3,4,1,47,3,1,4,3210,20251,0,0,11,3,3,1,16,4,3,15,13,10,11,1,0,1,0,0,0,0,0,1,0,0,0,0,0,0,1,0,8.074337694,16,-3,188.82,0
55,0,1,452,1,3,4,1,81,3,5,1,19045,18938,0,1,14,3,3,0,37,2,3,36,10,4,13,1,0,0,0,1,0,0,0,0,1,0,0,0,0,0,0,1,9.854612385,37,-6,501.18,0
47,1,0,666,29,4,1,1,88,3,3,2,11849,10268,1,1,12,3,4,1,10,2,2,10,7,9,9,1,0,1,0,0,0,0,0,0,1,0,0,0,0,0,1,0,9.380083147,10,2,1077.18,0
28,0,1,1158,9,3,4,1,94,3,1,4,2070,2613,1,0,23,4,4,1,5,3,2,5,2,0,4,1,0,0,0,1,0,0,0,0,0,0,0,1,0,0,1,0,7.635786861,5,-2,345,0
37,0,1,228,6,4,3,1,98,3,2,4,6502,22825,4,0,14,3,2,1,7,5,4,5,4,0,1,0,1,0,0,1,0,0,0,0,0,0,0,0,1,0,1,0,8.780018888,1.75,-4,812.75,0
21,0,1,996,3,2,4,1,100,2,1,3,3230,10531,1,0,17,3,1,0,3,4,4,3,2,1,0,1,0,0,0,1,0,0,0,0,0,0,0,1,0,0,0,1,8.080546966,3,-1,807.5,0
37,0,0,728,1,4,1,0,80,3,3,4,13603,11677,2,1,18,3,1,2,15,2,3,5,2,0,2,1,0,0,0,1,0,0,0,0,0,0,1,0,0,0,0,0,9.518119146,7.5,-2,850.19,0
35,0,1,1315,22,3,2,0,71,4,3,2,11996,19100,7,0,18,3,2,1,10,6,2,7,7,6,2,1,0,1,0,0,0,0,0,0,1,0,0,0,0,0,0,0,9.392411898,1.428571429,-1,1090.55,0
38,0,1,322,7,2,1,0,44,4,2,1,5605,19191,1,1,24,4,3,1,8,3,3,8,0,7,7,0,1,0,0,1,0,0,0,0,0,0,0,0,1,0,0,0,8.631592732,8,7,622.78,0
26,0,2,1479,1,3,3,0,84,3,2,2,6397,26767,1,0,20,4,1,1,6,6,1,6,5,1,4,1,0,1,0,0,0,0,0,0,0,1,0,0,0,0,0,0,8.763740721,6,-4,913.86,0
50,0,1,797,4,1,1,1,96,3,5,2,19144,15815,3,0,14,3,1,2,28,4,2,10,4,1,6,1,0,1,0,0,0,0,0,0,0,0,1,0,0,0,0,0,9.859796864,9.333333333,-3,660.14,0
53,0,1,1070,3,4,3,1,45,3,4,3,17584,21016,3,1,16,3,4,3,21,5,2,5,3,1,3,1,0,0,0,1,0,0,0,0,0,0,1,0,0,0,1,0,9.774801545,7,-2,799.27,0
42,0,1,635,1,1,2,1,99,3,2,3,4907,24532,1,0,25,4,3,0,20,3,3,20,16,11,6,0,1,1,0,0,0,0,0,0,0,0,0,0,1,0,1,0,8.498621806,20,-5,233.67,0
29,0,2,442,2,2,2,1,44,3,2,4,4554,20260,1,0,18,3,1,0,10,3,2,10,7,0,9,0,1,1,0,0,0,0,0,0,0,0,0,0,1,0,0,1,8.42398081,10,-7,414,1
55,0,1,147,20,2,2,1,37,3,2,4,5415,15972,3,1,19,3,4,1,12,4,3,10,7,0,8,1,0,0,0,0,0,1,0,1,0,0,0,0,0,0,1,0,8.597112815,4,-7,416.54,0
26,0,2,496,11,2,1,1,60,3,2,1,4741,22722,1,1,13,3,3,1,5,3,3,5,3,3,3,1,0,0,0,1,0,0,0,0,0,0,0,0,0,0,1,0,8.464214267,5,0,790.17,0
37,0,1,1372,1,3,4,0,42,3,1,4,2115,15881,1,0,12,3,2,0,17,3,3,17,12,5,7,1,0,1,0,0,0,0,0,0,0,0,0,1,0,0,0,1,7.657282793,17,-7,117.5,0
44,1,2,920,24,3,4,1,43,3,1,3,3161,19920,3,1,22,4,4,1,19,0,1,1,0,0,0,1,0,1,0,0,0,0,0,1,0,0,0,0,0,0,0,0,8.058960018,6.333333333,0,158.05,0
38,0,1,688,23,4,4,1,82,3,2,4,5745,18899,9,0,14,3,2,1,10,2,3,2,2,1,2,1,0,1,0,0,0,0,0,0,0,0,0,0,0,0,0,0,8.65625924,1.111111111,-1,522.27,0
26,1,1,1449,16,4,1,1,45,3,1,2,2373,14180,2,1,13,3,4,1,5,2,3,3,2,0,2,1,0,0,0,1,0,0,0,1,0,0,0,0,0,0,0,0,7.772331575,2.5,-2,395.5,0
28,0,1,1117,8,2,4,0,66,3,1,4,3310,4488,1,0,21,4,4,0,5,3,3,5,3,0,2,1,0,1,0,0,0,0,0,0,0,0,0,1,0,0,0,1,8.105005538,5,-3,551.67,0
49,0,2,636,10,4,3,0,35,3,5,1,18665,25594,9,1,11,3,4,0,22,4,3,3,2,1,2,1,0,1,0,0,0,0,0,0,0,0,1,0,0,0,0,1,9.834458966,2.444444444,-1,811.52,0
36,0,1,506,3,3,3,1,30,3,2,2,4485,26285,4,0,12,3,4,0,10,2,3,8,0,7,7,1,0,0,0,0,0,1,0,0,0,0,0,1,0,0,0,1,8.408716715,2.5,7,407.73,0
31,0,2,444,5,3,4,0,84,3,1,2,2789,3909,1,0,11,3,3,1,2,5,2,2,2,2,2,0,1,0,1,0,0,0,0,0,0,0,0,0,0,1,0,0,7.933796875,2,0,929.67,0
26,1,1,950,4,4,4,1,48,2,2,4,5828,8450,1,1,12,3,2,0,8,0,3,8,7,7,4,0,1,0,1,0,0,0,0,0,0,0,0,0,1,0,0,1,8.670600738,8,0,647.56,0
37,0,2,889,9,3,2,1,53,3,1,4,2326,11411,1,1,12,3,3,3,4,3,2,4,2,1,2,1,0,0,0,1,0,0,0,0,0,0,0,1,0,0,1,0,7.752335163,4,-1,465.2,0
42,0,2,555,26,3,3,0,77,3,4,2,13525,14864,5,0,14,3,4,1,23,2,4,20,4,4,8,0,1,0,1,0,0,0,0,0,0,0,0,0,1,0,1,0,9.512369038,4.6,0,563.54,0
18,1,1,230,3,3,3,1,54,3,1,3,1420,25233,1,0,13,3,3,0,0,2,3,0,0,0,0,1,0,1,0,0,0,0,0,1,0,0,0,0,0,0,0,1,7.259116128,0,0,1420,0
35,0,1,1232,16,3,3,1,96,3,3,2,8020,5100,0,0,15,3,3,2,12,3,2,11,9,6,9,0,1,0,1,0,0,0,0,0,0,0,0,0,1,0,1,0,8.989818381,12,-3,616.92,0
36,0,2,566,18,4,3,1,81,4,1,4,3688,7122,4,0,18,3,4,2,4,2,3,1,0,0,0,1,0,1,0,0,0,0,0,1,0,0,0,0,0,0,1,0,8.213110698,1,0,737.6,0
51,0,1,1302,2,3,4,1,84,1,2,2,5482,16321,5,0,18,3,4,1,13,3,3,4,1,1,2,1,0,0,0,1,0,0,0,0,0,1,0,0,0,0,0,0,8.609407675,2.6,0,391.57,0
41,0,1,334,2,4,4,1,88,3,4,2,16015,15896,1,0,19,3,2,0,22,2,3,22,10,0,4,0,1,1,0,0,0,0,0,0,1,0,0,0,0,0,0,1,9.681343502,22,-10,696.3,0
18,0,1,812,10,3,4,0,69,2,1,3,1200,9724,1,0,12,3,1,0,0,2,3,0,0,0,0,0,1,0,0,1,0,0,0,0,0,0,0,0,0,1,0,1,7.090909822,0,0,1200,0
28,0,1,1476,16,2,2,1,68,4,2,1,5661,4824,0,0,19,3,3,0,9,2,3,8,3,0,7,1,0,0,0,1,0,0,0,0,0,0,0,0,0,0,0,1,8.641532466,9,-3,566.1,0
31,0,1,218,7,3,2,1,100,4,2,4,6929,12241,4,0,11,3,2,1,10,3,2,8,7,7,7,0,1,0,0,0,0,1,0,0,0,0,0,0,1,0,1,0,8.843615092,2.5,0,629.91,0
39,0,1,1132,1,3,3,1,48,4,3,4,9613,10942,0,0,17,3,1,3,19,5,2,18,10,3,7,1,0,0,0,1,0,0,0,0,0,0,0,0,0,0,0,0,9.170975648,19,-7,480.65,0
36,0,0,1105,24,4,2,0,47,3,2,2,5674,6927,7,0,15,3,3,1,11,3,3,9,8,0,8,1,0,1,0,0,0,0,0,1,0,0,0,0,0,0,1,0,8.643825842,1.571428571,-8,472.83,0
32,0,1,906,7,3,4,1,91,2,2,3,5484,16985,1,0,14,3,3,1,13,3,2,13,8,4,8,0,1,1,0,0,0,0,0,0,0,0,0,0,1,0,1,0,8.609772373,13,-4,391.71,0
38,0,1,849,25,2,1,0,81,2,3,2,12061,26707,3,0,17,3,3,1,19,2,3,10,8,0,1,1,0,1,0,0,0,0,0,0,0,0,1,0,0,0,1,0,9.397815294,6.333333333,-8,603.05,0
58,0,0,390,1,4,4,1,32,1,2,3,5660,17056,2,1,13,3,4,1,12,2,3,5,3,1,2,1,0,1,0,0,0,0,0,0,0,0,0,0,0,0,0,0,8.641355834,6,-2,435.38,0
31,0,1,691,5,4,3,1,86,3,1,4,4821,10077,0,1,12,3,3,1,6,4,3,5,2,0,3,1,0,0,0,0,0,1,0,0,0,0,0,1,0,0,1,0,8.480944059,6,-2,688.71,0
31,0,1,106,2,3,1,1,62,2,2,1,6410,17822,3,0,12,3,4,0,9,1,3,2,2,1,0,0,0,0,0,0,0,0,1,0,0,0,0,0,0,0,1,0,8.765770544,3,-1,641,0
45,0,2,1249,7,3,1,1,97,3,3,1,5210,20308,1,0,18,3,1,1,24,2,3,24,9,9,11,1,0,1,0,0,0,0,0,1,0,0,0,0,0,0,0,0,8.558527055,24,0,208.4,0
31,0,1,192,2,4,3,1,32,3,1,4,2695,7747,0,1,18,3,2,1,3,2,1,2,2,2,2,1,0,1,0,0,0,0,0,0,0,0,0,1,0,0,0,0,7.899524472,3,0,673.75,0
33,0,2,553,5,4,4,0,74,3,3,2,11878,23364,6,0,11,3,2,2,12,2,3,10,6,8,8,1,0,1,0,0,0,0,0,0,1,0,0,0,0,0,1,0,9.382527414,2,2,913.69,0
39,0,1,117,10,1,3,1,99,3,4,1,17068,5355,1,1,14,3,4,0,21,3,3,21,9,11,10,1,0,0,0,1,0,0,0,0,1,0,0,0,0,0,1,0,9.745019232,21,2,775.82,0
43,0,2,185,10,4,3,0,33,3,1,4,2455,10675,0,0,19,3,1,0,9,5,3,8,7,1,7,1,0,1,0,0,0,0,0,1,0,0,0,0,0,0,0,1,7.806289289,9,-6,245.5,0
49,0,1,1091,1,2,3,0,90,2,4,3,13964,17810,7,1,12,3,4,0,25,2,3,7,1,0,7,1,0,0,0,0,0,1,0,0,0,0,0,0,0,0,0,1,9.544309478,3.571428571,-1,537.08,0
52,1,1,723,8,4,3,1,85,2,2,2,4941,17747,2,0,15,3,1,0,11,3,2,8,2,7,7,1,0,0,0,1,0,0,0,0,0,0,0,1,0,0,1,0,8.505525387,5.5,5,411.75,0
27,0,1,1220,5,3,3,0,85,3,1,2,2478,20938,1,1,12,3,2,0,4,2,2,4,3,1,2,1,0,1,0,0,0,0,0,0,0,0,0,1,0,0,0,1,7.815610532,4,-2,495.6,0
32,0,1,588,8,2,3,0,65,2,2,2,5228,24624,1,1,11,3,4,0,13,2,3,13,12,11,9,0,1,0,0,0,0,1,0,0,0,0,0,0,1,0,1,0,8.561975334,13,-1,373.43,0
27,0,1,1377,2,3,4,1,74,3,2,3,4478,5242,1,1,11,3,1,0,5,3,3,5,4,0,4,0,1,1,0,0,0,0,0,0,0,0,0,0,1,0,0,1,8.407155086,5,-4,746.33,0
31,0,1,691,7,3,4,1,73,3,2,4,7547,7143,4,0,12,3,4,3,13,3,3,7,7,1,7,0,1,0,1,0,0,0,0,0,0,0,0,0,1,0,0,0,8.929037906,3.25,-6,539.07,0
32,0,1,1018,2,4,1,0,74,4,2,4,5055,10557,7,0,16,3,3,0,10,0,2,7,7,0,7,1,0,0,0,1,0,0,0,0,0,0,0,1,0,0,0,1,8.528330936,1.428571429,-7,459.55,0
28,1,1,1157,2,4,1,1,84,1,1,4,3464,24737,5,1,13,3,4,0,5,4,2,3,2,2,2,1,0,0,0,1,0,0,0,0,0,0,0,1,0,0,1,0,8.150467912,1,0,577.33,0
30,0,1,1275,28,2,4,0,64,3,2,4,5775,11934,1,0,13,3,4,2,11,2,3,10,8,1,9,1,0,0,0,1,0,0,0,0,0,0,0,1,0,0,1,0,8.661466681,11,-7,481.25,0
31,0,2,798,7,2,3,0,48,2,3,3,8943,14034,1,0,24,4,1,1,10,2,3,10,9,8,9,1,0,1,0,0,0,0,0,0,0,1,0,0,0,0,1,0,9.098738195,10,-1,813,0
39,0,2,672,7,2,3,1,54,2,5,4,19272,21141,1,0,15,3,1,1,21,2,3,21,9,13,3,1,0,0,0,1,0,0,0,0,1,0,0,0,0,0,1,0,9.866460432,21,4,876,0
39,1,1,1162,3,2,4,0,41,3,2,3,5238,17778,4,1,18,3,1,0,12,3,2,1,0,0,0,0,1,0,0,1,0,0,0,0,0,0,0,0,1,0,1,0,8.563885919,3,0,402.92,0
33,0,2,508,10,3,2,1,46,2,2,4,4682,4317,3,0,14,3,3,0,9,6,2,7,7,0,1,0,1,0,1,0,0,0,0,0,0,0,0,0,1,0,0,1,8.451694209,3,-7,468.2,0
47,0,1,1482,5,5,4,1,42,3,5,3,18300,16375,4,0,11,3,2,1,21,2,3,3,2,1,1,1,0,1,0,0,0,0,0,0,0,0,1,0,0,0,1,0,9.814710982,5.25,-1,831.82,0
43,0,2,559,10,4,3,0,82,2,2,3,5257,6227,1,0,11,3,2,1,9,3,4,9,7,0,0,1,0,1,0,0,0,0,0,1,0,0,0,0,0,0,0,0,8.567506005,9,-7,525.7,0
27,0,0,210,1,1,3,1,73,3,2,2,6349,22107,0,1,13,3,4,1,6,0,3,5,4,1,4,0,1,0,1,0,0,0,0,0,0,0,0,0,1,0,1,0,8.756210092,6,-3,907,0
54,0,2,928,20,4,4,0,31,3,2,3,4869,16885,3,0,12,3,4,0,20,4,2,4,3,0,3,1,0,1,0,0,0,0,0,0,0,0,0,1,0,0,0,1,8.490849216,6.666666667,-3,231.86,0
43,0,1,1001,7,3,3,0,43,3,3,1,9985,9262,8,0,16,3,1,1,10,1,2,1,0,0,0,1,0,1,0,0,0,0,0,0,0,0,0,0,0,0,1,0,9.208939391,1.25,0,907.73,0
45,0,1,549,8,4,4,1,75,3,2,4,3697,9278,9,0,14,3,1,2,12,3,3,10,9,9,8,1,0,0,0,0,1,0,0,0,0,0,0,1,0,0,1,0,8.215547412,1.333333333,0,284.38,0
40,0,1,1124,1,2,2,1,57,1,2,4,7457,13273,2,1,22,4,3,3,6,2,2,4,3,0,2,0,1,0,0,1,0,0,0,0,0,0,0,0,1,0,1,0,8.917042561,3,-3,1065.29,0
29,1,1,318,8,4,2,1,77,1,1,1,2119,4759,1,1,11,3,4,0,7,4,2,7,7,0,7,1,0,0,0,0,1,0,0,1,0,0,0,0,0,0,1,0,7.659171368,7,-7,264.88,0
29,0,1,738,9,5,2,1,30,2,1,4,3983,7621,0,0,17,3,3,0,4,2,3,3,2,2,2,1,0,0,0,0,1,0,0,1,0,0,0,0,0,0,0,1,8.290041619,4,0,796.6,0
30,0,1,570,5,3,4,0,30,2,2,3,6118,5431,1,0,13,3,3,3,10,2,3,10,9,1,2,0,1,0,1,0,0,0,0,0,0,0,0,0,1,0,0,0,8.719153963,10,-8,556.18,0
27,0,1,1130,8,4,2,0,56,3,2,2,6214,3415,1,0,18,3,1,1,8,3,3,8,7,0,7,0,1,0,1,0,0,0,0,0,0,0,0,0,1,0,1,0,8.734721004,8,-7,690.44,0
37,0,1,1192,5,2,4,1,61,3,2,4,6347,23177,7,0,16,3,3,2,8,2,2,6,2,0,4,1,0,0,0,1,0,0,0,0,0,1,0,0,0,0,0,0,8.755895082,1.142857143,-2,705.22,0
38,0,1,343,15,2,3,1,92,2,3,4,11510,15682,0,1,14,3,2,1,12,3,3,11,10,2,9,1,0,1,0,0,0,0,0,0,0,0,1,0,0,0,0,0,9.351058379,12,-8,885.38,0
31,0,1,1232,7,4,3,0,39,3,3,4,7143,25713,1,1,14,3,3,0,11,2,2,11,9,4,10,1,0,0,0,1,0,0,0,0,0,1,0,0,0,0,0,1,8.874028123,11,-5,595.25,0
29,0,1,144,10,1,4,0,39,2,2,2,8268,11866,1,1,14,3,1,2,7,2,3,7,7,1,7,0,1,0,1,0,0,0,0,0,0,0,0,0,1,0,0,0,9.020268862,7,-6,1033.5,0
35,0,1,1296,5,4,3,1,62,3,3,2,8095,18264,0,0,13,3,4,0,17,5,3,16,6,0,13,1,0,0,0,0,0,1,0,0,0,1,0,0,0,0,0,1,8.999125392,17,-6,449.72,0
23,0,1,1309,26,1,3,1,83,3,1,4,2904,16092,1,0,12,3,3,2,4,2,2,4,2,0,2,1,0,1,0,0,0,0,0,0,0,0,0,1,0,0,0,0,7.974188669,4,-2,580.8,0
41,0,1,483,6,3,4,1,95,2,2,2,6032,10110,6,1,15,3,4,0,8,3,3,5,4,1,2,1,0,0,0,1,0,0,0,0,0,1,0,0,0,0,0,1,8.704999678,1.333333333,-3,670.22,0
47,0,2,1309,4,1,2,1,99,3,2,3,2976,25751,3,0,19,3,1,0,5,3,3,0,0,0,0,0,1,0,0,1,0,0,0,0,0,0,0,0,0,1,0,1,7.998671361,1.666666667,0,496,0
42,0,1,810,23,5,1,0,44,3,4,4,15992,15901,2,0,14,3,2,0,16,2,3,1,0,0,0,1,0,1,0,0,0,0,0,0,0,0,1,0,0,0,0,1,9.679906405,8,0,940.71,0
29,0,0,746,2,3,4,1,61,3,2,3,4649,16928,1,0,14,3,1,1,4,3,2,4,3,0,2,0,1,1,0,0,0,0,0,0,0,0,0,0,1,0,1,0,8.444622499,4,-3,929.8,0
42,0,1,544,2,1,3,1,52,3,1,3,2696,24017,0,1,11,3,3,1,4,5,3,3,2,1,0,0,0,0,0,0,0,1,1,0,0,0,0,0,0,0,0,0,7.899895323,4,-1,539.2,0
32,0,1,1062,2,3,3,0,75,3,1,2,2370,3956,1,0,13,3,3,1,8,4,3,8,0,0,7,1,0,0,0,1,0,0,0,1,0,0,0,0,0,0,1,0,7.771067086,8,0,263.33,0
48,0,1,530,29,1,1,0,91,3,3,3,12504,23978,3,0,21,4,2,1,15,3,1,0,0,0,0,0,1,0,0,1,0,0,0,0,1,0,0,0,0,0,1,0,9.433883843,5,0,781.5,0
37,0,1,1319,6,3,3,1,51,4,2,1,5974,17001,4,1,13,3,1,2,13,2,3,7,7,6,7,1,0,0,0,1,0,0,0,0,0,0,0,1,0,0,0,0,8.695339377,3.25,-1,426.71,0
30,0,0,641,25,2,4,0,85,3,2,3,4736,6069,7,1,12,3,2,1,4,2,4,2,2,2,2,0,1,0,0,0,0,1,0,0,0,0,0,0,1,0,1,0,8.463159303,0.571428571,0,947.2,0
26,0,1,933,1,3,3,1,57,3,2,3,5296,20156,1,0,17,3,2,1,8,3,3,8,7,7,7,0,1,1,0,0,0,0,0,0,0,0,0,0,1,0,1,0,8.574895902,8,0,588.44,0
42,0,1,1332,2,4,1,1,98,2,2,4,6781,17078,3,0,23,4,2,0,14,6,3,1,0,0,0,1,0,0,0,0,1,0,0,0,0,0,0,0,0,0,0,1,8.822027323,4.666666667,0,452.07,0
21,1,2,756,1,1,1,0,99,2,1,2,2174,9150,1,1,11,3,3,0,3,3,3,3,2,1,2,0,1,0,0,0,0,1,0,0,0,0,0,0,0,1,0,1,7.684783944,3,-1,543.5,1
36,0,0,845,1,5,4,0,45,3,2,4,6653,15276,4,0,15,3,2,0,7,6,3,1,0,0,0,0,1,0,0,1,0,0,0,0,0,0,0,0,1,0,0,1,8.802973457,1.75,0,831.62,0
36,0,2,541,3,4,1,1,48,2,3,4,9699,7246,4,0,11,3,1,1,16,2,3,13,9,1,12,0,1,0,0,1,0,0,0,0,0,0,0,0,1,0,1,0,9.179881164,4,-8,570.53,0
57,0,1,593,1,4,4,1,88,3,2,3,6755,2967,2,0,11,3,3,0,15,2,3,3,2,1,2,1,0,0,0,1,0,0,0,0,0,0,0,0,0,0,1,0,8.818186278,7.5,-1,422.19,0
40,0,1,1171,10,4,4,0,46,4,1,3,2213,22495,3,1,13,3,3,1,10,3,3,7,7,1,7,1,0,1,0,0,0,0,0,1,0,0,0,0,0,0,1,0,7.702556113,3.333333333,-6,201.18,0
21,0,0,895,9,2,1,1,39,3,1,4,2610,2851,1,0,24,4,3,0,3,3,2,3,2,2,2,0,1,0,0,1,0,0,0,0,0,0,0,0,0,1,0,1,7.867488569,3,0,652.5,0
33,1,1,350,5,3,4,0,34,3,1,3,2851,9150,1,1,13,3,2,0,1,2,3,1,0,0,0,0,1,0,1,0,0,0,0,0,0,0,0,0,0,1,0,1,7.955775782,1,0,1425.5,0
37,0,1,921,10,3,3,0,98,3,1,1,3452,17663,6,0,20,4,2,1,17,3,3,5,4,0,3,1,0,0,0,1,0,0,0,1,0,0,0,0,0,0,1,0,8.146998697,2.833333333,-4,191.78,0
46,0,0,1144,7,4,3,0,30,3,2,3,5258,16044,2,0,14,3,3,0,7,2,4,1,0,0,0,1,0,0,0,1,0,0,0,0,0,1,0,0,0,0,1,0,8.567696174,3.5,0,657.25,0
41,1,2,143,4,3,1,1,56,3,2,2,9355,9558,1,0,18,3,3,0,8,5,3,8,7,7,7,0,1,0,1,0,0,0,0,0,0,0,0,0,1,0,0,1,9.143773128,8,0,1039.44,0
50,0,1,1046,10,3,4,1,100,2,3,4,10496,2755,6,0,15,3,4,0,20,2,3,4,3,1,3,1,0,0,0,0,0,1,0,0,0,0,0,0,0,0,0,1,9.258844781,3.333333333,-2,499.81,0
40,1,1,575,22,2,3,1,68,2,2,3,6380,6110,2,1,12,3,1,2,8,6,3,6,4,1,0,0,1,0,1,0,0,0,0,0,0,0,0,0,1,0,1,0,8.761080104,4,-3,708.89,0
31,0,1,408,9,4,3,1,42,2,1,2,2657,7551,0,1,16,3,4,0,3,5,3,2,2,2,2,1,0,1,0,0,0,0,0,0,0,0,0,1,0,0,0,1,7.885329239,3,0,664.25,0
21,1,1,156,12,3,3,0,90,4,1,2,2716,25422,1,0,15,3,4,0,1,0,3,1,0,0,0,0,1,1,0,0,0,0,0,0,0,0,0,0,0,1,0,1,7.907283609,1,0,1358,0
29,0,1,1283,23,3,4,1,54,3,1,4,2201,18168,9,0,16,3,4,0,6,4,3,3,2,1,2,1,0,1,0,0,0,0,0,0,0,0,0,1,0,0,0,1,7.697121317,0.666666667,-1,314.43,0
35,0,1,755,9,4,3,1,97,2,2,2,6540,19394,9,0,19,3,3,0,10,5,3,1,1,0,0,1,0,1,0,0,0,0,0,0,0,0,0,0,0,0,0,1,8.785845338,1.111111111,-1,594.55,0
27,0,1,1469,1,2,4,1,82,3,1,2,3816,17881,1,0,11,3,2,1,5,2,3,5,2,0,4,1,0,0,0,1,0,0,0,1,0,0,0,0,0,0,0,0,8.247220053,5,-2,636,0
28,0,1,304,9,4,2,1,92,3,2,4,5253,20750,1,0,16,3,4,0,7,1,3,7,5,0,7,0,1,1,0,0,0,0,0,0,0,0,0,0,1,0,0,1,8.56674497,7,-5,656.62,0
49,0,1,1261,7,3,2,1,31,2,3,3,10965,12066,8,0,24,4,3,0,26,2,3,5,2,0,0,1,0,0,0,0,1,0,0,0,0,0,0,0,0,0,0,1,9.302554856,3.25,-2,406.11,0
51,0,1,1178,14,2,3,0,87,3,2,4,4936,14862,4,0,11,3,3,1,18,2,2,7,7,0,7,0,1,1,0,0,0,0,0,0,0,0,0,0,1,0,1,0,8.504513138,4.5,-7,259.79,0
36,0,1,329,2,3,4,0,96,3,1,3,2543,11868,4,0,13,3,2,1,6,3,3,2,2,2,2,1,0,1,0,0,0,0,0,0,0,0,0,1,0,0,1,0,7.841492924,1.5,0,363.29,0
34,1,0,1362,19,3,1,1,67,4,2,4,5304,4652,8,1,13,3,2,0,9,3,2,5,2,0,4,0,1,0,1,0,0,0,0,0,0,0,0,0,1,0,0,1,8.576405051,1.125,-2,530.4,0
55,0,1,1311,2,3,3,0,97,3,4,4,16659,23258,2,1,13,3,3,0,30,2,3,5,4,1,2,1,0,1,0,0,0,0,0,0,1,0,0,0,0,0,0,1,9.720765916,15,-3,537.39,0
24,0,1,1371,10,4,4,0,77,3,2,3,4260,5915,1,1,12,3,4,1,5,2,4,5,2,0,3,0,1,0,1,0,0,0,0,0,0,0,0,0,1,0,0,0,8.357259153,5,-2,710,0
30,0,1,202,2,1,3,1,72,3,1,2,2476,17434,1,0,18,3,1,1,1,3,3,1,0,0,0,0,1,0,0,0,0,1,0,0,0,0,0,0,0,1,1,0,7.814803429,1,0,1238,0
26,1,2,575,3,1,3,1,73,3,1,1,3102,6582,0,0,22,4,3,0,7,2,3,6,4,0,4,1,0,0,0,0,0,1,0,0,0,0,0,1,0,0,0,1,8.040124664,7,-4,387.75,1
22,0,1,253,11,3,1,0,43,3,1,2,2244,24440,1,0,13,3,4,1,2,1,3,2,1,1,2,1,0,0,0,1,0,0,0,0,0,0,0,1,0,0,1,0,7.7164608,2,0,748,0
36,0,1,164,2,2,2,1,61,2,3,3,7596,3809,1,0,13,3,2,2,10,2,3,10,9,9,0,0,1,0,0,1,0,0,0,0,0,0,0,0,1,0,1,0,8.935508712,10,0,690.55,0
30,1,2,464,4,3,3,1,40,3,1,4,2285,3427,9,1,23,4,3,0,3,4,3,1,0,0,0,1,0,0,0,0,0,1,0,0,0,0,0,1,0,0,0,1,7.734558844,0.333333333,0,571.25,1
37,0,1,1107,14,3,4,0,95,3,1,1,3034,26914,1,0,12,3,3,1,18,2,2,18,7,12,17,1,0,1,0,0,0,0,0,1,0,0,0,0,0,0,0,0,8.017966703,18,5,159.68,0
40,0,1,759,2,2,4,0,46,3,2,2,5715,22553,7,0,12,3,3,2,8,5,3,5,4,1,3,0,1,0,1,0,0,0,0,0,0,0,0,0,1,0,0,0,8.651024539,1.142857143,-3,635,0
42,0,1,201,1,4,2,0,95,3,1,1,2576,20490,3,0,16,3,2,1,8,5,3,5,2,1,2,1,0,1,0,0,0,0,0,1,0,0,0,0,0,0,0,0,7.854381211,2.666666667,-1,286.22,0
37,0,1,1305,10,4,3,1,49,3,2,2,4197,21123,2,1,12,3,4,0,18,2,2,1,0,0,1,1,0,1,0,0,0,0,0,0,0,1,0,0,0,0,0,1,8.3423635,9,0,220.89,0
43,0,1,982,12,3,1,1,59,2,4,2,14336,4345,1,0,11,3,3,1,25,3,3,25,10,3,9,1,0,1,0,0,0,0,0,0,0,0,1,0,0,0,0,0,9.570598887,25,-7,551.38,0
40,0,1,555,2,3,2,0,78,2,2,3,3448,13436,6,0,22,4,2,1,20,3,3,1,0,0,0,1,0,0,0,1,0,0,0,1,0,0,0,0,0,0,1,0,8.145839613,3.333333333,0,164.19,0
54,0,1,821,5,2,1,1,86,3,5,1,19406,8509,4,0,11,3,3,1,24,4,2,4,2,1,2,1,0,0,0,1,0,0,0,0,0,0,1,0,0,0,1,0,9.873389105,6,-1,776.24,0
34,0,0,1381,4,4,3,0,72,3,2,3,6538,12740,9,0,15,3,1,1,6,3,3,3,2,1,2,0,1,0,1,0,0,0,0,0,0,0,0,0,1,0,1,0,8.785539528,0.666666667,-1,934,0
31,0,1,480,7,2,2,0,31,3,2,1,4306,4156,1,0,12,3,2,1,13,5,1,13,10,3,12,1,0,0,0,1,0,0,0,0,0,1,0,0,0,0,1,0,8.367996885,13,-7,307.57,0
43,0,2,313,21,3,4,1,61,3,1,4,2258,15238,7,0,20,4,1,1,8,1,3,3,2,1,2,1,0,0,0,1,0,0,0,1,0,0,0,0,0,0,1,0,7.722677516,1.142857143,-1,250.89,0
43,0,1,1473,8,4,3,0,74,3,2,3,4522,2227,4,1,14,3,4,0,8,3,3,5,2,0,2,1,0,0,0,0,1,0,0,0,0,0,0,0,0,0,0,0,8.416930769,2,-2,502.44,0
25,0,1,891,4,2,2,0,99,2,2,4,4487,12090,1,1,11,3,2,0,5,3,3,5,4,1,3,0,1,1,0,0,0,0,0,0,0,0,0,0,1,0,0,1,8.409162447,5,-3,747.83,0
37,0,0,1063,25,5,2,0,72,3,2,3,4449,23866,3,1,15,3,1,2,15,2,3,13,11,10,7,1,0,0,0,1,0,0,0,0,0,0,0,1,0,0,1,0,8.400659375,5,-1,278.06,0
31,0,1,329,1,2,4,1,98,2,1,1,2218,16193,1,0,12,3,3,1,4,3,3,4,2,3,2,1,0,1,0,0,0,0,0,1,0,0,0,0,0,0,1,0,7.704811923,4,1,443.6,0
39,0,2,1218,1,1,2,1,52,3,5,3,19197,8213,1,1,14,3,3,1,21,3,3,21,8,1,6,1,0,1,0,0,0,0,0,0,1,0,0,0,0,0,0,0,9.862561386,21,-7,872.59,0
56,0,2,906,6,3,3,0,86,4,4,1,13212,18256,9,0,11,3,4,3,36,0,2,7,7,7,7,0,1,1,0,0,0,0,0,0,0,0,0,0,1,0,1,0,9.488956472,4,0,357.08,0
30,0,1,1082,12,3,2,0,83,3,2,3,6577,19558,0,0,11,3,2,0,6,6,3,5,4,4,4,0,1,0,0,0,0,1,0,0,0,0,0,0,1,0,0,1,8.791486027,6,0,939.57,0
41,0,1,645,1,3,2,1,49,4,3,1,8392,19566,1,0,16,3,3,1,10,2,3,10,7,0,7,0,1,0,1,0,0,0,0,0,0,0,0,0,1,0,1,0,9.035153304,10,-7,762.91,0
28,0,1,1300,17,2,3,1,79,3,2,1,4558,13535,1,0,12,3,4,1,10,2,3,10,0,1,8,1,0,0,0,1,0,0,0,1,0,0,0,0,0,0,0,0,8.42485858,10,1,414.36,0
25,1,1,688,3,3,1,1,91,3,1,1,4031,9396,5,0,13,3,3,1,6,5,3,2,2,0,2,1,0,0,0,1,0,0,0,1,0,0,0,0,0,0,1,0,8.30201781,1.2,-2,575.86,0
52,0,1,319,3,3,4,1,39,2,3,3,7969,19609,2,1,14,3,3,0,28,4,3,5,4,0,4,1,0,0,0,1,0,0,0,0,0,1,0,0,0,0,1,0,8.983439772,14,-4,274.79,0
45,0,1,192,10,2,1,1,69,3,1,4,2654,9655,3,0,21,4,4,2,8,3,2,2,2,0,2,1,0,1,0,0,0,0,0,0,0,0,0,1,0,0,1,0,7.884199934,2.666666667,-2,294.89,0
52,0,1,1490,4,2,4,0,30,3,4,4,16555,10310,2,0,13,3,4,0,31,2,1,5,2,1,4,1,0,1,0,0,0,0,0,0,1,0,0,0,0,0,1,0,9.714503853,15.5,-1,517.34,0
42,0,2,532,29,2,1,0,92,3,2,3,4556,12932,2,0,11,3,2,1,19,3,3,5,4,0,2,1,0,1,0,0,0,0,0,0,0,0,0,1,0,0,0,0,8.424419791,9.5,-4,227.8,0
30,0,1,317,2,3,3,0,43,1,2,4,6091,24793,2,0,20,4,3,0,11,2,3,5,4,0,2,1,0,1,0,0,0,0,0,0,0,1,0,0,0,0,0,1,8.714731714,5.5,-4,507.58,0
60,0,1,422,7,3,1,0,41,3,5,1,19566,3854,5,0,11,3,4,0,33,5,1,29,8,11,10,1,0,1,0,0,0,0,0,0,1,0,0,0,0,0,1,0,9.881599753,6.6,3,575.47,0
46,0,1,1485,18,3,3,0,87,3,2,3,4810,26314,2,0,14,3,3,1,19,5,2,10,7,0,8,1,0,0,0,1,0,0,0,0,0,1,0,0,0,0,0,0,8.478660242,9.5,-7,240.5,0
42,0,2,1368,28,4,4,0,88,2,2,4,4523,4386,0,0,11,3,4,3,7,4,4,6,5,0,4,1,0,0,0,0,0,1,0,0,0,0,0,0,0,0,1,0,8.417151837,7,-5,565.38,0
24,1,1,1448,1,1,1,0,62,3,1,2,3202,21972,1,1,16,3,2,0,6,4,3,5,3,1,4,0,1,0,0,0,0,1,0,0,0,0,0,0,0,1,0,1,8.07184315,6,-2,457.43,0
34,1,2,296,6,2,4,0,33,1,1,3,2351,12253,0,0,16,3,4,1,3,3,2,2,2,1,0,0,1,0,1,0,0,0,0,0,0,0,0,0,0,1,0,0,7.763021309,3,-1,587.75,0
38,0,2,1490,2,2,4,1,42,3,1,4,1702,12106,1,1,23,4,3,1,1,3,3,1,0,0,0,1,0,1,0,0,0,0,0,1,0,0,0,0,0,0,1,0,7.440146681,1,0,851,0
40,0,1,1398,2,4,3,0,79,3,5,3,18041,13022,0,0,14,3,4,0,21,2,3,20,15,1,12,0,1,1,0,0,0,0,0,0,1,0,0,0,0,0,1,0,9.800457652,21,-14,820.05,0
26,0,1,1349,23,3,1,0,90,3,1,4,2886,3032,1,0,22,4,2,2,3,3,1,3,2,0,2,1,0,1,0,0,0,0,0,0,0,0,0,1,0,0,0,0,7.96797318,3,-2,721.5,0
30,0,0,1400,3,3,3,1,53,3,1,4,2097,16734,4,0,15,3,3,1,9,3,1,5,3,1,4,1,0,1,0,0,0,0,0,1,0,0,0,0,0,0,1,0,7.648739789,2.25,-2,209.7,0
29,0,1,986,3,4,2,1,93,2,3,3,11935,21526,1,0,18,3,3,0,10,2,3,10,2,0,7,1,0,0,0,1,0,0,0,0,0,0,1,0,0,0,1,0,9.387314322,10,-2,1085,0
29,1,1,408,25,5,3,0,71,2,1,2,2546,18300,5,0,16,3,2,0,6,2,4,2,2,1,1,1,0,0,0,0,0,1,0,0,0,0,0,1,0,0,1,0,7.842671475,1.2,-1,363.71,0
19,1,1,489,2,2,1,1,52,2,1,4,2564,18437,1,0,12,3,3,0,1,3,4,1,0,0,0,0,0,0,0,0,0,1,1,0,0,0,0,0,0,0,0,1,7.849713758,1,0,1282,0
30,0,0,1398,22,4,3,0,69,3,3,1,8412,2890,0,0,11,3,3,0,10,3,3,9,8,7,8,0,1,0,0,0,1,0,0,0,0,0,0,0,1,0,1,0,9.037533408,10,-1,764.73,0
57,0,1,210,29,3,1,1,56,2,4,4,14118,22102,3,0,12,3,3,1,32,3,2,1,0,0,0,0,1,0,1,0,0,0,0,0,1,0,0,0,0,0,0,0,9.555276687,10.66666667,0,427.82,0
50,0,1,1099,29,4,2,1,88,2,4,3,17046,9314,0,0,15,3,2,1,28,2,3,27,10,15,7,1,0,1,0,0,0,0,0,0,1,0,0,0,0,0,1,0,9.743729514,28,5,587.79,0
30,0,0,1116,2,3,3,0,49,3,1,4,2564,7181,0,0,14,3,3,0,12,2,2,11,7,6,7,1,0,0,0,1,0,0,0,1,0,0,0,0,0,0,0,1,7.849713758,12,-1,197.23,0
60,0,2,1499,28,3,3,0,80,2,3,1,10266,2845,4,0,19,3,4,0,22,5,4,18,13,13,11,0,1,0,1,0,0,0,0,0,0,0,0,0,1,0,1,0,9.236690147,5.5,0,446.35,0
47,0,1,983,2,2,1,0,65,3,2,4,5070,7389,5,0,13,3,3,3,20,2,3,5,0,0,4,1,0,0,0,1,0,0,0,0,0,1,0,0,0,0,0,0,8.531293316,4,0,241.43,0
46,0,1,1009,2,3,1,1,51,3,4,3,17861,2288,6,0,13,3,3,0,26,2,1,3,2,0,1,1,0,1,0,0,0,0,0,0,0,0,1,0,0,0,1,0,9.79043083,4.333333333,-2,661.52,0
35,0,1,144,22,3,4,1,46,1,1,3,4230,19225,0,0,15,3,3,0,6,2,3,5,4,4,3,1,0,1,0,0,0,0,0,1,0,0,0,0,0,0,0,1,8.350193651,6,0,604.29,0
54,0,1,548,8,4,3,0,42,3,2,3,3780,23428,7,0,11,3,3,0,19,3,3,1,0,0,0,1,0,1,0,0,0,0,0,1,0,0,0,0,0,0,0,1,8.237743804,2.714285714,0,189,0
34,0,1,1303,2,4,4,1,62,2,1,3,2768,8416,3,0,12,3,3,1,14,3,3,7,3,5,7,1,0,1,0,0,0,0,0,0,0,0,0,1,0,0,0,0,7.926241523,4.666666667,2,184.53,0
46,0,1,1125,10,3,3,0,94,2,3,4,9071,11563,2,1,19,3,3,1,15,3,3,3,2,1,2,0,1,0,1,0,0,0,0,0,0,0,0,0,1,0,1,0,9.112948026,7.5,-1,566.94,0
31,0,1,1274,9,1,3,1,33,3,3,2,10648,14394,1,0,25,4,4,1,13,6,4,13,8,0,8,1,0,1,0,0,0,0,0,0,0,1,0,0,0,0,0,0,9.27322127,13,-8,760.57,0
33,1,1,1277,15,1,2,1,56,3,3,3,13610,24619,7,1,12,3,4,0,15,2,4,7,6,7,7,1,0,0,0,1,0,0,0,0,1,0,0,0,0,0,1,0,9.518633568,2.142857143,1,850.62,0
33,1,1,587,10,1,1,1,38,1,1,4,3408,6705,7,0,13,3,1,3,8,2,3,4,3,1,3,1,0,0,0,1,0,0,0,1,0,0,0,0,0,0,0,0,8.134174272,1.142857143,-2,378.67,0
30,0,1,413,7,1,4,1,57,3,1,2,2983,18398,0,0,14,3,1,0,4,3,3,3,2,1,2,0,1,0,1,0,0,0,0,0,0,0,0,0,0,1,0,1,8.001019961,4,-1,596.6,0
35,0,1,1276,16,3,4,1,72,3,3,3,7632,14295,4,1,12,3,3,0,10,2,3,8,7,0,0,1,0,1,0,0,0,0,0,0,0,0,0,0,0,0,1,0,8.940236232,2.5,-7,693.82,0
31,1,2,534,20,3,1,1,66,3,3,3,9824,22908,3,0,12,3,1,0,12,2,3,1,0,0,0,1,0,1,0,0,0,0,0,0,0,0,0,0,0,0,1,0,9.192685437,4,0,755.69,0
34,1,2,988,23,3,2,0,43,3,3,1,9950,11533,9,1,15,3,3,3,11,2,3,3,2,0,2,0,0,0,0,0,0,0,1,0,0,0,0,0,0,0,0,0,9.205428328,1.222222222,-2,829.17,0
42,0,2,1474,5,2,2,1,97,3,1,3,2093,9260,4,0,17,3,4,1,8,4,3,2,2,2,0,1,0,0,0,0,1,0,0,1,0,0,0,0,0,0,1,0,7.646831391,2,0,232.56,0
36,0,0,635,10,4,2,1,32,3,3,4,9980,15318,1,0,14,3,4,0,10,3,2,10,3,9,7,0,1,0,0,1,0,0,0,0,0,0,0,0,1,0,0,1,9.208438565,10,6,907.27,0
22,1,2,1368,4,1,3,1,99,2,1,3,3894,9129,5,0,16,3,3,0,4,3,3,2,2,1,2,1,0,0,0,0,0,1,0,1,0,0,0,0,0,0,0,1,8.267448958,0.8,-1,778.8,1
48,0,1,163,2,5,2,0,37,3,2,4,4051,19658,2,0,14,3,1,1,14,2,3,9,7,6,7,0,1,0,1,0,0,0,0,0,0,0,0,0,1,0,1,0,8.306965865,7,-1,270.07,0
55,0,1,1117,18,5,1,0,83,3,4,2,16835,9873,3,0,23,4,4,0,37,2,3,10,9,7,7,0,1,1,0,0,0,0,0,0,1,0,0,0,0,0,0,1,9.73127473,12.33333333,-2,443.03,0
41,0,0,267,10,2,4,1,56,3,2,4,6230,13430,7,0,14,3,4,0,16,3,3,14,3,1,10,0,1,1,0,0,0,0,0,0,0,0,0,0,1,0,0,1,8.737292113,2.285714286,-2,366.47,0
35,0,1,619,1,3,2,1,85,3,2,3,4717,18659,9,0,11,3,3,0,15,2,3,11,9,6,9,0,1,0,1,0,0,0,0,0,0,0,0,0,1,0,1,0,8.45914026,1.666666667,-3,294.81,0
40,0,1,302,6,3,2,0,75,3,4,3,13237,20364,7,0,15,3,3,0,22,3,3,20,6,5,13,1,0,1,0,0,0,0,0,0,0,1,0,0,0,0,0,1,9.490846761,3.142857143,-1,575.52,0
39,0,2,443,8,1,3,0,48,3,1,3,3755,17872,1,0,11,3,1,1,8,3,3,8,3,0,7,1,0,1,0,0,0,0,0,1,0,0,0,0,0,0,1,0,8.23110984,8,-3,417.22,0
31,0,1,828,2,1,2,1,77,3,2,4,6582,8346,4,1,13,3,3,0,10,2,4,6,5,0,5,0,1,1,0,0,0,0,0,0,0,0,0,0,1,0,0,1,8.792245847,2.5,-5,598.36,0
42,0,1,319,24,3,4,1,56,3,3,1,7406,6950,1,1,21,4,4,1,10,5,2,10,9,5,8,1,0,0,0,1,0,0,0,0,0,1,0,0,0,0,1,0,8.910180778,10,-4,673.27,0
45,0,1,561,2,3,4,1,61,3,2,2,4805,16177,0,0,19,3,2,1,9,3,4,8,7,3,7,0,1,0,0,0,1,0,0,0,0,0,0,0,1,0,1,0,8.477620416,9,-4,480.5,0
26,1,2,426,17,4,2,0,58,3,1,3,2741,22808,0,1,11,3,2,1,8,2,2,7,7,1,0,0,0,1,0,0,0,0,1,0,0,0,0,0,0,0,0,0,7.91644286,8,-6,304.56,0
29,0,1,232,19,3,4,1,34,3,2,4,4262,22645,4,0,12,3,2,2,8,2,4,3,2,1,2,1,0,0,0,0,0,1,0,0,0,1,0,0,0,0,0,0,8.357728417,2,-1,473.56,0
33,0,1,922,1,5,1,0,95,4,4,3,16184,22578,4,0,19,3,3,1,10,2,3,6,1,0,5,1,0,0,0,1,0,0,0,0,0,0,1,0,0,0,0,0,9.691840166,2.5,-1,1471.27,0
31,0,1,688,7,3,3,1,44,2,3,4,11557,25291,9,0,21,4,3,1,10,3,2,5,4,0,1,0,1,1,0,0,0,0,0,0,1,0,0,0,0,0,0,0,9.355133117,1.111111111,-4,1050.64,0
18,1,2,1306,5,3,2,1,69,3,1,2,1878,8059,1,1,14,3,4,0,0,3,3,0,0,0,0,0,1,0,1,0,0,0,0,0,0,0,0,0,0,1,0,1,7.538494999,0,0,1878,1
40,0,0,1094,28,3,3,1,58,1,3,1,10932,11373,3,0,15,3,3,1,20,2,3,1,0,0,1,0,1,0,0,0,1,0,0,0,0,0,0,0,1,0,0,0,9.299541017,6.666666667,0,520.57,0
41,0,0,509,2,4,1,0,62,2,2,3,6811,2112,2,1,17,3,1,0,10,3,3,8,7,0,7,1,0,0,0,0,1,0,0,0,0,0,0,0,0,0,0,1,8.826441042,5,-7,619.18,0
26,0,1,775,29,2,1,1,45,3,2,3,4306,4267,5,0,12,3,1,2,8,5,3,0,0,0,0,0,1,0,0,1,0,0,0,0,0,0,0,0,1,0,0,0,8.367996885,1.6,0,478.44,0
35,0,1,195,1,3,1,0,80,3,2,3,4859,6698,1,0,16,3,4,0,5,3,3,5,4,0,3,0,1,0,0,1,0,0,0,0,0,0,0,0,1,0,0,1,8.488793717,5,-4,809.83,0
34,0,1,258,21,4,4,1,74,4,2,4,5337,19921,1,0,12,3,4,0,10,3,3,10,7,5,7,0,1,1,0,0,0,0,0,0,0,0,0,0,1,0,0,1,8.58260633,10,-2,485.18,0
26,1,1,471,24,3,3,1,66,1,1,4,2340,23213,1,1,18,3,2,0,1,3,1,1,0,0,0,1,0,0,0,0,0,1,0,1,0,0,0,0,0,0,0,1,7.758333467,1,0,1170,0
37,0,1,799,1,3,2,0,59,3,3,4,7491,23848,4,0,17,3,4,0,12,3,4,6,5,1,2,1,0,0,0,0,0,1,0,0,0,1,0,0,0,0,0,1,8.921591064,3,-4,576.23,0
46,0,2,1034,18,1,1,0,86,3,3,3,10527,8984,5,0,11,3,4,0,28,3,2,2,2,1,2,1,0,0,0,1,0,0,0,0,0,0,0,0,0,0,1,0,9.261793654,5.6,-1,363,0
41,0,1,1276,2,5,2,0,91,3,4,1,16595,5626,7,0,16,3,2,1,22,2,3,18,16,11,8,0,1,1,0,0,0,0,0,0,1,0,0,0,0,0,1,0,9.716916981,3.142857143,-5,721.52,0
37,0,0,142,9,4,1,1,69,3,3,2,8834,24666,1,0,13,3,4,1,9,6,3,9,5,7,7,0,1,0,0,1,0,0,0,0,0,0,0,0,1,0,0,0,9.086476385,9,2,883.4,0
52,0,1,956,6,2,4,1,78,3,2,1,5577,22087,3,1,12,3,2,2,18,3,3,10,9,6,9,1,0,0,0,0,0,1,0,0,0,0,0,1,0,0,0,0,8.626585568,6,-3,293.53,0
32,1,0,1474,11,4,4,1,60,4,2,3,4707,23914,8,0,12,3,4,0,6,2,3,4,2,1,2,0,1,0,0,0,1,0,0,0,0,0,0,0,1,0,1,0,8.457018468,0.75,-1,672.43,0
24,0,2,535,24,3,4,1,38,3,1,4,2400,5530,0,0,13,3,3,2,3,3,3,2,2,2,1,0,1,0,0,1,0,0,0,0,0,0,0,0,0,1,1,0,7.783640596,3,0,600,0
38,0,1,1495,10,3,3,0,76,3,2,3,9824,22174,3,0,19,3,3,1,18,4,3,1,0,0,0,1,0,0,0,1,0,0,0,0,0,0,0,0,0,0,1,0,9.192685437,6,0,517.05,0
37,0,1,446,1,4,2,0,65,3,2,2,6447,15701,6,0,12,3,2,1,8,2,2,6,5,4,3,1,0,1,0,0,0,0,0,0,0,1,0,0,0,0,1,0,8.771525284,1.333333333,-1,716.33,0
49,0,1,1245,18,4,4,1,58,2,5,3,19502,2125,1,1,17,3,3,1,31,5,3,31,9,0,9,1,0,1,0,0,0,0,0,0,0,0,1,0,0,0,0,0,9.878323579,31,-9,609.44,0
24,0,1,691,23,3,2,1,89,4,1,4,2725,21630,1,1,11,3,2,2,6,3,3,6,5,1,4,1,0,0,0,1,0,0,0,0,0,0,0,1,0,0,1,0,7.910590612,6,-4,389.29,0
26,0,1,703,28,2,1,1,66,3,2,2,6272,7428,1,0,20,4,4,2,6,5,4,5,3,1,4,0,1,0,1,0,0,0,0,0,0,0,0,0,1,0,1,0,8.744009988,6,-2,896,0
24,0,1,823,17,2,4,1,94,2,1,2,2127,9100,1,0,21,4,4,1,1,2,3,1,0,0,0,1,0,0,0,0,1,0,0,1,0,0,0,0,0,0,1,0,7.66293785,1,0,1063.5,0
50,0,2,1246,3,3,1,1,99,3,5,2,18200,7999,1,0,11,3,3,1,32,2,3,32,5,10,7,0,0,0,0,1,0,0,0,0,1,0,0,0,0,0,1,0,9.809231817,32,5,551.52,0
25,0,1,622,13,1,2,1,40,3,1,3,2096,26376,1,0,11,3,3,0,7,1,3,7,4,0,6,0,1,0,0,1,0,0,0,0,0,0,0,0,0,1,1,0,7.648263031,7,-4,262,0
24,1,2,1287,7,3,1,0,55,3,1,3,2886,14168,1,1,16,3,4,1,6,4,3,6,3,1,2,1,0,1,0,0,0,0,0,1,0,0,0,0,0,0,1,0,7.96797318,6,-2,412.29,0
30,1,2,448,12,4,2,1,74,2,1,1,2033,14470,1,0,18,3,3,1,1,2,4,1,0,0,0,0,1,1,0,0,0,0,0,0,0,0,0,0,0,1,1,0,7.617759577,1,0,1016.5,0
34,0,1,254,1,2,2,1,83,2,1,4,3622,22794,1,1,13,3,4,1,6,3,3,6,5,1,3,1,0,1,0,0,0,0,0,0,0,0,0,1,0,0,1,0,8.195057691,6,-4,517.43,0
31,1,1,1365,13,4,2,1,46,3,2,1,4233,11512,2,0,17,3,3,0,9,2,1,3,1,1,2,0,1,0,0,1,0,0,0,0,0,0,0,0,1,0,0,0,8.350902452,4.5,0,423.3,0
35,0,1,538,25,2,1,1,54,2,2,4,3681,14004,4,0,14,3,4,0,9,3,3,3,2,0,2,1,0,0,0,0,1,0,0,1,0,0,0,0,0,0,0,1,8.211211362,2.25,-2,368.1,0
31,0,1,525,6,4,1,1,66,4,2,4,5460,6219,4,0,22,4,4,2,13,4,4,7,7,5,7,0,1,0,0,1,0,0,0,0,0,0,0,0,1,0,0,0,8.605387202,3.25,-2,390,0
27,0,1,798,6,4,1,0,66,2,1,3,2187,5013,0,0,12,3,3,2,6,5,2,5,3,0,3,1,0,0,0,1,0,0,0,0,0,0,0,1,0,0,0,0,7.690743164,6,-3,312.43,0
37,0,1,558,2,3,4,1,75,3,2,3,9602,3010,4,1,11,3,3,1,17,3,2,3,0,1,0,0,1,0,1,0,0,0,0,0,0,0,0,0,1,0,1,0,9.169830829,4.25,1,533.44,0
20,0,1,959,1,3,4,0,83,2,1,2,2836,11757,1,0,13,3,4,0,1,0,4,1,0,0,0,1,0,1,0,0,0,0,0,0,0,0,0,1,0,0,0,1,7.950502435,1,0,1418,0
42,0,1,622,2,4,3,0,81,3,2,4,4089,5718,1,0,13,3,2,2,10,4,3,10,2,2,2,1,0,1,0,0,0,0,0,0,0,0,0,0,0,0,1,0,8.316300249,10,0,371.73,0
43,0,1,782,6,4,2,1,50,2,4,4,16627,2671,4,1,14,3,3,1,21,3,2,1,0,0,0,1,0,0,0,0,1,0,0,0,0,0,1,0,0,0,0,0,9.7188433,5.25,0,755.77,0
38,0,1,362,1,1,3,0,43,3,1,1,2619,14561,3,0,17,3,4,0,8,3,2,0,0,0,0,1,0,1,0,0,0,0,0,0,0,0,0,1,0,0,0,1,7.870929597,2.666666667,0,291,0
43,0,2,1001,9,5,4,1,72,3,2,3,5679,19627,3,1,13,3,2,1,10,3,3,8,7,4,7,1,0,0,0,1,0,0,0,1,0,0,0,0,0,0,0,0,8.644706512,3.333333333,-3,516.27,0
48,0,1,1236,1,4,4,0,40,2,4,1,15402,17997,7,0,11,3,1,1,21,3,1,3,2,0,2,1,0,1,0,0,0,0,0,0,1,0,0,0,0,0,1,0,9.642317575,3,-2,700.09,0
44,0,1,1112,1,4,1,0,50,2,2,3,5985,26894,4,0,11,3,2,0,10,1,4,2,2,0,2,0,0,1,0,0,0,0,1,0,0,0,0,0,0,0,0,1,8.697178688,2.5,-2,544.09,0
34,0,1,204,14,3,3,0,31,3,1,3,2579,2912,1,1,18,3,4,2,8,3,3,8,2,0,6,0,1,0,0,0,0,1,0,0,0,0,0,0,0,1,0,0,7.855544678,8,-2,286.56,0
27,1,1,1420,2,1,3,1,85,3,1,1,3041,16346,0,0,11,3,2,1,5,3,3,4,3,0,2,0,1,0,1,0,0,0,0,0,0,0,0,0,0,1,0,0,8.020270473,5,-3,506.83,0
21,0,1,1343,22,1,3,1,49,3,1,3,3447,24444,1,0,11,3,3,0,3,2,3,3,2,1,2,0,1,0,0,0,0,1,0,0,0,0,0,0,0,1,0,1,8.145549632,3,-1,861.75,0
44,0,1,1315,3,4,4,1,35,3,5,4,19513,9358,4,1,12,3,1,1,26,2,4,2,2,0,1,1,0,0,0,0,1,0,0,0,1,0,0,0,0,0,1,0,9.878887436,6.5,-2,722.7,0
22,0,1,604,6,1,1,1,69,3,1,3,2773,12145,0,0,20,4,4,0,3,3,3,2,2,2,2,1,0,0,0,1,0,0,0,0,0,0,0,1,0,0,1,0,7.928045601,3,0,693.25,0
33,0,1,1216,8,4,3,1,39,3,2,3,7104,20431,0,0,12,3,4,0,6,3,3,5,0,1,2,0,1,0,1,0,0,0,0,0,0,0,0,0,1,0,0,0,8.868554041,6,1,1014.86,0
32,0,1,646,9,4,1,0,92,3,2,4,6322,18089,1,1,12,3,4,1,6,2,2,6,4,0,5,1,0,1,0,0,0,0,0,0,0,0,0,1,0,0,1,0,8.751949058,6,-4,903.14,0
30,0,2,160,3,3,3,0,71,3,1,3,2083,22653,1,0,20,4,3,1,1,2,3,1,0,0,0,1,0,0,0,1,0,0,0,0,0,0,0,1,0,0,0,0,7.642044403,1,0,1041.5,0
53,0,1,238,1,1,4,0,34,3,2,1,8381,7507,7,0,20,4,4,0,18,2,4,14,7,8,10,0,1,0,0,1,0,0,0,0,0,0,0,0,1,0,0,1,9.033841828,2.571428571,1,441.11,0
34,0,1,1397,1,5,2,1,42,3,1,4,2691,7660,1,0,12,3,4,1,10,4,2,10,9,8,8,1,0,1,0,0,0,0,0,0,0,0,0,1,0,0,1,0,7.898039691,10,-1,244.64,0
45,1,2,306,26,4,1,0,100,3,2,1,4286,5630,2,0,14,3,4,2,5,4,3,1,1,0,0,0,1,1,0,0,0,0,0,0,0,0,0,0,1,0,1,0,8.363342467,2.5,-1,714.33,0
26,0,1,991,6,3,3,0,71,3,1,4,2659,17759,1,1,13,3,3,1,3,2,3,3,2,0,2,1,0,1,0,0,0,0,0,1,0,0,0,0,0,0,1,0,7.886081402,3,-2,664.75,0
37,0,1,482,3,3,3,1,36,3,3,3,9434,9606,1,0,15,3,3,1,10,2,3,10,7,7,8,1,0,0,0,0,1,0,0,0,0,1,0,0,0,0,1,0,9.152181458,10,0,857.64,0
29,0,1,1176,3,2,2,0,62,3,2,3,5561,3487,1,0,14,3,1,1,6,5,2,6,0,1,2,0,1,0,0,1,0,0,0,0,0,0,0,0,1,0,1,0,8.623713035,6,1,794.43,0
35,0,1,1017,6,4,2,1,82,1,2,4,6646,19368,1,0,13,3,2,0,17,3,3,17,11,11,8,1,0,1,0,0,0,0,0,0,0,0,0,1,0,0,0,1,8.801920904,17,0,369.22,0
33,0,2,1296,6,3,3,1,30,3,2,4,7725,5335,3,0,23,4,3,1,15,2,1,13,11,4,7,1,0,1,0,0,0,0,0,0,0,0,0,0,0,0,0,0,8.952346543,5,-7,482.81,0
54,0,1,397,19,4,3,1,88,3,3,2,10725,6729,2,0,15,3,3,1,16,1,4,9,7,7,1,0,0,0,0,1,0,0,1,0,0,0,0,0,0,0,1,0,9.28042598,8,0,630.88,0
36,0,1,913,9,2,2,1,48,2,2,2,8847,13934,2,1,11,3,3,1,13,2,3,3,2,0,2,1,0,0,0,1,0,0,0,0,0,1,0,0,0,0,0,0,9.087946724,6.5,-2,631.93,0
27,0,1,1115,3,4,1,1,54,2,1,4,2045,15174,0,0,13,3,4,0,5,0,3,4,2,1,1,1,0,0,0,1,0,0,0,0,0,0,0,1,0,0,0,1,7.623641947,5,-1,340.83,0
20,1,1,1362,10,1,4,1,32,3,1,3,1009,26999,1,1,11,3,4,0,1,5,3,1,0,1,1,1,0,0,0,1,0,0,0,0,0,0,0,1,0,0,0,1,6.91770561,1,1,504.5,0
33,1,2,1076,3,3,1,1,70,3,1,1,3348,3164,1,1,11,3,1,0,10,3,3,10,8,9,7,1,0,1,0,0,0,0,0,0,0,0,0,1,0,0,0,1,8.116417073,10,1,304.36,0
35,0,0,727,3,3,3,1,41,2,1,3,1281,16900,1,0,18,3,3,2,1,3,3,1,0,0,0,1,0,1,0,0,0,0,0,1,0,0,0,0,0,0,1,0,7.156176637,1,0,640.5,0
23,0,1,885,4,3,1,1,58,4,1,1,2819,8544,2,0,16,3,1,1,5,3,4,3,2,0,2,1,0,0,0,1,0,0,0,0,0,0,0,1,0,0,1,0,7.944492164,2.5,-2,469.83,0
25,0,1,810,8,3,4,1,57,4,2,2,4851,15678,0,0,22,4,3,1,4,4,3,3,2,1,2,0,1,1,0,0,0,0,0,0,0,0,0,0,1,0,1,0,8.48714627,4,-1,970.2,0
38,0,1,243,7,4,4,0,46,2,2,4,4028,7791,0,0,20,4,1,0,8,2,3,7,7,0,5,0,1,0,1,0,0,0,0,0,0,0,0,0,1,0,0,1,8.301273485,8,-7,447.56,0
29,0,2,806,1,4,2,1,76,1,1,4,2720,18959,1,0,18,3,4,1,10,5,3,10,7,2,8,1,0,1,0,0,0,0,0,0,0,0,0,1,0,0,0,0,7.908754739,10,-5,247.27,0
48,0,1,817,2,1,2,1,56,4,2,2,8120,18597,3,0,12,3,4,0,12,3,3,2,2,2,2,0,1,0,1,0,0,0,0,0,0,0,0,0,1,0,1,0,9.002208578,4,0,624.62,0
27,0,2,1410,3,1,4,0,71,4,2,4,4647,16673,1,1,20,4,2,2,6,3,3,6,5,0,4,0,1,0,0,1,0,0,0,0,0,0,0,0,1,0,0,0,8.444192299,6,-5,663.86,0
37,0,1,1225,10,2,4,1,80,4,1,4,4680,15232,3,0,17,3,1,0,4,2,3,1,0,0,0,1,0,1,0,0,0,0,0,0,0,0,0,1,0,0,0,1,8.451267041,1.333333333,0,936,0
50,0,1,1207,28,1,4,1,74,4,1,3,3221,3297,1,1,11,3,3,3,20,3,3,20,8,3,8,1,0,0,0,1,0,0,0,1,0,0,0,0,0,0,1,0,8.077757564,20,-5,153.38,0
34,0,1,1442,9,3,4,0,46,2,3,2,8621,17654,1,0,14,3,2,0,9,3,4,8,7,7,7,1,0,0,0,1,0,0,0,0,0,0,0,0,0,0,0,1,9.062072355,9,0,862.1,0
24,1,1,693,3,2,1,0,65,3,2,3,4577,24785,9,0,14,3,1,0,4,3,3,2,2,2,0,0,1,1,0,0,0,0,0,0,0,0,0,0,1,0,0,1,8.429017501,0.444444444,0,915.4,0
39,0,1,408,2,4,4,0,80,2,2,3,4553,20978,1,0,11,3,1,0,20,4,3,20,7,11,10,1,0,0,0,0,0,1,0,0,0,0,0,0,0,0,0,1,8.423761247,20,4,216.81,0
32,0,1,929,10,3,4,1,55,3,2,4,5396,21703,1,0,12,3,4,0,10,2,2,10,7,0,8,0,1,0,1,0,0,0,0,0,0,0,0,0,1,0,0,1,8.593598523,10,-7,490.55,0
50,1,2,562,8,2,2,1,50,3,2,3,6796,23452,3,1,14,3,1,1,18,4,3,4,3,1,3,0,1,0,0,0,0,1,0,0,0,0,0,0,1,0,1,0,8.824236617,6,-2,357.68,0
38,0,1,827,1,4,2,0,33,4,2,4,7625,19383,0,0,13,3,3,0,10,4,2,9,7,1,8,1,0,1,0,0,0,0,0,0,0,0,0,0,0,0,0,1,8.93931874,10,-6,693.18,0
27,0,1,608,1,2,3,0,68,3,3,1,7412,6009,1,0,11,3,4,0,9,3,3,9,7,0,7,1,0,1,0,0,0,0,0,0,0,1,0,0,0,0,1,0,8.910990495,9,-7,741.2,0
32,0,1,1018,3,2,3,0,39,3,3,4,11159,19373,3,0,15,3,4,0,10,6,3,7,7,7,7,1,0,1,0,0,0,0,0,0,0,0,1,0,0,0,0,1,9.320091236,3.333333333,0,1014.45,0
47,0,1,703,14,4,4,1,42,3,2,1,4960,11825,2,0,12,3,4,0,20,2,3,7,7,1,7,0,1,0,1,0,0,0,0,0,0,0,0,0,1,0,0,1,8.509362612,10,-6,236.19,0
40,0,2,580,5,4,4,1,48,2,3,1,10475,23772,5,1,21,4,3,1,20,2,3,18,13,1,12,0,1,1,0,0,0,0,0,0,0,0,0,0,1,0,1,0,9.256842206,4,-12,498.81,0
53,0,1,970,7,3,3,1,59,4,4,3,14814,13514,3,0,19,3,3,0,32,3,3,5,1,1,3,1,0,1,0,0,0,0,0,0,0,0,1,0,0,0,1,0,9.60339546,10.66666667,0,448.91,0
41,0,1,427,10,4,2,1,73,2,5,4,19141,8861,3,0,15,3,2,3,23,2,2,21,6,12,6,0,0,0,0,0,0,0,0,0,1,0,0,0,0,0,0,0,9.859640153,7.666666667,6,797.54,0
60,0,1,1179,16,4,1,1,84,3,2,1,5405,11924,8,0,14,3,4,0,10,1,3,2,2,2,2,0,1,0,1,0,0,0,0,0,0,0,0,0,1,0,0,1,8.595264727,1.25,0,491.36,0
27,0,2,294,10,2,4,1,32,3,3,1,8793,4809,1,0,21,4,3,2,9,4,2,9,7,1,7,1,0,1,0,0,0,0,0,0,0,1,0,0,0,0,0,0,9.08182495,9,-6,879.3,0
41,0,1,314,1,3,4,1,59,2,5,3,19189,19562,1,0,12,3,2,1,22,3,3,22,7,2,10,0,0,0,0,0,0,0,0,0,1,0,0,0,0,0,1,0,9.862144589,22,-5,834.3,0
50,0,1,316,8,4,4,1,54,3,1,2,3875,9983,7,0,15,3,4,1,4,2,3,2,2,2,2,0,1,0,1,0,0,0,0,0,0,0,0,0,0,1,1,0,8.262558973,0.571428571,0,775,0
28,1,1,654,1,2,1,0,67,1,1,2,2216,3872,7,1,13,3,4,0,10,4,3,7,7,3,7,1,0,1,0,0,0,0,0,0,0,0,0,1,0,0,0,1,7.70391021,1.428571429,-4,201.45,0
36,0,0,427,8,3,1,0,63,4,3,1,11713,20335,9,0,14,3,1,1,10,2,3,8,7,0,5,1,0,1,0,0,0,0,0,0,0,0,1,0,0,0,1,0,9.368539987,1.111111111,-7,1064.82,0
38,0,1,168,1,3,3,0,81,3,3,3,7861,15397,4,1,14,3,4,0,10,4,4,1,0,0,0,1,0,1,0,0,0,0,0,0,0,1,0,0,0,0,0,1,8.969796306,2.5,0,714.64,0
44,0,0,381,24,3,1,1,49,1,1,3,3708,2104,2,0,14,3,3,0,9,5,3,5,2,1,4,1,0,0,0,1,0,0,0,1,0,0,0,0,0,0,0,1,8.218517577,4.5,-1,370.8,0
47,0,2,217,3,3,4,0,49,3,4,3,13770,10225,9,1,12,3,4,2,28,2,2,22,2,11,13,0,1,0,0,1,0,0,0,0,0,0,0,0,1,0,0,0,9.530320211,3.111111111,9,474.83,0
30,0,1,501,27,5,3,1,99,3,2,4,5304,25275,7,0,23,4,4,1,10,2,2,8,7,7,7,0,1,0,1,0,0,0,0,0,0,0,0,0,1,0,0,0,8.576405051,1.428571429,0,482.18,0
29,0,1,1396,10,3,3,1,99,3,1,3,2642,2755,1,0,11,3,3,0,1,6,3,1,0,0,0,0,1,1,0,0,0,0,0,0,0,0,0,0,0,1,0,1,7.879669915,1,0,1321,0
42,1,2,933,19,3,3,1,57,4,1,3,2759,20366,6,1,12,3,4,0,7,2,3,2,2,2,2,1,0,0,0,1,0,0,0,0,0,0,0,1,0,0,0,0,7.922985959,1.166666667,0,344.88,0
43,0,2,775,15,3,4,1,47,2,2,4,6804,23683,3,0,18,3,3,1,7,5,3,2,2,2,2,0,1,1,0,0,0,0,0,0,0,0,0,0,1,0,1,0,8.825412915,2.333333333,0,850.5,0
34,0,1,970,8,2,2,0,96,3,2,3,6142,7360,3,0,11,3,4,0,10,2,3,5,1,4,3,1,0,0,0,1,0,0,0,0,0,0,0,0,0,0,0,1,8.723068501,3.333333333,3,558.36,0
23,0,1,650,9,1,2,1,37,3,1,1,2500,4344,1,0,14,3,4,1,5,2,4,4,3,0,2,1,0,0,0,1,0,0,0,1,0,0,0,0,0,0,1,0,7.824445931,5,-3,416.67,0
39,0,1,141,3,3,3,0,44,4,2,2,6389,18767,9,0,15,3,3,1,12,3,1,8,3,3,6,0,0,0,0,0,0,0,1,0,0,0,0,0,0,0,1,0,8.762489547,1.333333333,0,491.46,0
56,0,1,832,9,3,3,1,81,3,4,4,11103,20420,7,0,11,3,3,0,30,1,2,10,7,1,1,1,0,0,0,1,0,0,0,0,0,0,0,0,0,0,1,0,9.315060683,4.285714286,-6,358.16,0
40,0,1,804,2,1,4,0,86,2,1,4,2342,22929,0,1,20,4,4,0,5,2,2,4,2,2,3,1,0,0,0,1,0,0,0,0,0,0,0,1,0,0,0,1,7.759187439,5,0,390.33,0
27,0,1,975,7,3,4,0,55,2,2,1,6811,23398,8,0,19,3,1,0,9,2,1,7,6,0,7,1,0,0,0,1,0,0,0,0,0,0,0,0,0,0,0,1,8.826441042,1.125,-6,681.1,0
29,0,1,1090,10,3,4,1,83,3,1,2,2297,17967,1,0,14,3,4,2,2,2,3,2,2,2,2,0,1,0,1,0,0,0,0,0,0,0,0,0,0,1,0,0,7.739794458,2,0,765.67,0
53,0,1,346,6,3,4,1,86,3,2,4,2450,10919,2,0,17,3,4,0,19,4,3,2,2,2,2,1,0,1,0,0,0,0,0,1,0,0,0,0,0,0,0,1,7.804251384,9.5,0,122.5,0
35,0,0,1225,2,4,4,0,61,3,2,1,5093,4761,2,0,11,3,1,1,16,2,4,1,0,0,0,1,0,1,0,0,0,0,0,0,0,0,0,0,0,0,0,0,8.535818656,8,0,299.59,0
32,0,2,430,24,4,1,1,80,3,2,4,5309,21146,1,0,15,3,4,2,10,2,3,10,8,4,7,1,0,1,0,0,0,0,0,1,0,0,0,0,0,0,1,0,8.577347114,10,-4,482.64,0
38,0,1,268,2,5,4,1,92,3,1,3,3057,20471,6,1,13,3,2,1,6,0,1,1,0,0,1,1,0,0,0,1,0,0,0,0,0,0,0,1,0,0,1,0,8.025516386,1,0,436.71,0
34,0,1,167,8,5,2,0,32,3,2,1,5121,4187,3,0,14,3,3,1,7,3,3,0,0,0,0,1,0,1,0,0,0,0,0,0,0,1,0,0,0,0,0,0,8.541300267,2.333333333,0,640.12,0
52,0,1,621,3,4,3,1,31,2,4,1,16856,10084,1,0,11,3,1,0,34,3,4,34,6,1,16,0,1,0,1,0,0,0,0,0,1,0,0,0,0,0,1,0,9.73252128,34,-5,481.6,0
33,1,1,527,1,4,4,1,63,3,1,4,2686,5207,1,1,13,3,3,0,10,2,2,10,9,7,8,1,0,0,0,0,1,0,0,0,0,0,0,1,0,0,0,1,7.896180609,10,-2,244.18,0
25,0,1,883,26,1,3,0,32,3,2,4,6180,22807,1,0,23,4,2,0,6,5,2,6,5,1,4,0,1,0,0,1,0,0,0,0,0,0,0,0,1,0,0,1,8.72923535,6,-4,882.86,0
45,0,1,954,2,2,2,1,46,1,2,3,6632,12388,0,0,13,3,1,0,9,3,3,8,7,3,1,0,1,0,0,0,0,1,0,0,0,0,0,0,0,1,0,1,8.79981247,9,-4,663.2,0
23,0,1,310,10,1,1,1,79,4,1,3,3505,19630,1,0,18,3,4,0,2,3,3,2,2,0,2,1,0,0,0,1,0,0,0,0,0,0,0,1,0,0,0,1,8.162231065,2,-2,1168.33,0
47,1,2,719,27,2,2,0,77,4,2,3,6397,10339,4,1,12,3,4,0,8,2,3,5,4,1,3,0,1,1,0,0,0,0,0,0,0,0,0,0,1,0,0,1,8.763740721,2,-3,710.78,0
34,0,1,304,2,3,4,1,60,3,2,4,6274,18686,1,0,22,4,3,0,6,5,3,6,5,1,4,0,1,0,0,0,1,0,0,0,0,0,0,0,1,0,0,1,8.744328764,6,-4,896.29,0
55,1,1,725,2,3,4,1,78,3,5,1,19859,21199,5,1,13,3,4,1,24,2,3,5,2,1,4,1,0,0,0,1,0,0,0,0,1,0,0,0,0,0,1,0,9.896462938,4.8,-1,794.36,0
36,0,0,1434,8,4,1,1,76,2,3,1,7587,14229,1,0,15,3,2,0,10,1,3,10,7,0,9,0,1,1,0,0,0,0,0,0,0,0,0,0,1,0,0,1,8.934323331,10,-7,689.73,0
52,0,0,715,19,4,4,1,41,3,1,4,4258,26589,0,0,18,3,1,1,5,3,3,4,3,1,2,1,0,0,0,1,0,0,0,0,0,0,0,1,0,0,1,0,8.35678967,5,-2,709.67,0
26,0,2,575,1,2,1,0,71,1,1,4,4364,5288,3,0,14,3,1,1,5,2,3,2,2,2,0,1,0,1,0,0,0,0,0,1,0,0,0,0,0,0,0,0,8.381373468,1.666666667,0,727.33,0
29,0,1,657,27,3,2,0,66,3,2,3,4335,25549,4,0,12,3,1,1,11,3,2,8,7,1,1,1,0,0,0,1,0,0,0,0,0,0,0,0,0,0,1,0,8.374707543,2.75,-6,361.25,0
26,1,1,1146,8,3,4,1,38,2,2,1,5326,3064,6,0,17,3,3,0,6,2,2,4,3,1,2,0,1,0,0,0,0,1,0,0,0,0,0,0,1,0,0,1,8.580543507,1,-2,760.86,0
34,0,1,182,1,4,2,0,72,4,1,4,3280,13551,2,0,16,3,3,0,10,2,3,4,2,1,3,1,0,1,0,0,0,0,0,0,0,0,0,1,0,0,0,1,8.095903533,5,-1,298.18,0
54,0,1,376,19,4,4,0,95,3,2,1,5485,22670,9,1,11,3,2,2,9,4,3,5,3,1,4,1,0,0,0,1,0,0,0,0,0,1,0,0,0,0,0,0,8.609954671,1,-2,548.5,0
27,0,2,829,8,1,3,1,84,3,2,4,4342,24008,0,0,19,3,2,1,5,3,3,4,2,1,1,0,1,0,1,0,0,0,0,0,0,0,0,0,1,0,1,0,8.376320633,5,-1,723.67,0
37,0,1,571,10,1,4,0,82,3,1,1,2782,19905,0,1,13,3,2,2,6,3,2,5,3,4,3,1,0,1,0,0,0,0,0,0,0,0,0,1,0,0,0,0,7.931284762,6,1,397.43,0
38,0,2,240,2,4,1,0,75,4,2,1,5980,26085,6,1,12,3,4,0,17,2,3,15,7,4,12,1,0,1,0,0,0,0,0,0,0,1,0,0,0,0,0,1,8.696343057,2.833333333,-3,332.22,0
34,0,1,121,2,4,3,0,86,2,1,1,4381,7530,1,0,11,3,3,0,6,3,3,6,5,1,3,1,0,0,0,1,0,0,0,0,0,0,0,1,0,0,0,1,8.38526052,6,-4,625.86,0
35,0,1,384,8,4,1,0,72,3,1,4,2572,20317,1,0,16,3,2,1,3,1,2,3,2,0,2,0,1,1,0,0,0,0,0,0,0,0,0,0,0,1,1,0,7.852827812,3,-2,643,0
30,0,1,921,1,3,4,1,38,1,1,3,3833,24375,3,0,21,4,3,2,7,2,3,2,2,0,2,1,0,1,0,0,0,0,0,1,0,0,0,0,0,0,1,0,8.251663924,2.333333333,-2,479.12,0
40,0,2,791,2,2,3,0,38,4,2,2,4244,9931,1,0,24,4,4,1,8,2,3,8,7,3,7,1,0,0,0,1,0,0,0,0,0,0,0,0,0,0,1,0,8.353497099,8,-4,471.56,0
34,0,1,1111,8,2,3,0,93,3,2,1,6500,13305,5,0,17,3,2,1,6,1,3,3,2,1,2,0,1,1,0,0,0,0,0,0,0,0,0,0,1,0,1,0,8.77971129,1.2,-1,928.57,0
42,0,2,570,8,3,2,1,66,3,5,4,18430,16225,1,0,13,3,2,1,24,4,2,24,7,14,9,1,0,1,0,0,0,0,0,0,1,0,0,0,0,0,0,0,9.821789309,24,7,737.2,0
23,1,1,1243,6,3,3,1,63,4,1,1,1601,3445,1,1,21,4,3,2,1,2,3,0,0,0,0,1,0,1,0,0,0,0,0,1,0,0,0,0,0,0,1,0,7.379008128,1,0,800.5,0
24,0,0,1092,9,3,3,1,60,2,1,2,2694,26551,1,0,11,3,3,3,1,4,3,1,0,0,0,1,0,1,0,0,0,0,0,1,0,0,0,0,0,0,0,0,7.899153483,1,0,1347,0
52,0,1,1325,11,4,4,0,82,3,2,3,3149,21821,8,0,20,4,2,1,9,3,3,5,2,1,4,1,0,1,0,0,0,0,0,1,0,0,0,0,0,0,1,0,8.055157732,1.125,-1,314.9,0
50,0,1,691,2,3,3,1,64,3,4,3,17639,6881,5,0,16,3,4,0,30,3,3,4,3,0,3,1,0,0,0,1,0,0,0,0,0,0,1,0,0,0,1,0,9.77792433,6,-3,569,0
29,1,1,805,1,2,2,0,36,2,1,1,2319,6689,1,1,11,3,4,1,1,1,3,1,0,0,0,1,0,1,0,0,0,0,0,1,0,0,0,0,0,0,1,0,7.749322465,1,0,1159.5,0
33,0,1,213,7,3,3,1,49,3,3,3,11691,25995,0,0,11,3,4,0,14,3,4,13,9,3,7,1,0,0,0,1,0,0,0,0,0,0,1,0,0,0,1,0,9.366660126,14,-6,779.4,0
33,1,1,118,16,3,1,0,69,3,2,1,5324,26507,5,0,15,3,3,0,6,3,3,3,2,0,2,0,1,0,1,0,0,0,0,0,0,0,0,0,1,0,0,1,8.580167991,1.2,-2,760.57,0
47,0,1,202,2,2,3,0,33,3,4,4,16752,12982,1,1,11,3,3,1,26,3,2,26,14,3,0,1,0,0,0,0,1,0,0,0,1,0,0,0,0,0,1,0,9.726332626,26,-11,620.44,0
36,0,1,676,1,3,3,0,35,3,2,2,5228,23361,0,0,15,3,1,1,10,2,3,9,7,0,5,1,0,0,0,0,1,0,0,0,0,1,0,0,0,0,1,0,8.561975334,10,-7,475.27,0
29,0,1,1252,23,2,3,1,81,4,1,3,2700,23779,1,0,24,4,3,1,10,3,3,10,7,0,7,1,0,1,0,0,0,0,0,0,0,0,0,1,0,0,1,0,7.901377354,10,-7,245.45,0
58,1,1,286,2,4,4,1,31,3,5,2,19246,25761,7,1,12,3,4,0,40,2,3,31,15,13,8,1,0,1,0,0,0,0,0,0,0,0,1,0,0,0,0,1,9.865110483,5.714285714,-2,469.41,0
35,0,1,1258,1,4,4,0,40,4,1,3,2506,13301,3,0,13,3,3,0,7,0,3,2,2,2,2,1,0,1,0,0,0,0,0,0,0,0,0,1,0,0,0,1,7.826842098,2.333333333,0,313.25,0
42,0,1,932,1,2,4,0,43,2,2,4,6062,4051,9,1,13,3,4,1,8,4,3,4,3,0,2,1,0,1,0,0,0,0,0,0,0,1,0,0,0,0,1,0,8.709960006,0.888888889,-3,673.56,0
28,1,1,890,2,4,3,1,46,3,1,3,4382,16374,6,0,17,3,4,0,5,3,2,2,2,2,1,1,0,0,0,1,0,0,0,0,0,0,0,1,0,0,0,1,8.3854887,0.833333333,0,730.33,0
36,0,1,1041,13,3,3,1,36,3,1,2,2143,25527,4,0,13,3,2,1,8,2,3,5,2,0,4,0,0,0,0,0,0,0,1,0,0,0,0,0,0,0,1,0,7.670428522,2,-2,238.11,0
32,0,1,859,4,3,3,0,98,2,2,3,6162,19124,1,0,12,3,3,1,14,3,3,14,13,6,8,1,0,1,0,0,0,0,0,0,0,1,0,0,0,0,1,0,8.726318951,14,-7,410.8,0
40,0,2,720,16,4,1,1,51,2,2,3,5094,11983,6,0,14,3,4,0,10,6,3,1,0,0,0,1,0,0,0,1,0,0,0,1,0,0,0,0,0,0,0,1,8.536014946,1.666666667,0,463.09,0
30,0,1,946,2,3,3,0,52,2,2,4,6877,20234,5,1,24,4,2,0,12,4,2,0,0,0,0,1,0,0,0,1,0,0,0,0,0,1,0,0,0,0,0,1,8.836083191,2.4,0,529,0
45,0,1,252,2,3,2,0,95,2,1,3,2274,6153,1,0,14,3,4,0,1,3,3,1,0,0,0,1,0,1,0,0,0,0,0,0,0,0,0,1,0,0,0,1,7.729735331,1,0,1137,0
42,0,1,933,29,3,2,1,98,3,2,2,4434,11806,1,0,13,3,4,1,10,3,2,9,8,7,8,1,0,1,0,0,0,0,0,0,0,1,0,0,0,0,1,0,8.397282895,10,-1,403.09,0
38,0,2,471,12,3,1,1,45,2,2,1,6288,4284,2,0,15,3,3,1,13,3,2,4,3,1,2,1,0,1,0,0,0,0,0,0,0,0,0,0,0,0,0,0,8.746557355,6.5,-2,449.14,0
34,0,2,702,16,4,3,0,100,2,1,4,2553,8306,1,0,16,3,3,0,6,3,3,5,2,1,3,1,0,1,0,0,0,0,0,0,0,0,0,1,0,0,0,1,7.845416037,6,-1,364.71,0
49,1,1,1184,11,3,3,0,43,3,3,4,7654,5860,1,0,18,3,1,2,9,3,4,9,8,7,7,0,1,0,1,0,0,0,0,0,0,0,0,0,1,0,1,0,8.943114308,9,-1,765.4,0
55,1,1,436,2,1,3,1,37,3,2,4,5160,21519,4,0,16,3,3,0,12,3,2,9,7,7,3,0,1,0,0,1,0,0,0,0,0,0,0,0,1,0,0,1,8.548885638,3,0,396.92,0
43,0,1,589,14,2,2,1,94,3,4,1,17159,5200,6,0,24,4,3,1,22,3,3,4,1,1,0,1,0,1,0,0,0,0,0,0,0,0,1,0,0,0,1,0,9.750336373,3.666666667,0,746.04,0
27,0,1,269,5,1,3,1,42,2,3,4,12808,8842,1,1,16,3,2,1,9,3,3,9,8,0,8,1,0,0,0,0,0,1,0,0,0,0,1,0,0,0,0,0,9.457903328,9,-8,1280.8,0
35,0,1,950,7,3,3,1,59,3,3,3,10221,18869,3,0,21,4,2,0,17,3,4,8,5,1,6,1,0,0,0,0,1,0,0,0,0,1,0,0,0,0,0,1,9.232297539,5.666666667,-4,567.83,0
28,0,1,760,2,4,2,0,81,3,2,2,4779,3698,1,1,20,4,1,0,8,2,3,8,7,7,5,0,1,0,1,0,0,0,0,0,0,0,0,0,1,0,1,0,8.472195825,8,0,531,0
34,0,1,829,3,2,3,1,88,3,1,4,3737,2243,0,0,19,3,3,1,4,1,1,3,2,0,2,0,0,0,0,0,0,0,1,0,0,0,0,0,0,0,1,0,8.226305988,4,-2,747.4,0
26,1,2,887,5,2,3,0,88,2,1,3,2366,20898,1,1,14,3,1,1,8,2,3,8,7,1,7,1,0,0,0,1,0,0,0,0,0,0,0,1,0,0,1,0,7.76937861,8,-6,262.89,0
27,0,0,443,3,3,4,1,50,3,1,4,1706,16571,1,0,11,3,3,3,0,6,2,0,0,0,0,1,0,0,0,1,0,0,0,0,0,0,0,1,0,0,1,0,7.442492723,0,0,1706,0
51,0,1,1318,26,4,1,0,66,3,4,3,16307,5594,2,0,14,3,3,1,29,2,2,20,6,4,17,0,1,0,1,0,0,0,0,0,1,0,0,0,0,0,1,0,9.699411064,14.5,-2,543.57,0
44,0,1,625,4,3,4,1,50,3,2,2,5933,5197,9,0,12,3,4,0,10,2,2,5,2,2,3,1,0,0,0,1,0,0,0,0,0,0,0,0,0,0,0,1,8.688453801,1.111111111,0,539.36,0
25,0,1,180,2,1,1,1,65,4,1,1,3424,21632,7,0,13,3,3,0,6,3,2,4,3,0,1,1,0,0,0,1,0,0,0,0,0,0,0,1,0,0,0,1,8.138856751,0.857142857,-3,489.14,0
33,0,1,586,1,3,1,1,48,4,2,1,4037,21816,1,0,22,4,1,1,9,5,3,9,8,0,8,0,1,0,0,1,0,0,0,0,0,0,0,0,1,0,0,0,8.303504799,9,-8,403.7,0
35,0,1,1343,27,1,3,0,53,2,1,1,2559,17852,1,0,11,3,4,0,6,3,2,6,5,1,1,1,0,0,0,1,0,0,0,0,0,0,0,1,0,0,0,1,7.847762537,6,-4,365.57,0
36,0,1,928,1,2,2,1,56,3,2,4,6201,2823,1,1,14,3,4,1,18,1,2,18,14,4,11,0,1,1,0,0,0,0,0,0,0,0,0,0,1,0,1,0,8.7326271,18,-10,326.37,0
32,0,1,117,13,4,2,1,73,3,2,4,4403,9250,2,0,11,3,3,1,8,3,2,5,2,0,3,0,1,1,0,0,0,0,0,0,0,0,0,0,1,0,0,0,8.390268498,4,-2,489.22,0
30,0,2,1012,5,4,2,1,75,2,1,4,3761,2373,9,0,12,3,2,1,10,3,2,5,4,0,3,1,0,1,0,0,0,0,0,0,0,0,0,1,0,0,0,0,8.23270601,1.111111111,-4,341.91,0
53,0,1,661,7,2,1,0,78,2,3,4,10934,20715,7,1,18,3,4,1,35,3,3,5,2,0,4,0,1,0,1,0,0,0,0,0,0,0,0,0,1,0,1,0,9.299723933,5,-2,303.72,0
45,0,1,930,9,3,4,1,74,3,3,1,10761,19239,4,1,12,3,3,1,18,2,3,5,4,0,2,0,1,0,1,0,0,0,0,0,0,0,0,0,1,0,0,0,9.28377669,4.5,-4,566.37,0
32,0,1,638,8,2,3,0,91,4,2,3,5175,22162,5,0,12,3,3,1,9,3,2,5,3,1,3,1,0,0,0,1,0,0,0,0,0,0,0,1,0,0,1,0,8.551787836,1.8,-2,517.5,0
52,0,2,890,25,4,3,0,81,2,4,4,13826,19028,3,0,22,4,3,0,31,3,3,9,8,0,0,1,0,0,0,1,0,0,0,0,0,1,0,0,0,0,1,0,9.534378481,10.33333333,-8,432.06,0
37,0,1,342,16,4,4,1,66,2,2,3,6334,24558,4,0,19,3,4,2,9,2,3,1,0,0,0,0,1,0,1,0,0,0,0,0,0,0,0,0,1,0,0,0,8.753845093,2.25,0,633.4,0
28,0,1,1169,8,2,2,1,63,2,1,4,4936,23965,1,0,13,3,4,1,6,6,3,5,1,0,4,0,0,0,0,1,0,0,1,0,0,0,0,0,0,0,0,0,8.504513138,6,-1,705.14,0
22,0,1,1230,1,2,4,1,33,2,2,4,4775,19146,6,0,22,4,1,2,4,2,1,2,2,2,2,1,0,1,0,0,0,0,0,0,0,1,0,0,0,0,1,0,8.471358655,0.666666667,0,955,0
44,0,1,986,8,4,1,1,62,4,1,4,2818,5044,2,1,24,4,3,1,10,2,2,3,2,0,2,1,0,1,0,0,0,0,0,1,0,0,0,0,0,0,1,0,7.944137491,5,-2,256.18,0
42,0,2,1271,2,1,2,1,35,3,1,4,2515,9068,5,1,14,3,4,0,8,2,3,2,1,2,2,1,0,0,0,1,0,0,0,0,0,0,0,1,0,0,0,1,7.830425618,1.6,1,279.44,0
36,0,1,1278,8,3,1,1,77,2,1,1,2342,8635,0,0,21,4,3,0,6,3,3,5,4,0,3,0,0,1,0,0,0,0,1,0,0,0,0,0,0,0,1,0,7.759187439,6,-4,334.57,0
25,0,1,141,3,1,3,1,98,3,2,1,4194,14363,1,1,18,3,4,0,5,3,3,5,3,0,3,0,1,0,0,0,1,0,0,0,0,0,0,0,1,0,1,0,8.341648619,5,-3,699,0
35,0,1,607,9,3,4,0,66,2,3,3,10685,23457,1,1,20,4,2,1,17,2,3,17,14,5,15,1,0,1,0,0,0,0,0,0,0,1,0,0,0,0,1,0,9.276689753,17,-9,593.61,0
35,1,2,130,25,4,4,0,96,3,1,2,2022,16612,1,1,19,3,1,1,10,3,2,10,2,7,8,1,0,1,0,0,0,0,0,0,0,0,0,1,0,0,0,0,7.612336837,10,5,183.82,0
32,0,0,300,1,3,4,1,61,3,1,4,2314,9148,0,0,12,3,2,1,4,2,3,3,0,0,2,1,0,1,0,0,0,0,0,1,0,0,0,0,0,0,0,0,7.747164967,4,0,462.8,0
25,0,1,583,4,1,3,1,87,2,2,1,4256,18154,1,0,12,3,1,0,5,1,4,5,2,0,3,0,1,0,1,0,0,0,0,0,0,0,0,0,1,0,1,0,8.356319966,5,-2,709.33,0
49,0,1,1418,1,3,3,0,36,3,1,1,3580,10554,2,0,16,3,2,1,7,2,3,4,2,0,2,1,0,0,0,0,0,1,0,0,0,0,0,1,0,0,1,0,8.18339737,3.5,-2,447.5,0
24,0,0,1269,4,1,1,1,46,2,1,4,3162,10778,0,0,17,3,4,0,6,2,2,5,2,3,4,1,0,1,0,0,0,0,0,1,0,0,0,0,0,0,1,0,8.059276223,6,1,451.71,0
32,0,2,379,5,2,2,1,48,3,2,2,6524,8891,1,0,14,3,4,1,10,3,3,10,8,5,3,0,1,1,0,0,0,0,0,0,0,0,0,0,1,0,1,0,8.783396232,10,-3,593.09,0
38,0,1,395,9,3,2,1,98,2,1,2,2899,12102,0,0,19,3,4,1,3,3,3,2,2,1,2,0,1,0,1,0,0,0,0,0,0,0,0,0,0,1,1,0,7.972466016,3,-1,724.75,0
42,0,1,1265,3,3,3,0,95,4,2,4,5231,23726,2,1,13,3,2,1,17,1,2,5,3,1,3,1,0,1,0,0,0,0,0,1,0,0,0,0,0,0,1,0,8.562548893,8.5,-2,290.61,0
31,0,1,1222,11,4,4,1,48,3,1,4,2356,14871,3,1,19,3,2,1,8,2,3,6,4,0,2,1,0,1,0,0,0,0,0,0,0,0,0,1,0,0,1,0,7.765144903,2.666666667,-4,261.78,0
29,1,1,341,1,3,2,0,48,2,1,3,2800,23522,6,1,19,3,3,3,5,3,3,3,2,0,2,0,1,0,0,1,0,0,0,0,0,0,0,0,0,1,0,0,7.937731775,0.833333333,-2,466.67,0
53,0,1,868,8,3,1,1,73,3,4,4,11836,22789,5,0,14,3,3,1,28,3,3,2,0,2,2,0,1,0,1,0,0,0,0,0,0,0,0,0,1,0,1,0,9.378985498,5.6,2,408.14,0
35,0,1,672,25,3,4,1,78,2,3,2,10903,9129,3,0,16,3,1,0,16,2,3,13,10,4,8,1,0,0,0,0,0,1,0,0,0,1,0,0,0,0,1,0,9.296884973,5.333333333,-6,641.35,0
37,0,2,1231,21,2,3,0,54,3,1,4,2973,21222,5,0,15,3,2,1,10,3,3,5,4,0,0,0,1,0,0,1,0,0,0,0,0,0,0,0,0,1,1,0,7.997663127,2,-4,270.27,0
53,0,1,102,23,4,4,0,72,3,4,4,14275,20206,6,0,18,3,3,0,33,0,3,12,9,3,8,1,0,1,0,0,0,0,0,0,0,0,1,0,0,0,0,1,9.566335085,5.5,-6,419.85,0
43,0,2,422,1,3,4,0,33,3,2,4,5562,21782,4,0,13,3,2,1,12,2,2,5,2,2,2,1,0,1,0,0,0,0,0,0,0,0,0,0,0,0,1,0,8.62389281,3,0,427.85,0
47,0,1,249,2,2,3,0,35,3,2,4,4537,17783,0,1,22,4,1,1,8,2,3,7,6,7,7,0,1,0,1,0,0,0,0,0,0,0,0,0,1,0,1,0,8.420241665,8,1,504.11,0
37,0,0,1252,19,2,1,1,32,3,3,2,7642,4814,1,1,13,3,4,0,10,2,3,10,0,0,9,0,1,0,0,1,0,0,0,0,0,0,0,0,1,0,0,1,8.941545475,10,0,694.73,0
50,0,0,881,2,4,1,1,98,3,4,1,17924,4544,1,0,11,3,4,1,31,3,3,31,6,14,7,1,0,1,0,0,0,0,0,0,1,0,0,0,0,0,0,0,9.793951665,31,8,560.12,0
39,0,1,1383,2,3,4,0,42,2,2,4,5204,7790,8,0,11,3,3,2,13,2,3,5,4,0,4,0,0,1,0,0,0,0,1,0,0,0,0,0,0,0,1,0,8.557374981,1.625,-4,371.71,0
33,0,1,1075,3,2,4,1,57,3,1,2,2277,22650,3,1,11,3,3,1,7,4,4,4,3,0,3,0,0,0,0,0,0,0,1,0,0,0,0,0,0,0,0,0,7.731053144,2.333333333,-3,284.62,0
32,1,1,374,25,4,1,1,87,3,1,4,2795,18016,1,1,24,4,3,0,1,2,1,1,0,0,1,1,0,1,0,0,0,0,0,1,0,0,0,0,0,0,0,1,7.935945103,1,0,1397.5,0
29,0,1,1086,7,1,1,0,62,2,1,4,2532,6054,6,0,14,3,3,3,8,5,3,4,3,0,3,1,0,0,0,1,0,0,0,1,0,0,0,0,0,0,0,0,7.83715965,1.333333333,-3,281.33,0
44,0,1,661,9,2,2,1,61,3,1,1,2559,7508,1,1,13,3,4,0,8,0,3,8,7,7,1,1,0,1,0,0,0,0,0,0,0,0,0,1,0,0,1,0,7.847762537,8,0,284.33,0
28,0,1,821,5,4,1,1,98,3,2,4,4908,24252,1,0,14,3,2,0,4,3,3,4,2,0,2,0,1,0,0,1,0,0,0,0,0,0,0,0,1,0,0,1,8.498825534,4,-2,981.6,0
58,1,2,781,2,1,4,1,57,2,1,4,2380,13384,9,1,14,3,4,1,3,3,2,1,0,0,0,1,0,1,0,0,0,0,0,1,0,0,0,0,0,0,0,0,7.775275846,0.333333333,0,595,0
43,0,1,177,8,3,1,0,55,3,2,2,4765,23814,4,0,21,4,3,1,4,2,4,1,0,0,0,1,0,1,0,0,0,0,0,0,0,1,0,0,0,0,0,0,8.469262658,1,0,953,0
20,1,1,500,2,3,3,0,49,2,1,3,2044,22052,1,0,13,3,4,0,2,3,2,2,2,0,2,0,1,0,0,1,0,0,0,0,0,0,0,0,0,1,0,1,7.623153068,2,-2,681.33,0
21,1,1,1427,18,1,4,0,65,3,1,4,2693,8870,1,0,19,3,1,0,1,3,2,1,0,0,0,1,0,0,0,0,1,0,0,0,0,0,0,1,0,0,0,1,7.898782357,1,0,1346.5,0
36,0,1,1425,14,1,3,1,68,3,2,4,6586,4821,0,1,17,3,1,1,17,2,2,16,8,4,11,1,0,1,0,0,0,0,0,0,0,0,0,0,0,0,1,0,8.792853289,17,-4,365.89,0
47,0,1,1454,2,4,4,0,65,2,1,4,3294,13137,1,1,18,3,1,0,3,3,2,3,2,1,2,0,1,1,0,0,0,0,0,0,0,0,0,0,0,1,0,1,8.100161447,3,-1,823.5,0
22,1,1,617,3,1,2,0,34,3,2,3,4171,10022,0,1,19,3,1,1,4,3,4,3,2,0,2,1,0,1,0,0,0,0,0,0,0,1,0,0,0,0,1,0,8.336150816,4,-2,834.2,0
41,1,1,1085,2,4,2,0,57,1,1,4,2778,17725,4,1,13,3,3,1,10,1,2,7,7,1,0,1,0,1,0,0,0,0,0,1,0,0,0,0,0,0,0,0,7.92984643,2.5,-6,252.55,0
28,0,1,995,9,3,3,0,77,3,1,3,2377,9834,5,0,18,3,2,1,6,2,3,2,2,2,2,1,0,0,0,1,0,0,0,0,0,0,0,1,0,0,0,0,7.774015077,1.2,0,339.57,0
39,1,1,1122,6,3,4,1,70,3,1,1,2404,4303,7,1,21,4,4,0,8,2,1,2,2,2,2,1,0,0,0,1,0,0,0,1,0,0,0,0,0,0,1,0,7.785305183,1.142857143,0,267.11,0
27,0,1,618,4,3,2,0,76,3,1,3,2318,17808,1,0,19,3,3,0,1,2,3,1,1,0,0,1,0,1,0,0,0,0,0,0,0,0,0,1,0,0,0,1,7.748891337,1,-1,1159,0
34,0,1,546,10,3,2,1,83,3,1,2,2008,6896,1,0,14,3,2,2,1,3,3,1,0,1,0,1,0,1,0,0,0,0,0,1,0,0,0,0,0,0,0,0,7.605392365,1,1,1004,0
42,0,1,462,14,2,3,0,68,2,2,3,6244,7824,7,0,17,3,1,0,10,6,3,5,4,0,3,0,1,0,0,1,0,0,0,0,0,0,0,0,1,0,0,1,8.739536423,1.428571429,-4,567.64,0
33,0,1,1198,1,4,3,1,100,2,1,1,2799,3339,3,1,11,3,2,0,6,1,3,3,2,0,2,1,0,0,0,0,1,0,0,0,0,0,0,1,0,0,0,1,7.937374696,2,-2,399.86,0
58,0,1,1272,5,3,3,0,37,2,3,2,10552,9255,2,1,13,3,4,1,24,3,3,6,0,0,4,1,0,0,0,0,0,1,0,0,0,0,0,0,0,0,0,0,9.264165459,12,0,422.08,0
31,0,1,154,7,4,2,1,41,2,1,3,2329,11737,3,0,15,3,2,0,13,2,4,7,7,5,2,0,1,1,0,0,0,0,0,0,0,0,0,0,0,1,1,0,7.753623547,4.333333333,-2,166.36,0
35,0,1,1137,21,1,4,0,51,3,2,4,4014,19170,1,1,25,4,4,1,10,2,1,10,6,0,7,1,0,1,0,0,0,0,0,0,0,0,0,0,0,0,1,0,8.297792626,10,-6,364.91,0
49,0,1,527,8,2,1,0,51,3,3,2,7403,22477,4,0,11,3,3,1,29,3,2,26,9,1,7,1,0,0,0,0,1,0,0,1,0,0,0,0,0,0,1,0,8.909775674,7.25,-8,246.77,0
48,0,1,1469,20,4,4,1,51,3,1,3,2259,5543,4,0,17,3,1,2,13,2,2,0,0,0,0,1,0,0,0,1,0,0,0,0,0,0,0,1,0,0,1,0,7.723120092,3.25,0,161.36,0
31,0,0,1188,20,2,4,0,45,3,2,3,6932,24406,1,0,13,3,4,1,9,2,2,9,8,0,0,0,1,0,1,0,0,0,0,0,0,0,0,0,1,0,1,0,8.844047899,9,-8,693.2,0
36,0,1,188,7,4,2,1,65,3,1,4,4678,23293,2,0,18,3,3,0,8,6,3,6,2,0,1,1,0,0,0,0,1,0,0,0,0,0,0,1,0,0,0,1,8.450839691,4,-2,519.78,0
38,0,1,1333,1,3,4,0,80,3,3,1,13582,16292,1,0,13,3,2,1,15,3,3,15,12,5,11,1,0,0,0,0,0,1,0,0,0,0,1,0,0,0,1,0,9.51657429,15,-7,848.88,0
32,0,0,1184,1,3,3,0,70,2,1,2,2332,3974,6,0,20,4,3,0,5,3,3,3,0,0,2,1,0,1,0,0,0,0,0,1,0,0,0,0,0,0,1,0,7.754910272,0.833333333,0,388.67,0
25,1,1,867,19,2,3,1,36,2,1,2,2413,18798,1,1,18,3,3,3,1,2,3,1,0,0,0,0,1,0,1,0,0,0,0,0,0,0,0,0,0,1,1,0,7.789040402,1,0,1206.5,0
40,0,1,658,10,4,1,1,67,2,3,2,9705,20652,2,0,12,3,2,1,11,2,2,1,0,0,0,0,1,0,1,0,0,0,0,0,0,0,0,0,1,0,0,0,9.18049953,5.5,0,808.75,0
26,0,2,1283,1,3,3,1,52,2,2,1,4294,11148,1,0,12,3,2,0,7,2,3,7,7,0,7,0,1,0,0,1,0,0,0,0,0,0,0,0,1,0,0,1,8.365206834,7,-7,536.75,1
41,0,1,263,6,3,4,1,59,3,1,1,4721,3119,2,1,13,3,3,0,20,3,3,18,13,2,17,1,0,0,0,1,0,0,0,1,0,0,0,0,0,0,0,1,8.459987718,10,-11,224.81,0
36,0,1,938,2,4,3,1,79,3,1,3,2519,12287,4,0,21,4,3,0,16,6,3,11,8,3,9,1,0,0,0,1,0,0,0,1,0,0,0,0,0,0,0,1,7.832014181,4,-5,148.18,0
19,1,1,419,21,3,4,1,37,2,1,2,2121,9947,1,1,13,3,2,0,1,3,4,1,0,0,0,0,1,0,0,0,1,0,0,0,0,0,0,0,0,1,0,1,7.660114319,1,0,1060.5,0
20,1,1,129,4,3,1,1,84,3,1,1,2973,13008,1,0,19,3,2,0,1,2,3,1,0,0,0,1,0,0,0,0,0,1,0,1,0,0,0,0,0,0,0,1,7.997663127,1,0,1486.5,0
31,0,1,616,12,3,4,0,41,3,2,4,5855,17369,0,1,11,3,3,2,10,2,1,9,7,8,5,1,0,0,0,1,0,0,0,0,0,0,0,0,0,0,1,0,8.675222056,10,1,532.27,0
40,0,2,1469,9,4,4,1,35,3,1,2,3617,25063,8,1,14,3,4,1,3,2,3,1,1,0,0,1,0,0,0,1,0,0,0,0,0,0,0,1,0,0,0,0,8.193676666,0.375,-1,904.25,0
32,0,1,498,3,4,3,0,93,3,2,1,6725,13554,1,0,12,3,3,1,8,2,4,8,7,6,3,1,0,0,0,1,0,0,0,0,0,1,0,0,0,0,1,0,8.813735892,8,-1,747.22,0
36,1,1,530,3,1,3,1,51,2,3,4,10325,5518,1,1,11,3,1,1,16,6,3,16,7,3,7,0,1,1,0,0,0,0,0,0,0,0,0,0,1,0,1,0,9.242420265,16,-4,607.35,0
33,0,1,1069,1,3,2,0,42,2,2,4,6949,12291,0,0,14,3,1,0,6,3,3,5,0,1,4,1,0,1,0,0,0,0,0,0,0,0,0,0,0,0,0,1,8.846496939,6,1,992.71,0
37,1,1,625,1,4,1,1,46,2,3,3,10609,14922,5,0,11,3,3,0,17,2,1,14,1,11,7,0,1,1,0,0,0,0,0,0,0,0,0,0,1,0,1,0,9.269552232,3.4,10,589.39,0
45,0,0,805,4,2,3,1,57,3,2,2,4447,23163,1,0,12,3,2,0,9,5,2,9,7,0,8,1,0,1,0,0,0,0,0,1,0,0,0,0,0,0,1,0,8.400209836,9,-7,444.7,0
29,0,2,1404,20,3,3,0,84,3,1,4,2157,18203,1,0,15,3,2,1,3,5,3,3,1,0,2,0,1,0,0,0,0,1,0,0,0,0,0,0,0,1,1,0,7.676937146,3,-1,539.25,0
35,0,1,1219,18,3,3,0,86,3,2,3,4601,6179,1,0,16,3,2,0,5,3,3,5,2,1,0,0,1,0,0,1,0,0,0,0,0,0,0,0,1,0,1,0,8.434246271,5,-1,766.83,0
52,0,1,1053,1,2,4,1,70,3,4,4,17099,13829,2,0,15,3,2,1,26,2,2,9,8,7,8,1,0,1,0,0,0,0,0,0,1,0,0,0,0,0,1,0,9.746833742,13,-1,633.3,0
58,1,1,289,2,3,4,1,51,3,1,3,2479,26227,4,0,24,4,1,0,7,4,3,1,0,0,0,1,0,0,0,0,0,1,0,0,0,0,0,1,0,0,0,1,7.816013839,1.75,0,309.88,0
53,0,1,1376,2,2,3,1,45,3,4,3,14852,13938,6,0,13,3,3,1,22,3,4,17,13,15,2,0,1,0,0,1,0,0,0,0,1,0,0,0,0,0,0,0,9.605957144,3.666666667,2,645.74,0
30,0,1,231,8,2,3,1,62,3,3,3,7264,9977,5,0,11,3,1,1,10,2,4,8,4,7,7,0,1,0,0,0,1,0,0,0,0,0,0,0,1,0,0,0,8.890823576,2,3,660.36,0
38,0,0,152,10,3,3,0,85,3,2,4,5666,19899,1,1,13,3,2,0,6,1,3,5,3,1,3,0,1,0,0,0,0,1,0,0,0,0,0,0,1,0,0,1,8.642415156,6,-2,809.43,0
35,0,1,882,3,4,4,1,92,3,3,4,7823,6812,6,0,13,3,2,1,12,2,3,10,9,0,8,0,1,1,0,0,0,0,0,0,0,0,0,0,1,0,0,0,8.964951212,2,-9,601.77,0
39,0,1,903,2,5,1,1,41,4,3,3,7880,2560,0,0,18,3,4,0,9,3,3,8,7,0,7,0,1,1,0,0,0,0,0,0,0,0,0,0,1,0,0,1,8.972210078,9,-7,788,0
40,1,0,1479,24,3,2,0,100,4,4,2,13194,17071,4,1,16,3,4,0,22,2,2,1,0,0,0,0,1,1,0,0,0,0,0,0,0,0,0,0,1,0,0,1,9.487593249,5.5,0,573.65,0
47,0,2,1379,16,4,3,1,64,4,2,3,5067,6759,1,1,19,3,3,0,20,3,4,19,10,2,7,1,0,0,0,1,0,0,0,0,0,1,0,0,0,0,0,0,8.530701541,20,-8,241.29,0
36,0,0,1229,8,4,1,1,84,3,2,4,5079,25952,4,0,13,3,4,2,12,3,3,7,7,0,7,0,1,0,0,0,0,1,0,0,0,0,0,0,1,0,0,0,8.533066541,3,-7,390.69,0
31,1,0,335,9,2,3,1,46,2,1,1,2321,10322,0,1,22,4,1,0,4,0,3,3,2,1,2,1,0,0,0,1,0,0,0,0,0,0,0,1,0,0,0,1,7.750184162,4,-1,464.2,0
33,0,0,722,17,3,4,1,38,3,4,3,17444,20489,1,0,11,3,4,0,10,2,3,10,8,6,0,0,1,1,0,0,0,0,0,0,1,0,0,0,0,0,0,1,9.766808354,10,-2,1585.82,0
29,1,1,906,10,3,4,0,92,2,1,1,2404,11479,6,1,20,4,3,0,3,5,3,0,0,0,0,1,0,1,0,0,0,0,0,0,0,0,0,1,0,0,0,1,7.785305183,0.5,0,601,0
33,0,1,461,13,1,2,0,53,3,1,4,3452,17241,3,0,18,3,1,0,5,4,3,3,2,0,2,1,0,1,0,0,0,0,0,0,0,0,0,1,0,0,0,1,8.146998697,1.666666667,-2,575.33,0
45,0,1,974,1,4,4,0,91,3,1,4,2270,11005,3,0,14,3,4,2,8,2,3,5,3,0,2,1,0,0,0,1,0,0,0,1,0,0,0,0,0,0,0,0,7.727975542,2.666666667,-3,252.22,0
50,0,1,1126,1,2,4,1,66,3,4,4,17399,6615,9,0,22,4,3,1,32,1,2,5,4,1,3,1,0,0,0,1,0,0,0,0,0,0,1,0,0,0,0,0,9.764225485,3.555555556,-3,527.24,0
33,0,2,827,1,4,3,0,84,4,2,2,5488,20161,1,1,13,3,1,1,6,2,3,6,5,1,2,1,0,0,0,0,1,0,0,0,0,0,0,0,0,0,1,0,8.610501369,6,-4,784,0
41,0,2,840,9,3,1,1,64,3,5,3,19419,3735,2,0,17,3,2,1,21,2,4,18,16,0,11,1,0,0,0,1,0,0,0,0,0,0,1,0,0,0,0,0,9.874058742,10.5,-16,882.68,0
27,0,1,1134,16,4,3,0,37,3,1,2,2811,12086,9,0,14,3,2,1,4,2,3,2,2,2,2,1,0,0,0,0,0,1,0,1,0,0,0,0,0,0,1,0,7.941651253,0.444444444,0,562.2,0
45,0,0,248,23,2,4,1,42,3,2,1,3633,14039,1,1,15,3,3,1,9,2,3,9,8,0,8,1,0,1,0,0,0,0,0,1,0,0,0,0,0,0,1,0,8.198089249,9,-8,363.3,0
47,0,1,955,4,2,4,0,83,3,2,4,4163,8571,1,1,17,3,3,0,9,0,3,9,0,0,7,0,1,1,0,0,0,0,0,0,0,0,0,0,1,0,0,1,8.33423143,9,0,416.3,0
30,1,1,138,22,3,1,0,48,3,1,3,2132,11539,4,1,11,3,2,0,7,2,3,5,2,0,1,1,0,1,0,0,0,0,0,0,0,0,0,1,0,0,1,0,7.665284718,1.75,-2,266.5,0
50,0,1,939,24,3,4,1,95,3,4,3,13973,4161,3,1,18,3,4,1,22,2,3,12,11,1,5,1,0,1,0,0,0,0,0,0,0,1,0,0,0,0,1,0,9.544953739,7.333333333,-10,607.52,0
38,0,2,1391,10,1,3,1,66,3,1,3,2684,12127,0,0,17,3,2,1,3,0,2,2,1,0,2,1,0,0,0,1,0,0,0,0,0,0,0,1,0,0,1,0,7.895436007,3,-1,671,0
46,0,1,566,7,2,4,1,75,3,3,3,10845,24208,6,0,13,3,2,1,13,3,3,8,7,0,7,1,0,0,0,1,0,0,0,0,0,1,0,0,0,0,0,0,9.291551627,2.166666667,-7,774.64,0
24,0,1,1206,17,1,4,0,41,2,2,3,4377,24117,1,0,15,3,2,2,5,6,3,4,2,3,2,1,0,0,0,1,0,0,0,0,0,1,0,0,0,0,0,0,8.384347278,5,1,729.5,0
35,1,1,622,14,4,3,1,39,2,1,2,3743,10074,1,1,24,4,4,1,5,2,1,4,2,0,2,1,0,0,0,0,1,0,0,1,0,0,0,0,0,0,0,0,8.227909838,5,-2,623.83,0
31,0,2,853,1,1,3,0,96,3,2,1,4148,11275,1,0,12,3,3,1,4,1,3,4,3,0,3,1,0,1,0,0,0,0,0,0,0,1,0,0,0,0,1,0,8.33062262,4,-3,829.6,0
18,0,0,287,5,2,2,1,73,3,1,4,1051,13493,1,0,15,3,4,0,0,2,3,0,0,0,0,1,0,1,0,0,0,0,0,0,0,0,0,1,0,0,0,1,6.958448393,0,0,1051,0
54,0,1,1441,17,3,3,0,56,3,3,3,10739,13943,8,0,11,3,3,1,22,2,3,10,7,0,8,1,0,0,0,0,0,1,0,0,0,1,0,0,0,0,1,0,9.281730368,2.75,-7,466.91,0
35,0,1,583,25,4,3,0,57,3,3,3,10388,6975,1,1,11,3,3,1,16,3,2,16,10,10,1,1,0,0,0,1,0,0,0,0,0,0,0,0,0,0,0,0,9.248502833,16,0,611.06,0
30,0,1,153,8,2,2,0,73,4,3,1,11416,17802,0,1,12,3,3,3,9,4,2,8,7,1,7,1,0,1,0,0,0,0,0,0,0,0,1,0,0,0,1,0,9.342858752,9,-6,1141.6,0
20,1,1,1097,11,3,4,0,98,2,1,1,2600,18275,1,1,15,3,1,0,1,2,3,1,0,0,0,1,0,0,0,1,0,0,0,0,0,0,0,1,0,0,0,1,7.863651265,1,0,1300,0
30,1,2,109,5,3,2,0,60,3,1,2,2422,25725,0,0,17,3,1,0,4,3,3,3,2,1,2,1,0,0,0,1,0,0,0,1,0,0,0,0,0,0,0,1,7.792761721,4,-1,484.4,1
26,0,1,1066,2,2,4,1,32,4,2,4,5472,3334,1,0,12,3,2,0,8,2,3,8,7,1,3,1,0,0,0,1,0,0,0,0,0,1,0,0,0,0,1,0,8.607582191,8,-6,608,0
22,0,1,217,8,1,2,1,94,1,1,1,2451,6881,1,0,15,3,1,1,4,3,2,4,3,1,1,1,0,1,0,0,0,0,0,1,0,0,0,0,0,0,1,0,7.804659297,4,-2,490.2,0
48,0,1,277,6,3,1,1,97,2,2,3,4240,13119,2,0,13,3,4,0,19,0,3,2,2,2,2,1,0,1,0,0,0,0,0,0,0,0,0,0,0,0,0,1,8.352554369,9.5,0,212,0
48,0,1,1355,4,4,3,1,78,2,3,3,10999,22245,7,0,14,3,2,0,27,3,3,15,11,4,8,1,0,1,0,0,0,0,0,0,0,0,0,0,0,0,0,1,9.305650552,3.857142857,-7,392.82,0
41,0,1,549,7,2,4,0,42,3,2,3,5003,23371,6,0,14,3,2,0,8,6,3,2,2,2,1,1,0,0,0,1,0,0,0,0,0,1,0,0,0,0,0,1,8.517992872,1.333333333,0,555.89,0
39,0,1,466,1,1,4,0,65,2,4,4,12742,7060,1,0,16,3,3,1,21,3,3,21,6,11,8,1,0,1,0,0,0,0,0,0,0,1,0,0,0,0,1,0,9.45273738,21,5,579.18,0
27,0,1,1055,2,4,1,0,47,3,2,4,4227,4658,0,0,18,3,2,1,4,2,3,3,2,2,2,1,0,1,0,0,0,0,0,0,0,1,0,0,0,0,1,0,8.349484347,4,0,845.4,0
35,0,1,802,10,3,2,1,45,3,1,4,3917,9541,1,0,20,4,1,1,3,4,2,3,2,1,2,1,0,0,0,0,1,0,0,1,0,0,0,0,0,0,0,0,8.273336599,3,-1,979.25,0
42,0,1,265,5,2,4,1,90,3,5,3,18303,7770,6,0,13,3,2,0,21,3,4,1,0,0,0,0,1,0,1,0,0,0,0,0,1,0,0,0,0,0,1,0,9.814874894,3.5,0,831.95,0
50,0,1,804,9,3,1,1,64,3,1,4,2380,20165,4,0,18,3,2,0,8,5,3,1,0,0,0,1,0,1,0,0,0,0,0,1,0,0,0,0,0,0,1,0,7.775275846,2,0,264.44,0
59,0,1,715,2,3,3,0,69,2,4,4,13726,21829,3,1,13,3,1,0,30,4,3,5,3,4,3,1,0,1,0,0,0,0,0,0,0,1,0,0,0,0,0,1,9.527119975,10,1,442.77,0
37,1,1,1141,11,2,1,0,61,1,2,2,4777,14382,5,0,15,3,1,0,15,2,1,1,0,0,0,1,0,0,0,1,0,0,0,0,0,0,0,0,0,0,1,0,8.471777328,3,0,298.56,0
55,0,2,135,18,4,3,1,62,3,2,2,6385,12992,3,1,14,3,4,2,17,3,3,8,7,6,7,1,0,0,0,1,0,0,0,0,0,0,0,0,0,0,1,0,8.761863373,5.666666667,-1,354.72,0
41,0,0,247,7,1,2,0,55,1,5,3,19973,20284,1,0,22,4,2,2,21,3,3,21,16,5,10,1,0,1,0,0,0,0,0,0,0,0,1,0,0,0,0,0,9.902186707,21,-11,907.86,0
38,0,1,1035,3,4,2,1,42,3,2,4,6861,4981,8,1,12,3,3,0,19,1,3,1,0,0,0,0,1,1,0,0,0,0,0,0,0,0,0,0,1,0,0,1,8.833754223,2.375,0,343.05,0
26,1,0,265,29,2,2,1,79,1,2,1,4969,21813,8,0,18,3,4,0,7,6,3,2,2,2,2,0,1,0,0,1,0,0,0,0,0,0,0,0,1,0,0,1,8.511175119,0.875,0,621.12,0
52,1,1,266,2,1,1,0,57,1,5,4,19845,25846,1,0,15,3,4,1,33,3,3,32,14,6,9,0,1,0,1,0,0,0,0,0,1,0,0,0,0,0,1,0,9.895757754,33,-8,583.68,0
44,0,1,1448,28,3,4,0,53,4,4,4,13320,11737,3,1,18,3,3,1,23,2,3,12,11,11,11,0,1,0,0,1,0,0,0,0,0,0,0,0,1,0,1,0,9.497097016,7.666666667,0,555,0
50,0,0,145,1,3,4,0,95,3,2,3,6347,24920,0,0,12,3,1,1,19,3,3,18,7,0,13,0,1,1,0,0,0,0,0,0,0,0,0,0,1,0,1,0,8.755895082,19,-7,317.35,0
36,1,1,885,16,4,3,0,43,4,1,1,2743,8269,1,0,16,3,3,0,18,1,3,17,13,15,14,1,0,1,0,0,0,0,0,1,0,0,0,0,0,0,0,1,7.917171989,18,2,144.37,0
39,0,2,945,22,3,4,0,82,3,3,1,10880,5083,1,1,13,3,3,0,21,2,3,21,6,2,8,1,0,0,0,1,0,0,0,0,0,1,0,0,0,0,0,1,9.294773428,21,-4,494.55,0
33,0,0,1038,8,1,2,0,88,2,1,4,2342,21437,0,0,19,3,4,0,3,2,2,2,2,2,2,0,1,1,0,0,0,0,0,0,0,0,0,0,0,1,0,1,7.759187439,3,0,585.5,0
45,0,1,1234,11,2,4,0,90,3,4,4,17650,5404,3,0,13,3,2,1,26,4,4,9,3,1,1,0,1,1,0,0,0,0,0,0,1,0,0,0,0,0,1,0,9.778547718,8.666666667,-2,653.7,0
32,0,0,1109,29,4,4,0,69,3,1,3,4025,11135,9,0,12,3,2,0,10,2,3,8,7,7,7,1,0,0,0,1,0,0,0,1,0,0,0,0,0,0,0,1,8.300528606,1.111111111,0,365.91,0
34,0,1,216,1,4,2,1,75,4,2,4,9725,12278,0,0,11,3,4,1,16,2,2,15,1,0,9,0,1,0,1,0,0,0,0,0,0,0,0,0,1,0,0,0,9.182557991,16,-1,572.06,0
59,0,1,1089,1,2,2,1,66,3,3,4,11904,11038,3,1,14,3,3,1,14,1,1,6,4,0,4,0,1,0,0,0,0,1,0,0,1,0,0,0,0,0,1,0,9.384713759,4.666666667,-4,793.6,0
45,0,1,788,24,4,2,1,36,3,1,2,2177,8318,1,0,16,3,1,0,6,3,3,6,3,0,4,0,0,0,0,1,0,0,1,0,0,0,0,0,0,0,0,1,7.686162303,6,-3,311,0
53,0,2,124,2,3,3,0,38,2,3,2,7525,23537,2,0,12,3,1,1,30,2,3,15,7,6,12,0,1,0,1,0,0,0,0,0,0,0,0,0,1,0,1,0,8.926118971,15,-1,242.74,0
36,1,1,660,15,3,1,1,81,3,2,3,4834,7858,7,0,14,3,2,1,9,3,2,1,0,0,0,1,0,0,0,0,1,0,0,1,0,0,0,0,0,0,0,0,8.483636408,1.285714286,0,483.4,0
26,1,2,342,2,3,1,1,57,3,1,1,2042,15346,6,1,14,3,2,1,6,2,3,3,2,1,2,1,0,1,0,0,0,0,0,0,0,0,0,1,0,0,1,0,7.622174595,1,-1,291.71,0
34,0,1,1333,10,4,3,0,87,3,1,3,2220,18410,1,1,19,3,4,1,1,2,3,1,1,0,0,0,1,1,0,0,0,0,0,0,0,0,0,0,0,1,1,0,7.705712824,1,-1,1110,0
28,0,1,1144,10,1,4,1,74,3,1,2,1052,23384,1,0,22,4,2,0,1,5,3,1,0,0,0,0,1,0,0,1,0,0,0,0,0,0,0,0,0,1,1,0,6.959398512,1,0,526,0
38,0,2,1186,3,4,3,1,44,3,1,3,2821,2997,3,0,16,3,1,1,8,2,3,2,2,2,2,1,0,0,0,0,1,0,0,0,0,0,0,1,0,0,1,0,7.945201132,2.666666667,0,313.44,0
50,0,1,1464,2,4,2,1,62,3,5,3,19237,12853,2,1,11,3,4,1,29,2,2,8,1,7,7,1,0,0,0,1,0,0,0,0,0,0,1,0,0,0,1,0,9.864642769,14.5,6,641.23,0
37,0,1,124,3,3,4,0,35,3,2,2,4107,13848,3,0,15,3,1,0,8,3,2,4,3,0,1,1,0,0,0,0,1,0,0,0,0,0,0,0,0,0,0,1,8.320691571,2.666666667,-3,456.33,0
40,0,1,300,26,3,3,1,74,3,2,1,8396,22217,1,0,14,3,2,1,8,3,2,7,7,7,5,0,1,0,1,0,0,0,0,0,0,0,0,0,1,0,1,0,9.035629778,8,0,932.89,0
26,0,2,921,1,1,1,0,66,2,1,3,2007,25265,1,0,13,3,3,2,5,5,3,5,3,1,3,1,0,0,0,1,0,0,0,0,0,0,0,1,0,0,0,0,7.604894481,5,-2,334.5,0
46,0,1,430,1,4,4,1,40,3,5,4,19627,21445,9,0,17,3,4,2,23,0,3,2,2,2,2,1,0,0,0,1,0,0,0,0,0,0,1,0,0,0,0,0,9.884712397,2.555555556,0,817.79,0
54,0,1,1082,2,4,3,0,41,2,3,3,10686,8392,6,0,11,3,2,1,13,4,3,9,4,7,0,0,1,1,0,0,0,0,0,0,0,0,0,0,1,0,1,0,9.276783329,2.166666667,3,763.29,0
56,0,2,1240,9,3,1,0,63,3,1,3,2942,12154,2,0,19,3,2,1,18,4,3,5,4,0,3,1,0,0,0,1,0,0,0,0,0,0,0,1,0,0,1,0,7.987184748,9,-4,154.84,0
36,0,1,796,12,5,4,0,51,2,3,4,8858,15669,0,0,11,3,2,0,15,2,2,14,8,7,8,1,0,0,0,1,0,0,0,0,0,1,0,0,0,0,0,1,9.08918917,15,-1,553.62,0
55,0,0,444,2,1,3,1,40,2,4,1,16756,17323,7,0,15,3,2,0,31,3,4,9,7,6,2,1,0,0,0,1,0,0,0,0,1,0,0,0,0,0,0,1,9.72657136,4.428571429,-1,523.62,0
43,0,1,415,25,3,3,1,79,2,3,4,10798,5268,5,0,13,3,3,1,18,5,3,1,0,0,0,0,1,0,0,1,0,0,0,0,0,0,0,0,1,0,0,0,9.287208816,3.6,0,568.32,0
20,1,2,769,9,3,4,0,54,3,1,4,2323,17205,1,1,14,3,2,0,2,3,3,2,2,0,2,0,1,0,1,0,0,0,0,0,0,0,0,0,0,1,0,1,7.751045118,2,-2,774.33,1
21,1,1,1334,10,3,3,0,36,2,1,1,1416,17258,1,0,13,3,1,0,1,6,2,1,0,1,0,1,0,1,0,0,0,0,0,1,0,0,0,0,0,0,0,1,7.25629724,1,1,708,0
46,0,1,1003,8,4,4,0,74,2,2,1,4615,21029,8,1,23,4,1,3,19,2,3,16,13,1,7,1,0,1,0,0,0,0,0,0,0,0,0,1,0,0,0,0,8.437283808,2.375,-12,230.75,0
51,1,1,1323,4,4,1,1,34,3,1,3,2461,10332,9,1,12,3,3,3,18,2,4,10,0,2,7,1,0,1,0,0,0,0,0,0,0,0,0,1,0,0,1,0,7.808729307,2,2,129.53,0
28,1,0,1366,24,2,2,1,72,2,3,1,8722,12355,1,0,12,3,1,0,10,2,2,10,7,1,9,1,0,0,0,0,0,1,0,0,0,0,0,0,0,0,0,1,9.073718494,10,-6,792.91,0
26,0,1,192,1,2,1,1,59,2,1,1,3955,11141,1,0,16,3,1,2,6,2,3,5,3,1,3,1,0,0,0,1,0,0,0,1,0,0,0,0,0,0,1,0,8.282988693,6,-2,565,0
30,0,1,1176,20,3,3,1,85,3,2,1,9957,9096,0,0,15,3,3,1,7,1,2,6,2,0,2,1,0,0,0,0,1,0,0,0,0,1,0,0,0,0,1,0,9.206131527,7,-2,1244.62,0
41,0,1,509,7,2,2,0,43,4,1,3,3376,18863,1,0,13,3,3,0,10,3,3,10,6,0,8,1,0,0,0,0,0,1,0,0,0,0,0,1,0,0,1,0,8.12474302,10,-6,306.91,0
38,0,1,330,17,1,3,0,65,2,3,3,8823,24608,0,0,18,3,1,1,20,4,2,19,9,1,9,1,0,1,0,0,0,0,0,0,0,0,0,0,0,0,1,0,9.085230561,20,-8,420.14,0
40,0,1,1492,20,4,1,1,61,3,3,4,10322,26542,4,0,20,4,4,1,14,6,3,11,10,11,1,1,0,0,0,0,0,1,0,0,0,0,0,0,0,0,1,0,9.242129694,3.5,1,688.13,0
27,0,0,1277,8,5,1,1,87,1,1,3,4621,5869,1,0,19,3,4,3,3,4,3,3,2,1,2,1,0,1,0,0,0,0,0,1,0,0,0,0,0,0,1,0,8.438582791,3,-1,1155.25,0
55,0,2,1091,2,1,4,1,65,3,3,2,10976,15813,3,0,18,3,2,1,23,4,3,3,2,1,2,1,0,1,0,0,0,0,0,0,0,1,0,0,0,0,1,0,9.303557454,7.666666667,-1,457.33,0
28,0,1,857,10,3,3,0,59,3,2,3,3660,7909,3,0,13,3,4,0,10,4,4,8,7,1,7,1,0,0,0,0,1,0,0,0,0,0,0,1,0,0,0,1,8.205491613,3.333333333,-6,332.73,0
44,1,1,1376,1,2,2,1,91,2,3,1,10482,2326,9,0,14,3,4,1,24,1,3,20,6,3,6,0,0,0,0,1,0,0,1,0,0,0,0,0,0,0,1,0,9.257510176,2.666666667,-3,419.28,0
33,0,1,654,5,3,4,1,34,2,3,4,7119,21214,4,0,15,3,3,1,9,2,3,3,2,1,2,1,0,1,0,0,0,0,0,0,0,0,0,0,0,0,0,0,8.870663004,2.25,-1,711.9,0
35,1,1,1204,4,3,4,1,86,3,3,1,9582,10333,0,1,22,4,1,0,9,2,3,8,7,4,7,0,1,0,0,0,0,1,0,0,0,0,0,0,1,0,0,1,9.167745974,9,-3,958.2,0
33,1,2,827,29,4,1,0,54,2,2,3,4508,3129,1,0,22,4,2,0,14,4,3,13,7,3,8,1,0,0,0,1,0,0,0,0,0,0,0,1,0,0,0,1,8.413830678,14,-4,300.53,0
28,0,1,895,15,2,1,1,50,3,1,3,2207,22482,1,0,16,3,4,1,4,5,2,4,2,2,2,1,0,1,0,0,0,0,0,1,0,0,0,0,0,0,0,0,7.699842407,4,0,441.4,0
34,0,2,618,3,1,1,1,45,3,2,4,7756,22266,0,0,17,3,3,0,7,1,2,6,2,0,4,1,0,1,0,0,0,0,0,0,0,0,0,0,0,0,0,1,8.95635094,7,-2,969.5,0
37,0,1,309,10,4,4,0,88,2,2,4,6694,24223,2,1,14,3,3,3,8,5,3,1,0,0,0,0,1,1,0,0,0,0,0,0,0,0,0,0,1,0,0,0,8.809116258,4,0,743.78,0
25,1,1,1219,4,1,4,1,32,3,1,4,3691,4605,1,1,15,3,2,1,7,3,4,7,7,5,6,1,0,0,0,0,0,1,0,1,0,0,0,0,0,0,1,0,8.213923596,7,-2,461.38,0
26,1,1,1330,21,3,1,1,37,3,1,3,2377,19373,1,0,20,4,3,1,1,0,2,1,1,0,0,1,0,0,0,1,0,0,0,1,0,0,0,0,0,0,0,0,7.774015077,1,-1,1188.5,0
33,1,1,1017,25,3,1,1,55,2,1,2,2313,2993,4,1,20,4,2,0,5,0,3,2,2,2,2,1,0,0,0,1,0,0,0,0,0,0,0,1,0,0,0,1,7.746732908,1.25,0,385.5,0
42,0,1,469,2,2,4,1,35,3,4,1,17665,14399,0,0,17,3,4,1,23,3,3,22,6,13,7,1,0,0,0,1,0,0,0,0,1,0,0,0,0,0,1,0,9.779397167,23,7,736.04,0
28,1,2,1009,1,3,1,1,45,2,1,2,2596,7160,1,0,15,3,1,2,1,2,3,1,0,0,0,1,0,0,0,1,0,0,0,1,0,0,0,0,0,0,0,0,7.862112212,1,0,1298,0
50,1,2,959,1,4,4,1,81,3,2,3,4728,17251,3,1,14,3,4,0,5,4,3,0,0,0,0,0,1,0,0,0,1,0,0,0,0,0,0,0,1,0,0,1,8.461469043,1.666666667,0,788,0
33,0,2,970,7,3,4,0,30,3,2,2,4302,13401,0,0,17,3,3,1,4,3,3,3,2,0,2,0,1,1,0,0,0,0,0,0,0,0,0,0,1,0,1,0,8.367067733,4,-2,860.4,0
34,0,0,697,3,4,3,1,40,2,1,4,2979,22478,3,0,17,3,4,3,6,2,3,0,0,0,0,1,0,1,0,0,0,0,0,0,0,0,0,1,0,0,1,0,7.999678579,2,0,425.57,0
48,0,0,1262,1,4,1,1,35,4,4,4,16885,16154,2,0,22,4,3,0,27,3,2,5,4,2,1,1,0,0,0,1,0,0,0,0,1,0,0,0,0,0,0,1,9.734240155,13.5,-2,603.04,0
45,0,0,1050,9,4,2,0,65,2,2,3,5593,17970,1,0,13,3,4,1,15,2,3,15,10,4,12,0,1,1,0,0,0,0,0,0,0,0,0,0,1,0,1,0,8.629449874,15,-6,349.56,0
52,0,1,994,7,4,2,1,87,3,3,2,10445,15322,7,0,19,3,4,0,18,4,3,8,6,4,0,1,0,1,0,0,0,0,0,0,0,0,0,0,0,0,0,1,9.253974409,2.571428571,-2,549.74,0
38,0,1,770,10,4,3,1,73,2,3,3,8740,5569,0,1,14,3,2,2,9,2,3,8,7,2,7,0,1,0,1,0,0,0,0,0,0,0,0,0,1,0,0,0,9.075779879,9,-5,874,0
29,0,1,1107,28,4,3,0,93,3,1,4,2514,26968,4,0,22,4,1,1,11,1,3,7,5,1,7,1,0,1,0,0,0,0,0,0,0,0,0,1,0,0,0,0,7.830028083,2.75,-4,209.5,0
28,0,1,950,3,3,4,0,93,3,3,2,7655,8039,0,0,17,3,2,3,10,3,2,9,7,1,7,1,0,0,0,1,0,0,0,0,0,1,0,0,0,0,0,0,8.943244933,10,-6,695.91,0
46,0,1,406,3,1,1,1,52,3,4,3,17465,15596,3,0,12,3,4,1,23,3,3,12,9,4,9,0,1,0,1,0,0,0,0,0,1,0,0,0,0,0,1,0,9.768011413,7.666666667,-5,727.71,0
38,0,1,130,2,2,4,1,32,3,3,2,7351,20619,7,0,16,3,3,0,10,2,3,1,0,0,0,0,1,0,1,0,0,0,0,0,0,0,0,0,1,0,0,1,8.902727664,1.428571429,0,668.27,0
43,0,2,1082,27,3,3,0,83,3,3,1,10820,11535,8,0,11,3,3,1,18,1,3,8,7,0,1,1,0,1,0,0,0,0,0,0,0,1,0,0,0,0,1,0,9.28924397,2.25,-7,569.47,0
39,1,2,203,2,3,1,1,84,3,4,4,12169,13547,7,0,11,3,4,3,21,4,3,18,7,11,5,1,0,1,0,0,0,0,0,0,0,0,0,0,0,0,0,0,9.406729186,3,4,553.14,0
40,0,1,1308,14,3,3,1,44,2,5,3,19626,17544,1,0,14,3,1,0,21,2,4,20,7,4,9,1,0,0,0,1,0,0,0,0,0,0,1,0,0,0,0,1,9.884661448,21,-3,892.09,0
21,0,1,984,1,1,4,0,70,2,1,2,2070,25326,1,1,11,3,3,0,2,6,4,2,2,2,2,1,0,0,0,0,0,1,0,0,0,0,0,1,0,0,0,1,7.635786861,2,0,690,0
39,0,0,439,9,3,3,1,70,3,2,2,6782,8770,9,0,15,3,3,0,9,2,2,5,4,0,3,1,0,1,0,0,0,0,0,1,0,0,0,0,0,0,0,1,8.822174761,1,-4,678.2,0
36,0,0,217,18,4,1,1,78,3,2,4,7779,23238,2,0,20,4,1,0,18,0,3,11,9,0,9,1,0,1,0,0,0,0,0,0,0,1,0,0,0,0,0,1,8.959311617,9,-9,409.42,0
31,0,2,793,20,3,3,1,67,4,1,4,2791,21981,0,0,12,3,1,1,3,4,3,2,2,2,2,0,1,1,0,0,0,0,0,0,0,0,0,0,0,1,1,0,7.934513464,3,0,697.75,0
28,0,1,1451,2,1,1,1,67,2,1,2,3201,19911,0,0,17,3,1,0,6,2,1,5,3,0,4,1,0,1,0,0,0,0,0,0,0,0,0,1,0,0,1,0,8.071530894,6,-3,457.29,0
35,0,2,1182,11,2,4,1,54,3,2,4,4968,18500,1,0,11,3,4,1,5,3,3,5,2,0,2,0,1,0,1,0,0,0,0,0,0,0,0,0,1,0,0,0,8.510973892,5,-2,828,0
49,0,1,174,8,4,4,1,56,2,4,2,13120,11879,6,0,17,3,2,1,22,3,3,9,8,2,3,0,1,0,0,0,0,1,0,0,0,0,0,0,1,0,1,0,9.481969279,3.666666667,-6,570.43,0
34,0,2,1003,2,2,4,1,95,3,2,3,4033,15834,2,0,11,3,4,0,5,3,2,3,2,0,2,1,0,1,0,0,0,0,0,0,0,1,0,0,0,0,0,1,8.302513719,2.5,-2,672.17,0
29,0,2,490,10,3,4,0,61,3,1,2,3291,17940,0,0,14,3,4,2,8,2,2,7,5,1,1,1,0,1,0,0,0,0,0,0,0,0,0,1,0,0,0,0,8.099250562,8,-4,365.67,0
42,0,1,188,29,3,2,1,56,1,2,4,4272,9558,4,0,19,3,1,0,16,3,3,1,0,0,0,1,0,0,0,1,0,0,0,1,0,0,0,0,0,0,0,1,8.360071436,4,0,251.29,0
29,0,1,718,8,1,2,1,79,2,2,4,5056,17689,1,1,15,3,3,1,10,2,2,10,7,1,2,1,0,0,0,1,0,0,0,0,0,1,0,0,0,0,1,0,8.528528701,10,-6,459.64,0
38,0,1,433,1,3,3,1,37,4,1,3,2844,6004,1,0,13,3,4,1,7,2,4,7,6,5,0,0,0,0,0,0,0,0,1,0,0,0,0,0,0,0,1,0,7.953318347,7,-1,355.5,0
28,0,2,773,6,3,3,1,39,2,1,3,2703,22088,1,1,14,3,4,1,3,2,3,3,1,0,2,1,0,1,0,0,0,0,0,0,0,0,0,1,0,0,0,0,7.902487437,3,-1,675.75,0
18,1,0,247,8,1,3,1,80,3,1,3,1904,13556,1,0,12,3,4,0,0,0,3,0,0,0,0,1,0,0,0,1,0,0,0,1,0,0,0,0,0,0,0,1,7.552237288,0,0,1904,0
33,1,1,603,9,4,1,0,77,3,2,1,8224,18385,0,1,17,3,1,0,6,3,3,5,2,0,3,0,1,0,1,0,0,0,0,0,0,0,0,0,1,0,0,1,9.014933576,6,-2,1174.86,0
41,0,1,167,12,4,2,1,46,3,1,4,4766,9051,3,1,11,3,1,1,6,4,3,1,0,0,0,1,0,1,0,0,0,0,0,1,0,0,0,0,0,0,1,0,8.469472455,2,0,680.86,0
31,1,2,874,15,3,3,1,72,3,1,3,2610,6233,1,0,12,3,3,1,2,5,2,2,2,2,2,1,0,0,0,1,0,0,0,1,0,0,0,0,0,0,1,0,7.867488569,2,0,870,0
37,0,1,367,25,2,3,0,52,2,2,4,5731,17171,7,0,13,3,3,2,9,2,3,6,2,1,3,1,0,0,0,1,0,0,0,0,0,0,0,0,0,0,0,0,8.653819789,1.285714286,-1,573.1,0
27,0,1,199,6,3,4,1,55,2,1,3,2539,7950,1,0,13,3,3,1,4,0,3,4,2,2,2,1,0,1,0,0,0,0,0,0,0,0,0,1,0,0,1,0,7.83991936,4,0,507.8,0
34,0,1,1400,9,1,2,0,70,3,2,3,5714,5829,1,0,20,4,1,0,6,3,2,6,5,1,3,0,1,1,0,0,0,0,0,0,0,0,0,0,1,0,1,0,8.650849576,6,-4,816.29,0
35,0,1,528,8,4,3,1,100,3,1,3,4323,7108,1,0,17,3,2,0,6,2,1,5,4,1,4,0,0,0,0,0,0,1,1,0,0,0,0,0,0,0,0,1,8.371936179,6,-3,617.57,0
29,1,1,408,23,1,4,0,45,2,3,1,7336,11162,1,0,13,3,1,1,11,3,1,11,8,3,10,0,1,1,0,0,0,0,0,0,0,0,0,0,1,0,1,0,8.900685319,11,-5,611.33,0
40,0,2,593,9,4,2,0,88,3,3,3,13499,13782,9,0,17,3,3,0,20,3,2,18,7,2,13,1,0,0,0,1,0,0,0,0,0,0,1,0,0,0,0,1,9.510444964,2.222222222,-5,642.81,0
42,1,2,481,12,3,3,1,44,3,4,1,13758,2447,0,1,12,3,2,0,22,2,2,21,9,13,14,0,1,1,0,0,0,0,0,0,0,0,0,0,1,0,0,1,9.529448434,22,4,598.17,0
42,0,1,647,4,4,2,1,45,3,2,1,5155,2253,7,0,13,3,4,0,9,3,4,6,4,1,5,0,1,0,1,0,0,0,0,0,0,0,0,0,1,0,0,1,8.547916364,1.285714286,-3,515.5,0
35,0,1,982,1,4,4,1,58,2,1,3,2258,16340,6,0,12,3,2,1,10,2,3,8,0,1,7,1,0,0,0,1,0,0,0,1,0,0,0,0,0,0,1,0,7.722677516,1.666666667,1,205.27,0
24,0,1,477,24,3,4,1,49,3,1,2,3597,6409,8,0,22,4,4,0,6,2,3,4,3,1,2,1,0,0,0,1,0,0,0,1,0,0,0,0,0,0,0,1,8.188133415,0.75,-2,513.86,0
28,1,1,1485,12,1,3,0,79,3,1,4,2515,22955,1,1,11,3,4,0,1,4,2,1,1,0,0,1,0,1,0,0,0,0,0,1,0,0,0,0,0,0,1,0,7.830425618,1,-1,1257.5,0
26,0,1,1384,3,4,1,1,82,4,1,4,4420,13421,1,0,22,4,2,1,8,2,3,8,7,0,7,1,0,0,0,1,0,0,0,1,0,0,0,0,0,0,1,0,8.394121194,8,-7,491.11,0
30,0,1,852,10,3,3,1,72,2,2,3,6578,2706,1,0,18,3,1,1,10,3,3,10,3,1,4,0,1,0,1,0,0,0,0,0,0,0,0,0,1,0,1,0,8.791638037,10,-2,598,0
40,0,2,902,26,2,3,0,92,2,2,4,4422,21203,3,1,13,3,4,1,16,3,1,1,1,0,0,1,0,0,0,1,0,0,0,0,0,0,0,1,0,0,1,0,8.394573478,5.333333333,-1,260.12,0
35,0,1,819,2,3,3,1,44,2,3,2,10274,19588,2,0,18,3,2,1,15,2,4,7,7,6,4,1,0,1,0,0,0,0,0,0,0,1,0,0,0,0,0,0,9.237469039,7.5,-1,642.12,0
34,0,2,669,1,3,4,1,97,2,2,1,5343,25755,0,0,20,4,3,0,14,3,3,13,9,4,9,1,0,0,0,1,0,0,0,0,0,0,0,0,0,0,0,1,8.583729715,14,-5,356.2,0
35,0,2,636,4,4,4,1,47,2,1,4,2376,26537,1,0,13,3,2,1,2,2,4,2,2,2,2,1,0,0,0,0,1,0,0,1,0,0,0,0,0,0,1,0,7.773594467,2,0,792,0
43,1,1,1372,9,3,1,0,85,1,2,3,5346,9489,8,0,13,3,2,0,7,2,2,4,3,1,3,0,1,0,1,0,0,0,0,0,0,0,0,0,1,0,0,1,8.584290935,0.875,-2,668.25,0
32,0,0,862,2,1,3,0,76,3,1,1,2827,14947,1,0,12,3,3,3,1,3,3,1,0,0,0,0,1,1,0,0,0,0,0,0,0,0,0,0,0,1,0,0,7.947325027,1,0,1413.5,0
56,0,1,718,4,4,4,0,92,3,5,1,19943,18575,4,0,13,3,4,1,28,2,3,5,2,4,2,1,0,0,0,0,0,1,0,0,1,0,0,0,0,0,0,0,9.900683625,7,2,687.69,0
29,0,1,1401,6,1,2,0,54,3,1,4,3131,26342,1,0,13,3,1,1,10,5,3,10,8,0,8,1,0,0,0,1,0,0,0,1,0,0,0,0,0,0,1,0,8.049427057,10,-8,284.64,0
19,0,1,645,9,2,3,1,54,3,1,1,2552,7172,1,0,25,4,3,0,1,4,3,1,1,0,0,1,0,1,0,0,0,0,0,0,0,0,0,1,0,0,0,1,7.845024417,1,-1,1276,0
45,0,1,1457,7,3,1,0,83,3,1,3,4477,20100,4,1,19,3,3,1,7,2,2,3,2,0,2,1,0,0,0,1,0,0,0,0,0,0,0,1,0,0,1,0,8.406931797,1.75,-2,559.62,0
37,0,1,977,1,3,4,0,56,2,2,4,6474,9961,1,0,13,3,2,1,14,2,2,14,8,3,11,1,0,1,0,0,0,0,0,0,0,1,0,0,0,0,1,0,8.775703887,14,-5,431.6,0
20,0,1,805,3,3,1,1,87,2,1,3,3033,12828,1,0,12,3,1,0,2,2,2,2,2,1,2,1,0,1,0,0,0,0,0,1,0,0,0,0,0,0,0,1,8.01763716,2,-1,1011,0
44,1,1,1097,10,4,3,1,96,3,1,3,2936,10826,1,1,11,3,3,0,6,4,3,6,4,0,2,1,0,1,0,0,0,0,0,0,0,0,0,1,0,0,0,1,7.985143931,6,-4,419.43,0
53,0,1,1223,7,2,4,0,50,3,5,3,18606,18640,3,0,18,3,2,1,26,6,3,7,7,4,7,1,0,0,0,1,0,0,0,0,1,0,0,0,0,0,0,0,9.831293133,8.666666667,-3,689.11,0
29,0,1,942,15,1,2,0,69,1,1,4,2168,26933,0,1,18,3,1,1,6,2,2,5,4,1,3,1,0,1,0,0,0,0,0,0,0,0,0,1,0,0,1,0,7.682021511,6,-3,309.71,0
22,1,2,1256,3,4,3,1,48,2,1,4,2853,4223,0,1,11,3,2,1,1,5,3,0,0,0,0,1,0,1,0,0,0,0,0,0,0,0,0,1,0,0,1,0,7.956476798,1,0,1426.5,0
46,0,1,1402,2,3,3,0,69,3,4,1,17048,24097,8,0,23,4,1,0,28,2,3,26,15,15,9,0,1,0,1,0,0,0,0,0,1,0,0,0,0,0,1,0,9.74384683,3.5,0,587.86,0
44,0,0,111,17,3,4,1,74,1,1,3,2290,4279,2,0,13,3,4,0,6,3,3,0,0,0,0,1,0,1,0,0,0,0,0,0,0,0,0,1,0,0,0,1,7.736743682,3,0,327.14,0
33,0,1,147,2,3,2,1,99,3,1,3,3600,8429,1,0,13,3,4,1,5,2,3,5,4,1,4,0,0,0,0,0,0,0,1,0,0,0,0,0,0,0,1,0,8.188966864,5,-3,600,0
41,1,0,906,5,2,1,1,95,2,1,1,2107,20293,6,0,17,3,1,1,5,2,1,1,0,0,0,1,0,1,0,0,0,0,0,0,0,0,0,1,0,0,0,0,7.65349491,0.833333333,0,351.17,0
30,0,1,1329,29,4,3,1,61,3,2,1,4115,13192,8,0,19,3,3,3,8,3,3,4,3,0,3,0,1,1,0,0,0,0,0,0,0,0,0,0,1,0,0,0,8.322637097,1,-3,457.22,0
40,0,2,1184,2,4,2,1,62,3,2,2,4327,25440,5,0,12,3,4,3,5,2,3,0,0,0,0,0,1,0,0,1,0,0,0,0,0,0,0,0,1,0,1,0,8.372860821,1,0,721.17,0
50,0,2,1421,2,3,4,0,30,3,4,1,17856,9490,2,0,22,4,3,1,32,3,3,2,2,2,2,1,0,0,0,1,0,0,0,0,1,0,0,0,0,0,1,0,9.790150867,16,0,541.09,0
28,0,1,1179,19,4,4,1,78,2,1,1,3196,12449,1,0,12,3,3,3,6,2,3,6,5,3,3,1,0,0,0,1,0,0,0,1,0,0,0,0,0,0,1,0,8.069968149,6,-2,456.57,0
46,0,1,1450,15,2,4,1,52,3,5,2,19081,10849,5,0,11,3,1,1,25,2,3,4,2,0,3,1,0,1,0,0,0,0,0,0,0,0,1,0,0,0,1,0,9.856500761,5,-2,733.88,0
35,0,1,1361,17,4,3,1,94,3,2,1,8966,21026,3,1,15,3,4,3,15,2,3,7,7,1,7,0,1,1,0,0,0,0,0,0,0,0,0,0,1,0,1,0,9.101306451,5,-6,560.38,0
24,1,1,984,17,2,4,0,97,3,1,2,2210,3372,1,0,13,3,1,1,1,3,1,1,0,0,0,1,0,1,0,0,0,0,0,1,0,0,0,0,0,0,1,0,7.701200181,1,0,1105,0
33,0,2,1146,25,3,2,0,82,3,2,3,4539,4905,1,0,12,3,1,1,10,3,2,10,7,0,1,0,1,0,0,1,0,0,0,0,0,0,0,0,1,0,1,0,8.420682291,10,-7,412.64,0
36,0,1,917,6,4,3,1,60,1,1,3,2741,6865,1,0,14,3,3,1,7,4,3,7,7,1,7,1,0,1,0,0,0,0,0,1,0,0,0,0,0,0,0,0,7.91644286,7,-6,342.62,0
30,0,1,853,7,4,3,1,49,3,2,3,3491,11309,1,0,13,3,1,3,10,4,2,10,7,8,9,1,0,1,0,0,0,0,0,1,0,0,0,0,0,0,0,0,8.158229917,10,1,317.36,0
44,0,1,200,29,4,4,1,32,3,2,4,4541,7744,1,0,25,4,2,0,20,3,3,20,11,13,17,1,0,0,0,0,1,0,0,0,0,0,0,1,0,0,0,1,8.421122723,20,2,216.24,0
20,0,1,654,21,3,3,1,43,4,1,4,2678,5050,1,0,17,3,4,0,2,2,3,2,1,2,2,0,1,0,1,0,0,0,0,0,0,0,0,0,0,1,0,1,7.89319887,2,1,892.67,0
46,0,1,150,2,4,4,1,60,3,2,4,7379,17433,2,0,11,3,3,1,12,3,2,6,3,1,4,1,0,0,0,0,0,1,0,0,0,1,0,0,0,0,0,0,8.906528918,6,-2,567.62,0
42,0,0,179,2,5,4,1,79,4,2,1,6272,12858,7,0,16,3,1,1,10,3,4,4,3,0,3,0,0,0,0,1,0,0,1,0,0,0,0,0,0,0,1,0,8.744009988,1.428571429,-3,570.18,0
60,0,1,696,7,4,2,1,52,4,2,4,5220,10893,0,1,18,3,2,1,12,3,3,11,7,1,9,0,1,0,1,0,0,0,0,0,0,0,0,0,1,0,0,0,8.560444233,12,-6,401.54,0
32,0,2,116,13,3,3,0,77,2,1,2,2743,7331,1,0,20,4,3,1,2,2,3,2,2,2,2,1,0,0,0,0,1,0,0,1,0,0,0,0,0,0,1,0,7.917171989,2,0,914.33,0
32,0,2,1316,2,2,4,0,38,3,2,3,4998,2338,4,1,14,3,4,0,10,2,3,8,7,0,7,1,0,1,0,0,0,0,0,0,0,0,0,1,0,0,0,1,8.516993171,2.5,-7,454.36,0
36,0,1,363,1,3,3,0,77,1,3,1,10252,4235,2,1,21,4,3,1,17,2,3,7,7,7,7,1,0,0,0,0,0,1,0,0,0,1,0,0,0,0,0,0,9.235325625,8.5,0,569.56,0
33,0,1,117,9,3,1,1,60,3,1,4,2781,6311,0,0,13,3,2,1,15,5,3,14,10,4,10,1,0,0,0,1,0,0,0,0,0,0,0,1,0,0,1,0,7.930925372,15,-6,173.81,0
40,0,1,107,10,3,2,0,84,2,2,2,6852,11591,7,0,12,3,2,1,7,2,4,5,1,1,3,0,1,0,0,0,0,1,0,0,0,0,0,0,1,0,0,0,8.832441792,1,0,856.5,0
25,0,1,1356,10,4,3,1,57,3,2,4,4950,20623,0,0,14,3,2,0,5,4,3,4,3,1,1,0,1,1,0,0,0,0,0,0,0,0,0,0,1,0,0,1,8.507344855,5,-2,825,0
30,0,1,1465,1,3,4,1,63,3,1,2,3579,9369,0,1,21,4,1,1,12,2,3,11,9,5,7,1,0,0,0,1,0,0,0,0,0,0,0,1,0,0,1,0,8.183118079,12,-4,275.31,0
42,0,2,458,26,5,1,0,60,3,3,1,13191,23281,3,1,17,3,3,0,20,6,3,1,0,0,0,1,0,0,0,1,0,0,0,0,0,0,1,0,0,0,1,0,9.487365864,6.666666667,0,628.14,0
35,0,0,1212,8,2,3,0,78,2,3,4,10377,13755,4,1,11,3,2,1,16,6,2,13,2,4,12,0,1,0,1,0,0,0,0,0,0,0,0,0,1,0,1,0,9.24744346,4,2,610.41,0
27,0,1,1103,14,3,1,1,42,3,1,1,2235,14377,1,1,14,3,4,2,9,3,2,9,7,6,8,1,0,1,0,0,0,0,0,0,0,0,0,1,0,0,1,0,7.712443834,9,-1,223.5,0
54,0,2,966,1,4,4,0,53,3,3,3,10502,9659,7,0,17,3,1,1,33,2,1,5,4,1,4,1,0,1,0,0,0,0,0,0,0,1,0,0,0,0,0,0,9.25941621,4.714285714,-3,308.88,0
44,0,1,1117,2,1,1,0,72,4,1,4,2011,19982,1,0,13,3,4,1,10,5,3,10,5,7,7,1,0,1,0,0,0,0,0,0,0,0,0,1,0,0,1,0,7.606884531,10,2,182.82,0
19,1,0,504,10,3,1,0,96,2,1,2,1859,6148,1,1,25,4,2,0,1,2,4,1,1,0,0,1,0,0,0,1,0,0,0,0,0,0,0,1,0,0,0,1,7.528331767,1,-1,929.5,0
29,0,1,1010,1,3,1,0,97,3,1,4,3760,5598,1,0,15,3,1,3,3,5,3,3,2,1,2,1,0,1,0,0,0,0,0,0,0,0,0,1,0,0,0,0,8.232440158,3,-1,940,0
54,0,1,685,3,3,4,1,85,3,4,4,17779,23474,3,0,14,3,1,0,36,2,3,10,9,0,9,1,0,1,0,0,0,0,0,0,0,0,1,0,0,0,1,0,9.785829509,12,-9,480.51,0
31,0,1,1332,11,2,3,1,80,3,2,1,6833,17089,1,1,12,3,4,0,6,2,2,6,5,0,1,1,0,0,0,1,0,0,0,0,0,0,0,0,0,0,1,0,8.829665433,6,-5,976.14,0
31,0,1,1062,24,3,3,0,96,2,2,1,6812,17198,1,0,19,3,2,0,10,2,3,10,9,1,8,1,0,0,0,1,0,0,0,0,0,0,0,0,0,0,0,1,8.826587831,10,-8,619.27,0
59,0,1,326,3,3,3,0,48,2,2,4,5171,16490,5,0,17,3,4,0,13,2,3,6,1,0,5,0,1,1,0,0,0,0,0,0,0,0,0,0,1,0,0,1,8.55101474,2.6,-1,369.36,0
43,0,1,920,3,3,3,1,96,1,5,4,19740,18625,3,0,14,3,2,1,25,2,3,8,7,0,7,1,0,1,0,0,0,0,0,0,0,0,1,0,0,0,1,0,9.89045297,8.333333333,-7,759.23,0
49,0,1,1098,4,2,1,1,85,2,5,3,18711,12124,2,0,13,3,3,1,23,2,4,1,0,0,0,1,0,0,0,1,0,0,0,0,1,0,0,0,0,0,1,0,9.836920308,11.5,0,779.62,0
36,0,2,469,3,3,3,1,46,3,1,2,3692,9256,1,0,12,3,3,0,12,2,2,11,10,0,7,1,0,0,0,0,0,1,0,0,0,0,0,1,0,0,1,0,8.214194415,12,-10,284,0
48,0,1,969,2,2,4,1,76,4,1,2,2559,16620,5,0,11,3,3,0,7,4,2,1,0,0,0,1,0,0,0,0,0,1,0,1,0,0,0,0,0,0,0,1,7.847762537,1.4,0,319.88,0
27,0,1,1167,4,2,1,1,76,3,1,3,2517,3208,1,0,11,3,2,3,5,2,3,5,3,0,3,1,0,1,0,0,0,0,0,0,0,0,0,1,0,0,0,0,7.831220215,5,-3,419.5,0
29,0,1,1329,7,3,3,1,82,3,2,4,6623,4204,1,1,11,3,2,2,6,2,3,6,0,1,0,1,0,1,0,0,0,0,0,0,0,0,0,0,0,0,0,0,8.798454696,6,1,946.14,0
48,0,1,715,1,3,4,1,76,2,5,4,18265,8733,6,0,12,3,3,0,25,3,4,1,0,0,0,1,0,1,0,0,0,0,0,0,0,0,1,0,0,0,0,1,9.812796687,4.166666667,0,702.5,0
29,0,1,694,1,3,4,0,87,2,4,4,16124,3423,3,0,14,3,2,2,9,2,2,7,7,1,7,1,0,1,0,0,0,0,0,0,0,0,1,0,0,0,0,0,9.688126142,3,-6,1612.4,0
34,0,1,1320,20,3,3,0,89,4,1,3,2585,21643,0,0,17,3,4,0,2,5,2,1,0,0,0,1,0,0,0,0,0,1,0,0,0,0,0,1,0,0,1,0,7.857867559,2,0,861.67,0
44,0,1,1099,5,3,2,1,88,3,5,2,18213,8751,7,0,11,3,3,1,26,5,3,22,9,3,10,0,1,0,1,0,0,0,0,0,1,0,0,0,0,0,1,0,9.809945808,3.714285714,-6,674.56,0
33,0,1,536,10,5,4,1,82,4,3,3,8380,21708,0,1,14,3,4,2,10,3,3,9,8,0,8,0,1,0,1,0,0,0,0,0,0,0,0,0,1,0,0,0,9.033722518,10,-8,761.82,0
19,0,1,265,25,3,2,0,57,4,1,4,2994,21221,1,1,12,3,4,0,1,2,3,1,0,0,1,1,0,1,0,0,0,0,0,0,0,0,0,1,0,0,0,1,8.004699511,1,0,1497,0
23,0,1,373,1,2,4,1,47,3,1,3,1223,16901,1,0,22,4,4,1,1,2,3,1,0,0,1,1,0,1,0,0,0,0,0,0,0,0,0,1,0,0,1,0,7.109879463,1,0,611.5,0
25,1,2,599,24,1,3,1,73,1,1,4,1118,8040,1,1,14,3,4,0,1,4,3,1,0,1,0,0,1,1,0,0,0,0,0,0,0,0,0,0,0,1,0,1,7.020190708,1,1,559,1
26,0,1,583,4,2,3,1,53,3,1,4,2875,9973,1,1,20,4,2,0,8,2,2,8,5,2,2,1,0,1,0,0,0,0,0,0,0,0,0,1,0,0,0,1,7.964155719,8,-3,319.44,0
45,1,1,1449,2,3,1,0,94,1,5,2,18824,2493,2,1,16,3,1,0,26,2,3,24,10,1,11,0,1,0,1,0,0,0,0,0,1,0,0,0,0,0,0,1,9.842941053,13,-9,697.19,0
55,0,0,177,8,1,4,1,37,2,4,2,13577,25592,1,1,15,3,4,1,34,3,3,33,9,15,0,1,0,0,0,1,0,0,0,0,0,0,0,0,0,0,0,0,9.516206115,34,6,387.91,0
21,1,2,251,10,2,1,0,45,2,1,3,2625,25308,1,0,20,4,3,0,2,2,1,2,2,2,2,1,0,1,0,0,0,0,0,1,0,0,0,0,0,0,0,1,7.873217055,2,0,875,1
46,0,1,168,4,2,4,0,33,2,5,2,18789,9946,2,0,14,3,3,1,26,2,3,11,4,0,8,0,1,0,1,0,0,0,0,0,1,0,0,0,0,0,1,0,9.841080092,13,-4,695.89,0
34,0,1,131,2,3,3,0,86,3,2,1,4538,6039,0,1,12,3,4,0,4,3,3,3,2,0,2,0,1,0,1,0,0,0,0,0,0,0,0,0,1,0,0,1,8.420462002,4,-2,907.6,0
51,0,2,237,9,3,4,1,83,3,5,2,19847,19196,4,1,24,4,1,1,31,5,2,29,10,11,10,0,1,1,0,0,0,0,0,0,1,0,0,0,0,0,0,0,9.895858525,7.75,1,620.22,0
59,0,1,1429,18,4,4,1,67,3,3,4,10512,20002,6,0,12,3,4,0,25,6,2,9,7,5,4,1,0,0,0,1,0,0,0,0,0,1,0,0,0,0,0,1,9.260367866,4.166666667,-2,404.31,0
34,0,2,135,19,3,3,0,46,3,2,2,4444,22534,4,0,13,3,3,2,15,2,4,11,8,5,10,1,0,0,0,1,0,0,0,1,0,0,0,0,0,0,0,0,8.399535148,3.75,-3,277.75,0
28,0,2,791,1,4,4,1,44,3,1,3,2154,6842,0,1,11,3,3,0,5,2,2,4,2,0,2,1,0,0,0,1,0,0,0,1,0,0,0,0,0,0,0,1,7.675546003,5,-2,359,1
44,0,1,1199,4,2,3,1,92,4,5,1,19190,17477,1,0,14,3,4,2,26,4,2,25,9,14,13,1,0,1,0,0,0,0,0,0,1,0,0,0,0,0,0,0,9.862196698,26,5,710.74,0
34,0,2,648,11,3,3,1,56,2,2,2,4490,21833,4,0,11,3,4,2,14,5,4,10,9,1,8,0,0,1,0,0,0,0,1,0,0,0,0,0,0,0,1,0,8.409830673,3.5,-8,299.33,0
35,0,1,735,6,1,3,1,66,3,1,3,3506,6020,0,1,14,3,4,0,4,3,3,3,2,2,2,1,0,1,0,0,0,0,0,0,0,0,0,1,0,0,1,0,8.16251625,4,0,701.2,0
42,0,1,603,7,4,2,0,78,4,2,2,2372,5628,6,1,16,3,4,0,18,2,3,1,0,0,0,1,0,0,0,1,0,0,0,0,0,0,0,1,0,0,1,0,7.771910256,3,0,124.84,0
43,0,1,531,4,4,4,0,56,2,3,4,10231,20364,3,0,14,3,4,0,23,3,4,21,7,15,17,0,1,0,1,0,0,0,0,0,0,0,0,0,1,0,0,1,9.233275343,7.666666667,8,426.29,0
36,0,1,429,2,4,3,0,53,3,2,2,5410,2323,9,1,11,3,4,0,18,2,3,16,14,5,12,1,0,1,0,0,0,0,0,0,0,1,0,0,0,0,0,1,8.596189198,2,-9,284.74,0
44,1,1,621,15,3,1,0,73,3,3,4,7978,14075,1,0,11,3,4,1,10,2,3,10,7,0,5,1,0,0,0,1,0,0,0,0,0,0,0,0,0,0,1,0,8.984568369,10,-7,725.27,0
28,0,2,193,2,3,4,1,52,2,1,4,3867,14222,1,1,12,3,2,1,2,2,3,2,2,2,2,1,0,1,0,0,0,0,0,1,0,0,0,0,0,0,1,0,8.260492857,2,0,1289,0
51,0,2,968,6,2,2,0,40,2,1,3,2838,4257,0,0,14,3,2,0,8,6,2,7,0,7,7,1,0,0,0,1,0,0,0,1,0,0,0,0,0,0,0,1,7.951207156,8,7,315.33,0
30,0,0,879,9,2,3,0,72,3,2,3,4695,12858,7,1,18,3,3,0,10,3,3,8,4,1,7,1,0,0,0,1,0,0,0,0,0,1,0,0,0,0,0,1,8.454466362,1.428571429,-3,426.82,0
29,1,1,806,7,3,2,0,39,3,1,3,3339,17285,3,1,13,3,1,2,10,2,3,7,7,7,7,1,0,0,0,0,0,1,0,1,0,0,0,0,0,0,0,0,8.113726086,3.333333333,0,303.55,0
28,0,1,640,1,3,4,1,84,3,1,1,2080,4732,2,0,11,3,2,0,5,2,2,3,2,1,2,1,0,0,0,0,0,1,0,0,0,0,0,1,0,0,0,1,7.640603826,2.5,-1,346.67,0
25,0,1,266,1,3,4,0,40,3,1,2,2096,18830,1,0,18,3,4,0,2,3,2,2,2,2,1,1,0,0,0,1,0,0,0,0,0,0,0,1,0,0,0,1,7.648263031,2,0,698.67,0
32,0,1,604,8,3,3,1,56,4,2,4,6209,11693,1,0,15,3,3,2,10,4,4,10,7,0,8,0,1,0,0,1,0,0,0,0,0,0,0,0,1,0,1,0,8.733916175,10,-7,564.45,0
45,0,2,364,25,3,2,0,83,3,5,2,18061,13035,3,0,22,4,3,0,22,4,3,0,0,0,0,1,0,0,0,1,0,0,0,0,1,0,0,0,0,0,0,1,9.801565563,7.333333333,0,785.26,0
39,0,1,412,13,4,3,0,94,2,4,2,17123,17334,6,1,13,3,4,2,21,4,3,19,9,15,2,1,0,0,0,1,0,0,0,0,1,0,0,0,0,0,0,0,9.748236267,3.5,6,778.32,0
58,0,1,848,23,4,1,1,88,3,1,3,2372,26076,1,0,12,3,4,2,2,3,3,2,2,2,2,1,0,1,0,0,0,0,0,0,0,0,0,1,0,0,0,0,7.771910256,2,0,790.67,0
32,1,1,1089,7,2,4,1,79,3,2,3,4883,22845,1,0,18,3,1,1,10,3,3,10,4,1,1,1,0,1,0,0,0,0,0,1,0,0,0,0,0,0,1,0,8.493719835,10,-3,443.91,0
39,1,1,360,23,3,3,1,93,3,1,1,3904,22154,0,0,13,3,1,0,6,2,3,5,2,0,3,1,0,0,0,1,0,0,0,0,0,0,0,1,0,0,0,1,8.270013062,6,-2,557.71,0
30,0,1,1138,6,3,1,0,48,2,2,4,4627,23631,0,0,12,3,1,1,10,6,3,9,2,6,7,1,0,0,0,0,0,1,0,1,0,0,0,0,0,0,1,0,8.439880088,10,4,420.64,0
36,0,1,325,10,4,4,0,63,3,3,3,7094,5747,3,0,12,3,1,0,10,0,3,7,7,1,7,1,0,0,0,0,0,1,0,0,0,0,0,0,0,0,1,0,8.86714559,3.333333333,-6,644.91,0
46,0,1,991,1,2,4,0,44,3,1,1,3423,22957,6,0,12,3,3,0,10,3,4,7,6,5,7,0,0,1,0,0,0,0,1,0,0,0,0,0,0,0,0,1,8.138564737,1.666666667,-1,311.18,0
28,0,0,1476,1,3,3,0,55,1,2,4,6674,16392,0,0,11,3,1,3,10,6,3,9,8,7,5,1,0,1,0,0,0,0,0,1,0,0,0,0,0,0,1,0,8.806124483,10,-1,606.73,0
50,0,1,1322,28,3,4,0,43,3,4,1,16880,22422,4,1,11,3,2,0,25,2,3,3,2,1,2,1,0,1,0,0,0,0,0,0,0,0,1,0,0,0,1,0,9.733944008,6.25,-1,649.23,0
40,1,1,299,25,4,4,1,57,2,3,2,9094,17235,2,1,12,3,3,0,9,2,3,5,4,1,0,0,1,0,1,0,0,0,0,0,0,0,0,0,1,0,0,1,9.115480091,4.5,-3,909.4,0
52,1,1,1030,5,3,2,1,64,3,3,2,8446,21534,9,1,19,3,3,0,10,2,2,8,7,7,7,0,1,1,0,0,0,0,0,0,0,0,0,0,1,0,0,1,9.041566628,1.111111111,0,767.82,0
30,0,1,634,17,4,2,0,95,3,3,1,11916,25927,1,1,23,4,4,2,9,2,3,9,1,0,8,1,0,0,0,1,0,0,0,0,1,0,0,0,0,0,1,0,9.385721231,9,-1,1191.6,0
39,0,1,524,18,2,1,1,32,3,2,3,4534,13352,0,0,11,3,1,0,9,6,3,8,7,1,7,1,0,1,0,0,0,0,0,0,0,1,0,0,0,0,0,1,8.419580363,9,-6,453.4,0
31,0,0,587,2,4,4,0,57,3,3,3,9852,8935,1,1,19,3,1,1,10,5,2,10,8,9,6,0,1,1,0,0,0,0,0,0,0,0,0,0,1,0,0,0,9.195531256,10,1,895.64,0
41,0,0,256,10,2,3,1,40,1,2,2,6151,22074,1,0,13,3,1,0,19,4,3,19,2,11,9,0,1,0,0,1,0,0,0,0,0,0,0,0,1,0,0,1,8.724532511,19,9,307.55,0
31,1,2,1060,1,3,4,0,54,3,1,2,2302,8319,1,1,11,3,1,0,3,2,4,3,2,2,2,0,1,1,0,0,0,0,0,0,0,0,0,0,0,1,0,1,7.7419679,3,0,575.5,1
44,1,1,935,3,3,1,1,89,3,1,1,2362,14669,4,0,12,3,3,0,10,4,4,3,2,1,2,1,0,1,0,0,0,0,0,1,0,0,0,0,0,0,1,0,7.767687277,2.5,-1,214.73,0
42,0,0,495,2,1,3,1,37,3,4,3,17861,26582,0,1,13,3,4,0,21,3,2,20,8,2,10,1,0,1,0,0,0,0,0,0,1,0,0,0,0,0,1,0,9.79043083,21,-6,811.86,0
55,0,1,282,2,2,4,0,58,1,5,3,19187,6992,4,0,14,3,4,1,23,5,3,19,9,9,11,1,0,0,0,1,0,0,0,0,1,0,0,0,0,0,1,0,9.862040363,5.75,0,799.46,0
56,0,1,206,8,4,4,1,99,3,5,2,19717,4022,6,0,14,3,1,0,36,4,3,7,3,7,7,0,0,1,0,0,0,0,0,0,1,0,0,0,0,0,0,1,9.889287203,6,4,532.89,0
40,0,0,458,16,2,3,1,74,3,1,3,3544,8532,9,0,16,3,2,1,6,0,3,4,2,0,0,1,0,1,0,0,0,0,0,0,0,0,0,1,0,0,0,0,8.173293439,0.666666667,-2,506.29,0
34,0,1,943,9,3,4,1,86,3,3,4,8500,5494,0,0,11,3,4,1,10,0,2,9,7,1,6,1,0,1,0,0,0,0,0,0,0,0,0,0,0,0,0,0,9.047939083,10,-6,772.73,0
40,0,1,523,2,3,3,1,98,3,2,4,4661,22455,1,0,13,3,3,0,9,4,3,9,8,8,8,1,0,1,0,0,0,0,0,0,0,0,0,1,0,0,0,1,8.44719982,9,0,466.1,0
41,0,2,1018,1,3,3,0,66,3,2,1,4103,4297,0,0,17,3,4,1,10,2,3,9,3,1,7,0,1,0,1,0,0,0,0,0,0,0,0,0,1,0,0,0,8.319717387,10,-2,373,0
35,0,2,482,4,4,3,1,87,3,2,3,4249,2690,1,1,11,3,2,0,9,3,3,9,6,1,1,1,0,1,0,0,0,0,0,0,0,0,0,1,0,0,0,1,8.354674262,9,-5,424.9,0
51,0,1,770,5,3,3,1,84,3,4,2,14026,17588,1,1,11,3,2,1,33,2,3,33,9,0,10,0,0,1,0,0,0,0,0,0,1,0,0,0,0,0,0,0,9.548739323,33,-9,412.53,0
38,0,1,1009,2,2,2,0,31,3,2,1,6893,19461,3,0,15,3,4,1,11,3,3,7,7,1,7,0,1,1,0,0,0,0,0,0,0,0,0,0,1,0,0,0,8.838406747,3.666666667,-6,574.42,0
34,0,1,507,15,2,3,0,66,3,2,1,6125,23553,1,0,12,3,4,0,10,6,4,10,8,9,6,0,1,0,0,1,0,0,0,0,0,0,0,0,1,0,0,1,8.720297287,10,1,556.82,0
25,0,1,882,19,1,4,1,67,3,1,4,3669,9075,3,0,11,3,3,3,7,6,2,3,2,1,2,1,0,0,0,1,0,0,0,1,0,0,0,0,0,0,1,0,8.207946941,2.333333333,-1,458.62,0
58,1,1,601,7,4,3,0,53,2,3,1,10008,12023,7,1,14,3,4,0,31,0,2,10,9,5,9,1,0,0,0,1,0,0,0,0,0,1,0,0,0,0,1,0,9.211239967,4.428571429,-4,312.75,0
40,0,1,329,1,4,2,1,88,3,1,2,2387,6762,3,0,22,4,3,1,7,3,3,4,2,0,3,1,0,1,0,0,0,0,0,1,0,0,0,0,0,0,1,0,7.778211475,2.333333333,-2,298.38,0
36,0,2,607,7,3,1,0,83,4,2,1,4639,2261,2,0,16,3,4,1,17,2,2,15,7,6,13,0,1,0,1,0,0,0,0,0,0,0,0,0,1,0,1,0,8.442469645,8.5,-1,257.72,0
48,0,1,855,4,3,4,1,54,3,3,4,7898,18706,1,0,11,3,3,0,11,2,3,10,9,0,8,1,0,1,0,0,0,0,0,0,0,1,0,0,0,0,0,1,8.974491448,11,-9,658.17,0
27,0,1,1291,11,3,3,0,98,4,1,4,2534,6527,8,0,14,3,2,1,5,4,3,1,0,0,0,0,1,0,0,1,0,0,0,0,0,0,0,0,0,1,1,0,7.837948916,0.625,0,422.33,0
51,0,1,1405,11,2,4,0,82,2,4,2,13142,24439,3,0,16,3,2,0,29,1,2,5,2,0,3,1,0,0,0,0,0,1,0,0,0,1,0,0,0,0,0,1,9.483644576,9.666666667,-2,438.07,0
18,0,0,1124,1,3,4,0,97,3,1,4,1611,19305,1,0,15,3,3,0,0,5,4,0,0,0,0,1,0,1,0,0,0,0,0,1,0,0,0,0,0,0,0,1,7.385230923,0,0,1611,0
35,0,1,817,1,3,4,0,60,2,2,4,5363,10846,0,0,12,3,2,1,10,0,3,9,7,0,0,1,0,0,0,1,0,0,0,1,0,0,0,0,0,0,1,0,8.587465244,10,-7,487.55,0
27,0,2,793,2,1,4,1,43,1,2,4,5071,20392,3,0,20,4,2,0,8,3,3,6,2,0,0,0,1,1,0,0,0,0,0,0,0,0,0,0,1,0,0,1,8.531490496,2.666666667,-2,563.44,1
55,1,1,267,13,4,1,1,85,4,4,3,13695,9277,6,1,17,3,3,0,24,2,2,19,7,3,8,0,1,0,1,0,0,0,0,0,0,0,0,0,1,0,0,1,9.524859098,4,-4,547.8,0
56,0,1,1369,23,3,4,1,68,3,4,2,13402,18235,4,1,12,3,1,1,33,0,3,19,16,15,9,1,0,1,0,0,0,0,0,0,0,1,0,0,0,0,1,0,9.503233841,8.25,-1,394.18,0
34,0,0,999,26,1,1,0,92,2,1,3,2029,15891,1,0,20,4,3,3,5,2,3,5,4,0,0,1,0,0,0,0,0,1,0,0,0,0,0,1,0,0,0,0,7.615791072,5,-4,338.17,0
40,0,1,1202,2,1,2,0,89,4,2,3,6377,13888,5,0,20,4,2,3,15,0,3,12,11,11,8,1,0,0,0,1,0,0,0,0,0,0,0,0,0,0,0,0,8.760609848,3,0,398.56,0
34,0,1,285,29,3,2,1,86,3,2,3,5429,17491,4,0,13,3,1,2,10,1,3,8,7,7,7,1,0,0,0,1,0,0,0,1,0,0,0,0,0,0,1,0,8.599694413,2.5,0,493.55,0
31,1,2,703,2,3,3,0,90,2,1,4,2785,11882,7,0,14,3,3,0,3,3,4,1,0,0,0,0,1,1,0,0,0,0,0,0,0,0,0,0,0,1,0,1,7.932362154,0.428571429,0,696.25,1
35,1,2,662,18,4,4,0,67,3,2,3,4614,23288,0,1,18,3,3,1,5,0,2,4,2,3,2,0,1,0,1,0,0,0,0,0,0,0,0,0,1,0,1,0,8.437067147,5,1,769,0
38,0,2,693,7,3,4,1,57,4,1,3,2610,15748,1,0,11,3,4,3,4,2,3,4,2,0,3,1,0,1,0,0,0,0,0,0,0,0,0,1,0,0,0,0,7.867488569,4,-2,522,0
34,0,1,404,2,4,3,0,98,3,2,4,6687,6163,1,0,11,3,4,0,14,2,4,14,11,4,11,1,0,0,0,0,0,1,0,0,0,0,0,0,0,0,0,1,8.808070155,14,-7,445.8,0
28,0,1,736,26,3,3,1,48,2,2,1,4724,24232,1,0,11,3,3,1,5,0,3,5,3,0,4,0,1,1,0,0,0,0,0,0,0,0,0,0,1,0,1,0,8.46062284,5,-3,787.33,0
31,1,1,330,22,4,4,1,98,3,2,3,6179,21057,1,1,15,3,4,2,10,3,2,10,2,6,7,1,0,0,0,1,0,0,0,0,0,1,0,0,0,0,1,0,8.72907355,10,4,561.73,0
39,0,1,1498,21,4,1,1,44,2,2,4,6120,3567,3,1,12,3,4,2,8,2,4,5,4,1,4,0,1,1,0,0,0,0,0,0,0,0,0,0,1,0,1,0,8.719480761,2.666666667,-3,680,0
51,0,2,541,2,3,2,1,52,3,3,2,10596,15395,2,0,11,3,2,0,14,5,3,4,2,3,2,0,1,0,1,0,0,0,0,0,0,0,0,0,1,0,1,0,9.268326221,7,1,706.4,0
41,0,2,1200,22,3,4,0,75,3,2,4,5467,13953,3,1,14,3,1,2,12,4,2,6,2,3,3,1,0,1,0,0,0,0,0,0,0,0,0,1,0,0,0,0,8.606668198,4,1,420.54,0
37,0,1,1439,4,1,3,1,54,3,1,3,2996,5182,7,1,15,3,4,0,8,2,3,6,4,1,3,1,0,1,0,0,0,0,0,0,0,0,0,1,0,0,1,0,8.005367067,1.142857143,-3,332.89,0
33,0,2,1111,5,1,2,1,61,3,2,4,9998,19293,6,0,13,3,1,0,8,2,4,5,4,1,2,0,1,1,0,0,0,0,0,0,0,0,0,0,1,0,1,0,9.210240367,1.333333333,-3,1110.89,0
32,0,1,499,2,1,3,1,36,3,2,2,4078,20497,0,1,13,3,1,3,4,3,2,3,2,1,2,0,1,0,1,0,0,0,0,0,0,0,0,0,1,0,1,0,8.313607139,4,-1,815.6,0
39,0,0,1485,25,2,3,1,71,3,3,3,10920,3449,3,0,21,4,2,1,13,2,3,6,4,0,5,1,0,1,0,0,0,0,0,0,0,0,0,0,0,0,1,0,9.29844282,4.333333333,-4,780,0
25,0,1,1372,18,1,1,1,93,4,2,3,6232,12477,2,0,11,3,2,0,6,3,2,3,2,1,2,0,1,1,0,0,0,0,0,0,0,0,0,0,1,0,1,0,8.737613037,3,-1,890.29,0
52,0,2,322,28,2,4,0,59,4,4,3,13247,9731,2,1,11,3,2,1,24,3,2,5,3,0,2,1,0,0,0,1,0,0,0,0,0,1,0,0,0,0,1,0,9.491601877,12,-3,529.88,0
43,0,1,930,6,3,1,0,73,2,2,3,4081,20003,1,1,14,3,1,0,20,3,1,20,7,1,8,1,0,0,0,1,0,0,0,0,0,0,0,1,0,0,0,1,8.314342343,20,-6,194.33,0
27,0,1,205,10,3,4,0,98,2,2,4,5769,7100,1,1,11,3,4,0,6,3,3,6,2,4,4,0,1,0,1,0,0,0,0,0,0,0,0,0,1,0,1,0,8.66042736,6,2,824.14,0
27,1,1,135,17,4,4,0,51,3,1,3,2394,25681,1,1,13,3,4,0,8,2,3,8,2,7,7,1,0,1,0,0,0,0,0,0,0,0,0,1,0,0,0,1,7.78113851,8,5,266,0
26,0,1,683,2,1,1,1,36,2,1,4,3904,4050,0,0,12,3,4,0,5,2,3,4,3,1,1,1,0,0,0,1,0,0,0,0,0,0,0,1,0,0,0,1,8.270013062,5,-2,650.67,0
42,0,1,1147,10,3,3,0,31,3,4,1,16799,16616,0,0,14,3,3,1,21,5,3,20,7,0,9,0,0,0,0,0,0,0,0,0,1,0,0,0,0,0,1,0,9.729134165,21,-7,763.59,0
52,0,1,258,8,4,3,0,54,3,1,1,2950,17363,9,0,13,3,3,0,12,2,1,5,4,0,4,1,0,0,0,0,1,0,0,1,0,0,0,0,0,0,1,0,7.989899375,1.333333333,-4,226.92,0
37,0,1,1462,11,3,1,0,94,3,1,3,3629,19106,4,0,18,3,1,0,8,6,3,3,2,0,2,1,0,0,0,1,0,0,0,1,0,0,0,0,0,0,0,1,8.196987927,2,-2,403.22,0
35,0,2,200,18,2,3,1,60,3,3,4,9362,19944,2,0,11,3,3,0,10,2,3,2,2,2,2,1,0,1,0,0,0,0,0,0,0,1,0,0,0,0,0,1,9.144521031,5,0,851.09,0
25,0,1,949,1,3,1,1,81,3,1,4,3229,4910,4,0,11,3,2,1,7,2,2,3,2,0,2,1,0,0,0,0,0,1,0,1,0,0,0,0,0,0,1,0,8.080237416,1.75,-2,403.62,0
26,0,1,652,7,3,3,1,100,4,1,1,3578,23577,0,0,12,3,4,0,8,2,3,7,7,0,7,1,0,0,0,0,1,0,0,1,0,0,0,0,0,0,0,1,8.182838711,8,-7,397.56,0
29,0,1,332,17,3,2,1,51,2,3,1,7988,9769,1,0,13,3,1,0,10,3,2,10,9,0,9,0,0,0,0,0,1,0,1,0,0,0,0,0,0,0,0,1,8.985820874,10,-9,726.18,0
49,1,2,1475,28,2,1,1,97,2,2,1,4284,22710,3,0,20,4,1,0,20,2,3,4,3,1,3,1,0,1,0,0,0,0,0,1,0,0,0,0,0,0,0,1,8.362875831,6.666666667,-2,204,0
29,1,2,337,14,1,3,0,84,3,3,4,7553,22930,0,1,12,3,1,0,9,1,3,8,7,7,7,1,0,0,0,0,1,0,0,0,0,0,0,0,0,0,0,1,8.929832503,9,0,755.3,1
54,0,1,971,1,3,4,0,54,3,4,4,17328,5652,6,0,19,3,4,0,29,3,2,20,7,12,7,1,0,0,0,1,0,0,0,0,0,0,1,0,0,0,0,1,9.760136678,4.833333333,5,577.6,0
58,0,1,1055,1,3,4,0,76,3,5,1,19701,22456,3,1,21,4,3,1,32,3,3,9,8,1,5,1,0,0,0,1,0,0,0,0,0,0,1,0,0,0,1,0,9.888475432,10.66666667,-7,597,0
55,0,1,1136,1,4,2,1,81,4,4,4,14732,12414,2,0,13,3,4,2,31,4,4,7,7,0,0,1,0,0,0,1,0,0,0,0,0,0,1,0,0,0,0,0,9.597845155,15.5,-7,460.38,0
36,0,1,1174,3,4,1,0,99,3,2,2,9278,20763,3,1,16,3,4,0,15,3,3,5,4,0,1,0,1,0,1,0,0,0,0,0,0,0,0,0,1,0,0,1,9.135509061,5,-4,579.88,0
31,1,2,667,1,4,2,0,50,1,1,3,1359,16154,1,0,12,3,2,0,1,3,3,1,0,0,0,0,1,1,0,0,0,0,0,0,0,0,0,0,0,1,0,1,7.215239979,1,0,679.5,1
30,0,1,855,7,4,4,0,73,3,2,1,4779,12761,7,0,14,3,2,2,8,3,3,3,2,0,2,0,1,0,1,0,0,0,0,0,0,0,0,0,1,0,0,0,8.472195825,1.142857143,-2,531,0
31,0,1,182,8,5,1,0,93,3,4,2,16422,8847,3,0,11,3,3,0,9,3,4,3,2,1,0,1,0,1,0,0,0,0,0,0,0,0,1,0,0,0,0,1,9.70643807,3,-1,1642.2,0
34,0,2,560,1,4,4,1,91,3,1,1,2996,20284,5,0,14,3,3,2,10,2,3,4,3,1,3,1,0,0,0,0,1,0,0,0,0,0,0,1,0,0,0,0,8.005367067,2,-2,272.36,0
31,1,1,202,8,3,1,0,34,2,1,2,1261,22262,1,0,12,3,3,0,1,3,4,1,0,0,0,1,0,1,0,0,0,0,0,0,0,0,0,1,0,0,0,1,7.140453043,1,0,630.5,0
27,0,1,1377,11,1,2,1,91,3,1,1,2099,7679,0,0,14,3,2,0,6,3,4,5,0,1,4,1,0,1,0,0,0,0,0,1,0,0,0,0,0,0,1,0,7.649692624,6,1,299.86,0
36,0,1,172,4,4,1,1,37,2,2,4,5810,22604,1,0,16,3,3,0,10,2,2,10,4,1,8,1,0,1,0,0,0,0,0,1,0,0,0,0,0,0,0,1,8.667507952,10,-3,528.18,0
36,0,1,329,16,4,3,0,98,2,2,1,5647,13494,4,0,13,3,1,2,11,3,2,3,2,0,2,0,1,0,1,0,0,0,0,0,0,0,0,0,1,0,1,0,8.639056779,2.75,-2,470.58,0
47,0,1,465,1,3,1,1,74,3,1,4,3420,10205,7,0,12,3,3,1,17,2,2,6,5,1,2,1,0,0,0,0,0,1,0,0,0,0,0,1,0,0,1,0,8.137688185,2.428571429,-4,190,0
25,1,1,383,9,2,1,1,68,2,1,1,4400,15182,3,0,12,3,1,0,6,2,3,3,2,2,2,0,1,1,0,0,0,0,0,0,0,0,0,0,0,1,1,0,8.389587067,2,0,628.57,0
37,0,0,1413,5,2,3,1,84,4,1,3,3500,25470,0,0,14,3,1,0,7,2,1,6,5,1,3,1,0,0,0,0,0,1,0,1,0,0,0,0,0,0,0,1,8.160803921,7,-4,437.5,0
56,0,1,1255,1,2,1,0,90,3,1,1,2066,10494,2,0,22,4,4,1,5,3,4,3,2,1,0,1,0,1,0,0,0,0,0,0,0,0,0,1,0,0,1,0,7.63385356,2.5,-1,344.33,0
47,0,1,359,2,4,1,0,82,3,4,3,17169,26703,3,0,19,3,2,2,26,2,4,20,17,5,6,1,0,0,0,1,0,0,0,0,0,0,1,0,0,0,1,0,9.750918954,8.666666667,-12,635.89,0
24,0,1,1476,4,1,4,0,42,3,2,3,4162,15211,1,1,12,3,3,2,5,3,3,5,4,0,3,0,1,0,0,1,0,0,0,0,0,0,0,0,1,0,1,0,8.333991247,5,-4,693.67,0
32,0,1,601,7,5,4,1,97,3,2,4,9204,23343,4,0,12,3,3,1,7,3,2,4,3,0,3,0,1,0,1,0,0,0,0,0,0,0,0,0,1,0,1,0,9.127502094,1.75,-3,1150.5,0
34,0,1,401,1,3,4,0,86,2,1,2,3294,3708,5,0,17,3,1,1,7,2,2,5,4,0,2,1,0,1,0,0,0,0,0,1,0,0,0,0,0,0,1,0,8.100161447,1.4,-4,411.75,0
41,0,1,1283,5,5,2,1,90,4,1,3,2127,5561,2,1,12,3,1,0,7,5,2,4,2,0,3,1,0,0,0,1,0,0,0,0,0,0,0,1,0,0,1,0,7.66293785,3.5,-2,265.88,0
40,0,0,663,9,4,3,1,81,3,2,3,3975,23099,3,0,11,3,3,2,11,2,4,8,7,0,7,1,0,0,0,0,1,0,0,1,0,0,0,0,0,0,0,0,8.288031568,3.666666667,-7,331.25,0
31,0,1,326,8,2,1,1,31,3,3,4,10793,8386,1,0,18,3,1,1,13,5,3,13,7,9,9,0,1,1,0,0,0,0,0,0,0,0,0,0,1,0,0,0,9.286745703,13,2,770.93,0
46,1,1,377,9,3,1,1,52,3,3,4,10096,15986,4,0,11,3,1,1,28,1,4,7,7,4,3,0,1,0,1,0,0,0,0,0,0,0,0,0,1,0,0,0,9.219993629,7,-3,348.14,0
39,1,0,592,2,3,1,0,54,2,1,1,3646,17181,2,1,23,4,2,0,11,2,4,1,0,0,0,1,0,1,0,0,0,0,0,1,0,0,0,0,0,0,0,1,8.201660191,5.5,0,303.83,0
31,1,2,1445,1,5,3,0,100,4,3,2,7446,8931,1,0,11,3,1,0,10,2,3,10,8,4,7,1,0,1,0,0,0,0,0,0,0,1,0,0,0,0,0,1,8.915566546,10,-4,676.91,1
45,0,1,1038,20,3,2,1,95,1,3,1,10851,19863,2,1,18,3,2,1,24,2,3,7,7,0,7,1,0,0,0,1,0,0,0,0,0,0,0,0,0,0,0,0,9.292104674,12,-7,434.04,0
31,0,1,1398,8,2,4,0,96,4,1,2,2109,24609,9,0,18,3,4,0,8,3,3,3,2,0,2,0,0,0,0,1,0,0,1,0,0,0,0,0,0,0,0,1,7.654443226,0.888888889,-2,234.33,0
31,1,2,523,2,3,2,1,94,3,1,4,3722,21081,6,1,13,3,3,1,7,2,1,2,2,2,2,1,0,1,0,0,0,0,0,1,0,0,0,0,0,0,1,0,8.222285074,1.166666667,0,465.25,0
45,0,1,1448,29,3,2,1,55,3,3,4,9380,14720,4,1,18,3,4,2,10,4,4,3,1,1,2,1,0,0,0,0,0,1,0,0,0,1,0,0,0,0,1,0,9.146441646,2.5,0,852.73,0
48,0,1,1221,7,3,3,1,96,3,2,1,5486,24795,4,0,11,3,1,3,15,3,3,2,2,2,2,0,1,0,1,0,0,0,0,0,0,0,0,0,1,0,0,0,8.610136937,3.75,0,342.88,0
34,1,1,1107,9,4,1,0,52,3,1,3,2742,3072,1,0,15,3,4,0,2,0,3,2,2,2,2,0,0,0,0,0,0,1,1,0,0,0,0,0,0,0,1,0,7.916807491,2,0,914,0
40,0,0,218,8,1,4,1,55,2,3,2,13757,25178,2,0,11,3,3,1,16,5,3,9,8,4,8,1,0,0,0,1,0,0,0,0,0,0,1,0,0,0,0,0,9.529375752,8,-4,809.24,0
28,0,1,866,5,3,4,1,84,3,2,1,8463,23490,0,0,18,3,4,0,6,4,3,5,4,1,3,0,1,0,0,1,0,0,0,0,0,0,0,0,1,0,0,1,9.043577154,6,-3,1209,0
44,0,0,981,5,3,3,1,90,2,1,3,3162,7973,3,0,14,3,4,0,7,5,3,5,2,0,3,1,0,1,0,0,0,0,0,1,0,0,0,0,0,0,0,1,8.059276223,2.333333333,-2,395.25,0
53,0,1,447,2,3,4,1,39,4,4,2,16598,19764,4,0,12,3,2,0,35,2,2,9,8,8,8,1,0,0,0,1,0,0,0,0,0,0,1,0,0,0,0,1,9.717097732,8.75,0,461.06,0
49,0,1,1495,5,4,1,1,96,3,2,3,6651,21534,2,0,14,3,2,1,20,0,2,3,2,1,2,1,0,0,0,0,0,1,0,0,0,0,0,0,0,0,1,0,8.80267284,10,-1,316.71,0
40,0,1,896,2,3,3,1,68,3,1,3,2345,8045,2,0,14,3,3,1,8,3,4,3,1,1,2,1,0,0,0,1,0,0,0,0,0,0,0,1,0,0,0,0,7.760467029,4,0,260.56,0
44,0,1,1467,20,3,4,1,49,3,1,2,3420,21158,1,0,13,3,3,0,6,3,2,5,2,1,3,1,0,1,0,0,0,0,0,0,0,0,0,1,0,0,0,1,8.137688185,6,-1,488.57,0
33,0,2,430,7,3,4,1,54,3,2,1,4373,17456,0,0,14,3,1,2,5,2,3,4,3,0,3,0,1,0,0,1,0,0,0,0,0,0,0,0,1,0,1,0,8.383433201,5,-3,728.83,0
34,0,1,1326,3,3,4,1,81,1,2,1,4759,15891,3,0,18,3,4,0,15,2,3,13,9,3,12,0,1,0,0,0,1,0,0,0,0,0,0,0,1,0,0,1,8.468002947,5,-6,297.44,0
30,0,1,1358,16,1,4,1,96,3,2,3,5301,2939,8,0,15,3,3,2,4,2,2,2,1,2,2,0,1,1,0,0,0,0,0,0,0,0,0,0,1,0,1,0,8.575839387,0.5,1,1060.2,0
42,0,2,748,9,2,1,0,74,3,1,4,3673,16458,1,0,13,3,3,0,12,3,3,12,9,5,8,1,0,0,0,1,0,0,0,1,0,0,0,0,0,0,0,1,8.209036266,12,-4,282.54,0
44,0,2,383,1,5,1,0,79,3,2,3,4768,9282,7,0,12,3,3,1,11,4,2,1,0,0,0,0,1,0,1,0,0,0,0,0,0,0,0,0,1,0,1,0,8.469891918,1.571428571,0,397.33,0
30,0,0,990,7,3,3,1,64,3,1,3,1274,7152,1,0,13,3,2,2,1,2,2,1,0,0,0,1,0,0,0,0,0,1,0,0,0,0,0,1,0,0,0,0,7.150701458,1,0,637,0
57,0,1,405,1,2,2,1,93,4,2,3,4900,2721,0,0,24,4,1,1,13,2,2,12,9,2,8,1,0,1,0,0,0,0,0,0,0,0,0,1,0,0,1,0,8.497194545,13,-7,350,0
49,0,1,1490,7,4,3,1,35,3,3,2,10466,20948,3,0,14,3,2,2,29,3,3,8,7,0,7,1,0,1,0,0,0,0,0,0,0,0,0,0,0,0,0,0,9.25598273,9.666666667,-7,348.87,0
34,0,2,829,15,3,2,1,71,3,4,1,17007,11929,7,0,14,3,4,2,16,3,2,14,8,6,9,1,0,0,0,1,0,0,0,0,0,0,1,0,0,0,0,0,9.741439101,2.285714286,-2,1000.41,0
28,1,2,1496,1,3,1,1,92,3,1,3,2909,15747,3,0,15,3,4,1,5,3,4,3,2,1,2,0,1,0,0,0,0,1,0,0,0,0,0,0,0,1,1,0,7.97590836,1.666666667,-1,484.83,0
29,1,2,115,13,3,1,0,51,3,2,2,5765,17485,5,0,11,3,1,0,7,4,1,5,3,0,0,0,1,0,0,0,0,1,0,0,0,0,0,0,1,0,0,1,8.659733878,1.4,-3,720.62,1
34,1,1,790,24,4,1,0,40,2,2,2,4599,7815,0,1,23,4,3,0,16,2,4,15,9,10,10,0,1,0,0,1,0,0,0,0,0,0,0,0,1,0,0,1,8.433811582,16,1,270.53,0
35,0,1,660,7,1,4,1,76,3,1,3,2404,16192,1,0,13,3,1,1,1,3,3,1,0,0,0,0,1,1,0,0,0,0,0,0,0,0,0,0,0,1,1,0,7.785305183,1,0,1202,0
24,1,2,381,9,3,2,1,89,3,1,1,3172,16998,2,1,11,3,3,0,4,2,2,0,0,0,0,1,0,0,0,1,0,0,0,1,0,0,0,0,0,0,0,1,8.062432792,2,0,634.4,1
24,0,0,830,13,2,4,0,78,3,1,2,2033,7103,1,0,13,3,3,1,1,2,3,1,0,0,0,0,1,1,0,0,0,0,0,0,0,0,0,0,0,1,1,0,7.617759577,1,0,1016.5,0
44,0,2,1193,2,1,2,1,86,3,3,3,10209,19719,5,1,18,3,2,0,16,2,2,2,2,2,2,1,0,0,0,1,0,0,0,0,0,1,0,0,0,0,0,1,9.231122911,3.2,0,600.53,0
29,0,1,1246,19,3,3,1,77,2,2,3,8620,23757,1,0,14,3,3,2,10,3,3,10,7,0,4,0,1,1,0,0,0,0,0,0,0,0,0,0,1,0,0,0,9.061956366,10,-7,783.64,0
30,0,1,330,1,3,3,1,46,3,1,3,2064,15428,0,0,21,4,1,1,6,3,4,5,3,1,3,0,0,1,0,0,0,0,1,0,0,0,0,0,0,0,0,0,7.632885505,6,-2,294.86,0
55,0,1,1229,4,4,4,1,30,3,2,3,4035,16143,0,1,16,3,2,0,4,2,3,3,2,1,2,1,0,1,0,0,0,0,0,0,0,0,0,0,0,0,1,0,8.303009381,4,-1,807,0
33,0,1,1099,4,4,1,0,82,2,1,2,3838,8192,8,0,11,3,4,0,8,5,3,5,4,0,2,1,0,0,0,1,0,0,0,1,0,0,0,0,0,0,1,0,8.252967195,1,-4,426.44,0
47,0,1,571,14,3,3,0,78,3,2,3,4591,24200,3,1,17,3,3,1,11,4,2,5,4,1,2,0,1,0,0,1,0,0,0,0,0,0,0,0,1,0,1,0,8.432070938,3.666666667,-3,382.58,0
28,1,2,289,2,2,3,1,38,2,1,1,2561,5355,7,0,11,3,3,0,8,2,2,0,0,0,0,1,0,0,0,1,0,0,0,1,0,0,0,0,0,0,0,1,7.848543482,1.142857143,0,284.56,1
28,0,1,1423,1,3,1,1,72,2,1,3,1563,12530,1,0,14,3,4,1,1,2,1,1,0,0,0,1,0,1,0,0,0,0,0,0,0,0,0,1,0,0,0,0,7.355001921,1,0,781.5,0
28,0,2,467,7,3,3,1,55,3,2,1,4898,11827,0,0,14,3,4,0,5,5,3,4,2,1,3,0,1,1,0,0,0,0,0,0,0,0,0,0,1,0,0,1,8.496786382,5,-1,816.33,1
49,0,1,271,3,2,3,0,43,2,2,1,4789,23070,4,0,25,4,1,1,10,3,3,3,2,1,2,1,0,0,0,1,0,0,0,1,0,0,0,0,0,0,1,0,8.47428569,2.5,-1,435.36,0
29,0,2,410,2,1,4,0,97,3,1,2,3180,4668,0,0,13,3,3,3,4,3,3,3,2,0,2,1,0,1,0,0,0,0,0,1,0,0,0,0,0,0,1,0,8.064950892,4,-2,636,0
28,0,1,1083,29,1,3,1,96,1,2,2,6549,3173,1,0,14,3,2,2,8,2,2,8,6,1,7,1,0,1,0,0,0,0,0,0,0,1,0,0,0,0,1,0,8.787220329,8,-5,727.67,0
33,0,1,516,8,5,4,1,69,3,2,3,6388,22049,2,1,17,3,1,0,14,6,3,0,0,0,0,1,0,1,0,0,0,0,0,0,0,0,0,0,0,0,0,1,8.762333041,7,0,425.87,0
32,0,1,495,10,3,3,1,64,3,3,4,11244,21072,2,0,25,4,2,0,10,5,4,5,2,0,0,1,0,0,0,1,0,0,0,0,1,0,0,0,0,0,0,1,9.327678864,5,-2,1022.18,0
54,0,2,1050,11,4,2,0,87,3,4,4,16032,24456,3,0,20,4,1,1,26,2,3,14,9,1,12,1,0,0,0,1,0,0,0,0,1,0,0,0,0,0,0,0,9.682404377,8.666666667,-8,593.78,0
29,1,1,224,1,4,1,1,100,2,1,1,2362,7568,6,0,13,3,3,0,11,2,1,9,7,0,7,1,0,0,0,0,0,1,0,0,0,0,0,1,0,0,0,1,7.767687277,1.833333333,-7,196.83,0
44,0,1,136,28,3,4,1,32,3,4,1,16328,22074,3,0,13,3,3,1,24,1,4,20,6,14,17,1,0,1,0,0,0,0,0,0,0,0,1,0,0,0,1,0,9.700697947,8,8,653.12,0
39,0,1,1089,6,3,2,0,32,3,3,2,8376,9150,4,0,18,3,4,0,9,3,3,2,0,2,2,1,0,1,0,0,0,0,0,0,0,1,0,0,0,0,0,1,9.033245134,2.25,2,837.6,0
46,0,1,228,3,3,3,0,51,3,4,2,16606,11380,8,0,12,3,4,1,23,2,4,13,12,5,1,0,1,1,0,0,0,0,0,0,1,0,0,0,0,0,1,0,9.717579572,2.875,-7,691.92,0
35,0,1,1029,16,3,4,0,91,2,3,2,8606,21195,1,0,19,3,4,0,11,3,1,11,8,3,3,1,0,1,0,0,0,0,0,0,0,0,0,0,0,0,0,1,9.060331105,11,-5,717.17,0
23,0,1,507,20,1,1,1,97,3,2,3,2272,24812,0,0,14,3,2,0,5,2,3,4,3,1,2,1,0,1,0,0,0,0,0,1,0,0,0,0,0,0,0,1,7.728855824,5,-2,378.67,0
40,1,1,676,9,4,4,1,86,3,1,1,2018,21831,3,0,14,3,2,0,15,3,1,5,4,1,0,1,0,1,0,0,0,0,0,1,0,0,0,0,0,0,0,1,7.610357618,5,-3,126.12,0
34,0,1,971,1,3,4,1,64,2,3,3,7083,12288,1,1,14,3,4,0,10,3,3,10,9,8,6,0,1,0,0,0,0,1,0,0,0,0,0,0,1,0,1,0,8.865593999,10,-1,643.91,0
31,1,2,561,3,3,4,0,33,3,1,3,4084,4156,1,0,12,3,1,0,7,2,1,7,2,7,7,1,0,1,0,0,0,0,0,0,0,0,0,1,0,0,0,1,8.315077007,7,5,510.5,1
50,0,2,333,22,5,3,1,88,1,4,4,14411,24450,1,1,13,3,4,0,32,2,3,32,6,13,9,1,0,0,0,1,0,0,0,0,0,0,1,0,0,0,0,1,9.575816472,32,7,436.7,0
34,0,1,1440,7,2,2,1,55,3,1,3,2308,4944,0,1,25,4,2,1,12,4,3,11,10,5,7,0,1,0,0,0,0,1,0,0,0,0,0,0,0,1,1,0,7.744569809,12,-5,177.54,0
42,0,1,1210,2,3,3,1,68,2,1,2,4841,24052,4,0,14,3,2,1,4,3,3,1,0,0,0,1,0,0,0,1,0,0,0,1,0,0,0,0,0,0,1,0,8.485083137,1,0,968.2,0
37,0,1,674,13,3,1,1,47,3,2,4,4285,3031,1,0,17,3,1,0,10,2,3,10,8,3,7,1,0,0,0,1,0,0,0,0,0,0,0,1,0,0,1,0,8.363109176,10,-5,389.55,0
29,0,1,441,8,1,3,0,39,1,2,1,9715,7288,3,0,13,3,3,1,9,3,3,7,7,0,7,1,0,0,0,0,1,0,0,0,0,0,0,0,0,0,1,0,9.18152929,3,-7,971.5,0
33,0,1,575,25,3,4,1,44,2,2,2,4320,24152,1,0,13,3,4,0,5,2,3,5,3,0,2,1,0,1,0,0,0,0,0,0,0,1,0,0,0,0,0,1,8.371242136,5,-3,720,0
45,0,1,950,28,3,4,1,97,3,1,4,2132,4585,4,0,20,4,4,1,8,3,3,5,4,0,3,1,0,0,0,0,0,1,0,0,0,0,0,1,0,0,1,0,7.665284718,2,-4,236.89,0
42,0,2,288,2,3,4,1,40,3,3,4,10124,18611,2,1,14,3,3,1,24,3,1,20,8,13,9,1,0,1,0,0,0,0,0,0,0,0,0,0,0,0,1,0,9.222762892,12,5,404.96,0
40,0,1,1342,9,2,1,1,47,3,2,1,5473,19345,0,0,12,3,4,0,9,5,4,8,4,7,1,0,1,0,0,1,0,0,0,0,0,0,0,0,1,0,1,0,8.60776489,9,3,547.3,0
33,0,1,589,28,4,2,1,79,3,2,3,5207,22949,1,1,12,3,2,1,15,3,3,15,14,5,7,1,0,1,0,0,0,0,0,1,0,0,0,0,0,0,1,0,8.557951184,15,-9,325.44,0
40,0,1,898,6,2,3,1,38,3,4,4,16437,17381,1,1,21,4,4,0,21,2,3,21,7,7,7,0,0,0,0,1,0,0,0,0,1,0,0,0,0,0,0,1,9.707351007,21,0,747.14,0
24,0,1,350,21,2,3,1,57,2,1,1,2296,10036,0,0,14,3,2,3,2,3,3,1,1,0,0,1,0,0,0,0,0,1,0,1,0,0,0,0,0,0,0,0,7.739359203,2,-1,765.33,0
40,0,0,1142,8,2,4,1,72,3,2,4,4069,8841,3,1,18,3,3,0,8,2,3,2,2,2,2,1,0,1,0,0,0,0,0,0,0,0,0,0,0,0,0,0,8.311398278,2.666666667,0,452.11,0
45,0,1,538,1,4,1,1,66,3,3,2,7441,20933,1,0,12,3,1,3,10,4,3,10,8,7,7,1,0,0,0,0,0,1,0,0,0,0,0,0,0,0,0,0,8.914894909,10,-1,676.45,0
35,0,1,1402,28,4,2,0,98,2,1,3,2430,26204,0,0,23,4,1,2,6,5,3,5,3,4,2,0,1,1,0,0,0,0,0,0,0,0,0,0,0,1,1,0,7.796057974,6,1,347.14,0
32,0,1,824,5,2,4,0,67,2,2,2,5878,15624,3,0,12,3,1,1,12,2,3,7,1,2,5,1,0,1,0,0,0,0,0,0,0,0,0,1,0,0,1,0,8.679141958,4,1,452.15,0
36,0,1,1157,2,4,3,1,70,3,1,4,2644,17001,3,1,21,4,4,0,7,3,2,3,2,1,2,0,1,1,0,0,0,0,0,0,0,0,0,0,0,1,0,1,7.880426344,2.333333333,-1,330.5,0
48,0,1,492,16,4,3,0,96,3,2,3,6439,13693,8,0,14,3,3,1,18,2,3,8,7,7,7,0,1,1,0,0,0,0,0,0,0,0,0,0,1,0,0,0,8.770283819,2.25,0,338.89,0
29,0,1,598,9,3,3,1,91,4,1,3,2451,22376,6,0,18,3,1,2,5,2,2,1,0,0,0,1,0,1,0,0,0,0,0,0,0,0,0,1,0,0,1,0,7.804659297,0.833333333,0,408.5,0
33,0,1,1242,8,4,1,1,46,3,2,1,6392,10589,2,0,13,3,4,1,8,6,1,2,2,2,2,0,1,1,0,0,0,0,0,0,0,0,0,0,1,0,1,0,8.762958921,4,0,710.22,0
30,1,1,740,1,3,2,1,64,2,2,1,9714,5323,1,0,11,3,4,1,10,4,3,10,8,6,7,0,1,1,0,0,0,0,0,0,0,0,0,0,1,0,1,0,9.181426362,10,-2,883.09,0
38,0,2,888,10,4,3,1,71,3,2,3,6077,14814,3,0,11,3,3,0,10,2,3,6,3,1,2,0,0,0,0,0,0,0,1,0,0,0,0,0,0,0,1,0,8.712430973,3.333333333,-2,552.45,0
35,0,1,992,1,3,4,1,68,2,1,1,2450,21731,1,0,19,3,2,0,3,3,3,3,0,1,2,1,0,0,0,1,0,0,0,1,0,0,0,0,0,0,0,1,7.804251384,3,1,612.5,0
30,0,1,1288,29,4,3,1,33,3,3,2,9250,17799,3,0,12,3,2,1,9,3,3,4,2,1,3,0,1,0,0,0,0,1,0,0,0,0,0,0,1,0,1,0,9.132486933,3,-1,925,0
35,1,1,104,2,3,1,0,69,3,1,1,2074,26619,1,1,12,3,4,1,1,2,3,1,0,0,0,1,0,1,0,0,0,0,0,1,0,0,0,0,0,0,0,0,7.637716433,1,0,1037,0
53,1,1,607,2,5,3,0,78,2,3,4,10169,14618,0,0,16,3,2,1,34,4,3,33,7,1,9,1,0,0,0,0,0,1,0,0,0,1,0,0,0,0,1,0,9.227197489,34,-6,290.54,0
38,1,1,903,2,3,3,1,81,3,2,2,4855,7653,4,0,11,3,1,2,7,2,3,5,2,1,4,1,0,0,0,1,0,0,0,0,0,1,0,0,0,0,1,0,8.487970333,1.75,-1,606.88,0
32,0,0,1200,1,4,4,1,62,3,2,1,4087,25174,4,0,14,3,2,1,9,3,2,6,5,1,2,1,0,0,0,0,0,1,0,0,0,0,0,1,0,0,1,0,8.315811132,2.25,-4,408.7,0
48,0,1,1108,15,4,3,0,65,3,1,1,2367,16530,8,0,12,3,4,1,10,3,2,8,2,7,6,1,0,0,0,0,1,0,0,0,0,0,0,1,0,0,1,0,7.769800996,1.25,5,215.18,0
34,0,1,479,7,4,1,1,35,3,1,4,2972,22061,1,0,13,3,3,0,1,4,1,1,0,0,0,1,0,0,0,1,0,0,0,0,0,0,0,1,0,0,0,1,7.997326823,1,0,1486,0
55,0,1,685,26,5,3,1,60,2,5,4,19586,23037,1,0,21,4,3,1,36,3,3,36,6,2,13,0,1,0,1,0,0,0,0,0,1,0,0,0,0,0,1,0,9.88262136,36,-4,529.35,0
34,0,1,1351,1,4,2,1,45,3,2,4,5484,13008,9,0,17,3,2,1,9,3,2,2,2,2,1,1,0,1,0,0,0,0,0,0,0,0,0,1,0,0,1,0,8.609772373,1,0,548.4,0
26,0,1,474,3,3,1,0,89,3,1,4,2061,11133,1,0,21,4,1,0,1,5,3,1,0,0,0,1,0,1,0,0,0,0,0,0,0,0,0,1,0,0,1,0,7.631431665,1,0,1030.5,0
38,0,1,1245,14,3,3,1,80,3,2,2,9924,12355,0,0,11,3,4,1,10,3,3,9,8,7,7,0,1,1,0,0,0,0,0,0,0,0,0,0,1,0,1,0,9.202812106,10,-1,902.18,0
38,0,1,437,16,3,2,0,90,3,2,2,4198,16379,2,0,12,3,2,0,8,5,4,3,2,1,2,0,1,1,0,0,0,0,0,0,0,0,0,0,1,0,0,1,8.342601681,4,-1,466.44,0
36,0,1,884,1,4,2,0,73,3,2,3,6815,21447,6,0,13,3,1,0,15,5,3,1,0,0,0,0,1,1,0,0,0,0,0,0,0,0,0,0,1,0,0,1,8.827028069,2.5,0,425.94,0
29,0,1,1370,3,1,2,1,87,3,1,1,4723,16213,1,1,18,3,4,0,10,3,3,10,9,1,5,1,0,0,0,1,0,0,0,1,0,0,0,0,0,0,0,1,8.460411177,10,-8,429.36,0
35,0,1,670,10,4,1,0,51,3,2,3,6142,4223,3,1,16,3,3,0,10,4,3,5,2,0,4,1,0,0,0,1,0,0,0,0,0,0,0,0,0,0,0,1,8.723068501,3.333333333,-2,558.36,0
39,0,1,1462,6,3,4,1,38,4,3,3,8237,4658,2,0,11,3,1,1,11,3,3,7,6,7,6,0,1,0,0,1,0,0,0,0,0,0,0,0,1,0,1,0,9.016512875,5.5,1,686.42,0
29,0,2,995,2,1,1,1,87,3,2,4,8853,24483,1,0,19,3,4,1,6,0,4,6,4,1,3,1,0,1,0,0,0,0,0,0,0,0,0,0,0,0,0,0,9.088624613,6,-3,1264.71,0
50,0,1,264,9,3,3,1,59,3,5,3,19331,19519,4,1,16,3,3,1,27,2,3,1,0,0,0,0,1,0,1,0,0,0,0,0,1,0,0,0,0,0,1,0,9.869517033,6.75,0,690.39,0
23,0,1,977,10,3,4,1,45,4,1,3,2073,12826,2,0,16,3,4,1,4,2,3,2,2,2,2,1,0,0,0,0,0,1,0,0,0,0,0,1,0,0,1,0,7.637234389,2,0,414.6,0
36,0,2,1302,6,4,1,1,80,4,2,1,5562,19711,3,1,13,3,4,1,9,3,3,3,2,0,2,1,0,1,0,0,0,0,0,1,0,0,0,0,0,0,1,0,8.62389281,3,-2,556.2,0
42,0,1,1059,9,2,4,1,93,2,5,4,19613,26362,8,0,22,4,4,0,24,2,3,1,0,0,1,1,0,0,0,0,1,0,0,0,1,0,0,0,0,0,0,1,9.883998876,3,0,784.52,0
35,0,1,750,28,3,2,1,46,4,2,3,3407,25348,1,0,17,3,4,2,10,3,2,10,9,6,8,1,0,1,0,0,0,0,0,1,0,0,0,0,0,0,1,0,8.133880888,10,-3,309.73,0
34,0,2,653,10,4,4,1,92,2,2,3,5063,15332,1,0,14,3,2,1,8,3,2,8,2,7,7,1,0,0,0,0,0,1,0,0,0,0,0,0,0,0,1,0,8.529911964,8,5,562.56,0
40,0,1,118,14,2,4,0,84,3,2,1,4639,11262,1,0,15,3,3,1,5,2,3,5,4,1,2,0,1,1,0,0,0,0,0,0,0,0,0,0,1,0,1,0,8.442469645,5,-3,773.17,0
43,0,1,990,27,3,4,1,87,4,1,2,4876,5855,5,0,12,3,3,1,8,0,3,6,4,0,2,1,0,0,0,0,0,1,0,1,0,0,0,0,0,0,0,0,8.492285556,1.6,-4,541.78,0
35,0,1,1349,7,2,3,1,63,2,1,4,2690,7713,1,0,18,3,4,1,1,5,2,1,0,0,1,1,0,1,0,0,0,0,0,1,0,0,0,0,0,0,1,0,7.897668151,1,0,1345,0
46,0,1,563,1,4,4,1,56,4,4,1,17567,3156,1,0,15,3,2,0,27,5,1,26,0,0,12,0,1,1,0,0,0,0,0,0,1,0,0,0,0,0,0,1,9.773834344,27,0,627.39,0
28,1,1,329,24,3,3,1,51,3,1,2,2408,7324,1,1,17,3,3,3,1,3,3,1,1,0,0,1,0,0,0,1,0,0,0,1,0,0,0,0,0,0,1,0,7.786967003,1,-1,1204,0
22,0,0,457,26,2,2,0,85,2,1,3,2814,10293,1,1,14,3,2,0,4,2,2,4,2,1,3,1,0,0,0,0,1,0,0,0,0,0,0,1,0,0,1,0,7.942717541,4,-1,562.8,0
50,0,2,1234,20,5,2,1,41,3,4,3,11245,20689,2,1,15,3,3,1,32,3,3,30,8,12,13,1,0,0,0,1,0,0,0,0,0,0,0,0,0,0,1,0,9.327767789,16,4,340.76,0
32,0,1,634,5,4,2,0,35,4,1,4,3312,18783,3,0,17,3,4,2,6,3,3,3,2,0,2,1,0,0,0,0,1,0,0,0,0,0,0,1,0,0,1,0,8.105609402,2,-2,473.14,0
44,0,1,1313,7,3,2,0,31,3,5,4,19049,3549,0,1,14,3,4,1,23,4,2,22,7,1,10,1,0,0,0,1,0,0,0,0,0,0,1,0,0,0,0,0,9.854822381,23,-6,793.71,0
30,0,1,241,7,3,2,1,48,2,1,2,2141,5348,1,0,12,3,2,1,6,3,2,6,4,1,1,1,0,0,0,1,0,0,0,0,0,0,0,1,0,0,1,0,7.669495251,6,-3,305.86,0
45,0,1,1015,5,5,3,0,50,1,2,1,5769,23447,1,1,14,3,1,0,10,3,3,10,7,1,4,1,0,0,0,1,0,0,0,1,0,0,0,0,0,0,0,1,8.66042736,10,-6,524.45,0
45,0,0,336,26,3,1,1,52,2,2,1,4385,24162,1,0,15,3,1,1,10,2,3,10,7,4,5,0,1,0,1,0,0,0,0,0,0,0,0,0,1,0,1,0,8.386172929,10,-3,398.64,0
31,0,2,715,2,4,4,1,54,3,2,1,5332,21602,7,0,13,3,4,0,10,3,3,5,2,0,3,0,1,0,0,0,1,0,0,0,0,0,0,0,1,0,0,1,8.581669211,1.428571429,-2,484.73,1
36,0,1,559,12,4,3,0,76,3,2,3,4663,12421,9,1,12,3,2,2,7,2,3,3,2,1,1,1,0,1,0,0,0,0,0,0,0,1,0,0,0,0,1,0,8.447628728,0.777777778,-1,582.88,0
34,0,2,426,10,4,3,1,42,4,2,4,4724,17000,1,0,13,3,1,1,9,3,3,9,7,7,2,1,0,1,0,0,0,0,0,0,0,1,0,0,0,0,0,0,8.46062284,9,0,472.4,0
49,0,1,722,25,4,3,0,84,3,1,1,3211,22102,1,0,14,3,4,1,10,3,2,9,6,1,4,1,0,1,0,0,0,0,0,1,0,0,0,0,0,0,1,0,8.074649075,10,-5,291.91,0
39,0,1,1387,10,5,2,1,76,3,2,1,5377,3835,2,0,13,3,4,3,10,3,3,7,7,7,7,1,0,0,0,1,0,0,0,0,0,1,0,0,0,0,1,0,8.590071837,5,0,488.82,0
27,0,1,1302,19,3,4,1,67,2,1,1,4066,16290,1,0,11,3,1,2,7,3,3,7,7,0,7,1,0,0,0,0,1,0,0,1,0,0,0,0,0,0,0,0,8.310660906,7,-7,508.25,0
35,0,1,819,18,5,2,1,48,4,2,1,5208,26312,1,0,11,3,4,0,16,2,3,16,15,1,10,1,0,1,0,0,0,0,0,0,0,0,0,1,0,0,1,0,8.558143178,16,-14,306.35,0
28,0,1,580,27,3,2,0,39,1,2,1,4877,20460,0,0,21,4,2,1,6,5,2,5,3,0,0,1,0,0,0,1,0,0,0,0,0,1,0,0,0,0,0,0,8.492490579,6,-3,696.71,0
21,0,1,546,5,1,3,1,97,3,1,4,3117,26009,1,0,18,3,3,0,3,2,3,2,2,2,2,1,0,0,0,1,0,0,0,0,0,0,0,1,0,0,0,1,8.04494705,3,0,779.25,0
18,1,2,544,3,2,2,0,70,3,1,4,1569,18420,1,1,12,3,3,0,0,2,4,0,0,0,0,0,1,0,0,1,0,0,0,0,0,0,0,0,0,1,0,1,7.358830898,0,0,1569,1
47,0,1,1176,26,4,4,0,98,3,5,3,19658,5220,3,0,11,3,3,1,27,2,3,5,2,1,0,0,0,1,0,0,0,0,0,0,1,0,0,0,0,0,1,0,9.886290528,9,-1,702.07,0
39,0,1,170,3,2,3,1,76,2,2,3,3069,10302,0,0,15,3,4,1,11,3,3,10,8,0,7,1,0,0,0,1,0,0,0,1,0,0,0,0,0,0,0,0,8.029432841,11,-8,255.75,0
40,0,1,884,15,3,1,0,80,2,3,3,10435,25800,1,0,13,3,4,2,18,2,3,18,15,14,12,1,0,1,0,0,0,0,0,0,0,1,0,0,0,0,1,0,9.253016646,18,-1,549.21,0
35,0,0,208,8,4,3,0,52,3,2,3,4148,12250,1,0,12,3,4,1,15,5,3,14,11,2,9,1,0,1,0,0,0,0,0,0,0,0,0,0,0,0,1,0,8.33062262,15,-9,259.25,0
37,0,1,671,19,3,3,1,85,3,2,3,5768,26493,3,0,17,3,1,3,9,2,2,4,3,0,2,1,0,1,0,0,0,0,0,0,0,1,0,0,0,0,1,0,8.660254034,3,-3,576.8,0
39,0,2,711,4,3,1,0,81,3,2,3,5042,3140,0,0,13,3,4,0,10,2,1,9,2,3,8,1,0,0,0,1,0,0,0,0,0,1,0,0,0,0,0,1,8.525756422,10,1,458.36,0
45,0,1,1329,2,2,4,0,59,2,2,4,5770,5388,1,0,19,3,1,2,10,3,3,10,7,3,9,1,0,0,0,0,1,0,0,0,0,1,0,0,0,0,0,0,8.660600655,10,-4,524.55,0
38,0,1,397,2,2,4,0,54,2,3,3,7756,14199,3,1,19,3,4,1,10,6,4,5,4,0,2,1,0,0,0,1,0,0,0,0,0,1,0,0,0,0,1,0,8.95635094,3.333333333,-4,705.09,0
35,1,1,737,10,3,4,1,55,2,3,1,10306,21530,9,0,17,3,3,0,15,3,3,13,12,6,0,0,1,0,0,1,0,0,0,0,0,0,0,0,1,0,1,0,9.240578555,1.666666667,-6,644.12,0
37,0,1,1470,10,3,2,0,71,3,1,2,3936,9953,1,0,11,3,1,1,8,2,1,8,4,7,7,1,0,0,0,1,0,0,0,0,0,0,0,1,0,0,1,0,8.278174291,8,3,437.33,0
40,0,1,448,16,3,3,0,84,3,3,4,7945,19948,6,1,15,3,4,0,18,2,2,4,2,3,3,1,0,1,0,0,0,0,0,0,0,1,0,0,0,0,0,1,8.980423936,3,1,418.16,0
44,0,2,602,1,5,1,1,37,3,2,4,5743,10503,4,1,11,3,3,0,14,3,3,10,7,0,2,0,0,0,0,0,0,0,1,0,0,0,0,0,0,0,1,0,8.655911111,3.5,-7,382.87,0
48,0,2,365,4,5,3,1,89,2,4,4,15202,5602,2,0,25,4,2,1,23,3,3,2,2,2,2,1,0,0,0,1,0,0,0,0,1,0,0,0,0,0,1,0,9.629248056,11.5,0,633.42,0
35,1,1,763,15,2,1,1,59,1,2,4,5440,22098,6,1,14,3,4,2,7,2,2,2,2,2,2,0,1,0,0,1,0,0,0,0,0,0,0,0,1,0,0,0,8.601718146,1.166666667,0,680,0
24,0,2,567,2,1,1,0,32,3,1,4,3760,17218,1,1,13,3,3,0,6,2,3,6,3,1,3,1,0,0,0,0,0,1,0,0,0,0,0,1,0,0,0,1,8.232440158,6,-2,537.14,1
27,0,1,486,8,3,2,0,86,4,1,3,3517,22490,7,0,17,3,1,0,5,0,3,3,2,0,2,1,0,0,0,1,0,0,0,0,0,0,0,1,0,0,1,0,8.165647925,0.714285714,-2,586.17,0
27,0,2,591,2,3,4,1,87,3,1,4,2580,6297,2,0,13,3,3,0,6,0,2,4,2,1,2,1,0,0,0,1,0,0,0,0,0,0,0,1,0,0,0,1,7.8559322,3,-1,368.57,1
40,1,1,1329,7,3,1,1,73,3,1,1,2166,3339,3,1,14,3,2,0,10,3,1,4,2,0,3,1,0,1,0,0,0,0,0,1,0,0,0,0,0,0,0,1,7.681099002,3.333333333,-2,196.91,0
29,0,1,469,10,3,3,1,42,2,2,3,5869,23413,9,0,11,3,3,0,8,2,3,5,2,1,4,0,1,0,0,1,0,0,0,0,0,0,0,0,1,0,0,1,8.677609913,0.888888889,-1,652.11,0
36,0,1,711,5,4,2,0,42,3,3,1,8008,22792,4,0,12,3,3,2,9,6,3,3,2,0,2,1,0,1,0,0,0,0,0,0,0,0,0,0,0,0,1,0,8.988321188,2.25,-2,800.8,0
25,0,2,772,2,1,4,1,77,4,2,3,5206,4973,1,0,17,3,3,2,7,6,3,7,7,0,7,1,0,1,0,0,0,0,0,0,0,1,0,0,0,0,0,0,8.557759153,7,-7,650.75,0
39,0,1,492,12,3,4,1,66,3,2,2,5295,7693,4,0,21,4,3,0,7,3,3,5,4,1,0,1,0,0,0,1,0,0,0,0,0,1,0,0,0,0,1,0,8.574707098,1.75,-3,661.88,0
49,0,1,301,22,4,1,0,72,3,4,2,16413,3498,3,0,16,3,2,2,27,2,3,4,2,1,2,1,0,0,0,0,1,0,0,0,0,0,1,0,0,0,1,0,9.705889908,9,-1,586.18,0
50,0,1,813,17,5,4,0,50,2,3,1,13269,21981,5,0,15,3,3,3,19,3,3,14,11,1,11,1,0,1,0,0,0,0,0,0,0,0,1,0,0,0,0,0,9.493261127,3.8,-10,663.45,0
20,0,1,1141,2,3,3,0,31,3,1,3,2783,13251,1,0,19,3,1,0,2,3,3,2,2,2,2,0,1,0,0,1,0,0,0,0,0,0,0,0,0,1,0,1,7.931644021,2,0,927.67,0
34,0,1,1130,3,3,4,0,66,3,2,2,5433,19332,1,0,12,3,3,1,11,2,3,11,8,7,9,1,0,1,0,0,0,0,0,0,0,0,0,1,0,0,0,0,8.60043079,11,-1,452.75,0
36,0,1,311,7,3,1,1,77,3,1,2,2013,10950,2,0,11,3,3,0,15,4,3,4,3,1,3,1,0,1,0,0,0,0,0,1,0,0,0,0,0,0,0,1,7.607878073,7.5,-2,125.81,0
49,0,1,465,6,1,3,0,41,2,4,3,13966,11652,2,1,19,3,2,1,30,3,3,15,11,2,12,1,0,1,0,0,0,0,0,0,0,0,0,0,0,0,1,0,9.544452683,15,-9,450.52,0
36,0,0,894,1,4,4,0,33,2,2,3,4374,15411,0,0,15,3,3,0,4,6,3,3,2,1,2,1,0,0,0,1,0,0,0,0,0,1,0,0,0,0,1,0,8.383661799,4,-1,874.8,0
36,0,1,1040,3,2,4,1,79,4,2,1,6842,26308,6,0,20,4,1,1,13,3,3,5,4,0,4,1,0,1,0,0,0,0,0,0,0,0,0,0,0,0,0,0,8.830981511,2.166666667,-4,488.71,0
54,0,1,584,22,5,2,0,91,3,4,3,17426,18685,3,0,25,4,3,1,36,6,3,10,8,4,7,1,0,0,0,1,0,0,0,0,1,0,0,0,0,0,1,0,9.765776007,12,-4,470.97,0
43,0,1,1291,15,2,3,1,65,2,4,3,17603,3525,1,0,24,4,1,1,14,3,3,14,10,6,11,1,0,1,0,0,0,0,0,0,0,0,1,0,0,0,1,0,9.775881428,14,-4,1173.53,0
35,1,2,880,12,4,4,1,36,3,2,4,4581,10414,3,1,24,4,1,0,13,2,4,11,9,6,7,0,1,0,0,0,1,0,0,0,0,0,0,0,1,0,0,1,8.429890863,4.333333333,-3,327.21,0
38,0,2,1189,1,3,4,1,90,3,2,4,4735,9867,7,0,15,3,4,2,19,4,4,13,11,2,9,1,0,1,0,0,0,0,0,0,0,0,0,1,0,0,1,0,8.462948177,2.714285714,-9,236.75,0
29,0,1,991,5,3,1,1,43,2,2,2,4187,3356,1,1,13,3,2,1,10,3,2,10,0,0,9,0,1,0,0,1,0,0,0,0,0,0,0,0,1,0,0,0,8.339978572,10,0,380.64,0
33,0,1,392,2,4,4,1,93,3,2,4,5505,3921,1,0,14,3,3,2,6,5,3,6,2,0,4,0,1,0,0,1,0,0,0,0,0,0,0,0,1,0,0,0,8.613593686,6,-2,786.43,0
32,0,1,977,2,3,4,1,45,3,2,2,5470,25518,0,0,13,3,3,2,10,4,2,9,5,1,6,1,0,0,0,1,0,0,0,0,0,0,0,1,0,0,0,0,8.607216694,10,-4,497.27,0
31,0,1,1112,5,4,1,0,67,3,2,4,5476,22589,1,0,11,3,1,2,10,2,3,10,0,0,2,0,1,1,0,0,0,0,0,0,0,0,0,0,1,0,1,0,8.608312785,10,0,497.82,0
49,0,1,464,16,3,4,0,74,3,1,1,2587,24941,4,1,16,3,2,1,17,2,2,2,2,2,2,1,0,0,0,1,0,0,0,1,0,0,0,0,0,0,0,0,7.858640656,4.25,0,143.72,0
38,0,2,148,2,3,4,0,42,2,1,2,2440,23826,1,0,22,4,2,0,4,3,3,4,3,3,3,1,0,0,0,1,0,0,0,1,0,0,0,0,0,0,0,1,7.80016307,4,0,488,0
47,0,1,1225,2,4,2,0,47,4,4,2,15972,21086,6,0,14,3,3,3,29,2,3,3,2,1,2,0,1,1,0,0,0,0,0,0,1,0,0,0,0,0,0,0,9.678655076,4.833333333,-1,532.4,0
49,0,1,809,1,3,3,1,36,3,4,3,15379,22384,4,0,14,3,1,0,23,2,3,8,7,0,0,1,0,1,0,0,0,0,0,0,1,0,0,0,0,0,0,1,9.640823243,5.75,-7,640.79,0
41,0,1,1206,23,2,4,1,80,3,3,3,7082,11591,3,1,16,3,4,0,21,2,3,2,0,0,2,0,1,1,0,0,0,0,0,0,0,0,0,0,1,0,0,1,8.865452826,7,0,321.91,0
20,0,1,727,9,1,4,1,54,3,1,1,2728,21082,1,0,11,3,1,0,2,3,3,2,2,0,2,0,1,1,0,0,0,0,0,0,0,0,0,0,0,1,0,1,7.911690521,2,-2,909.33,0
33,0,0,530,16,3,3,0,36,3,2,4,5368,16130,1,1,25,4,3,1,7,2,3,6,5,1,2,0,1,1,0,0,0,0,0,0,0,0,0,0,1,0,0,0,8.58839695,7,-4,671,0
36,0,1,1351,26,4,1,1,80,3,2,3,5347,7419,6,0,14,3,2,2,10,2,2,3,2,0,2,1,0,1,0,0,0,0,0,0,0,0,0,0,0,0,1,0,8.584477938,1.666666667,-2,486.09,0
44,0,1,528,1,3,3,0,44,3,1,4,3195,4167,4,1,18,3,1,3,8,2,3,2,2,2,2,0,0,1,0,0,0,0,1,0,0,0,0,0,0,0,0,0,8.069655307,2,0,355,0
23,1,1,1320,8,1,4,1,93,2,1,3,3989,20586,1,1,11,3,1,0,5,2,3,5,4,1,2,1,0,0,0,1,0,0,0,1,0,0,0,0,0,0,0,1,8.29154651,5,-3,664.83,0
38,0,1,1495,4,2,4,0,87,3,1,3,3306,26176,7,0,19,3,4,1,7,5,2,0,0,0,0,1,0,0,0,1,0,0,0,1,0,0,0,0,0,0,1,0,8.103796713,1,0,413.25,0
53,0,1,1395,24,4,2,1,48,4,3,4,7005,3458,3,0,15,3,3,0,11,2,3,4,3,1,2,1,0,0,0,1,0,0,0,0,0,0,0,0,0,0,1,0,8.854522204,3.666666667,-2,583.75,0
48,1,2,708,7,2,4,0,95,3,1,3,2655,11740,2,1,11,3,3,2,19,3,3,9,7,7,7,0,1,0,0,1,0,0,0,0,0,0,0,0,0,1,1,0,7.884576511,9.5,0,132.75,0
32,1,1,1259,2,4,4,1,95,3,1,2,1393,24852,1,0,12,3,1,0,1,2,3,1,0,0,0,1,0,1,0,0,0,0,0,1,0,0,0,0,0,0,0,1,7.239932591,1,0,696.5,0
26,0,0,786,7,3,4,1,76,3,1,4,2570,11925,1,0,20,4,3,0,7,5,3,7,7,5,7,1,0,0,0,1,0,0,0,1,0,0,0,0,0,0,0,1,7.852050207,7,-2,321.25,0
55,0,1,1441,22,3,1,1,94,2,1,2,3537,23737,5,0,12,3,4,1,8,1,3,4,2,1,2,1,0,0,0,0,0,1,0,0,0,0,0,1,0,0,0,0,8.171316875,1.6,-1,393,0
34,0,1,1157,5,2,2,1,57,2,2,4,3986,11912,1,0,14,3,3,1,15,3,4,15,10,4,13,1,0,0,0,1,0,0,0,1,0,0,0,0,0,0,1,0,8.290794347,15,-6,249.12,0
60,0,1,370,1,4,3,1,92,1,3,4,10883,20467,3,0,20,4,3,1,19,2,4,1,0,0,0,1,0,0,0,1,0,0,0,0,0,0,0,0,0,0,0,0,9.2950491,6.333333333,0,544.15,0
33,0,1,267,21,3,2,1,79,4,1,2,2028,13637,1,0,18,3,4,3,14,6,3,14,11,2,13,1,0,0,0,1,0,0,0,1,0,0,0,0,0,0,1,0,7.61529834,14,-9,135.2,0
37,0,2,1278,1,4,3,1,31,1,2,4,9525,7677,1,0,14,3,3,2,6,2,2,6,3,1,3,0,1,0,0,1,0,0,0,0,0,0,0,0,1,0,0,0,9.161780181,6,-2,1360.71,0
34,0,1,678,19,3,2,0,35,2,1,4,2929,20338,1,0,12,3,2,0,10,3,3,10,9,8,7,1,0,1,0,0,0,0,0,0,0,0,0,1,0,0,1,0,7.982757702,10,-1,266.27,0
23,1,1,427,7,3,3,1,99,3,1,4,2275,25103,1,1,21,4,2,1,3,2,3,3,2,0,2,0,1,1,0,0,0,0,0,0,0,0,0,0,0,1,0,0,7.730174795,3,-2,568.75,0
44,0,1,921,2,3,3,0,96,4,3,4,7879,14810,1,1,19,3,2,1,9,2,3,8,7,6,7,1,0,1,0,0,0,0,0,0,0,0,0,0,0,0,1,0,8.972083183,9,-1,787.9,0
35,0,2,146,2,4,1,1,79,2,1,4,4930,13970,0,1,14,3,3,0,6,2,4,5,4,1,4,1,0,0,0,1,0,0,0,0,0,0,0,1,0,0,0,1,8.503297086,6,-3,704.29,0
43,0,1,1179,2,3,4,1,73,3,2,4,7847,6069,1,1,17,3,1,1,10,3,3,10,9,8,8,0,1,0,0,1,0,0,0,0,0,0,0,0,1,0,1,0,8.968014001,10,-1,713.36,0
24,0,1,581,9,3,3,1,62,4,1,3,4401,17616,1,0,16,3,4,1,5,1,3,5,3,0,4,1,0,0,0,1,0,0,0,0,0,0,0,1,0,0,1,0,8.389814262,5,-3,733.5,0
41,0,1,918,6,3,4,1,35,3,3,3,9241,15869,1,0,12,3,2,0,10,3,3,10,8,8,7,0,1,0,1,0,0,0,0,0,0,0,0,0,1,0,0,1,9.131513591,10,0,840.09,0
29,0,1,1082,9,4,4,0,43,3,1,3,2974,25412,9,0,17,3,3,1,9,2,3,5,3,1,2,1,0,0,0,1,0,0,0,1,0,0,0,0,0,0,1,0,7.997999318,1,-2,297.4,0
36,0,1,530,2,4,3,0,51,3,2,4,4502,7439,3,0,15,3,3,0,17,2,2,13,7,6,7,0,1,1,0,0,0,0,0,0,0,0,0,0,0,1,0,1,8.41249912,5.666666667,-1,250.11,0
45,0,0,1238,1,1,3,1,74,2,3,3,10748,3395,3,0,23,4,4,1,25,3,2,23,15,14,4,1,0,1,0,0,0,0,0,0,0,0,0,0,0,0,1,0,9.282568006,8.333333333,-1,413.38,0
24,1,1,240,22,1,4,1,58,1,1,3,1555,11585,1,0,11,3,3,1,1,2,3,1,0,0,0,0,0,0,0,0,0,0,1,0,0,0,0,0,0,0,1,0,7.349873705,1,0,777.5,0
47,1,2,1093,9,3,3,1,82,1,4,3,12936,24164,7,0,11,3,3,0,25,3,1,23,5,14,10,0,1,1,0,0,0,0,0,0,0,0,0,0,1,0,1,0,9.467846702,3.571428571,9,497.54,0
26,0,1,390,17,4,4,1,62,1,1,3,2305,6217,1,0,15,3,3,3,3,3,4,3,2,0,2,1,0,0,0,1,0,0,0,1,0,0,0,0,0,0,1,0,7.743269701,3,-2,576.25,0
45,0,1,1005,28,2,4,0,48,2,4,2,16704,17119,1,0,11,3,3,0,21,2,3,21,6,8,6,1,0,0,0,0,0,1,0,0,0,0,1,0,0,0,0,1,9.723463355,21,2,759.27,0
32,0,2,585,10,3,1,1,56,3,1,3,3433,17360,6,0,13,3,1,1,10,3,2,5,2,1,3,1,0,1,0,0,0,0,0,0,0,0,0,1,0,0,1,0,8.141481041,1.666666667,-1,312.09,0
31,0,1,741,2,4,2,1,69,3,1,3,3477,18103,1,0,14,3,4,1,6,2,4,5,2,0,3,1,0,1,0,0,0,0,0,1,0,0,0,0,0,0,1,0,8.154212695,6,-2,496.71,0
41,0,0,552,4,3,3,1,60,1,2,2,6430,20794,6,0,19,3,2,1,10,4,3,3,2,1,2,0,0,0,0,0,0,0,1,0,0,0,0,0,0,0,1,0,8.768885326,1.666666667,-1,584.55,0
40,0,1,369,8,2,2,0,92,3,2,1,6516,5041,2,1,16,3,2,1,18,3,3,1,0,0,0,1,0,1,0,0,0,0,0,0,0,1,0,0,0,0,1,0,8.782169426,9,0,342.95,0
24,0,1,506,29,1,2,1,91,3,1,1,3907,3622,1,0,13,3,2,3,6,2,4,6,2,1,2,1,0,0,0,1,0,0,0,1,0,0,0,0,0,0,0,0,8.270781013,6,-1,558.14,0
46,0,1,717,13,4,3,1,34,3,2,2,5562,9697,6,0,14,3,4,0,19,3,3,10,7,0,9,1,0,1,0,0,0,0,0,0,0,0,0,0,0,0,0,1,8.62389281,3.166666667,-7,278.1,0
35,0,1,1370,27,4,4,1,49,3,2,3,6883,5151,2,0,16,3,2,1,17,3,3,7,7,0,7,1,0,1,0,0,0,0,0,0,0,1,0,0,0,0,1,0,8.836955157,8.5,-7,382.39,0
30,0,1,793,16,1,2,1,33,3,1,4,2862,3811,1,0,12,3,2,1,10,2,2,10,0,0,8,1,0,1,0,0,0,0,0,0,0,0,0,1,0,0,1,0,7.959625305,10,0,260.18,0
47,0,0,543,2,4,3,1,87,3,2,2,4978,3536,7,0,11,3,4,1,4,3,1,1,0,0,0,0,1,0,1,0,0,0,0,0,0,0,0,0,1,0,1,0,8.512984347,0.571428571,0,995.6,0
46,0,1,1277,2,3,3,1,74,3,3,4,10368,5596,4,1,12,3,2,1,13,5,2,10,6,0,3,0,1,1,0,0,0,0,0,0,0,0,0,0,1,0,0,0,9.246575865,3.25,-6,740.57,0
36,1,1,1456,13,5,2,1,96,2,2,1,6134,8658,5,1,13,3,2,3,16,3,3,2,2,2,2,0,1,0,1,0,0,0,0,0,0,0,0,0,1,0,0,0,8.721765357,3.2,0,360.82,0
32,1,1,964,1,2,1,1,34,1,2,2,6735,12147,6,0,15,3,2,0,10,2,3,0,0,0,0,0,1,1,0,0,0,0,0,0,0,0,0,0,1,0,0,1,8.815221556,1.666666667,0,612.27,0
23,0,1,160,4,1,3,0,51,3,1,2,3295,12862,1,0,13,3,3,0,3,3,1,3,2,1,2,1,0,0,0,1,0,0,0,1,0,0,0,0,0,0,0,1,8.100464891,3,-1,823.75,0
31,0,2,163,24,1,4,0,30,3,2,4,5238,6670,2,0,20,4,4,0,9,3,2,5,4,1,4,1,0,0,0,0,0,1,0,0,0,1,0,0,0,0,0,1,8.563885919,4.5,-3,523.8,1
39,0,0,792,1,3,4,1,77,3,2,4,6472,8989,1,1,15,3,4,1,9,2,3,9,8,5,8,1,0,1,0,0,0,0,0,1,0,0,0,0,0,0,1,0,8.775394959,9,-3,647.2,0
32,0,1,371,19,3,4,1,80,1,3,3,9610,3840,3,0,13,3,3,1,10,2,1,4,3,0,2,0,1,1,0,0,0,0,0,0,0,0,0,0,1,0,1,0,9.170663555,3.333333333,-3,873.64,0
40,0,1,611,7,4,2,1,88,3,5,2,19833,4349,1,0,14,3,2,0,21,3,2,21,8,12,8,0,1,0,0,1,0,0,0,0,1,0,0,0,0,0,0,1,9.895152916,21,4,901.5,0
45,0,1,176,4,3,3,0,56,1,3,3,9756,6595,4,0,21,4,3,2,9,2,4,5,0,0,3,0,0,1,0,0,0,0,1,0,0,0,0,0,0,0,1,0,9.185740255,2.25,0,975.6,0
30,0,2,1312,2,4,4,0,78,2,1,1,4968,26427,0,0,16,3,4,0,10,2,3,9,7,0,7,1,0,0,0,0,0,1,0,0,0,0,0,1,0,0,0,1,8.510973892,10,-7,451.64,1
24,0,2,897,10,3,1,1,59,3,1,4,2145,2097,0,0,14,3,4,1,3,2,3,2,2,2,1,0,0,0,0,1,0,0,1,0,0,0,0,0,0,0,1,0,7.671360923,3,0,536.25,0
30,1,2,600,8,3,3,0,66,2,1,4,2180,9732,6,0,11,3,3,1,6,0,2,4,2,1,2,0,0,0,0,0,0,0,1,0,0,0,0,0,0,0,0,0,7.687538766,1,-1,311.43,0
31,0,1,1003,5,3,1,1,51,3,2,3,8346,20943,1,0,19,3,3,1,6,3,3,5,2,0,2,0,1,0,0,0,0,1,0,0,0,0,0,0,1,0,1,0,9.029657472,6,-2,1192.29,0
27,0,1,1054,8,3,3,0,67,3,1,4,3445,6152,1,0,11,3,3,0,6,5,2,6,2,1,4,1,0,0,0,1,0,0,0,0,0,0,0,1,0,0,0,1,8.144969417,6,-1,492.14,0
29,1,1,428,9,3,2,0,52,1,1,2,2760,14630,1,0,13,3,3,0,2,3,3,2,2,2,2,0,1,0,1,0,0,0,0,0,0,0,0,0,0,1,0,1,7.923348212,2,0,920,0
29,0,2,461,1,3,4,1,70,4,2,3,6294,23060,8,1,12,3,4,0,10,5,4,3,2,0,2,1,0,1,0,0,0,0,0,0,0,0,0,0,0,0,0,1,8.747510946,1.25,-2,572.18,1
30,0,1,979,15,2,3,1,94,2,3,1,7140,3088,2,0,11,3,1,1,12,2,3,7,7,1,7,0,1,0,1,0,0,0,0,0,0,0,0,0,1,0,0,0,8.873608102,6,-6,549.23,0
34,0,1,181,2,4,4,1,97,4,1,4,2932,5586,0,1,14,3,1,3,6,3,3,5,0,1,2,1,0,0,0,1,0,0,0,0,0,0,0,1,0,0,1,0,7.983781069,6,1,418.86,0
33,0,0,1283,2,3,4,0,62,3,2,2,5147,10697,8,0,15,3,4,0,13,2,2,11,7,1,7,0,1,0,1,0,0,0,0,0,0,0,0,0,1,0,0,1,8.546363569,1.625,-6,367.64,0
49,0,1,1313,11,4,4,0,80,3,2,4,4507,8191,3,0,12,3,3,0,8,1,4,5,1,0,4,0,1,0,1,0,0,0,0,0,0,0,0,0,1,0,0,1,8.413608875,2.666666667,-1,500.78,0
33,1,1,211,16,3,1,0,74,3,3,1,8564,10092,2,1,20,4,3,0,11,2,2,0,0,0,0,0,1,1,0,0,0,0,0,0,0,0,0,0,1,0,0,1,9.055439411,5.5,0,713.67,0
38,0,2,594,2,2,3,0,75,2,1,2,2468,15963,4,0,14,3,2,1,9,4,2,6,1,0,5,1,0,0,0,1,0,0,0,1,0,0,0,0,0,0,1,0,7.811568489,2.25,-1,246.8,0
31,1,1,1079,16,4,1,1,70,3,3,3,8161,19002,2,0,13,3,1,3,10,2,3,1,0,0,0,0,1,0,1,0,0,0,0,0,0,0,0,0,1,0,1,0,9.007244516,5,0,741.91,0
29,0,1,590,4,3,4,0,91,2,1,1,2109,10007,1,0,13,3,3,1,1,2,3,1,0,0,0,1,0,0,0,0,0,1,0,0,0,0,0,1,0,0,0,0,7.654443226,1,0,1054.5,0
30,0,1,305,16,3,3,1,58,4,2,3,5294,9128,3,0,16,3,3,1,10,3,3,7,0,1,7,1,0,1,0,0,0,0,0,0,0,0,0,0,0,0,1,0,8.574518258,3.333333333,1,481.27,0
32,0,0,953,5,4,2,1,65,3,1,2,2718,17674,2,0,14,3,2,0,12,3,3,7,7,0,7,1,0,0,0,0,0,1,0,0,0,0,0,1,0,0,0,1,7.908019445,6,-7,209.08,0
38,0,1,833,18,3,2,1,60,1,2,4,5811,24539,3,1,16,3,3,1,15,2,3,1,0,1,0,1,0,0,0,1,0,0,0,0,0,0,0,0,0,0,1,0,8.667680025,5,1,363.19,0
43,1,2,807,17,3,3,1,38,2,1,3,2437,15587,9,1,16,3,4,1,6,4,3,1,0,0,0,1,0,0,0,0,0,1,0,0,0,0,0,1,0,0,1,0,7.79893331,0.666666667,0,348.14,0
42,0,1,855,12,3,2,1,57,3,1,2,2766,8952,8,0,22,4,2,3,7,6,2,5,3,0,4,1,0,0,0,1,0,0,0,1,0,0,0,0,0,0,0,0,7.92551898,0.875,-3,345.75,0
55,0,1,478,2,3,3,1,60,2,5,1,19038,19805,8,0,12,3,2,3,34,2,3,1,0,0,0,1,0,0,0,1,0,0,0,0,0,0,1,0,0,0,1,0,9.854244786,4.25,0,543.94,0
33,0,0,775,4,3,4,1,90,3,2,2,3055,6194,5,0,15,3,4,2,11,2,2,9,8,1,7,1,0,0,0,0,0,1,0,0,0,0,0,1,0,0,0,0,8.02486215,2.2,-7,254.58,0
41,0,1,548,9,4,3,1,94,3,1,1,2289,20520,1,0,20,4,2,2,5,2,3,5,3,0,4,1,0,1,0,0,0,0,0,1,0,0,0,0,0,0,0,0,7.736307097,5,-3,381.5,0
34,0,0,1375,10,3,4,1,87,3,2,3,4001,12313,1,1,14,3,3,1,15,3,3,15,14,0,7,0,1,1,0,0,0,0,0,0,0,0,0,0,1,0,0,0,8.294549515,15,-14,250.06,0
53,0,0,661,1,4,1,0,60,2,4,3,12965,22308,4,1,20,4,4,3,27,2,2,3,2,0,2,1,0,0,0,1,0,0,0,0,0,1,0,0,0,0,1,0,9.470085826,6.75,-2,463.04,0
43,0,1,244,2,3,2,1,97,3,1,4,3539,5033,0,0,13,3,2,0,10,5,3,9,7,1,8,0,0,1,0,0,0,0,1,0,0,0,0,0,0,0,0,1,8.171882006,10,-6,321.73,0
34,0,1,511,3,2,4,0,32,1,2,4,6029,25353,5,0,12,3,1,0,6,3,3,2,2,2,2,0,1,1,0,0,0,0,0,0,0,0,0,0,1,0,0,1,8.70450229,1.2,0,861.29,0
21,1,1,337,7,1,2,1,31,3,1,2,2679,4567,1,0,13,3,2,0,1,3,3,1,0,1,0,0,1,0,1,0,0,0,0,0,0,0,0,0,0,1,0,1,7.893572074,1,1,1339.5,0
38,0,1,1153,6,2,4,0,40,2,1,3,3702,16376,1,0,11,3,2,1,5,3,3,5,4,0,4,1,0,0,0,0,1,0,0,1,0,0,0,0,0,0,1,0,8.216898581,5,-4,617,0
22,1,1,1294,8,1,3,0,79,3,1,1,2398,15999,1,1,17,3,3,0,1,6,3,1,0,0,0,1,0,0,0,1,0,0,0,1,0,0,0,0,0,0,1,0,7.782807263,1,0,1199,0
31,0,1,196,29,4,1,0,91,2,2,4,5468,13402,1,0,14,3,1,2,13,3,3,12,7,5,7,0,1,0,1,0,0,0,0,0,0,0,0,0,1,0,1,0,8.606851063,13,-2,390.57,0
51,0,1,942,3,3,1,0,53,3,3,3,13116,22984,2,0,11,3,4,0,15,2,3,2,2,2,2,1,0,0,0,0,0,1,0,0,1,0,0,0,0,0,1,0,9.481664378,7.5,0,819.75,0
37,0,1,589,9,2,2,1,46,2,2,2,4189,8800,1,0,14,3,1,2,5,2,3,5,2,0,3,0,1,0,1,0,0,0,0,0,0,0,0,0,1,0,1,0,8.340456013,5,-2,698.17,0
46,0,1,734,2,4,3,1,46,3,5,4,19328,14218,7,1,17,3,3,1,24,3,3,2,1,2,2,1,0,0,0,1,0,0,0,0,0,0,1,0,0,0,0,0,9.869361838,3.428571429,1,773.12,0
36,0,1,1383,10,3,4,1,90,3,3,1,8321,25949,7,1,13,3,4,1,15,1,3,12,8,5,7,1,0,1,0,0,0,0,0,0,0,0,0,0,0,0,1,0,9.02665789,2.142857143,-3,520.06,0
44,1,2,429,1,2,3,1,99,3,1,2,2342,11092,1,1,12,3,3,3,6,2,2,5,3,2,3,1,0,0,0,1,0,0,0,0,0,0,0,1,0,0,0,0,7.759187439,6,-1,334.57,0
37,0,1,1239,8,2,3,1,89,3,2,2,4071,12832,2,0,13,3,3,0,19,4,2,10,0,4,7,0,0,0,0,0,1,0,1,0,0,0,0,0,0,0,0,0,8.311889558,9.5,4,203.55,0
35,1,1,303,27,3,3,1,84,3,2,4,5813,13492,1,1,18,3,4,0,10,2,3,10,7,7,7,0,1,1,0,0,0,0,0,0,0,0,0,0,1,0,0,1,8.668024081,10,0,528.45,0
33,0,1,867,8,4,4,1,90,4,1,1,3143,6076,6,0,19,3,2,1,14,1,3,10,8,7,6,1,0,1,0,0,0,0,0,0,0,0,0,1,0,0,1,0,8.053251154,2.333333333,-1,209.53,0
28,0,1,1181,1,3,3,1,82,3,1,4,2044,5531,1,0,11,3,3,1,5,6,4,5,3,0,3,1,0,1,0,0,0,0,0,0,0,0,0,1,0,0,1,0,7.623153068,5,-3,340.67,0
39,0,1,1253,10,1,3,1,65,3,3,3,13464,7914,7,0,21,4,3,0,9,3,3,4,3,2,2,1,0,0,0,1,0,0,0,0,0,0,1,0,0,0,0,1,9.507849005,1.285714286,-1,1346.4,0
46,0,0,849,26,2,2,1,98,2,2,2,7991,25166,8,0,15,3,3,0,6,3,3,2,2,2,2,0,1,1,0,0,0,0,0,0,0,0,0,0,1,0,0,1,8.98619632,0.75,0,1141.57,0
40,0,1,616,2,2,3,0,99,3,1,1,3377,25605,4,0,17,3,4,1,7,5,2,4,3,0,2,1,0,1,0,0,0,0,0,1,0,0,0,0,0,0,1,0,8.125039097,1.75,-3,422.12,0
42,0,1,1128,13,3,2,1,95,4,2,1,5538,5696,5,0,18,3,3,2,10,2,2,0,0,0,0,1,0,0,0,1,0,0,0,0,0,0,0,0,0,0,1,0,8.619569258,2,0,503.45,0
35,0,0,1180,2,2,2,1,90,3,2,4,5762,24442,2,0,14,3,3,1,15,6,3,7,7,1,7,1,0,0,0,1,0,0,0,0,0,1,0,0,0,0,0,0,8.659213451,7.5,-6,360.12,0
38,0,0,1336,2,3,1,1,100,3,1,2,2592,7129,5,0,13,3,4,3,13,3,3,11,10,3,8,0,0,0,0,0,0,0,1,0,0,0,0,0,0,0,0,0,7.860570786,2.6,-7,185.14,0
34,1,2,234,9,4,4,1,93,3,2,1,5346,6208,4,0,17,3,3,1,11,3,2,7,1,0,7,1,0,1,0,0,0,0,0,1,0,0,0,0,0,0,1,0,8.584290935,2.75,-1,445.5,0
37,1,1,370,10,4,4,1,58,3,2,1,4213,4992,1,0,15,3,2,0,10,4,1,10,3,0,8,1,0,0,0,1,0,0,0,0,0,1,0,0,0,0,0,1,8.346167594,10,-3,383,0
39,0,2,766,20,3,3,1,83,3,2,4,4127,19188,2,0,18,3,4,1,7,6,3,2,1,2,2,0,1,1,0,0,0,0,0,0,0,0,0,0,1,0,0,0,8.325548307,3.5,1,515.88,0
43,0,0,343,9,3,1,1,52,3,1,3,2438,24978,4,0,13,3,3,0,7,2,2,3,2,1,2,1,0,1,0,0,0,0,0,0,0,0,0,1,0,0,0,1,7.799343398,1.75,-1,304.75,0
41,0,1,447,5,3,2,1,85,4,2,2,6870,15530,3,0,12,3,1,0,11,3,1,3,2,1,2,1,0,1,0,0,0,0,0,0,0,0,0,0,0,0,0,1,8.835064935,3.666666667,-1,572.5,0
41,0,1,796,4,1,3,0,81,3,3,3,10447,26458,0,1,13,3,4,1,23,3,4,22,14,13,5,0,1,0,1,0,0,0,0,0,0,0,0,0,1,0,0,0,9.254165852,23,-1,435.29,0
30,0,1,1092,10,3,1,0,64,3,3,3,9667,2739,9,0,14,3,2,0,9,3,3,7,7,0,2,1,0,0,0,1,0,0,0,0,0,1,0,0,0,0,0,1,9.176576742,1,-7,966.7,0
26,1,1,920,20,2,4,0,69,3,1,2,2148,6889,0,1,11,3,3,0,6,3,3,5,1,1,4,0,0,0,0,1,0,0,1,0,0,0,0,0,0,0,1,0,7.672757897,6,0,306.86,0
46,1,1,261,21,2,4,0,66,3,2,2,8926,10842,4,0,22,4,4,1,13,2,4,9,7,3,7,1,0,0,0,1,0,0,0,0,0,0,0,0,0,0,1,0,9.096835671,3.25,-4,637.57,0
40,0,1,1194,1,3,3,0,52,3,2,4,6513,9060,4,0,17,3,4,1,12,3,3,5,3,0,3,1,0,1,0,0,0,0,0,0,0,0,0,0,0,0,0,0,8.781708986,3,-3,501,0
34,0,1,810,8,2,2,1,92,4,2,3,6799,22128,1,0,21,4,3,2,10,5,3,10,8,4,8,0,1,0,0,0,0,1,0,0,0,0,0,0,1,0,1,0,8.824677891,10,-4,618.09,0
58,0,0,350,2,3,2,1,52,3,4,2,16291,22577,4,0,22,4,4,1,37,0,2,16,9,14,14,0,1,0,0,1,0,0,0,0,1,0,0,0,0,0,0,0,9.698429469,9.25,5,428.71,0
35,0,1,185,23,4,2,1,91,1,1,3,2705,9696,0,0,16,3,2,1,6,2,4,5,4,0,3,1,0,0,0,1,0,0,0,1,0,0,0,0,0,0,1,0,7.903226809,6,-4,386.43,0
47,0,1,1001,4,3,3,0,92,2,3,2,10333,19271,8,1,12,3,3,1,28,4,3,22,11,14,10,1,0,1,0,0,0,0,0,0,0,1,0,0,0,0,0,0,9.243194709,3.5,3,356.31,0
40,0,1,750,12,3,2,0,47,3,2,1,4448,10748,2,0,12,3,2,1,15,3,3,7,4,7,7,1,0,1,0,0,0,0,0,0,0,0,0,0,0,0,0,0,8.400434631,7.5,3,278,0
54,0,1,431,7,4,4,0,68,3,2,4,6854,15696,4,0,15,3,2,1,14,2,2,7,1,1,7,1,0,0,0,1,0,0,0,0,0,0,0,1,0,0,1,0,8.832733592,3.5,0,456.93,0
31,0,2,1125,7,4,1,0,68,3,3,1,9637,8277,2,0,14,3,4,2,9,3,3,3,2,2,2,0,1,0,1,0,0,0,0,0,0,0,0,0,1,0,1,0,9.173468897,4.5,0,963.7,0
28,0,1,1217,1,3,3,0,67,3,1,1,3591,12719,1,0,25,4,3,1,3,3,3,3,2,1,2,1,0,0,0,1,0,0,0,0,0,0,0,1,0,0,1,0,8.186464429,3,-1,897.75,0
38,0,1,723,2,4,2,0,77,1,2,4,5405,4244,2,1,20,4,1,2,20,4,2,4,2,0,3,0,1,0,1,0,0,0,0,0,0,0,0,0,0,1,1,0,8.595264727,10,-2,257.38,0
26,0,1,572,10,3,3,1,46,3,2,4,4684,9125,1,0,13,3,1,0,5,4,3,5,3,1,2,0,1,0,0,1,0,0,0,0,0,0,0,0,1,0,0,1,8.452121195,5,-2,780.67,0
58,0,2,1216,15,4,1,1,87,3,4,3,15787,21624,2,1,14,3,2,0,23,3,3,2,2,2,2,1,0,1,0,0,0,0,0,0,0,0,1,0,0,0,1,0,9.667005437,11.5,0,657.79,0
18,0,0,1431,14,3,2,0,33,3,1,3,1514,8018,1,0,16,3,3,0,0,4,1,0,0,0,0,1,0,0,0,1,0,0,0,0,0,0,0,1,0,0,0,1,7.323170718,0,0,1514,0
31,1,1,359,18,5,4,1,89,4,1,1,2956,21495,0,0,17,3,3,0,2,4,3,1,0,0,0,0,0,0,0,0,0,0,1,0,0,0,0,0,0,0,1,0,7.99193052,2,0,985.33,0
29,1,1,350,13,3,1,1,56,2,1,1,2335,3157,4,1,15,3,4,3,4,3,3,2,2,2,0,0,0,0,0,0,0,0,1,0,0,0,0,0,0,0,0,0,7.756195344,1,0,467,0
45,0,0,589,2,4,3,0,67,3,2,3,5154,19665,4,0,22,4,2,2,10,3,4,8,7,5,7,0,1,1,0,0,0,0,0,0,0,0,0,0,1,0,1,0,8.547722396,2.5,-2,468.55,0
36,0,1,430,2,4,4,0,73,3,2,2,6962,19573,4,1,22,4,4,1,15,2,3,1,0,0,0,1,0,0,0,0,1,0,0,0,0,0,0,1,0,0,1,0,8.848365695,3.75,0,435.12,0
43,0,2,1422,2,4,1,1,92,3,2,4,5675,19246,1,0,20,4,3,1,7,5,3,7,7,7,7,0,1,1,0,0,0,0,0,0,0,0,0,0,1,0,1,0,8.644002038,7,0,709.38,0
27,0,2,1297,5,2,4,0,53,3,1,4,2379,19826,0,1,14,3,3,0,6,3,2,5,4,0,2,1,0,1,0,0,0,0,0,1,0,0,0,0,0,0,0,1,7.774855767,6,-4,339.86,1
29,0,2,574,20,1,4,1,40,3,1,4,3812,7003,1,0,13,3,2,0,11,3,4,11,8,3,10,1,0,0,0,1,0,0,0,1,0,0,0,0,0,0,1,0,8.24617156,11,-5,317.67,0
32,0,2,1318,10,4,4,1,79,3,2,4,4648,26075,8,0,13,3,3,0,4,2,4,0,0,0,0,0,1,0,1,0,0,0,0,0,0,0,0,0,1,0,0,1,8.444407422,0.5,0,929.6,0
42,0,0,355,10,4,3,1,38,3,1,3,2936,6161,3,0,22,4,2,2,10,1,2,6,3,3,3,1,0,0,0,0,0,1,0,0,0,0,0,1,0,0,1,0,7.985143931,3.333333333,0,266.91,0
47,0,1,207,9,4,2,0,64,3,1,3,2105,5411,4,0,12,3,3,0,7,2,3,2,2,2,0,1,0,1,0,0,0,0,0,1,0,0,0,0,0,0,0,1,7.652545693,1.75,0,263.12,0
46,0,1,706,2,2,4,1,82,3,3,4,8578,19989,3,0,14,3,3,1,12,4,2,9,8,4,7,1,0,1,0,0,0,0,0,0,0,1,0,0,0,0,0,0,9.057072636,4,-4,659.85,0
28,0,0,280,1,2,3,1,43,3,1,4,2706,10494,1,0,15,3,2,1,3,2,3,3,2,2,2,0,0,1,0,0,0,0,1,0,0,0,0,0,0,0,0,0,7.90359629,3,0,676.5,0
29,0,1,726,29,1,4,1,93,1,2,3,6384,21143,8,0,17,3,4,2,11,3,3,7,0,1,6,1,0,1,0,0,0,0,0,0,0,0,0,0,0,0,0,0,8.761706768,1.375,1,532,0
42,0,1,1142,8,3,4,1,81,3,1,3,3968,13624,4,0,13,3,4,0,8,3,3,0,0,0,0,1,0,1,0,0,0,0,0,1,0,0,0,0,0,0,0,1,8.286269453,2,0,440.89,0
32,1,1,414,2,4,3,1,82,2,2,2,9907,26186,7,1,12,3,3,0,7,3,2,2,2,2,2,0,1,0,1,0,0,0,0,0,0,0,0,0,1,0,0,1,9.201097791,1,0,1238.38,0
46,0,1,1319,3,3,1,0,45,4,4,1,13225,7739,2,0,12,3,4,1,25,5,3,19,17,2,8,0,1,0,0,0,0,1,0,0,0,0,0,0,1,0,0,0,9.489939868,12.5,-15,508.65,0
27,0,1,728,23,1,2,0,36,2,2,3,3540,7018,1,0,21,4,4,1,9,5,3,9,8,5,8,0,1,0,0,1,0,0,0,0,0,0,0,0,0,1,1,0,8.172164452,9,-3,354,0
29,0,1,352,6,1,4,1,87,2,1,2,2804,15434,1,0,11,3,4,0,1,3,3,1,0,0,0,0,0,0,0,1,0,0,1,0,0,0,0,0,0,0,1,0,7.939158818,1,0,1402,0
43,0,1,823,6,3,1,0,81,2,5,3,19392,22539,7,0,13,3,4,0,21,2,3,16,12,6,14,1,0,0,0,1,0,0,0,0,1,0,0,0,0,0,1,0,9.872667455,3,-6,881.45,0
48,0,1,1224,10,3,4,1,91,2,5,2,19665,13583,4,0,12,3,4,0,29,3,3,22,10,12,9,1,0,1,0,0,0,0,0,0,0,0,1,0,0,0,1,0,9.886646535,7.25,2,655.5,0
29,1,2,459,24,2,4,1,73,2,1,4,2439,14753,1,1,24,4,2,0,1,3,2,1,0,1,0,1,0,1,0,0,0,0,0,0,0,0,0,1,0,0,0,1,7.799753318,1,1,1219.5,1
46,1,1,1254,10,3,3,0,64,3,3,2,7314,14011,5,0,21,4,3,3,14,2,3,8,7,0,7,0,1,1,0,0,0,0,0,0,0,0,0,0,1,0,1,0,8.897682313,2.8,-7,487.6,0
27,0,2,1131,15,3,4,0,77,2,1,1,4774,23844,0,0,19,3,4,1,8,2,2,7,6,7,3,1,0,1,0,0,0,0,0,0,0,0,0,1,0,0,1,0,8.471149253,8,1,530.44,0
39,0,1,835,19,4,4,1,41,3,2,4,3902,5141,8,0,14,3,2,3,7,2,3,2,2,2,2,1,0,0,0,0,1,0,0,0,0,0,0,1,0,0,0,0,8.269500767,0.875,0,487.75,0
55,0,1,836,2,4,2,1,98,2,1,4,2662,7975,8,0,20,4,2,1,19,2,4,5,2,0,4,1,0,0,0,0,0,1,0,0,0,0,0,1,0,0,1,0,7.887208586,2.375,-2,133.1,0
28,0,1,1172,3,3,2,0,78,3,1,2,2856,3692,1,0,19,3,4,1,1,3,3,1,0,0,0,0,1,0,0,1,0,0,0,0,0,0,0,0,0,1,1,0,7.957527402,1,0,1428,0
30,1,1,945,9,3,2,1,89,3,1,4,1081,16019,1,0,13,3,3,0,1,3,2,1,0,0,0,0,1,0,0,1,0,0,0,0,0,0,0,0,0,1,0,1,6.986566459,1,0,540.5,0
22,1,1,391,7,1,4,1,75,3,1,2,2472,26092,1,1,23,4,1,0,1,2,3,1,0,0,0,1,0,1,0,0,0,0,0,0,0,0,0,1,0,0,0,1,7.813187268,1,0,1236,0
36,0,1,1266,10,4,2,0,63,2,2,3,5673,6060,1,1,13,3,1,1,10,4,3,10,9,1,7,0,1,0,0,0,0,1,0,0,0,0,0,0,1,0,1,0,8.643649615,10,-8,515.73,0
31,0,1,311,20,3,2,1,89,3,2,3,4197,18624,1,0,11,3,1,1,10,2,3,10,8,0,2,1,0,1,0,0,0,0,0,1,0,0,0,0,0,0,0,0,8.3423635,10,-8,381.55,0
34,0,1,1480,4,3,3,1,64,3,3,4,9713,24444,2,1,13,3,4,3,9,3,3,5,3,1,0,0,1,1,0,0,0,0,0,0,0,0,0,0,1,0,1,0,9.181323423,4.5,-2,971.3,0
29,0,1,592,7,3,4,1,59,3,1,1,2062,19384,3,0,14,3,2,0,11,2,3,3,2,1,2,1,0,1,0,0,0,0,0,1,0,0,0,0,0,0,0,1,7.631916513,3.666666667,-1,171.83,0
37,0,1,783,7,4,4,1,78,3,2,1,4284,13588,5,1,22,4,3,1,16,2,3,5,3,0,4,1,0,0,0,1,0,0,0,0,0,0,0,1,0,0,1,0,8.362875831,3.2,-3,252,0
35,0,1,219,16,2,4,0,44,2,2,2,4788,25388,0,1,11,3,4,0,4,2,3,3,2,0,2,1,0,0,0,0,1,0,0,0,0,1,0,0,0,0,1,0,8.4740769,4,-2,957.6,0
45,0,1,556,25,2,2,0,93,2,2,4,5906,23888,0,0,13,3,4,2,10,2,2,9,8,3,8,1,0,1,0,0,0,0,0,0,0,1,0,0,0,0,1,0,8.683893367,10,-5,536.91,0
36,0,2,1213,2,1,2,1,94,2,2,4,3886,4223,1,0,21,4,4,0,10,2,2,10,1,0,8,0,0,0,0,0,0,0,1,0,0,0,0,0,0,0,0,1,8.265392931,10,-1,353.27,0
40,0,1,1137,1,4,1,1,98,3,4,1,16823,18991,2,0,11,3,1,1,22,3,3,19,7,11,16,1,0,1,0,0,0,0,0,0,1,0,0,0,0,0,0,0,9.730561717,11,4,731.43,0
26,0,1,482,1,2,2,0,90,2,1,3,2933,14908,1,1,13,3,3,1,1,3,2,1,0,1,0,1,0,1,0,0,0,0,0,0,0,0,0,1,0,0,1,0,7.984121959,1,1,1466.5,0
27,0,1,511,2,2,1,0,89,4,2,3,6500,26997,0,0,14,3,2,0,9,5,2,8,7,0,7,0,1,0,0,1,0,0,0,0,0,0,0,0,1,0,0,1,8.77971129,9,-7,650,0
48,0,2,117,22,3,4,0,58,3,4,4,17174,2437,3,0,11,3,2,1,24,3,3,22,17,4,7,1,0,0,0,1,0,0,0,0,1,0,0,0,0,0,0,0,9.751210117,8,-13,686.96,0
44,0,1,170,1,4,2,1,78,4,2,1,5033,9364,2,0,15,3,4,1,10,5,3,2,0,2,2,1,0,1,0,0,0,0,0,0,0,0,0,0,0,0,1,0,8.523970176,5,2,457.55,0
34,1,0,967,16,4,4,1,85,1,1,1,2307,14460,1,1,23,4,2,1,5,2,3,5,2,3,0,1,0,0,0,0,0,1,0,0,0,0,0,1,0,0,1,0,7.744136628,5,1,384.5,0
56,1,1,1162,24,2,1,1,97,3,1,4,2587,10261,1,0,16,3,4,0,5,3,3,4,2,1,0,1,0,1,0,0,0,0,0,1,0,0,0,0,0,0,0,1,7.858640656,5,-1,431.17,0
36,0,1,335,17,2,3,1,33,2,2,2,5507,16822,2,0,16,3,3,2,12,1,1,4,2,1,3,0,1,0,1,0,0,0,0,0,0,0,0,0,1,0,1,0,8.61395686,6,-1,423.62,0
41,0,1,337,8,3,3,0,54,3,2,2,4393,26841,5,0,21,4,3,1,14,3,3,5,4,1,4,0,1,0,1,0,0,0,0,0,0,0,0,0,1,0,1,0,8.387995253,2.8,-3,292.87,0
42,0,1,1396,6,3,3,1,83,3,3,1,13348,14842,9,0,13,3,2,1,18,3,4,13,7,5,7,1,0,0,0,1,0,0,0,0,0,0,1,0,0,0,1,0,9.499196755,2,-2,702.53,0
31,0,1,1079,10,2,3,0,86,3,2,4,6583,20115,2,1,11,3,4,1,8,2,3,5,2,1,4,0,1,0,0,1,0,0,0,0,0,0,0,0,1,0,0,0,8.792397742,4,-1,731.44,0
34,0,1,735,3,1,4,0,75,2,2,4,8103,16495,3,1,12,3,3,0,9,3,2,4,2,0,1,0,1,0,0,1,0,0,0,0,0,0,0,0,1,0,1,0,9.000113046,3,-2,810.3,0
31,0,1,471,4,3,1,0,62,4,1,3,3978,16031,8,0,12,3,2,1,4,0,2,2,2,2,2,1,0,0,0,1,0,0,0,1,0,0,0,0,0,0,0,0,8.28878581,0.5,0,795.6,0
26,0,2,1096,6,3,3,1,61,4,1,4,2544,7102,0,0,18,3,1,1,8,3,3,7,7,7,7,1,0,0,0,0,1,0,0,1,0,0,0,0,0,0,1,0,7.841885929,8,0,282.67,0
45,0,2,1297,1,4,2,1,44,3,2,3,5399,14511,4,0,12,3,3,0,12,3,3,4,2,0,3,1,0,0,0,1,0,0,0,0,0,0,0,0,0,0,0,1,8.594154233,3,-2,415.31,0
33,0,1,217,10,4,2,1,43,3,2,3,5487,10410,1,0,14,3,2,0,10,2,2,10,4,0,9,0,1,0,1,0,0,0,0,0,0,0,0,0,1,0,0,1,8.610319169,10,-4,498.82,0
28,0,2,783,1,2,3,1,42,2,2,4,6834,19255,1,1,12,3,3,1,7,2,3,7,7,0,7,0,1,1,0,0,0,0,0,0,0,0,0,0,1,0,1,0,8.829811749,7,-7,854.25,0
29,1,2,746,24,3,3,1,45,4,1,1,1091,10642,1,0,17,3,4,0,1,3,3,1,0,0,0,0,1,0,0,0,0,1,0,0,0,0,0,0,0,1,0,1,6.995766156,1,0,545.5,1
39,0,0,1251,21,4,1,0,32,1,2,3,5736,3987,6,0,19,3,3,1,10,1,3,3,2,1,2,0,1,1,0,0,0,0,0,0,0,0,0,0,1,0,1,0,8.654691705,1.666666667,-1,521.45,0
27,0,1,1354,2,4,2,1,41,3,1,2,2226,6073,1,0,11,3,3,1,6,3,2,5,3,1,2,1,0,0,0,0,0,1,0,0,0,0,0,1,0,0,1,0,7.708410667,6,-2,318,0
34,0,2,735,22,4,3,1,86,2,2,4,5747,26496,1,1,15,3,2,0,16,3,3,15,10,6,11,1,0,0,0,0,1,0,0,0,0,0,0,1,0,0,1,0,8.656607247,16,-4,338.06,0
28,1,1,1475,13,2,4,0,84,3,2,3,9854,23352,3,1,11,3,4,0,6,0,3,2,0,2,2,0,1,0,1,0,0,0,0,0,0,0,0,0,1,0,0,1,9.19573422,2,2,1407.71,0
47,0,0,1169,14,4,3,1,64,3,2,2,5467,2125,8,0,18,3,3,1,16,4,4,8,7,1,7,1,0,0,0,0,0,1,0,0,0,0,0,1,0,0,1,0,8.606668198,2,-6,321.59,0
56,0,1,1443,11,5,4,0,89,2,2,1,5380,20328,4,0,16,3,3,1,6,3,3,0,0,0,0,0,1,0,1,0,0,0,0,0,0,0,0,0,1,0,1,0,8.590629509,1.5,0,768.57,0
39,0,1,867,9,2,1,1,87,3,2,1,5151,12315,1,0,25,4,4,1,10,3,3,10,0,7,9,1,0,0,0,1,0,0,0,0,0,1,0,0,0,0,1,0,8.547140268,10,7,468.27,0
38,0,2,1394,8,3,4,0,58,2,2,2,2133,18115,1,1,16,3,3,1,20,3,3,20,11,0,7,1,0,0,0,1,0,0,0,0,0,0,0,1,0,0,0,0,7.665753432,20,-11,101.57,0
58,0,1,605,21,3,4,0,72,3,4,4,17875,11761,4,1,13,3,3,1,29,2,2,1,0,0,0,0,1,1,0,0,0,0,0,0,1,0,0,0,0,0,1,0,9.79121431,7.25,0,595.83,0
32,1,2,238,5,2,1,0,47,4,1,3,2432,15318,3,1,14,3,1,0,8,2,3,4,1,0,3,1,0,1,0,0,0,0,0,0,0,0,0,1,0,0,0,1,7.796880343,2.666666667,-1,270.22,0
38,0,1,1206,9,2,2,1,71,3,1,4,4771,14293,2,0,19,3,4,2,10,0,4,5,2,0,3,1,0,1,0,0,0,0,0,0,0,0,0,1,0,0,0,0,8.470520783,5,-2,433.73,0
49,0,2,1064,2,1,2,1,42,3,5,4,19161,13738,3,0,15,3,4,0,28,3,3,5,4,4,3,1,0,1,0,0,0,0,0,0,0,0,1,0,0,0,1,0,9.86068443,9.333333333,0,660.72,0
42,0,1,419,12,4,2,1,77,3,2,4,5087,2900,3,1,12,3,3,2,14,4,3,0,0,0,0,0,1,0,1,0,0,0,0,0,0,0,0,0,1,0,0,0,8.534640105,4.666666667,0,339.13,0
27,1,2,1337,22,3,1,0,58,2,1,2,2863,19555,1,0,12,3,1,0,1,2,3,1,0,0,0,0,0,0,0,0,0,0,1,0,0,0,0,0,0,0,1,0,7.959974528,1,0,1431.5,0
35,0,1,682,18,4,2,1,71,3,2,1,5561,15975,0,0,16,3,4,1,6,2,1,5,3,0,4,0,1,0,0,1,0,0,0,0,0,0,0,0,1,0,1,0,8.623713035,6,-3,794.43,0
28,0,0,1103,16,3,3,1,49,3,1,3,2144,2122,1,0,14,3,3,0,5,3,2,5,3,1,4,1,0,0,0,1,0,0,0,0,0,0,0,1,0,0,0,1,7.670894831,5,-2,357.33,0
31,0,0,976,3,2,3,1,48,3,1,1,3065,3995,1,1,13,3,4,1,4,3,4,4,2,2,3,1,0,0,0,1,0,0,0,0,0,0,0,1,0,0,0,0,8.028129059,4,0,613,0
36,0,0,1351,9,4,1,1,66,4,1,2,2810,9238,1,0,22,4,2,0,5,3,3,5,4,0,2,1,0,1,0,0,0,0,0,1,0,0,0,0,0,0,1,0,7.941295571,5,-4,468.33,0
34,0,1,937,1,3,1,1,32,3,3,4,9888,6770,1,0,21,4,1,0,14,3,2,14,8,2,1,0,1,0,1,0,0,0,0,0,0,0,0,0,1,0,0,1,9.199178307,14,-6,659.2,0
34,0,1,1239,13,4,4,1,39,3,3,3,8628,22914,1,0,18,3,3,1,9,2,2,8,7,1,1,0,1,0,0,1,0,0,0,0,0,0,0,0,1,0,0,0,9.062883903,9,-6,862.8,0
26,0,1,157,1,3,3,1,95,3,1,1,2867,20006,0,0,13,3,4,0,8,6,2,7,7,7,6,1,0,0,0,1,0,0,0,1,0,0,0,0,0,0,0,1,7.961370202,8,0,318.56,0
29,0,1,136,1,3,1,1,89,3,2,1,5373,6225,0,0,12,3,1,1,6,5,2,5,3,0,2,1,0,1,0,0,0,0,0,0,0,0,0,0,0,0,1,0,8.589327789,6,-3,767.57,0
32,0,0,1146,15,4,3,0,34,3,2,4,6667,16542,5,0,18,3,2,1,9,6,3,5,1,1,2,1,0,0,0,1,0,0,0,0,0,0,0,0,0,0,0,0,8.805075244,1.8,0,666.7,0
31,0,2,1125,1,3,4,1,48,1,2,1,5003,5771,1,0,21,4,2,0,10,6,3,10,8,8,7,1,0,1,0,0,0,0,0,0,0,0,0,1,0,0,1,0,8.517992872,10,0,454.82,0
28,1,1,1404,17,3,3,1,32,2,1,4,2367,18779,5,0,12,3,1,1,6,2,2,4,1,0,3,1,0,0,0,0,0,1,0,1,0,0,0,0,0,0,0,0,7.769800996,1.2,-1,338.14,0
38,0,1,1404,1,3,1,1,59,2,1,1,2858,11473,4,0,14,3,1,0,20,3,2,1,0,0,0,0,1,1,0,0,0,0,0,0,0,0,0,0,0,1,0,1,7.958227192,5,0,136.1,0
35,0,1,1224,7,4,3,0,55,3,2,4,5204,13586,1,1,11,3,4,0,10,2,3,10,8,0,9,0,1,1,0,0,0,0,0,0,0,0,0,0,1,0,1,0,8.557374981,10,-8,473.09,0
27,0,1,954,9,3,4,1,44,3,2,4,4105,5099,1,0,14,3,1,0,7,5,3,7,7,0,7,0,1,0,1,0,0,0,0,0,0,0,0,0,1,0,0,1,8.320204598,7,-7,513.12,0
32,0,1,1373,5,4,4,1,56,2,2,4,9679,10138,8,0,24,4,2,0,8,1,3,1,0,0,0,1,0,1,0,0,0,0,0,0,0,1,0,0,0,0,0,1,9.17781718,1,0,1075.44,0
31,1,2,754,26,4,1,1,63,3,2,4,5617,21075,1,1,11,3,3,0,10,4,3,10,7,0,8,0,1,0,1,0,0,0,0,0,0,0,0,0,1,0,1,0,8.633731008,10,-7,510.64,0
53,1,1,1168,24,4,1,1,66,3,3,1,10448,5843,6,1,13,3,2,0,15,2,2,2,2,2,2,0,1,1,0,0,0,0,0,0,0,0,0,0,1,0,0,1,9.254261559,2.5,0,653,0
54,0,1,155,9,2,1,0,67,3,2,3,2897,22474,3,0,11,3,3,2,9,6,2,4,3,2,3,1,0,1,0,0,0,0,0,0,0,0,0,1,0,0,1,0,7.971776123,3,-1,289.7,0
33,0,2,1303,7,2,4,1,36,3,2,3,5968,18079,1,0,20,4,3,3,9,2,3,9,7,2,8,1,0,1,0,0,0,0,0,0,0,0,0,0,0,0,0,0,8.694334688,9,-5,596.8,0
43,0,1,574,11,3,1,1,30,3,3,3,7510,16873,1,0,17,3,2,1,10,1,3,10,9,0,9,1,0,1,0,0,0,0,0,0,0,0,0,0,0,0,1,0,8.924123892,10,-9,682.73,0
38,0,2,1444,1,4,4,1,88,3,1,2,2991,5224,0,1,11,3,2,1,7,2,3,6,2,1,2,0,0,0,0,0,1,0,1,0,0,0,0,0,0,0,1,0,8.003697339,7,-1,373.88,0
55,0,1,189,26,4,3,1,71,4,5,2,19636,25811,4,1,18,3,1,1,35,0,3,10,9,1,4,0,0,0,0,0,0,0,0,0,1,0,0,0,0,0,1,0,9.885170821,8.75,-8,545.44,0
31,0,1,1276,2,1,4,0,59,1,1,4,1129,17536,1,1,11,3,3,3,1,4,3,1,0,0,0,1,0,0,0,1,0,0,0,1,0,0,0,0,0,0,0,0,7.029972912,1,0,564.5,0
39,0,1,119,15,4,2,1,77,3,4,1,13341,25098,0,0,12,3,1,0,21,3,3,20,8,11,10,0,1,0,1,0,0,0,0,0,0,0,0,0,1,0,0,1,9.498672233,21,3,606.41,0
42,0,0,335,23,2,4,1,37,2,2,3,4332,14811,1,0,12,3,4,0,20,2,3,20,9,3,7,1,0,1,0,0,0,0,0,0,0,0,0,1,0,0,0,1,8.374015422,20,-6,206.29,0
31,0,0,697,10,3,3,0,40,3,3,3,11031,26862,4,0,20,4,3,1,13,2,4,11,7,4,8,1,0,0,0,1,0,0,0,0,0,0,1,0,0,0,1,0,9.308555419,3.25,-3,787.93,0
54,0,1,157,10,3,3,0,77,3,2,1,4440,25198,6,1,19,3,4,0,9,3,3,5,2,1,4,1,0,0,0,1,0,0,0,0,0,1,0,0,0,0,0,1,8.398634855,1.5,-1,444,0
24,0,1,771,1,2,2,1,45,2,2,3,4617,14120,1,0,12,3,2,0,4,2,2,4,3,1,2,1,0,1,0,0,0,0,0,0,0,0,0,0,0,0,0,1,8.43771699,4,-2,923.4,0
23,0,1,571,12,2,4,1,78,3,1,4,2647,13672,1,0,13,3,3,0,5,6,4,5,2,1,4,1,0,0,0,0,1,0,0,1,0,0,0,0,0,0,0,1,7.881559917,5,-1,441.17,0
40,0,2,692,11,3,4,0,73,3,2,3,6323,26849,1,0,11,3,1,1,10,2,4,10,9,9,4,1,0,0,0,0,0,1,0,1,0,0,0,0,0,0,1,0,8.752107198,10,0,574.82,0
40,0,1,444,2,2,2,0,92,3,2,2,5677,4258,3,0,14,3,3,1,15,4,3,11,8,5,10,0,1,0,1,0,0,0,0,0,0,0,0,0,1,0,1,0,8.644354337,5,-3,354.81,0
25,0,1,309,2,3,3,0,82,3,1,2,2187,19655,4,0,14,3,3,0,6,3,3,2,0,1,2,0,0,0,0,0,0,0,1,0,0,0,0,0,0,0,1,0,7.690743164,1.5,1,312.43,0
30,0,1,911,1,2,4,1,76,3,1,2,3748,4077,1,0,13,3,3,0,12,6,2,12,8,1,7,1,0,0,0,1,0,0,0,1,0,0,0,0,0,0,1,0,8.229244417,12,-7,288.31,0
25,0,1,977,2,1,4,1,57,3,1,3,3977,7298,6,1,19,3,3,1,7,2,2,2,2,0,2,1,0,0,0,0,1,0,0,1,0,0,0,0,0,0,0,0,8.288534459,1.166666667,-2,497.12,0
47,0,1,1180,25,3,1,1,84,3,3,3,8633,13084,2,0,23,4,2,0,25,3,3,17,14,12,11,1,0,0,0,1,0,0,0,0,0,0,0,0,0,0,0,1,9.063463176,12.5,-2,332.04,0
33,0,0,1313,1,2,2,1,59,2,1,3,2008,20439,1,0,12,3,3,3,1,2,2,1,1,0,0,1,0,0,0,1,0,0,0,1,0,0,0,0,0,0,0,0,7.605392365,1,-1,1004,0
38,0,1,1321,1,4,4,1,86,3,2,2,4440,7636,0,0,15,3,1,2,16,3,3,15,13,5,8,0,1,1,0,0,0,0,0,0,0,0,0,0,1,0,1,0,8.398634855,16,-8,261.18,0
31,0,1,1154,2,2,1,1,54,3,1,3,3067,6393,0,0,19,3,3,1,3,1,3,2,2,1,2,0,1,1,0,0,0,0,0,0,0,0,0,0,0,1,1,0,8.028781162,3,-1,766.75,0
38,0,2,508,6,4,1,1,72,2,2,3,5321,14284,2,0,11,3,4,1,10,1,3,8,3,7,7,1,0,1,0,0,0,0,0,0,0,1,0,0,0,0,1,0,8.579604452,5,4,483.73,0
42,0,1,557,18,4,4,1,35,3,2,1,5410,11189,6,1,17,3,3,1,9,3,2,4,3,1,2,1,0,1,0,0,0,0,0,0,0,0,0,1,0,0,0,0,8.596189198,1.5,-2,541,0
41,0,1,642,1,3,4,1,76,3,1,4,2782,21412,3,0,22,4,1,1,12,3,3,5,3,1,0,1,0,1,0,0,0,0,0,0,0,0,0,1,0,0,1,0,7.931284762,4,-2,214,0
47,0,0,1162,1,1,3,0,98,3,3,2,11957,17231,0,0,18,3,1,2,14,3,1,13,8,5,12,1,0,0,0,1,0,0,0,0,0,0,1,0,0,0,1,0,9.389155789,14,-3,797.13,0
35,0,1,1490,11,4,4,1,43,3,1,3,2660,20232,7,1,11,3,3,1,5,3,3,2,2,2,2,1,0,0,0,1,0,0,0,1,0,0,0,0,0,0,1,0,7.886457271,0.714285714,0,443.33,0
22,0,1,581,1,2,4,1,63,3,1,3,3375,17624,0,0,12,3,4,0,4,2,4,3,2,1,2,1,0,1,0,0,0,0,0,0,0,0,0,1,0,0,0,1,8.124446856,4,-1,675,0
35,0,1,1395,9,4,2,1,48,3,2,3,5098,18698,1,0,19,3,2,0,10,5,3,10,7,0,8,1,0,0,0,1,0,0,0,0,0,0,0,1,0,0,0,1,8.536799721,10,-7,463.45,0
33,0,1,501,15,2,2,0,95,3,2,4,4878,21653,0,1,13,3,1,1,10,6,3,9,7,8,1,1,0,0,0,1,0,0,0,0,0,0,0,0,0,0,1,0,8.49269556,10,1,443.45,0
32,0,1,267,29,4,3,0,49,2,1,2,2837,15919,1,0,13,3,3,0,6,3,3,6,2,4,1,1,0,1,0,0,0,0,0,1,0,0,0,0,0,0,0,1,7.950854858,6,2,405.29,0
40,0,1,543,1,4,1,1,83,3,1,4,2406,4060,8,0,19,3,3,2,8,3,2,1,0,0,0,1,0,1,0,0,0,0,0,1,0,0,0,0,0,0,1,0,7.786136438,1,0,267.33,0
32,0,1,234,1,4,2,1,68,2,1,2,2269,18024,0,0,14,3,2,1,3,2,3,2,2,2,2,0,1,0,0,1,0,0,0,0,0,0,0,0,0,1,1,0,7.72753511,3,0,567.25,0
39,0,1,116,24,1,1,1,52,3,2,4,4108,5340,7,0,13,3,1,0,18,2,3,7,7,1,7,1,0,1,0,0,0,0,0,0,0,0,0,1,0,0,0,1,8.320934969,2.571428571,-6,216.21,0
38,0,1,201,10,3,2,0,99,1,3,3,13206,3376,3,0,12,3,1,1,20,3,3,18,16,1,11,1,0,0,0,1,0,0,0,0,0,0,1,0,0,0,1,0,9.488502271,6.666666667,-15,628.86,0
32,0,1,801,1,4,3,0,48,3,3,4,10422,24032,1,0,19,3,3,2,14,3,3,14,10,5,7,0,1,0,1,0,0,0,0,0,0,0,0,0,1,0,1,0,9.251770182,14,-5,694.8,0
37,0,1,161,10,3,3,0,42,4,3,4,13744,15471,1,1,25,4,1,1,16,2,3,16,11,6,8,1,0,1,0,0,0,0,0,0,0,0,1,0,0,0,1,0,9.528430401,16,-5,808.47,0
25,0,1,1382,8,2,1,0,85,3,2,3,4907,13684,0,1,22,4,2,1,6,3,2,5,3,0,4,0,1,0,0,0,1,0,0,0,0,0,0,0,1,0,0,0,8.498621806,6,-3,701,0
52,0,0,585,29,4,1,1,40,3,1,4,3482,19788,2,0,15,3,2,2,16,3,2,9,8,0,0,0,1,1,0,0,0,0,0,0,0,0,0,0,0,1,0,0,8.15564927,8,-8,204.82,0
44,0,1,1037,1,3,2,1,42,3,1,4,2436,13422,6,1,12,3,3,0,6,2,3,4,3,1,2,1,0,0,0,1,0,0,0,0,0,0,0,1,0,0,0,1,7.798523054,1,-2,348,0
21,0,1,501,5,1,3,1,58,3,1,1,2380,25479,1,1,11,3,4,0,2,6,3,2,2,1,2,0,1,0,0,1,0,0,0,0,0,0,0,0,0,1,0,1,7.775275846,2,-1,793.33,0
39,0,0,105,9,3,4,1,87,3,5,4,19431,15302,2,0,13,3,3,0,21,3,2,6,0,1,3,1,0,1,0,0,0,0,0,0,1,0,0,0,0,0,0,1,9.874676471,10.5,1,883.23,0
23,1,2,638,9,3,4,1,33,3,1,1,1790,26956,1,0,19,3,1,1,1,3,2,1,0,1,0,0,1,0,1,0,0,0,0,0,0,0,0,0,0,1,1,0,7.490529402,1,1,895,0
36,0,1,557,3,3,1,0,94,2,3,4,7644,12695,0,0,19,3,3,2,10,2,3,9,7,3,4,0,1,0,0,1,0,0,0,0,0,0,0,0,1,0,1,0,8.941807118,10,-4,694.91,0
36,0,2,688,4,2,4,0,97,3,2,2,5131,9192,7,0,13,3,2,3,18,3,3,4,2,0,2,1,0,1,0,0,0,0,0,0,0,1,0,0,0,0,0,0,8.543250726,2.571428571,-2,270.05,0
56,0,0,667,1,4,3,1,57,3,2,3,6306,26236,1,0,21,4,1,1,13,2,2,13,12,1,9,1,0,1,0,0,0,0,0,0,0,0,0,0,0,0,0,0,8.749415407,13,-11,450.43,0
29,1,1,1092,1,4,1,1,36,3,1,4,4787,26124,9,1,14,3,2,3,4,3,4,2,2,2,2,1,0,0,0,1,0,0,0,0,0,0,0,1,0,0,1,0,8.473868067,0.444444444,0,957.4,0
42,0,1,300,2,3,1,1,56,3,5,3,18880,17312,5,0,11,3,1,0,24,2,2,22,6,4,14,1,0,1,0,0,0,0,0,0,1,0,0,0,0,0,1,0,9.845911404,4.8,-2,755.2,0
56,1,1,310,7,2,4,1,72,3,1,3,2339,3666,8,0,11,3,4,1,14,4,1,10,9,9,8,1,0,0,0,0,0,1,0,1,0,0,0,0,0,0,1,0,7.757906208,1.75,0,155.93,0
41,0,1,582,28,4,1,0,60,2,4,2,13570,5640,0,0,23,4,3,1,21,3,3,20,7,0,10,1,0,1,0,0,0,0,0,0,0,1,0,0,0,0,1,0,9.515690442,21,-7,616.82,0
34,0,1,704,28,3,4,0,95,2,2,3,6712,8978,1,0,21,4,4,2,8,2,3,8,7,1,7,0,1,0,1,0,0,0,0,0,0,0,0,0,1,0,1,0,8.811801224,8,-6,745.78,0
36,0,0,301,15,4,4,1,88,1,2,4,5406,10436,1,0,24,4,1,1,15,4,2,15,12,11,11,0,1,0,1,0,0,0,0,0,0,0,0,0,1,0,0,0,8.595449689,15,-1,337.88,0
41,0,1,930,3,3,3,1,57,2,2,2,8938,12227,2,0,11,3,3,1,14,5,3,5,4,0,4,0,1,1,0,0,0,0,0,0,0,0,0,0,1,0,0,0,9.098179005,7,-4,595.87,0
32,0,1,529,2,3,4,1,78,3,1,1,2439,11288,1,0,14,3,4,0,4,4,3,4,2,1,2,1,0,0,0,0,0,1,0,0,0,0,0,1,0,0,0,1,7.799753318,4,-1,487.8,0
35,0,1,1146,26,4,3,0,31,3,3,4,8837,16642,1,1,16,3,3,0,9,2,3,9,0,1,7,0,0,1,0,0,0,0,1,0,0,0,0,0,0,0,0,1,9.086815886,9,1,883.7,0
38,0,1,345,10,2,1,0,100,3,2,4,5343,5982,1,0,11,3,3,1,10,1,3,10,7,1,9,0,1,1,0,0,0,0,0,0,0,0,0,0,1,0,1,0,8.583729715,10,-6,485.73,0
50,1,2,878,1,4,2,1,94,3,2,3,6728,14255,7,0,12,3,4,2,12,3,3,6,3,0,1,0,1,1,0,0,0,0,0,0,0,0,0,0,1,0,0,0,8.814181823,1.714285714,-3,517.54,0
36,0,1,1120,11,4,2,0,100,2,2,4,6652,14369,4,0,13,3,1,1,8,2,2,6,3,0,0,0,1,0,1,0,0,0,0,0,0,0,0,0,1,0,1,0,8.80282316,2,-3,739.11,0
45,0,1,374,20,3,4,0,50,3,2,3,4850,23333,8,0,15,3,3,0,8,3,3,5,3,0,1,0,1,1,0,0,0,0,0,0,0,0,0,0,1,0,0,1,8.486940148,1,-3,538.89,0
40,0,1,1322,2,4,3,1,52,2,1,3,2809,2725,2,0,14,3,4,0,8,2,3,2,2,2,2,1,0,1,0,0,0,0,0,0,0,0,0,1,0,0,0,1,7.940939762,4,0,312.11,0
35,0,2,1199,18,4,3,1,80,3,2,3,5689,24594,1,1,14,3,4,2,10,2,4,10,2,0,2,1,0,1,0,0,0,0,0,0,0,0,0,0,0,0,1,0,8.646465527,10,-2,517.18,0
40,0,1,1194,2,4,3,0,98,3,1,3,2001,12549,2,0,14,3,2,3,20,2,3,5,3,0,2,1,0,0,0,1,0,0,0,0,0,0,0,1,0,0,1,0,7.60190196,10,-3,95.29,0
35,0,1,287,1,4,3,0,62,1,1,4,2977,8952,1,0,12,3,4,1,4,5,3,4,3,1,1,1,0,1,0,0,0,0,0,0,0,0,0,1,0,0,1,0,7.999007213,4,-2,595.4,0
29,0,1,1378,13,2,4,1,46,2,2,2,4025,23679,4,1,13,3,1,1,10,2,3,4,3,0,3,1,0,0,0,0,1,0,0,1,0,0,0,0,0,0,1,0,8.300528606,2.5,-3,365.91,0
29,0,1,468,28,4,4,0,73,2,1,1,3785,8489,1,0,14,3,2,0,5,3,1,5,4,0,4,1,0,0,0,1,0,0,0,0,0,0,0,1,0,0,0,1,8.239065332,5,-4,630.83,0
50,1,1,410,28,3,4,1,39,2,3,1,10854,16586,4,1,13,3,2,1,20,3,3,3,2,2,0,0,1,0,1,0,0,0,0,0,0,0,0,0,1,0,0,0,9.292381082,5,0,516.86,0
39,0,1,722,24,1,2,0,60,2,4,4,12031,8828,0,0,11,3,1,1,21,2,2,20,9,9,6,0,1,0,1,0,0,0,0,0,0,0,0,0,1,0,1,0,9.395325046,21,0,546.86,0
31,0,0,325,5,3,2,1,74,3,2,1,9936,3787,0,0,19,3,2,0,10,2,3,9,4,1,7,1,0,0,0,1,0,0,0,0,0,1,0,0,0,0,0,1,9.204020443,10,-3,903.27,0
26,0,1,1167,5,3,4,0,30,2,1,3,2966,21378,0,0,18,3,4,0,5,2,3,4,2,0,0,0,1,0,0,0,1,0,0,0,0,0,0,0,0,1,0,1,7.99530662,5,-2,494.33,0
36,0,2,884,23,2,3,1,41,4,2,4,2571,12290,4,0,17,3,3,1,17,3,3,5,2,0,3,1,0,0,0,1,0,0,0,1,0,0,0,0,0,0,1,0,7.852439085,4.25,-2,142.83,0
39,0,1,613,6,1,4,1,42,2,3,1,9991,21457,4,0,15,3,1,1,9,5,3,7,7,1,7,1,0,0,0,1,0,0,0,0,0,0,0,0,0,0,1,0,9.209540052,2.25,-6,999.1,0
27,0,1,155,4,3,2,1,87,4,2,2,6142,5174,1,1,20,4,2,1,6,0,3,6,2,0,3,1,0,1,0,0,0,0,0,0,0,1,0,0,0,0,1,0,8.723068501,6,-2,877.43,0
49,0,2,1023,2,3,4,1,63,2,2,2,5390,13243,2,0,14,3,4,0,17,3,2,9,6,0,8,0,1,0,0,1,0,0,0,0,0,0,0,0,1,0,1,0,8.592486175,8.5,-6,299.44,0
34,0,1,628,8,3,2,1,82,4,2,3,4404,10228,2,0,12,3,1,0,6,3,4,4,3,1,2,1,0,0,0,1,0,0,0,1,0,0,0,0,0,0,1,0,8.390495538,3,-2,629.14,0
