year,rainfall_mm,avg_temp_c,fertiliser_use_kg_ha,yield_tonnes_ha,temperature_stress,input_intensity,log_area,season_enc,crop_Cassava,crop_Coffee,crop_Maize,crop_Potatoes,crop_Rice,crop_Sorghum,crop_Tea,crop_Wheat,seed_variety_Improved Traditional,seed_variety_Traditional,rainfall_category_Semi-Arid,rainfall_category_Sub-Humid,rainfall_category_Humid,county_avg_yield
1990,838.1,18.2,118.0,4.51,0,147.5,0.5877866649021191,1,0,0,0,0,0,0,0,1,0,1,0,1,0,3.582
1990,704.0,16.3,118.0,1.27,0,17.4556,2.048982334195127,1,0,0,0,0,0,0,0,0,0,0,0,1,0,3.582
1990,927.6,15.2,118.0,2.83,0,24.8945,1.747459210331475,1,0,0,1,0,0,0,0,0,0,0,0,1,0,3.582
1990,158.0,16.2,118.0,0.79,0,12.9813,2.3115448343655176,0,0,0,0,0,0,0,0,1,0,0,0,0,0,3.582
1990,534.9,16.4,118.0,1.1,0,81.9444,0.8919980393051105,0,0,0,0,0,0,0,0,0,0,0,1,0,0,3.582
1990,672.4,17.3,118.0,2.99,0,51.9824,1.184789984909162,0,0,0,1,0,0,0,0,0,0,0,1,0,0,3.582
1990,915.5,16.2,96.7,6.54,0,19.2629,1.7950872593207297,1,0,0,0,0,0,0,0,1,0,1,0,1,0,4.069
1990,1425.8,17.9,96.7,3.69,0,6.6415,2.7447035187502458,1,0,0,0,0,0,0,0,0,0,0,0,0,1,4.069
1990,1078.2,15.3,96.7,1.83,0,7.7236,2.604170070614818,1,0,0,1,0,0,0,0,0,0,0,0,0,1,4.069
1990,348.9,15.4,96.7,1.38,0,38.0709,1.264126727145683,0,0,0,0,0,0,0,0,1,0,0,0,0,0,4.069
1990,758.5,17.6,96.7,2.18,0,16.9649,1.9021075263969205,0,0,0,0,0,0,0,0,0,0,0,0,1,0,4.069
1990,319.3,17.8,96.7,0.83,0,19.3014,1.7934247485471162,0,0,0,1,0,0,0,0,0,0,0,0,0,0,4.069
1990,833.4,18.9,87.5,6.98,0,39.2377,1.172482137234565,1,0,0,0,0,0,0,0,1,0,0,0,1,0,3.973
1990,827.6,20.3,87.5,2.52,0,10.8292,2.206074192613202,1,0,0,0,0,0,0,0,0,0,0,0,1,0,3.973
1990,648.4,18.4,87.5,1.85,0,91.1458,0.6729444732424258,1,0,0,1,0,0,0,0,0,0,0,1,0,0,3.973
1990,864.6,19.6,87.5,7.62,0,13.5659,2.0082140323914683,1,0,0,0,1,0,0,0,0,0,0,0,1,0,3.973
1990,342.0,19.4,87.5,0.96,0,18.617,1.7404661748405046,0,0,0,0,0,0,0,0,1,0,0,0,0,0,3.973
1990,634.1,18.8,87.5,1.77,0,6.5104,2.67000213346468,0,0,0,0,0,0,0,0,0,0,0,1,0,0,3.973
1990,666.1,18.7,87.5,2.58,0,17.1233,1.809926773183504,0,0,0,1,0,0,0,0,0,1,0,1,0,0,3.973
1990,405.2,20.0,87.5,0.99,0,145.8333,0.4700036292457356,0,0,0,0,1,0,0,0,0,1,0,1,0,0,3.973
1990,887.9,17.0,43.6,1.03,0,3.0769,2.719319793360441,1,0,0,0,0,0,0,0,0,0,0,0,1,0,2.798
1990,867.2,15.1,43.6,1.14,0,7.5563,1.9125010869241836,1,0,0,1,0,0,0,0,0,0,1,0,1,0,2.798
1990,568.3,16.2,43.6,1.15,0,4.6681,2.336019869080283,1,0,0,0,0,0,0,1,0,0,0,1,0,0,2.798
1990,437.2,17.5,43.6,0.2,0,3.1895,2.6858045921548905,0,0,0,0,0,0,0,0,0,0,0,1,0,0,2.798
1990,474.9,17.9,43.6,0.53,0,4.2537,2.4203681286504293,0,0,0,1,0,0,0,0,0,0,0,1,0,0,2.798
1990,418.8,18.4,43.6,0.58,0,7.4786,1.9213246735826988,0,0,0,0,0,0,0,1,0,0,1,1,0,0,2.798
1990,720.8,18.1,144.8,2.57,0,28.1165,1.8164520818184267,1,0,0,0,0,0,0,0,0,1,0,0,1,0,2.502
1990,1027.7,18.0,144.8,5.26,0,14.6856,2.3850863145057892,1,0,0,1,0,0,0,0,0,0,0,0,0,1,2.502
1990,662.5,16.9,144.8,1.5,0,10.2841,2.71336936257981,0,0,0,0,0,0,0,0,0,0,0,1,0,0,2.502
1990,413.7,17.6,144.8,0.78,0,11.7247,2.5915163848462583,0,0,0,1,0,0,0,0,0,0,1,1,0,0,2.502
1990,1528.8,18.6,144.1,2.78,0,10.6268,2.67827804276854,1,0,0,0,0,0,0,0,0,1,0,0,0,1,2.346
1990,699.9,20.4,144.1,4.85,0,13.0644,2.4874035299865875,1,0,0,1,0,0,0,0,0,0,0,1,0,0,2.346
1990,903.4,19.3,144.1,2.87,0,73.1472,1.0885619528146082,0,0,0,0,0,0,0,0,0,0,0,0,1,0,2.346
1990,686.3,17.5,144.1,2.62,0,14.4824,2.3933394562625097,0,0,0,1,0,0,0,0,0,0,1,1,0,0,2.346
1990,991.3,17.1,86.1,1.04,0,8.6794,2.390595970316759,1,0,0,0,0,0,0,0,0,0,1,0,1,0,2.552
1990,1385.9,17.5,86.1,3.69,0,19.7931,1.6770965609079151,1,0,0,1,0,0,0,0,0,0,0,0,0,1,2.552
1990,963.2,18.2,86.1,1.82,0,7.1631,2.5664866367804233,0,0,0,0,0,0,0,0,0,0,1,0,1,0,2.552
1990,780.1,16.8,86.1,1.33,0,18.8403,1.7173950539391927,0,0,0,1,0,0,0,0,0,0,1,0,1,0,2.552
1990,1094.0,17.9,111.0,1.76,0,7.671,2.738902664584975,1,0,0,0,0,0,0,0,0,1,0,0,0,1,2.398
1990,1023.1,18.9,111.0,2.7,0,8.6449,2.6275629501895237,1,0,0,1,0,0,0,0,0,0,0,0,0,1,2.398
1990,615.7,18.9,111.0,0.33,0,12.6568,2.2793164660546914,0,0,0,0,0,0,0,0,0,0,1,1,0,0,2.398
1990,783.1,17.0,111.0,2.42,0,43.8735,1.2612978709452054,0,0,0,1,0,0,0,0,0,1,0,0,1,0,2.398
1990,1230.5,20.3,60.8,1.54,0,10.648,1.9035989509835904,1,0,0,0,0,0,0,0,0,0,1,0,0,1,1.579
1990,910.7,19.4,60.8,2.12,0,7.6865,2.187174241482718,1,0,0,1,0,0,0,0,0,1,0,0,1,0,1.579
1990,988.4,19.0,60.8,0.98,0,5.6929,2.457877977400081,0,0,0,0,0,0,0,0,0,0,1,0,1,0,1.579
1990,715.2,17.6,60.8,0.85,0,6.8391,2.2915241456346207,0,0,0,1,0,0,0,0,0,0,0,0,1,0,1.579
1990,827.4,14.9,109.0,0.99,0,115.9574,0.6626879730752367,1,0,0,0,0,0,0,0,0,0,1,0,1,0,3.983
1990,767.7,16.6,109.0,3.15,0,9.3482,2.5384474167160302,1,0,0,1,0,0,0,0,0,0,0,0,1,0,3.983
1990,704.8,19.9,109.0,3.51,0,9.8821,2.4874035299865875,1,0,0,0,0,0,0,1,0,0,1,0,1,0,3.983
1990,919.1,17.5,109.0,8.05,0,9.0607,2.567254391136754,1,0,0,0,1,0,0,0,0,0,0,0,1,0,3.983
1990,317.6,16.1,109.0,0.33,0,39.3502,1.3270750014599193,0,0,0,0,0,0,0,0,0,0,0,0,0,0,3.983
1990,648.7,15.1,109.0,1.45,0,10.8242,2.4042387467205457,0,0,0,1,0,0,0,0,0,0,1,1,0,0,3.983
1990,870.9,15.4,109.0,5.43,0,19.258,1.8961194845522977,0,0,0,0,0,0,0,1,0,0,0,0,1,0,3.983
1990,556.2,19.2,109.0,2.81,0,14.2857,2.1552445050953364,0,0,0,0,1,0,0,0,0,0,0,1,0,0,3.983
1990,684.2,15.9,107.4,0.72,0,11.0608,2.3711778844596574,1,0,0,0,0,0,0,0,0,0,1,1,0,0,2.733
1990,990.1,17.6,107.4,4.81,0,10.6866,2.402430427963762,1,0,0,1,0,0,0,0,0,1,0,0,1,0,2.733
1990,1042.7,17.6,107.4,1.42,0,7.6008,2.7166795278002644,1,0,0,0,0,0,0,1,0,0,1,0,0,1,2.733
1990,960.1,16.8,107.4,2.54,0,7.5901,2.7180005319553784,0,0,0,0,0,0,0,0,0,0,0,0,1,0,2.733
1990,791.9,17.4,107.4,1.88,0,32.1557,1.4678743481123135,0,0,0,1,0,0,0,0,0,1,0,0,1,0,2.733
1990,745.6,18.6,107.4,2.71,0,8.7246,2.58851563240702,0,0,0,0,0,0,0,1,0,0,0,0,1,0,2.733
1990,616.2,17.1,50.7,1.05,0,4.543,2.498151876538021,1,0,0,0,0,0,0,0,0,1,0,1,0,0,1.242
1990,577.4,17.1,50.7,0.75,0,4.4552,2.5160822672564502,1,0,0,1,0,0,0,0,0,0,0,1,0,0,1.242
1990,493.7,15.2,50.7,1.59,0,3.9151,2.6354795082673745,1,0,0,0,0,0,0,1,0,1,0,1,0,0,1.242
1990,886.5,15.5,50.7,1.47,0,25.35,1.0986122886681098,1,0,1,0,0,0,0,0,0,1,0,0,1,0,1.242
1990,565.1,15.4,50.7,0.7,0,8.2573,1.965712776351493,0,0,0,0,0,0,0,0,0,1,0,1,0,0,1.242
1990,394.9,15.3,50.7,0.42,0,3.5504,2.7265447837383743,0,0,0,1,0,0,0,0,0,1,0,0,0,0,1.242
1990,584.2,13.8,50.7,0.94,0,4.9463,2.4203681286504293,0,0,0,0,0,0,0,1,0,0,1,1,0,0,1.242
1990,542.4,16.8,50.7,0.82,0,27.8571,1.0367368849500223,0,0,1,0,0,0,0,0,0,1,0,1,0,0,1.242
1990,394.8,20.1,59.9,0.29,0,10.7156,1.8855533485144158,1,0,0,0,0,0,0,0,0,1,0,0,0,0,1.371
1990,911.9,17.5,59.9,2.34,0,5.5773,2.4630018143999504,1,0,0,1,0,0,0,0,0,1,0,0,1,0,1.371
1990,881.4,17.4,59.9,2.08,0,4.0473,2.760009940032921,1,0,0,0,0,0,0,1,0,1,0,0,1,0,1.371
1990,912.2,15.6,59.9,2.23,0,28.3886,1.1346227261911428,1,0,1,0,0,0,0,0,0,1,0,0,1,0,1.371
1990,415.0,18.0,59.9,0.27,0,45.3788,0.8415671856782186,0,0,0,0,0,0,0,0,0,0,1,1,0,0,1.371
1990,576.0,18.6,59.9,1.49,0,12.9095,1.7298840655099674,0,0,0,1,0,0,0,0,0,0,1,1,0,0,1.371
1990,408.9,18.5,59.9,0.49,0,88.0882,0.5187937934151675,0,0,0,0,0,0,0,1,0,1,0,1,0,0,1.371
1990,607.9,18.6,59.9,1.26,0,6.2201,2.363680192353857,0,0,1,0,0,0,0,0,0,0,1,1,0,0,1.371
1990,905.6,18.9,53.5,1.77,0,46.1207,0.7701082216960736,1,0,0,0,0,0,0,0,0,1,0,0,1,0,0.987
1990,634.7,18.7,53.5,1.38,0,11.8363,1.7083778602890038,1,0,0,1,0,0,0,0,0,0,1,1,0,0,0.987
1990,463.6,18.7,53.5,0.53,0,3.6569,2.749192144433385,1,0,1,0,0,0,0,0,0,0,0,1,0,0,0.987
1990,159.5,17.9,53.5,0.2,0,5.1294,2.4362414778067194,0,0,0,0,0,0,0,0,0,1,0,0,0,0,0.987
1990,625.5,18.3,53.5,1.45,0,46.1207,0.7701082216960736,0,0,0,1,0,0,0,0,0,1,0,1,0,0,0.987
1990,412.3,17.2,53.5,0.79,0,3.61,2.761274962339508,0,0,1,0,0,0,0,0,0,1,0,1,0,0,0.987
1990,731.5,17.9,43.5,0.21,0,3.436,2.614471854142644,1,0,0,0,0,0,0,0,0,1,0,0,1,0,1.215
1990,555.6,17.9,43.5,1.15,0,3.5395,2.587011872725154,1,0,0,1,0,0,0,0,0,1,0,1,0,0,1.215
1990,898.0,18.4,43.5,1.49,0,3.3931,2.626116818339524,1,0,1,0,0,0,0,0,0,1,0,0,1,0,1.215
1990,456.7,16.4,43.5,0.51,0,4.5983,2.347558458636777,1,0,0,0,0,1,0,0,0,0,1,1,0,0,1.215
1990,326.8,17.6,43.5,0.2,0,5.4104,2.201659174404085,0,0,0,0,0,0,0,0,0,0,1,0,0,0,1.215
1990,663.8,18.2,43.5,1.79,0,3.293,2.6539459421090092,0,0,0,1,0,0,0,0,0,0,1,1,0,0,1.215
1990,299.6,17.7,43.5,0.37,0,3.7991,2.5217206229107165,0,0,1,0,0,0,0,0,0,0,0,0,0,0,1.215
1990,568.4,17.5,43.5,0.83,0,7.7957,1.884034745337226,0,0,0,0,0,1,0,0,0,0,0,1,0,0,1.215
1990,763.8,20.6,34.0,0.85,0,4.2767,2.191653532286764,1,0,0,0,0,0,0,0,0,0,1,0,1,0,1.367
1990,522.4,21.1,34.0,1.46,0,2.6154,2.6390573296152584,1,0,0,1,0,0,0,0,0,0,1,1,0,0,1.367
1990,682.8,19.2,34.0,0.68,0,4.4503,2.1564025828159643,1,0,1,0,0,0,0,0,0,1,0,1,0,0,1.367
1990,519.4,17.8,34.0,0.47,0,21.25,0.9555114450274363,0,0,0,0,0,0,0,0,0,0,0,1,0,0,1.367
1990,440.1,20.4,34.0,1.06,0,3.3399,2.414126467726953,0,0,0,1,0,0,0,0,0,0,1,1,0,0,1.367
1990,323.3,18.9,34.0,0.24,0,11.5254,1.3737155789130306,0,0,1,0,0,0,0,0,0,0,0,0,0,0,1.367
1990,433.7,16.8,51.6,0.45,0,6.6154,2.174751721484161,1,0,0,0,0,0,0,0,0,0,1,1,0,0,1.854
1990,630.5,17.6,51.6,2.7,0,3.918,2.6511270537025893,1,0,0,1,0,0,0,0,0,0,0,1,0,0,1.854
1990,738.4,16.3,51.6,1.05,0,16.2264,1.430311246536665,1,0,1,0,0,0,0,0,0,0,1,0,1,0,1.854
1990,461.2,19.8,51.6,1.83,0,7.1567,2.105352923464337,1,0,0,0,1,0,0,0,0,0,1,1,0,0,1.854
1990,519.7,15.8,51.6,0.39,0,6.5152,2.188295946591918,0,0,0,0,0,0,0,0,0,1,0,1,0,0,1.854
1990,416.8,18.8,51.6,0.4,0,11.7273,1.6863989535702288,0,0,0,1,0,0,0,0,0,0,0,1,0,0,1.854
1990,381.3,16.9,51.6,0.53,0,14.4538,1.5195132049061133,0,0,1,0,0,0,0,0,0,0,1,0,0,0,1.854
1990,359.4,17.3,51.6,1.09,0,4.3216,2.5603232890727545,0,0,0,0,1,0,0,0,0,0,1,0,0,0,1.854
1990,541.2,22.8,46.9,0.68,0,6.9379,2.048982334195127,1,0,0,0,0,0,0,0,0,0,1,1,0,0,1.181
1990,493.1,19.2,46.9,0.51,0,4.7518,2.386006701133118,1,0,0,1,0,0,0,0,0,0,1,1,0,0,1.181
1990,469.7,20.0,46.9,0.83,0,23.6869,1.091923300517313,0,0,0,0,0,0,0,0,0,0,0,1,0,0,1.181
1990,294.8,19.2,46.9,0.29,0,14.6106,1.43746264769429,0,0,0,1,0,0,0,0,0,0,0,0,0,0,1.181
1990,374.5,16.3,96.4,0.25,0,45.4717,1.1378330018213911,1,0,0,0,0,0,0,0,0,1,0,0,0,0,3.861
1990,737.2,15.8,96.4,2.56,0,32.349,1.3812818192963463,1,0,0,1,0,0,0,0,0,0,0,0,1,0,3.861
1990,829.1,15.7,96.4,9.8,0,10.967,2.281361456542419,1,0,0,0,1,0,0,0,0,0,1,0,1,0,3.861
1990,373.2,14.8,96.4,0.2,0,12.2646,2.1815467646169897,0,0,0,0,0,0,0,0,0,0,0,0,0,0,3.861
1990,418.6,15.1,96.4,0.23,0,20.5544,1.7387102481382397,0,0,0,1,0,0,0,0,0,0,1,1,0,0,3.861
1990,527.6,18.8,96.4,2.46,0,17.9182,1.8531680973566984,0,0,0,0,1,0,0,0,0,0,0,1,0,0,3.861
1990,630.3,20.3,19.0,0.41,0,2.5886,2.1210632163706555,1,0,0,0,0,0,0,0,0,0,1,1,0,0,0.496
1990,335.1,17.8,19.0,0.34,0,1.5152,2.605648267484129,1,0,0,1,0,0,0,0,0,1,0,0,0,0,0.496
1990,362.5,19.6,19.0,0.31,0,7.5099,1.2612978709452054,0,0,0,0,0,0,0,0,0,1,0,0,0,0,0.496
1990,282.7,19.7,19.0,0.2,0,6.5972,1.355835153635182,0,0,0,1,0,0,0,0,0,0,0,0,0,0,0.496
1990,224.0,22.4,75.5,0.2,0,12.1971,1.9726911717329554,1,0,0,0,0,0,1,0,0,1,0,0,0,0,0.89
1990,662.5,21.2,75.5,0.3,0,6.6578,2.5128460184772416,1,0,0,0,0,0,0,0,0,0,1,1,0,0,0.89
1990,302.4,22.0,75.5,1.62,0,12.4382,1.9558604799084813,1,0,0,1,0,0,0,0,0,1,0,0,0,0,0.89
1990,336.9,20.9,75.5,0.45,0,7.8646,2.3608540011180215,0,0,0,0,0,0,1,0,0,1,0,0,0,0,0.89
1990,215.6,21.5,75.5,0.2,0,7.9557,2.3504224224082058,0,0,0,0,0,0,0,0,0,1,0,0,0,0,0.89
1990,335.2,21.4,75.5,1.38,0,18.4146,1.62924053973028,0,0,0,1,0,0,0,0,0,0,1,0,0,0,0.89
1990,505.2,23.6,40.1,0.78,0,19.0952,1.1314021114911006,1,0,0,0,0,0,1,0,0,1,0,1,0,0,0.48
1990,608.4,23.5,40.1,0.77,0,10.4974,1.572773928062509,1,0,0,0,0,0,0,0,0,0,0,1,0,0,0.48
1990,571.8,25.7,40.1,1.32,0,9.6627,1.6389967146756448,1,0,0,1,0,0,0,0,0,0,1,1,0,0,0.48
1990,174.4,23.4,40.1,0.2,0,4.4754,2.298577071596507,0,0,0,0,0,0,1,0,0,1,0,0,0,0,0.48
1990,50.0,24.2,40.1,0.2,0,52.7632,0.5653138090500605,0,0,0,0,0,0,0,0,0,0,1,0,0,0,0.48
1990,505.8,24.7,40.1,1.18,0,3.7302,2.463853240590168,0,0,0,1,0,0,0,0,0,1,0,1,0,0,0.48
1990,315.6,26.8,13.6,0.29,0,0.968,2.711377991194885,1,0,0,0,0,0,1,0,0,0,1,0,0,0,0.455
1990,580.9,27.5,13.6,0.2,0,10.5426,0.8285518175661483,1,0,0,0,0,0,0,0,0,0,1,1,0,0,0.455
1990,617.1,23.8,13.6,1.34,0,2.5468,1.8468787684491346,1,0,0,1,0,0,0,0,0,0,0,1,0,0,0.455
1990,50.0,24.2,13.6,0.2,0,1.2154,2.5006159434931803,0,0,0,0,0,0,1,0,0,0,1,0,0,0,0.455
1990,126.3,24.2,13.6,0.2,0,5.3543,1.264126727145683,0,0,0,0,0,0,0,0,0,0,1,0,0,0,0.455
1990,149.3,25.5,13.6,0.2,0,1.5247,2.2945529212967815,0,0,0,1,0,0,0,0,0,0,1,0,0,0,0.455
1990,836.0,27.5,14.8,0.2,0,1.9023,2.1724764076470255,1,0,0,0,0,0,0,0,0,1,0,0,1,0,0.266
1990,637.0,28.7,14.8,0.21,0,4.1808,1.5129270120532565,1,0,0,1,0,0,0,0,0,0,1,1,0,0,0.266
1990,513.3,31.6,14.8,0.2,1,1.2596,2.545531271604435,0,0,0,0,0,0,0,0,0,0,0,1,0,0,0.266
1990,718.8,25.3,14.8,0.26,0,2.3455,1.9892432737616872,0,0,0,1,0,0,0,0,0,0,1,0,1,0,0.266
1990,626.7,26.7,27.0,0.24,0,4.5685,1.9329696377795786,1,0,0,0,0,0,0,0,0,1,0,1,0,0,0.661
1990,384.3,26.6,27.0,0.49,0,2.4816,2.474856313934499,1,0,0,1,0,0,0,0,0,0,0,0,0,0,0.661
1990,569.9,27.0,27.0,1.84,0,7.013,1.5789787049493917,1,1,0,0,0,0,0,0,0,0,0,1,0,0,0.661
1990,359.6,27.6,27.0,0.2,0,13.9175,1.0784095813505903,0,0,0,0,0,0,0,0,0,0,0,0,0,0,0.661
1990,501.2,25.9,27.0,0.87,0,2.1531,2.605648267484129,0,0,0,1,0,0,0,0,0,1,0,1,0,0,0.661
1990,228.1,26.2,27.0,0.2,0,39.1304,0.5247285289349821,0,1,0,0,0,0,0,0,0,1,0,0,0,0,0.661
1990,987.6,26.0,8.3,0.2,0,0.9161,2.3085671646715933,1,0,0,0,0,0,0,0,0,0,1,0,1,0,0.678
1990,828.0,25.8,8.3,0.27,0,0.9765,2.2512917986064953,1,0,0,1,0,0,0,0,0,0,1,0,1,0,0.678
1990,622.0,28.7,8.3,0.87,0,1.2444,2.0373166153791646,1,1,0,0,0,0,0,0,0,1,0,1,0,0,0.678
1990,801.6,28.3,8.3,0.2,0,3.2937,1.2584609896100056,0,0,0,0,0,0,0,0,0,0,1,0,1,0,0.678
1990,476.3,25.5,8.3,0.39,0,0.8342,2.3933394562625097,0,0,0,1,0,0,0,0,0,0,1,1,0,0,0.678
1990,386.1,28.1,8.3,0.42,0,3.3468,1.247032293786383,0,1,0,0,0,0,0,0,0,0,0,0,0,0,0.678
1990,274.6,29.6,40.7,0.2,0,6.1948,2.0241930674493576,1,0,0,0,0,0,0,0,0,1,0,0,0,0,0.341
1990,138.0,28.6,40.7,0.2,0,10.0246,1.6213664832993742,1,0,0,1,0,0,0,0,0,0,1,0,0,0,0.341
1990,222.6,28.0,40.7,0.21,0,3.7237,2.4790562361098245,1,0,0,0,0,1,0,0,0,0,1,0,0,0,0.341
1990,68.4,31.5,40.7,0.2,1,3.6601,2.4948569806411682,0,0,0,0,0,0,0,0,0,1,0,0,0,0,0.341
1990,304.5,27.2,40.7,0.28,0,5.2857,2.163323025660538,0,0,0,1,0,0,0,0,0,0,0,0,0,0,0.341
1990,342.4,28.6,40.7,0.94,0,3.6799,2.4898941912990393,0,0,0,0,0,1,0,0,0,0,0,0,0,0,0.341
1990,659.5,26.1,44.8,0.2,0,3.7055,2.5718485799218085,1,0,0,0,0,0,0,0,0,1,0,1,0,0,0.339
1990,503.4,29.1,44.8,0.2,0,7.8185,1.9065751436566365,1,0,0,1,0,0,0,0,0,0,1,1,0,0,0.339
1990,399.3,29.3,44.8,0.2,0,3.6721,2.580216829592325,0,0,0,0,0,0,0,0,0,0,1,0,0,0,0.339
1990,626.2,29.3,44.8,0.23,0,10.8738,1.6331544390514163,0,0,0,1,0,0,0,0,0,1,0,1,0,0,0.339
1990,650.7,23.2,24.4,0.55,0,2.2997,2.4518667957098,1,0,0,0,0,0,0,0,0,0,0,1,0,0,0.628
1990,513.2,24.4,24.4,0.82,0,4.7563,1.81319474994812,1,0,0,1,0,0,0,0,0,1,0,1,0,0,0.628
1990,164.7,23.6,24.4,0.2,0,15.0617,0.9631743177730056,0,0,0,0,0,0,0,0,0,0,0,0,0,0,0.628
1990,522.4,22.7,24.4,0.95,0,2.9327,2.2321626286975,0,0,0,1,0,0,0,0,0,0,1,1,0,0,0.628
1990,277.9,33.0,18.5,0.32,1,4.768,1.5851452198650557,1,0,0,0,0,0,1,0,0,0,1,0,0,0,0.251
1990,255.9,32.1,18.5,0.2,1,1.2358,2.770711962226921,1,0,0,0,0,0,0,0,0,1,0,0,0,0,0.251
1990,162.7,31.4,18.5,0.2,1,1.4047,2.6511270537025893,1,0,0,1,0,0,0,0,0,0,1,0,0,0,0.251
1990,50.0,29.9,18.5,0.2,0,4.6717,1.601405740736836,0,0,0,0,0,0,1,0,0,0,1,0,0,0,0.251
1990,81.8,30.8,18.5,0.2,1,16.6667,0.7466879474879752,0,0,0,0,0,0,0,0,0,0,0,0,0,0,0.251
1990,50.0,30.6,18.5,0.2,1,5.0546,1.5390154481375546,0,0,0,1,0,0,0,0,0,0,1,0,0,0,0.251
1990,318.0,32.2,16.7,0.74,1,1.1231,2.7644305345383176,1,0,0,0,0,0,1,0,0,0,0,0,0,0,0.239
1990,277.9,31.1,16.7,0.2,1,4.5135,1.547562508716013,1,0,0,0,0,0,0,0,0,0,0,0,0,0,0.239
1990,215.7,32.3,16.7,0.2,1,12.4627,0.8501509293696101,1,0,0,1,0,0,0,0,0,0,1,0,0,0,0.239
1990,50.7,34.0,16.7,0.2,1,1.3544,2.5900171341906173,0,0,0,0,0,0,1,0,0,0,0,0,0,0,0.239
1990,78.0,32.2,16.7,0.2,1,1.8352,2.312535423847214,0,0,0,0,0,0,0,0,0,0,1,0,0,0,0.239
1990,128.8,32.6,16.7,0.2,1,1.2472,2.6665335208992764,0,0,0,1,0,0,0,0,0,0,0,0,0,0,0.239
1990,229.8,33.0,30.4,0.3,1,5.1525,1.9315214116032138,1,0,0,0,0,0,1,0,0,0,1,0,0,0,0.215
1990,218.2,32.9,30.4,0.2,1,18.0952,0.9858167945227653,1,0,0,0,0,0,0,0,0,0,1,0,0,0,0.215
1990,104.8,29.8,30.4,0.2,0,2.4398,2.599722324216582,1,0,0,1,0,0,0,0,0,0,1,0,0,0,0.215
1990,185.5,32.6,30.4,0.26,1,6.9565,1.6808279085207734,0,0,0,0,0,0,1,0,0,0,1,0,0,0,0.215
1990,126.1,35.1,30.4,0.2,1,2.8227,2.4655539212721855,0,0,0,0,0,0,0,0,0,1,0,0,0,0,0.215
1990,137.6,35.0,30.4,0.2,1,3.2101,2.3485140248824456,0,0,0,1,0,0,0,0,0,0,1,0,0,0,0.215
1990,145.0,34.0,29.8,0.2,1,10.53,1.3428648031925547,1,0,0,0,0,0,1,0,0,0,1,0,0,0,0.216
1990,190.0,34.7,29.8,0.2,1,3.1534,2.34660197841082,1,0,0,0,0,0,0,0,0,0,1,0,0,0,0.216
1990,168.1,35.1,29.8,0.25,1,3.0753,2.3693087250369538,1,0,0,1,0,0,0,0,0,0,1,0,0,0,0.216
1990,120.8,35.3,29.8,0.2,1,2.0609,2.738256043159276,0,0,0,0,0,0,1,0,0,0,1,0,0,0,0.216
1990,178.8,33.3,29.8,0.2,1,14.9749,1.095273387402595,0,0,0,0,0,0,0,0,0,1,0,0,0,0,0.216
1990,132.1,34.8,29.8,0.2,1,20.1351,0.9082585601768908,0,0,0,1,0,0,0,0,0,0,1,0,0,0,0.216
1990,620.5,21.4,32.9,0.64,0,2.2503,2.7485521444115397,1,0,0,0,0,0,0,0,0,1,0,1,0,0,1.081
1990,545.8,21.4,32.9,1.73,0,40.122,0.598836501088704,1,0,0,1,0,0,0,0,0,0,0,1,0,0,1.081
1990,70.6,22.9,32.9,0.2,0,7.3602,1.6992786164338898,0,0,0,0,0,0,0,0,0,0,1,0,0,0,1.081
1990,171.2,21.8,32.9,0.26,0,3.1155,2.4475508632442313,0,0,0,1,0,0,0,0,0,1,0,0,0,0,1.081
1990,314.8,24.6,38.1,0.2,0,5.7815,2.0268315914075385,1,0,0,0,0,0,0,0,0,1,0,0,0,0,0.34
1990,471.6,27.1,38.1,0.84,0,10.6128,1.5238800240724537,1,0,0,1,0,0,0,0,0,0,0,1,0,0,0.34
1990,222.8,25.7,38.1,0.2,0,2.924,2.6411978941143697,0,0,0,0,0,0,0,0,0,0,1,0,0,0,0.34
1990,214.2,26.3,38.1,0.34,0,3.262,2.5400259490090797,0,0,0,1,0,0,0,0,0,1,0,0,0,0,0.34
1990,622.6,21.9,29.6,0.58,0,2.1372,2.6979998652487085,1,0,0,0,0,0,0,0,0,0,0,1,0,0,0.617
1990,708.1,23.6,29.6,1.28,0,13.4545,1.1631508098056809,1,0,0,1,0,0,0,0,0,0,1,0,1,0,0.617
1990,251.1,21.4,29.6,0.2,0,20.6993,0.8878912573524571,0,0,0,0,0,0,0,0,0,0,1,0,0,0,0.617
1990,139.9,23.7,29.6,0.2,0,5.92,1.791759469228055,0,0,0,1,0,0,0,0,0,1,0,0,0,0,0.617
1990,558.7,18.2,59.6,2.55,0,6.4783,2.322387720290225,1,0,0,0,0,0,0,0,1,0,1,1,0,0,1.385
1990,428.3,19.4,59.6,0.9,0,7.9786,2.136530508663963,1,0,0,0,0,0,0,0,0,0,0,1,0,0,1.385
1990,546.0,18.5,59.6,2.61,0,23.1907,1.2725655957915476,1,0,0,1,0,0,0,0,0,1,0,1,0,0,1.385
1990,375.9,19.6,59.6,2.32,0,11.3958,1.8293763327993617,0,0,0,0,0,0,0,0,1,0,0,0,0,0,1.385
1990,255.0,19.0,59.6,0.2,0,60.8163,0.6830968447064438,0,0,0,0,0,0,0,0,0,0,1,0,0,0,1.385
1990,275.4,19.2,59.6,0.21,0,4.9216,2.5733752977756086,0,0,0,1,0,0,0,0,0,0,1,0,0,0,1.385
1990,675.7,22.3,52.6,0.47,0,54.7917,0.6729444732424258,1,0,0,0,0,0,0,0,0,0,1,1,0,0,1.472
1990,1051.9,22.4,52.6,2.61,0,4.8479,2.47232786758114,1,0,0,1,0,0,0,0,0,1,0,0,0,1,1.472
1990,668.9,22.1,52.6,0.88,0,7.4504,2.0869135565185366,0,0,0,0,0,0,0,0,0,1,0,1,0,0,1.472
1990,554.3,24.6,52.6,0.85,0,31.3095,0.9858167945227653,0,0,0,1,0,0,0,0,0,0,1,1,0,0,1.472
1990,899.8,23.9,52.1,0.43,0,6.0936,2.256541154492639,1,0,0,0,0,0,0,0,0,0,1,0,1,0,1.511
1990,923.4,21.1,52.1,2.43,0,33.6129,0.9360933591703349,1,0,0,1,0,0,0,0,0,0,1,0,1,0,1.511
1990,982.5,22.4,52.1,0.97,0,4.6229,2.50715725872282,1,1,0,0,0,0,0,0,0,0,1,0,1,0,1.511
1990,356.8,20.6,52.1,0.21,0,6.8915,2.1471001901536506,0,0,0,0,0,0,0,0,0,0,1,0,0,0,1.511
1990,228.8,21.8,52.1,0.25,0,3.7946,2.689886230474539,0,0,0,1,0,0,0,0,0,0,1,0,0,0,1.511
1990,295.1,24.2,52.1,0.54,0,4.7886,2.474856313934499,0,1,0,0,0,0,0,0,0,0,0,0,0,0,1.511
1990,662.1,21.0,64.9,0.73,0,9.3247,2.0744289998562917,1,0,0,0,0,0,0,0,0,1,0,1,0,0,1.053
1990,354.5,23.3,64.9,0.39,0,22.6132,1.3532545070416904,1,0,0,1,0,0,0,0,0,0,1,0,0,0,1.053
1990,446.6,24.0,64.9,0.21,0,5.5375,2.543175557911976,0,0,0,0,0,0,0,0,0,0,1,1,0,0,1.053
1990,214.0,22.7,64.9,0.2,0,21.9257,1.3762440252663892,0,0,0,1,0,0,0,0,0,0,0,0,0,0,1.053
1990,866.9,22.5,63.8,0.69,0,6.7513,2.34660197841082,1,0,0,0,0,0,0,0,0,0,0,0,1,0,1.369
1990,1016.3,22.0,63.8,3.44,0,5.0078,2.620311286794203,1,0,0,1,0,0,0,0,0,0,1,0,0,1,1.369
1990,665.3,22.6,63.8,0.51,0,18.3333,1.4996230464268938,0,0,0,0,0,0,0,0,0,1,0,1,0,0,1.369
1990,490.2,21.1,63.8,0.39,0,59.6262,0.7275486072772778,0,0,0,1,0,0,0,0,0,1,0,1,0,0,1.369
1990,304.5,20.8,23.7,0.25,0,21.5455,0.7419373447293773,1,0,0,0,0,0,0,0,0,0,1,0,0,0,0.583
1990,431.7,21.5,23.7,0.32,0,3.3427,2.0906287310704004,1,0,0,1,0,0,0,0,0,1,0,1,0,0,0.583
1990,589.0,20.0,23.7,0.68,0,4.7782,1.7850704810772584,0,0,0,0,0,0,0,0,0,0,0,1,0,0,0.583
1990,169.1,21.8,23.7,0.2,0,1.6277,2.7447035187502458,0,0,0,1,0,0,0,0,0,0,1,0,0,0,0.583
1990,827.5,17.8,50.2,3.5,0,4.7628,2.4458192610799534,1,0,0,0,0,0,0,0,1,0,0,0,1,0,1.391
1990,967.0,19.2,50.2,1.22,0,53.4043,0.6626879730752367,1,0,0,0,0,0,0,0,0,0,1,0,1,0,1.391
1990,696.2,18.5,50.2,1.03,0,13.8292,1.5325568680981427,1,0,0,1,0,0,0,0,0,0,1,1,0,0,1.391
1990,677.9,17.1,50.2,2.5,0,3.3489,2.771963526845863,0,0,0,0,0,0,0,0,1,0,1,1,0,0,1.391
1990,584.0,17.7,50.2,0.75,0,5.7569,2.2741856184723477,0,0,0,0,0,0,0,0,0,1,0,1,0,0,1.391
1990,486.6,16.0,50.2,0.54,0,4.1114,2.580974118534234,0,0,0,1,0,0,0,0,0,0,1,1,0,0,1.391
1990,803.5,18.5,70.8,1.37,0,8.4286,2.2407096892759584,1,0,0,0,0,0,0,0,0,0,0,0,1,0,1.144
1990,516.6,15.0,70.8,0.45,0,11.5498,1.9643112344262046,1,0,0,1,0,0,0,0,0,0,1,1,0,0,1.144
1990,414.8,15.4,70.8,0.2,0,7.6541,2.327277705584417,0,0,0,0,0,0,0,0,0,0,0,1,0,0,1.144
1990,623.8,18.8,70.8,1.83,0,11.7804,1.9473377010464987,0,0,0,1,0,0,0,0,0,0,1,1,0,0,1.144
1990,753.7,20.0,76.9,1.51,0,12.7953,1.9473377010464987,1,0,0,0,0,0,0,0,0,0,1,0,1,0,1.602
1990,514.0,22.8,76.9,2.25,0,6.2571,2.587011872725154,1,0,0,1,0,0,0,0,0,1,0,1,0,0,1.602
1990,789.0,20.5,76.9,1.96,0,56.1314,0.8628899551470398,1,1,0,0,0,0,0,0,0,1,0,0,1,0,1.602
1990,930.0,20.0,76.9,1.49,0,16.6091,1.728109442151599,1,0,0,0,0,1,0,0,0,0,1,0,1,0,1.602
1990,711.5,19.3,76.9,1.36,0,15.3493,1.7934247485471162,0,0,0,0,0,0,0,0,0,0,1,0,1,0,1.602
1990,676.9,19.3,76.9,1.3,0,24.5687,1.4182774069729414,0,0,0,1,0,0,0,0,0,0,0,1,0,0,1.602
1990,372.0,20.7,76.9,0.39,0,7.1336,2.4664031782234406,0,1,0,0,0,0,0,0,0,0,1,0,0,0,1.602
1990,377.6,21.7,76.9,0.41,0,68.0531,0.7561219797213337,0,0,0,0,0,1,0,0,0,0,1,0,0,0,1.602
1990,260.4,31.4,29.7,0.2,1,7.7953,1.57069708411767,1,0,0,0,0,0,0,0,0,1,0,0,0,0,0.243
1990,287.4,28.4,29.7,0.32,0,2.3423,2.615934912194404,1,0,0,1,0,0,0,0,0,0,1,0,0,0,0.243
1990,218.8,30.9,29.7,0.2,1,2.3894,2.5974910105351463,0,0,0,0,0,0,0,0,0,0,1,0,0,0,0.243
1990,298.9,29.0,29.7,0.73,0,3.1099,2.3561258599220753,0,0,0,1,0,0,0,0,0,0,0,0,0,0,0.243
1990,270.4,30.1,12.6,0.2,1,3.4615,1.534714366238164,1,0,0,0,0,0,0,0,0,1,0,0,0,0,0.212
1990,348.3,29.2,12.6,0.29,0,1.3816,2.3145136638593193,1,0,0,1,0,0,0,0,0,0,1,0,0,0,0.212
1990,173.9,31.0,12.6,0.2,1,1.1909,2.449279472144849,0,0,0,0,0,0,0,0,0,0,0,0,0,0,0.212
1990,50.0,32.2,12.6,0.2,1,5.339,1.2119409739751128,0,0,0,1,0,0,0,0,0,1,0,0,0,0,0.212
1991,474.4,16.8,150.7,1.91,0,11.1878,2.6720775406433925,1,0,0,0,0,0,0,0,1,0,0,1,0,0,3.582
1991,405.4,16.2,150.7,0.31,0,18.7671,2.200552367428894,1,0,0,0,0,0,0,0,0,0,0,1,0,0,3.582
1991,540.9,15.2,150.7,0.82,0,15.161,2.392425796993835,1,0,0,1,0,0,0,0,0,1,0,1,0,0,3.582
1991,375.7,18.5,150.7,0.8,0,14.9208,2.4069451083182885,0,0,0,0,0,0,0,0,1,1,0,0,0,0,3.582
1991,516.6,17.5,150.7,2.08,0,110.0,0.8628899551470398,0,0,0,0,0,0,0,0,0,0,0,1,0,0,3.582
1991,343.4,17.7,150.7,0.69,0,18.2225,2.2267833795777636,0,0,0,1,0,0,0,0,0,0,0,0,0,0,3.582
1991,489.0,15.6,107.2,1.83,0,8.9111,2.567254391136754,1,0,0,0,0,0,0,0,1,0,1,1,0,0,4.069
1991,466.5,16.1,107.2,0.44,0,7.6901,2.7040421797046714,1,0,0,0,0,0,0,0,0,1,0,1,0,0,4.069
1991,613.9,19.3,107.2,4.21,0,9.3624,2.5217206229107165,1,0,0,1,0,0,0,0,0,0,0,1,0,0,4.069
1991,404.0,16.3,107.2,0.93,0,9.9443,2.4664031782234406,0,0,0,0,0,0,0,0,1,1,0,1,0,0,4.069
1991,229.1,14.3,107.2,0.2,0,15.3582,2.0769384114617173,0,0,0,0,0,0,0,0,0,0,0,0,0,0,4.069
1991,434.4,19.5,107.2,0.91,0,13.904,2.1644717908644115,0,0,0,1,0,0,0,0,0,1,0,1,0,0,4.069
1991,551.0,18.2,107.5,2.89,0,8.8187,2.579458966729223,1,0,0,0,0,0,0,0,1,1,0,1,0,0,3.973
1991,558.2,18.3,107.5,1.22,0,10.1607,2.449279472144849,1,0,0,0,0,0,0,0,0,0,0,1,0,0,3.973
1991,464.0,18.5,107.5,1.98,0,8.6484,2.5974910105351463,1,0,0,1,0,0,0,0,0,0,1,1,0,0,3.973
1991,541.2,20.2,107.5,5.88,0,13.7997,2.1736147116970854,1,0,0,0,1,0,0,0,0,0,0,1,0,0,3.973
1991,195.8,18.2,107.5,0.64,0,72.1477,0.9122827104766162,0,0,0,0,0,0,0,0,1,0,0,0,0,0,3.973
1991,351.6,18.4,107.5,0.46,0,13.7117,2.179286876649552,0,0,0,0,0,0,0,0,0,0,0,0,0,0,3.973
1991,208.1,18.3,107.5,0.51,0,29.6143,1.5325568680981427,0,0,0,1,0,0,0,0,0,0,1,0,0,0,3.973
1991,418.9,18.3,107.5,2.9,0,7.2003,2.768204123921957,0,0,0,0,1,0,0,0,0,0,0,1,0,0,3.973
1991,507.9,16.8,113.7,0.78,0,81.2143,0.8754687373538999,1,0,0,0,0,0,0,0,0,0,1,1,0,0,2.798
1991,559.2,17.5,113.7,2.86,0,12.0701,2.343727036325221,1,0,0,1,0,0,0,0,0,1,0,1,0,0,2.798
1991,389.6,14.5,113.7,0.88,0,8.5105,2.664446563620078,1,0,0,0,0,0,0,1,0,0,0,0,0,0,2.798
1991,211.8,17.3,113.7,0.24,0,17.4923,2.0149030205422647,0,0,0,0,0,0,0,0,0,0,0,0,0,0,2.798
1991,431.0,16.8,113.7,0.2,0,26.6276,1.6620303625532709,0,0,0,1,0,0,0,0,0,0,0,1,0,0,2.798
1991,296.4,18.0,113.7,0.73,0,31.4088,1.5303947050936475,0,0,0,0,0,0,0,1,0,0,0,0,0,0,2.798
1991,583.4,16.9,124.5,1.31,0,9.7724,2.620311286794203,1,0,0,0,0,0,0,0,0,0,0,1,0,0,2.502
1991,463.5,17.5,124.5,0.48,0,16.8243,2.128231705849268,1,0,0,1,0,0,0,0,0,0,1,1,0,0,2.502
1991,214.0,16.1,124.5,0.2,0,10.4798,2.5556757206762075,0,0,0,0,0,0,0,0,0,0,0,0,0,0,2.502
1991,488.9,17.3,124.5,1.41,0,9.8109,2.6166656393003573,0,0,0,1,0,0,0,0,0,0,0,1,0,0,2.502
1991,569.0,19.9,163.9,0.54,0,17.4362,2.341805806147327,1,0,0,0,0,0,0,0,0,0,1,1,0,0,2.346
1991,655.6,18.1,163.9,5.3,0,14.647,2.5006159434931803,1,0,0,1,0,0,0,0,0,0,0,1,0,0,2.346
1991,441.8,18.6,163.9,0.49,0,241.0294,0.5187937934151675,0,0,0,0,0,0,0,0,0,0,0,1,0,0,2.346
1991,240.5,17.9,163.9,0.32,0,13.9727,2.543961412569315,0,0,0,1,0,0,0,0,0,0,0,0,0,0,2.346
1991,939.9,19.4,123.4,2.46,0,154.25,0.5877866649021191,1,0,0,0,0,0,0,0,0,0,0,0,1,0,2.552
1991,644.7,16.8,123.4,1.13,0,54.6018,1.1817271953786161,1,0,0,1,0,0,0,0,0,0,0,1,0,0,2.552
1991,695.7,19.2,123.4,0.33,0,15.0672,2.2181159363675955,0,0,0,0,0,0,0,0,0,0,1,1,0,0,2.552
1991,634.8,18.6,123.4,0.77,0,10.8722,2.513656063073986,0,0,0,1,0,0,0,0,0,0,1,1,0,0,2.552
1991,889.8,17.6,123.5,0.92,0,32.8457,1.5602476682433286,1,0,0,0,0,0,0,0,0,1,0,0,1,0,2.398
1991,579.5,15.7,123.5,0.54,0,13.1523,2.340843805111136,1,0,0,1,0,0,0,0,0,0,0,1,0,0,2.398
1991,435.6,18.4,123.5,0.4,0,10.0162,2.5900171341906173,0,0,0,0,0,0,0,0,0,0,0,1,0,0,2.398
1991,451.7,18.4,123.5,0.63,0,17.2006,2.1016921506146558,0,0,0,1,0,0,0,0,0,1,0,1,0,0,2.398
1991,771.9,20.4,71.0,1.25,0,8.4524,2.2407096892759584,1,0,0,0,0,0,0,0,0,0,0,0,1,0,1.579
1991,586.4,18.4,71.0,0.54,0,5.595,2.6166656393003573,1,0,0,1,0,0,0,0,0,0,1,1,0,0,1.579
1991,484.5,21.1,71.0,0.23,0,9.0216,2.1826747963214883,0,0,0,0,0,0,0,0,0,0,1,1,0,0,1.579
1991,192.5,19.9,71.0,0.2,0,6.1525,2.5289235352047745,0,0,0,1,0,0,0,0,0,0,1,0,0,0,1.579
1991,464.1,16.8,106.5,0.21,0,30.7803,1.4951487660319727,1,0,0,0,0,0,0,0,0,1,0,1,0,0,3.983
1991,778.2,17.5,106.5,3.08,0,32.9721,1.4422019930581866,1,0,0,1,0,0,0,0,0,0,1,0,1,0,3.983
1991,530.8,16.9,106.5,0.79,0,105.4455,0.6981347220709844,1,0,0,0,0,0,0,1,0,1,0,1,0,0,3.983
1991,511.8,17.8,106.5,1.18,0,18.2363,1.922787731634459,1,0,0,0,1,0,0,0,0,1,0,1,0,0,3.983
1991,340.5,17.9,106.5,0.2,0,18.2363,1.922787731634459,0,0,0,0,0,0,0,0,0,1,0,0,0,0,3.983
1991,575.4,16.5,106.5,0.92,0,11.7033,2.312535423847214,0,0,0,1,0,0,0,0,0,1,0,1,0,0,3.983
1991,196.9,15.2,106.5,0.34,0,57.5676,1.0473189942805592,0,0,0,0,0,0,0,1,0,1,0,0,0,0,3.983
1991,328.1,20.1,106.5,1.03,0,73.9583,0.8919980393051105,0,0,0,0,1,0,0,0,0,0,1,0,0,0,3.983
1991,974.0,19.0,160.2,2.45,0,13.1635,2.5779415157551897,1,0,0,0,0,0,0,0,0,0,1,0,1,0,2.733
1991,633.7,16.5,160.2,1.04,0,29.9439,1.8484548129046001,1,0,0,1,0,0,0,0,0,0,0,1,0,0,2.733
1991,796.2,18.7,160.2,2.43,0,20.025,2.1972245773362196,1,0,0,0,0,0,0,1,0,1,0,0,1,0,2.733
1991,433.3,16.7,160.2,0.2,0,43.2973,1.547562508716013,0,0,0,0,0,0,0,0,0,0,0,1,0,0,2.733
1991,655.7,18.3,160.2,1.92,0,11.4184,2.710048203764883,0,0,0,1,0,0,0,0,0,1,0,1,0,0,2.733
1991,700.0,19.0,160.2,4.55,0,24.8758,2.0068708488450007,0,0,0,0,0,0,0,1,0,0,0,1,0,0,2.733
1991,534.6,18.3,54.4,1.33,0,9.4609,1.9095425048844386,1,0,0,0,0,0,0,0,0,0,0,1,0,0,1.242
1991,447.1,13.9,54.4,0.46,0,3.8472,2.717340248009303,1,0,0,1,0,0,0,0,0,0,1,1,0,0,1.242
1991,287.0,16.6,54.4,0.25,0,7.2533,2.1400661634962708,1,0,0,0,0,0,0,1,0,0,1,0,0,0,1.242
1991,431.6,18.1,54.4,0.73,0,4.9097,2.4915511925066687,1,0,1,0,0,0,0,0,0,0,1,1,0,0,1.242
1991,325.4,14.8,54.4,0.2,0,5.4237,2.400618833265411,0,0,0,0,0,0,0,0,0,1,0,0,0,0,1.242
1991,273.0,15.8,54.4,0.2,0,13.3333,1.6253112615903906,0,0,0,1,0,0,0,0,0,0,1,0,0,0,1.242
1991,316.1,17.1,54.4,0.26,0,4.6259,2.546315277916644,0,0,0,0,0,0,0,1,0,0,1,0,0,0,1.242
1991,280.2,15.1,54.4,0.2,0,38.5816,0.8796267475025635,0,0,1,0,0,0,0,0,0,0,0,0,0,0,1.242
1991,533.2,17.7,73.3,0.95,0,7.2431,2.4087452888224363,1,0,0,0,0,0,0,0,0,0,0,1,0,0,1.371
1991,511.7,16.1,73.3,0.88,0,4.9762,2.7555697170701863,1,0,0,1,0,0,0,0,0,0,1,1,0,0,1.371
1991,538.9,16.5,73.3,2.32,0,8.4253,2.272125885509337,1,0,0,0,0,0,0,1,0,0,0,1,0,0,1.371
1991,457.8,16.1,73.3,1.51,0,27.2491,1.3056264580524357,1,0,1,0,0,0,0,0,0,0,0,1,0,0,1.371
1991,228.1,17.0,73.3,0.2,0,8.4838,2.265921108622454,0,0,0,0,0,0,0,0,0,1,0,0,0,0,1.371
1991,305.9,18.5,73.3,0.57,0,6.8123,2.464703942470481,0,0,0,1,0,0,0,0,0,0,0,0,0,0,1.371
1991,219.0,18.1,73.3,0.31,0,9.7344,2.143589361503588,0,0,0,0,0,0,0,1,0,0,1,0,0,0,1.371
1991,388.1,15.2,73.3,0.2,0,8.7158,2.2417729535972883,0,0,1,0,0,0,0,0,0,0,1,0,0,0,1.371
1991,358.1,17.3,60.3,0.29,0,5.0672,2.5572273113676265,1,0,0,0,0,0,0,0,0,0,0,0,0,0,0.987
1991,365.4,16.6,60.3,0.38,0,11.3989,1.8389610707123492,1,0,0,1,0,0,0,0,0,0,0,0,0,0,0.987
1991,568.8,17.9,60.3,1.06,0,4.596,2.647592232065096,1,0,1,0,0,0,0,0,0,1,0,1,0,0,0.987
1991,249.0,15.6,60.3,0.2,0,5.1583,2.540814281726296,0,0,0,0,0,0,0,0,0,1,0,0,0,0,0.987
1991,268.2,17.3,60.3,0.58,0,6.018,2.3997118037247684,0,0,0,1,0,0,0,0,0,0,0,0,0,0,0.987
1991,237.0,18.9,60.3,0.22,0,4.1644,2.739548868161581,0,0,1,0,0,0,0,0,0,1,0,0,0,0,0.987
1991,529.8,17.2,38.4,0.39,0,3.9588,2.3702437414678603,1,0,0,0,0,0,0,0,0,0,1,1,0,0,1.215
1991,563.2,18.1,38.4,1.77,0,3.6261,2.4501426573516603,1,0,0,1,0,0,0,0,0,0,0,1,0,0,1.215
1991,385.6,19.3,38.4,0.25,0,2.8152,2.6837575085331657,1,0,1,0,0,0,0,0,0,1,0,0,0,0,1.215
1991,407.8,16.9,38.4,0.2,0,4.0764,2.343727036325221,1,0,0,0,0,1,0,0,0,0,1,1,0,0,1.215
1991,291.5,19.7,38.4,0.2,0,5.8537,2.0228711901914416,0,0,0,0,0,0,0,0,0,1,0,0,0,0,1.215
1991,328.8,17.8,38.4,0.41,0,56.4706,0.5187937934151675,0,0,0,1,0,0,0,0,0,0,0,0,0,0,1.215
1991,398.8,21.1,38.4,0.23,0,2.8635,2.667922410011431,0,0,1,0,0,0,0,0,0,0,1,0,0,0,1.215
1991,256.7,18.4,38.4,0.2,0,4.6043,2.234306252240751,0,0,0,0,0,1,0,0,0,1,0,0,0,0,1.215
1991,472.7,21.1,44.9,0.58,0,7.891,1.900613874140137,1,0,0,0,0,0,0,0,0,0,1,1,0,0,1.367
1991,485.4,19.5,44.9,1.68,0,14.8675,1.3912819026309295,1,0,0,1,0,0,0,0,0,0,1,1,0,0,1.367
1991,424.4,19.2,44.9,1.05,0,8.0901,1.8794650496471605,1,0,1,0,0,0,0,0,0,0,0,1,0,0,1.367
1991,378.4,19.1,44.9,0.64,0,4.7263,2.3513752571634776,0,0,0,0,0,0,0,0,0,0,1,0,0,0,1.367
1991,211.8,20.0,44.9,0.24,0,19.2704,1.2029723039923526,0,0,0,1,0,0,0,0,0,0,1,0,0,0,1.367
1991,150.9,20.9,44.9,0.2,0,29.7351,0.9202827531436926,0,0,1,0,0,0,0,0,0,0,1,0,0,0,1.367
1991,457.9,16.5,56.1,0.51,0,5.7128,2.3813962734183356,1,0,0,0,0,0,0,0,0,0,1,1,0,0,1.854
1991,575.4,15.8,56.1,1.15,0,11.4257,1.776645831418007,1,0,0,1,0,0,0,0,0,0,0,1,0,0,1.854
1991,451.6,17.2,56.1,1.16,0,4.832,2.534490149976828,1,0,1,0,0,0,0,0,0,1,0,1,0,0,1.854
1991,503.4,17.5,56.1,2.84,0,6.5006,2.2648832258100344,1,0,0,0,1,0,0,0,0,0,1,1,0,0,1.854
1991,253.0,15.9,56.1,0.2,0,4.3021,2.641910398597665,0,0,0,0,0,0,0,0,0,0,1,0,0,0,1.854
1991,338.1,16.4,56.1,0.27,0,4.0623,2.6953026282797072,0,0,0,1,0,0,0,0,0,0,1,0,0,0,1.854
1991,326.2,16.5,56.1,0.29,0,4.0919,2.688527534613346,0,0,1,0,0,0,0,0,0,0,1,0,0,0,1.854
1991,318.0,15.9,56.1,1.32,0,12.2489,1.7191887763932197,0,0,0,0,1,0,0,0,0,1,0,0,0,0,1.854
1991,502.4,19.8,65.5,0.92,0,8.9726,2.1162555148025524,1,0,0,0,0,0,0,0,0,0,0,1,0,0,1.181
1991,417.9,18.1,65.5,1.39,0,13.5052,1.766441661243765,1,0,0,1,0,0,0,0,0,0,1,1,0,0,1.181
1991,368.5,19.9,65.5,0.59,0,65.5,0.6931471805599453,0,0,0,0,0,0,0,0,0,1,0,0,0,0,1.181
1991,235.0,21.4,65.5,0.34,0,5.2191,2.60638654732571,0,0,0,1,0,0,0,0,0,0,0,0,0,0,1.181
1991,583.7,16.1,116.0,0.2,0,13.1968,2.281361456542419,1,0,0,0,0,0,0,0,0,1,0,1,0,0,3.861
1991,554.6,14.7,116.0,0.61,0,12.5677,2.325324579963535,1,0,0,1,0,0,0,0,0,1,0,1,0,0,3.861
1991,475.0,16.7,116.0,6.88,0,12.0207,2.365559892155434,1,0,0,0,1,0,0,0,0,0,1,1,0,0,3.861
1991,390.0,15.6,116.0,0.2,0,19.0789,1.9572739077056285,0,0,0,0,0,0,0,0,0,0,0,0,0,0,3.861
1991,529.5,15.3,116.0,1.47,0,12.595,2.3233676321765744,0,0,0,1,0,0,0,0,0,1,0,1,0,0,3.861
1991,483.0,14.8,116.0,7.63,0,20.1739,1.9095425048844386,0,0,0,0,1,0,0,0,0,0,0,1,0,0,3.861
1991,349.9,18.5,18.9,0.2,0,3.566,1.840549633397487,1,0,0,0,0,0,0,0,0,1,0,0,0,0,0.496
1991,245.9,18.9,18.9,0.2,0,4.1357,1.7173950539391927,1,0,0,1,0,0,0,0,0,0,1,0,0,0,0.496
1991,118.5,18.6,18.9,0.2,0,2.1502,2.281361456542419,0,0,0,0,0,0,0,0,0,1,0,0,0,0,0.496
1991,86.8,19.2,18.9,0.2,0,3.0192,1.9823798288367047,0,0,0,1,0,0,0,0,0,1,0,0,0,0,0.496
1991,299.6,21.1,48.7,0.2,0,3.695,2.6518325211039815,1,0,0,0,0,0,1,0,0,0,1,0,0,0,0.89
1991,320.7,21.2,48.7,0.2,0,7.5387,2.0095554142156695,1,0,0,0,0,0,0,0,0,0,1,0,0,0,0.89
1991,347.3,22.6,48.7,0.83,0,9.7595,1.7900914121273581,1,0,0,1,0,0,0,0,0,0,1,0,0,0,0.89
1991,223.6,24.0,48.7,0.21,0,8.0231,1.9558604799084813,0,0,0,0,0,0,1,0,0,0,0,0,0,0,0.89
1991,50.0,21.2,48.7,0.2,0,7.4125,2.0241930674493576,0,0,0,0,0,0,0,0,0,0,0,0,0,0,0.89
1991,217.9,21.8,48.7,0.22,0,4.7792,2.4150205223238337,0,0,0,1,0,0,0,0,0,1,0,0,0,0,0.89
1991,405.7,23.9,14.1,0.32,0,1.0262,2.6905648867611904,1,0,0,0,0,0,1,0,0,0,1,1,0,0,0.48
1991,370.9,24.4,14.1,0.2,0,6.2667,1.1786549963416462,1,0,0,0,0,0,0,0,0,0,1,0,0,0,0.48
1991,306.7,24.0,14.1,0.41,0,1.8675,2.145931282948669,1,0,0,1,0,0,0,0,0,0,1,0,0,0,0.48
1991,152.3,24.1,14.1,0.2,0,1.6395,2.2617630984737906,0,0,0,0,0,0,1,0,0,0,0,0,0,0,0.48
1991,128.2,25.2,14.1,0.2,0,2.0951,2.0451088625993306,0,0,0,0,0,0,0,0,0,0,1,0,0,0,0.48
1991,103.3,25.1,14.1,0.2,0,1.1809,2.5603232890727545,0,0,0,1,0,0,0,0,0,0,1,0,0,0,0.48
1991,338.3,24.8,22.5,0.42,0,3.3333,2.0476928433652555,1,0,0,0,0,0,1,0,0,1,0,0,0,0,0.455
1991,172.4,26.1,22.5,0.2,0,2.1469,2.4406063908914204,1,0,0,0,0,0,0,0,0,0,1,0,0,0,0.455
1991,225.9,24.0,22.5,0.2,0,8.7549,1.2725655957915476,1,0,0,1,0,0,0,0,0,0,1,0,0,0,0.455
1991,268.1,26.1,22.5,0.2,0,14.6104,0.9321640810304452,0,0,0,0,0,0,1,0,0,0,1,0,0,0,0.455
1991,67.6,23.6,22.5,0.2,0,2.4246,2.330200260027019,0,0,0,0,0,0,0,0,0,0,1,0,0,0,0.455
1991,156.4,24.5,22.5,0.2,0,8.8583,1.264126727145683,0,0,0,1,0,0,0,0,0,0,1,0,0,0,0.455
1991,486.8,29.2,20.3,0.2,0,18.972,0.7275486072772778,1,0,0,0,0,0,0,0,0,0,1,1,0,0,0.266
1991,478.8,28.1,20.3,0.25,0,24.1667,0.6097655716208943,1,0,0,1,0,0,0,0,0,0,0,1,0,0,0.266
1991,491.0,29.2,20.3,0.2,0,1.4136,2.731766727719526,0,0,0,0,0,0,0,0,0,0,0,1,0,0,0.266
1991,393.1,28.1,20.3,0.2,0,1.6253,2.6019486702196644,0,0,0,1,0,0,0,0,0,0,1,0,0,0,0.266
1991,226.4,25.7,29.5,0.2,0,10.7664,1.3190856114264407,1,0,0,0,0,0,0,0,0,0,1,0,0,0,0.661
1991,597.8,27.8,29.5,0.57,0,6.0451,1.7715567619105355,1,0,0,1,0,0,0,0,0,0,1,1,0,0,0.661
1991,302.9,26.3,29.5,0.2,0,5.3931,1.8671761085128091,1,1,0,0,0,0,0,0,0,0,0,0,0,0,0.661
1991,320.0,25.7,29.5,0.2,0,3.0793,2.3589654264301534,0,0,0,0,0,0,0,0,0,0,1,0,0,0,0.661
1991,50.0,26.7,29.5,0.2,0,2.2247,2.65745841498615,0,0,0,1,0,0,0,0,0,1,0,0,0,0,0.661
1991,438.2,25.5,29.5,1.07,0,27.5701,0.7275486072772778,0,1,0,0,0,0,0,0,0,0,1,1,0,0,0.661
1991,306.3,27.8,51.4,0.2,0,3.9207,2.6468837658647226,1,0,0,0,0,0,0,0,0,0,1,0,0,0,0.678
1991,493.0,27.1,51.4,0.86,0,4.2762,2.5664866367804233,1,0,0,1,0,0,0,0,0,0,0,1,0,0,0.678
1991,423.2,28.0,51.4,0.44,0,3.9478,2.640484881606444,1,1,0,0,0,0,0,0,0,0,1,1,0,0,0.678
1991,117.0,29.0,51.4,0.2,0,14.8986,1.4929040961781488,0,0,0,0,0,0,0,0,0,0,1,0,0,0,0.678
1991,441.5,25.0,51.4,1.22,0,3.9387,2.642622395779755,0,0,0,1,0,0,0,0,0,0,1,1,0,0,0.678
1991,294.2,27.9,51.4,0.4,0,4.4349,2.532902848056256,0,1,0,0,0,0,0,0,0,1,0,0,0,0,0.678
1991,231.4,28.8,25.9,0.2,0,3.77,2.063058062429312,1,0,0,0,0,0,0,0,0,1,0,0,0,0,0.341
1991,52.7,29.8,25.9,0.2,0,3.4953,2.1294214739848565,1,0,0,1,0,0,0,0,0,0,0,0,0,0,0.341
1991,317.4,30.2,25.9,0.28,1,10.5714,1.2383742310432684,1,0,0,0,0,1,0,0,0,0,1,0,0,0,0.341
1991,68.9,28.3,25.9,0.2,0,1.8011,2.733067964077498,0,0,0,0,0,0,0,0,0,0,0,0,0,0,0.341
1991,220.8,29.6,25.9,0.2,0,36.4789,0.5364933705145685,0,0,0,1,0,0,0,0,0,0,1,0,0,0,0.341
1991,192.3,28.3,25.9,0.2,0,2.2232,2.5376572151735295,0,0,0,0,0,1,0,0,0,1,0,0,0,0,0.341
1991,503.3,28.4,36.9,0.2,0,4.8745,2.1482677326096886,1,0,0,0,0,0,0,0,0,0,0,1,0,0,0.339
1991,418.2,27.1,36.9,0.26,0,25.274,0.9001613499442714,1,0,0,1,0,0,0,0,0,0,1,1,0,0,0.339
1991,252.1,25.7,36.9,0.2,0,4.7552,2.1701959049483,0,0,0,0,0,0,0,0,0,0,0,0,0,0,0.339
1991,346.6,29.1,36.9,0.2,0,23.6538,0.9400072584914712,0,0,0,1,0,0,0,0,0,0,0,0,0,0,0.339
1991,286.0,21.9,17.4,0.2,0,1.2455,2.706048198431537,1,0,0,0,0,0,0,0,0,1,0,0,0,0,0.628
1991,335.9,22.7,17.4,0.28,0,1.7773,2.378619779270043,1,0,0,1,0,0,0,0,0,0,0,0,0,0,0.628
1991,234.5,23.4,17.4,0.2,0,1.7594,2.387844936944869,0,0,0,0,0,0,0,0,0,0,1,0,0,0,0.628
1991,245.2,25.2,17.4,0.22,0,1.6731,2.4336133554004498,0,0,0,1,0,0,0,0,0,0,0,0,0,0,0.628
1991,93.4,32.6,33.1,0.2,1,4.1169,2.201659174404085,1,0,0,0,0,0,1,0,0,0,1,0,0,0,0.251
1991,152.7,31.4,33.1,0.2,1,4.2987,2.163323025660538,1,0,0,0,0,0,0,0,0,0,1,0,0,0,0.251
1991,117.9,31.4,33.1,0.2,1,6.4775,1.809926773183504,1,0,0,1,0,0,0,0,0,0,1,0,0,0,0.251
1991,88.2,32.0,33.1,0.2,1,7.3556,1.7047480922384253,0,0,0,0,0,0,1,0,0,0,0,0,0,0,0.251
1991,94.9,33.0,33.1,0.2,1,16.7172,1.091923300517313,0,0,0,0,0,0,0,0,0,0,1,0,0,0,0.251
1991,50.0,31.0,33.1,0.2,1,6.5675,1.7984040119467235,0,0,0,1,0,0,0,0,0,1,0,0,0,0,0.251
1991,151.7,32.9,26.9,0.21,1,1.8577,2.739548868161581,1,0,0,0,0,0,1,0,0,0,1,0,0,0,0.239
1991,97.3,30.1,26.9,0.2,1,2.5117,2.460443177609626,1,0,0,0,0,0,0,0,0,0,1,0,0,0,0.239
1991,156.1,34.5,26.9,0.2,1,2.331,2.5289235352047745,1,0,0,1,0,0,0,0,0,1,0,0,0,0,0.239
1991,85.1,32.3,26.9,0.2,1,2.7337,2.3832429960115,0,0,0,0,0,0,1,0,0,1,0,0,0,0,0.239
1991,72.3,32.5,26.9,0.2,1,3.4665,2.1701959049483,0,0,0,0,0,0,0,0,0,1,0,0,0,0,0.239
1991,50.0,32.4,26.9,0.2,1,21.3492,0.8153648132841945,0,0,0,1,0,0,0,0,0,0,1,0,0,0,0.239
1991,163.7,34.4,20.5,0.21,1,2.0439,2.400618833265411,1,0,0,0,0,0,1,0,0,0,0,0,0,0,0.215
1991,148.0,33.9,20.5,0.2,1,1.9845,2.427454075039915,1,0,0,0,0,0,0,0,0,0,0,0,0,0,0.215
1991,139.6,34.5,20.5,0.2,1,4.0354,1.8050046959780757,1,0,0,1,0,0,0,0,0,0,1,0,0,0,0.215
1991,50.0,36.0,20.5,0.2,1,6.0472,1.4793292270870801,0,0,0,0,0,0,1,0,0,0,1,0,0,0,0.215
1991,93.5,33.4,20.5,0.2,1,2.5689,2.194999882314108,0,0,0,0,0,0,0,0,0,0,0,0,0,0,0.215
1991,98.7,33.4,20.5,0.2,1,3.4167,1.9459101490553132,0,0,0,1,0,0,0,0,0,0,0,0,0,0,0.215
1991,50.0,34.8,15.1,0.2,1,1.6539,2.315501318260592,1,0,0,0,0,0,1,0,0,0,1,0,0,0,0.216
1991,98.5,35.0,15.1,0.2,1,3.008,1.7950872593207297,1,0,0,0,0,0,0,0,0,0,1,0,0,0,0.216
1991,135.7,35.9,15.1,0.2,1,1.0307,2.750470916986162,1,0,0,1,0,0,0,0,0,0,1,0,0,0,0.216
1991,93.0,34.6,15.1,0.2,1,3.1789,1.749199854809259,0,0,0,0,0,0,1,0,0,0,0,0,0,0,0.216
1991,74.4,36.9,15.1,0.2,1,2.5637,1.9300710850255671,0,0,0,0,0,0,0,0,0,0,1,0,0,0,0.216
1991,72.5,35.2,15.1,0.2,1,2.1148,2.096790180014449,0,0,0,1,0,0,0,0,0,1,0,0,0,0,0.216
1991,258.2,21.9,36.0,0.2,0,4.8847,2.124653884501384,1,0,0,0,0,0,0,0,0,0,1,0,0,0,1.081
1991,327.3,22.3,36.0,0.59,0,22.5,0.9555114450274363,1,0,0,1,0,0,0,0,0,1,0,0,0,0,1.081
1991,161.5,21.6,36.0,0.2,0,3.0431,2.551786178627545,0,0,0,0,0,0,0,0,0,0,1,0,0,0,1.081
1991,121.2,22.3,36.0,0.21,0,3.7037,2.372111155642656,0,0,0,1,0,0,0,0,0,1,0,0,0,0,1.081
1991,173.1,24.5,14.8,0.2,0,3.1423,1.742219023667919,1,0,0,0,0,0,0,0,0,1,0,0,0,0,0.34
1991,212.9,25.6,14.8,0.36,0,24.2623,0.4762341789963716,1,0,0,1,0,0,0,0,0,0,0,0,0,0,0.34
1991,95.8,28.5,14.8,0.2,0,1.0285,2.733717947850788,0,0,0,0,0,0,0,0,0,0,0,0,0,0,0.34
1991,151.1,28.4,14.8,0.2,0,3.3036,1.7011051009599243,0,0,0,1,0,0,0,0,0,0,0,0,0,0,0.34
1991,471.9,20.4,23.2,0.61,0,8.0,1.3609765531356006,1,0,0,0,0,0,0,0,0,0,0,1,0,0,0.617
1991,229.1,22.7,23.2,0.2,0,1.8225,2.6195832197798796,1,0,0,1,0,0,0,0,0,0,0,0,0,0,0.617
1991,280.4,21.1,23.2,0.2,0,2.5467,2.3135250330323798,0,0,0,0,0,0,0,0,0,0,1,0,0,0,0.617
1991,245.8,22.2,23.2,0.2,0,7.1166,1.449269160281279,0,0,0,1,0,0,0,0,0,1,0,0,0,0,0.617
1991,320.7,19.6,60.3,0.47,0,5.522,2.4782176616372036,1,0,0,0,0,0,0,0,1,0,1,0,0,0,1.385
1991,260.6,17.9,60.3,0.2,0,5.1583,2.540814281726296,1,0,0,0,0,0,0,0,0,0,1,0,0,0,1.385
1991,351.0,19.0,60.3,0.8,0,10.6162,1.8991179875485542,1,0,0,1,0,0,0,0,0,0,0,0,0,0,1.385
1991,302.7,20.1,60.3,0.3,0,32.0745,1.0577902941478545,0,0,0,0,0,0,0,0,1,0,1,0,0,0,1.385
1991,206.6,18.9,60.3,0.2,0,5.9644,2.4078456036515385,0,0,0,0,0,0,0,0,0,0,1,0,0,0,1.385
1991,187.2,19.9,60.3,0.23,0,52.4348,0.7654678421395714,0,0,0,1,0,0,0,0,0,1,0,0,0,0,1.385
1991,631.8,23.7,50.3,0.43,0,3.5199,2.727199019940971,1,0,0,0,0,0,0,0,0,1,0,1,0,0,1.472
1991,285.8,23.2,50.3,0.2,0,12.1498,1.6370530794670737,1,0,0,1,0,0,0,0,0,1,0,0,0,0,1.472
1991,414.3,20.6,50.3,0.29,0,3.6423,2.6953026282797072,0,0,0,0,0,0,0,0,0,0,0,1,0,0,1.472
1991,319.0,20.9,50.3,0.38,0,47.4528,0.7227059828014898,0,0,0,1,0,0,0,0,0,0,0,0,0,0,1.472
1991,527.6,23.2,70.3,0.67,0,7.89,2.2935443483418965,1,0,0,0,0,0,0,0,0,0,1,1,0,0,1.511
1991,527.4,21.4,70.3,0.96,0,4.9437,2.7226103524335397,1,0,0,1,0,0,0,0,0,1,0,1,0,0,1.511
1991,494.0,23.6,70.3,0.96,0,9.4872,2.1294214739848565,1,1,0,0,0,0,0,0,0,1,0,1,0,0,1.511
1991,333.7,21.0,70.3,0.2,0,5.4496,2.631888840136646,0,0,0,0,0,0,0,0,0,0,1,0,0,0,1.511
1991,50.0,22.8,70.3,0.2,0,5.5705,2.611539300721366,0,0,0,1,0,0,0,0,0,1,0,0,0,0,1.511
1991,213.0,23.3,70.3,0.47,0,5.3258,2.653241964607215,0,1,0,0,0,0,0,0,0,0,0,0,0,0,1.511
1991,494.2,22.4,33.3,0.4,0,2.8707,2.533696813957432,1,0,0,0,0,0,0,0,0,0,0,1,0,0,1.053
1991,391.6,23.1,33.3,0.21,0,8.8095,1.5644405465033644,1,0,0,1,0,0,0,0,0,1,0,0,0,0,1.053
1991,187.9,23.8,33.3,0.2,0,2.6016,2.624668592163159,0,0,0,0,0,0,0,0,0,0,1,0,0,0,1.053
1991,121.9,22.2,33.3,0.2,0,3.0748,2.4706386779902956,0,0,0,1,0,0,0,0,0,0,1,0,0,0,1.053
1991,694.7,20.7,66.9,0.6,0,4.5264,2.7587433154177283,1,0,0,0,0,0,0,0,0,1,0,1,0,0,1.369
1991,774.5,23.1,66.9,3.13,0,7.9643,2.2407096892759584,1,0,0,1,0,0,0,0,0,0,0,0,1,0,1.369
1991,284.4,21.6,66.9,0.2,0,7.4665,2.298577071596507,0,0,0,0,0,0,0,0,0,1,0,0,0,0,1.369
1991,200.4,22.3,66.9,0.2,0,33.6181,1.095273387402595,0,0,0,1,0,0,0,0,0,1,0,0,0,0,1.369
1991,490.7,21.7,45.0,0.44,0,4.2413,2.4518667957098,1,0,0,0,0,0,0,0,0,1,0,1,0,0,0.583
1991,248.7,23.2,45.0,0.3,0,4.2573,2.448415541205585,1,0,0,1,0,0,0,0,0,1,0,0,0,0,0.583
1991,206.1,22.0,45.0,0.2,0,8.167,1.873339456220478,0,0,0,0,0,0,0,0,0,0,0,0,0,0,0.583
1991,207.4,22.0,45.0,0.21,0,5.2023,2.2669579153508947,0,0,0,1,0,0,0,0,0,0,1,0,0,0,0.583
1991,327.5,17.6,70.0,0.52,0,6.278,2.4973291697865574,1,0,0,0,0,0,0,0,1,1,0,0,0,0,1.391
1991,427.1,16.2,70.0,0.39,0,5.668,2.5915163848462583,1,0,0,0,0,0,0,0,0,0,1,1,0,0,1.391
1991,483.0,18.1,70.0,2.01,0,8.9514,2.1770218700187,1,0,0,1,0,0,0,0,0,0,0,1,0,0,1.391
1991,323.3,18.6,70.0,0.39,0,11.2,1.9810014688665833,0,0,0,0,0,0,0,0,1,0,1,0,0,0,1.391
1991,235.4,17.0,70.0,0.2,0,5.3272,2.6490076604684267,0,0,0,0,0,0,0,0,0,0,1,0,0,0,1.391
1991,342.5,18.8,70.0,0.23,0,5.5644,2.60859812213055,0,0,0,1,0,0,0,0,0,0,1,0,0,0,1.391
1991,475.3,14.9,54.5,0.41,0,9.6975,1.890095369948917,1,0,0,0,0,0,0,0,0,0,1,1,0,0,1.144
1991,312.6,18.4,54.5,0.24,0,8.5557,1.9974177062012453,1,0,0,1,0,0,0,0,0,0,1,0,0,0,1.144
1991,133.1,15.7,54.5,0.2,0,9.2061,1.9344157696295783,0,0,0,0,0,0,0,0,0,0,0,0,0,0,1.144
1991,315.5,17.6,54.5,0.24,0,5.636,2.367436065313662,0,0,0,1,0,0,0,0,0,0,1,0,0,0,1.144
1991,495.6,20.3,40.1,0.2,0,8.8914,1.706564623164823,1,0,0,0,0,0,0,0,0,0,1,1,0,0,1.602
1991,537.1,20.1,40.1,1.13,0,2.7522,2.745345985845907,1,0,0,1,0,0,0,0,0,0,0,1,0,0,1.602
1991,516.4,18.9,40.1,0.27,0,3.7407,2.4612967841488667,1,1,0,0,0,0,0,0,0,0,1,1,0,0,1.602
1991,436.7,18.2,40.1,0.22,0,5.3467,2.1400661634962708,1,0,0,0,0,1,0,0,0,0,0,1,0,0,1.602
1991,247.7,18.8,40.1,0.2,0,2.7579,2.7434173449395014,0,0,0,0,0,0,0,0,0,0,1,0,0,0,1.602
1991,372.9,19.4,40.1,0.26,0,4.2034,2.355177543113216,0,0,0,1,0,0,0,0,0,0,1,0,0,0,1.602
1991,204.6,21.0,40.1,0.25,0,2.7674,2.740194654428777,0,1,0,0,0,0,0,0,0,0,0,0,0,0,1.602
1991,221.9,21.0,40.1,0.23,0,9.0519,1.691939133945844,0,0,0,0,0,1,0,0,0,0,1,0,0,0,1.602
1991,176.1,30.7,35.2,0.2,1,3.9024,2.3045830956567186,1,0,0,0,0,0,0,0,0,0,0,0,0,0,0.243
1991,214.0,31.4,35.2,0.2,1,48.8889,0.5423242908253617,1,0,0,1,0,0,0,0,0,0,1,0,0,0,0.243
1991,130.9,30.7,35.2,0.2,1,2.776,2.615934912194404,0,0,0,0,0,0,0,0,0,0,1,0,0,0,0.243
1991,133.4,28.8,35.2,0.2,0,17.7778,1.091923300517313,0,0,0,1,0,0,0,0,0,1,0,0,0,0,0.243
1991,162.3,30.6,23.3,0.2,1,3.4315,2.052840859882657,1,0,0,0,0,0,0,0,0,1,0,0,0,0,0.212
1991,77.8,33.1,23.3,0.2,1,5.8105,1.6114359150967734,1,0,0,1,0,0,0,0,0,0,1,0,0,0,0.212
1991,75.6,31.3,23.3,0.2,1,1.7625,2.6546494243750947,0,0,0,0,0,0,0,0,0,0,0,0,0,0,0.212
1991,66.9,29.9,23.3,0.2,0,3.2587,2.0980179272527715,0,0,0,1,0,0,0,0,0,0,0,0,0,0,0.212
1992,1281.5,17.6,134.9,6.27,0,9.622,2.7093826463359885,1,0,0,0,0,0,0,0,1,1,0,0,0,1,3.582
1992,1231.5,18.7,134.9,3.91,0,16.737,2.203869120054888,1,0,0,0,0,0,0,0,0,0,1,0,0,1,3.582
1992,1134.2,16.3,134.9,2.34,0,15.039,2.299580583973747,1,0,0,1,0,0,0,0,0,1,0,0,0,1,3.582
1992,837.9,18.0,134.9,5.66,0,11.3171,2.558776498354456,0,0,0,0,0,0,0,0,1,0,1,0,1,0,3.582
1992,1299.1,16.1,134.9,1.81,0,12.5722,2.462149662665384,0,0,0,0,0,0,0,0,0,0,0,0,0,1,3.582
1992,261.4,17.7,134.9,0.7,0,10.8266,2.599722324216582,0,0,0,1,0,0,0,0,0,0,0,0,0,0,3.582
1992,881.8,15.7,98.0,7.66,0,7.0301,2.7040421797046714,1,0,0,0,0,0,0,0,1,0,0,0,1,0,4.069
1992,1435.4,16.1,98.0,2.27,0,9.8,2.3978952727983707,1,0,0,0,0,0,0,0,0,0,0,0,0,1,4.069
1992,1231.9,17.2,98.0,3.07,0,7.9675,2.5877640352277083,1,0,0,1,0,0,0,0,0,1,0,0,0,1,4.069
1992,698.4,16.9,98.0,5.9,0,19.6393,1.7900914121273581,0,0,0,0,0,0,0,0,1,0,0,1,0,0,4.069
1992,434.6,14.0,98.0,0.3,0,7.8337,2.6034301519721073,0,0,0,0,0,0,0,0,0,0,0,1,0,0,4.069
1992,705.6,17.7,98.0,1.81,0,6.8436,2.729159164312445,0,0,0,1,0,0,0,0,0,1,0,0,1,0,4.069
1992,1214.1,18.6,75.9,8.78,0,38.1407,1.095273387402595,1,0,0,0,0,0,0,0,1,1,0,0,0,1,3.973
1992,577.3,16.9,75.9,0.9,0,7.3547,2.4265710727750367,1,0,0,0,0,0,0,0,0,1,0,1,0,0,3.973
1992,1095.0,18.7,75.9,2.55,0,11.048,2.063058062429312,1,0,0,1,0,0,0,0,0,0,1,0,0,1,3.973
1992,1136.2,17.4,75.9,10.12,0,19.8172,1.5748464676644813,1,0,0,0,1,0,0,0,0,0,1,0,0,1,3.973
1992,711.4,20.6,75.9,3.09,0,44.386,0.9969486348916096,0,0,0,0,0,0,0,0,1,0,0,0,1,0,3.973
1992,781.4,17.6,75.9,1.47,0,9.4521,2.200552367428894,0,0,0,0,0,0,0,0,0,0,0,0,1,0,3.973
1992,369.4,19.3,75.9,0.57,0,12.3015,1.969905654611529,0,0,0,1,0,0,0,0,0,0,0,0,0,0,3.973
1992,530.2,18.7,75.9,3.98,0,11.6233,2.018895041811802,0,0,0,0,1,0,0,0,0,0,1,1,0,0,3.973
1992,692.1,18.8,143.5,3.06,0,18.5161,2.169053700369523,1,0,0,0,0,0,0,0,0,0,0,1,0,0,2.798
1992,1481.9,17.3,143.5,6.86,0,17.4574,2.2213750375685026,1,0,0,1,0,0,0,0,0,0,1,0,0,1,2.798
1992,1025.8,17.1,143.5,5.4,0,13.6148,2.4458192610799534,1,0,0,0,0,0,0,1,0,0,0,0,0,1,2.798
1992,695.9,16.0,143.5,0.27,0,41.474,1.4951487660319727,0,0,0,0,0,0,0,0,0,1,0,1,0,0,2.798
1992,868.7,17.5,143.5,2.87,0,14.9324,2.3617969526258915,0,0,0,1,0,0,0,0,0,0,1,0,1,0,2.798
1992,548.7,18.5,143.5,5.35,0,13.0573,2.4840729690394228,0,0,0,0,0,0,0,1,0,0,0,1,0,0,2.798
1992,1398.6,18.4,113.3,3.23,0,21.2172,1.8468787684491346,1,0,0,0,0,0,0,0,0,0,0,0,0,1,2.502
1992,1677.4,18.4,113.3,5.65,0,15.6061,2.1114245875328868,1,0,0,1,0,0,0,0,0,1,0,0,0,1,2.502
1992,799.7,17.2,113.3,1.31,0,8.3432,2.6796507265805123,0,0,0,0,0,0,0,0,0,1,0,0,1,0,2.502
1992,1093.2,18.6,113.3,5.7,0,11.4444,2.388762789235098,0,0,0,1,0,0,0,0,0,0,0,0,0,1,2.502
1992,1284.7,18.7,105.2,2.78,0,12.2184,2.262804222982201,1,0,0,0,0,0,0,0,0,1,0,0,0,1,2.346
1992,1156.0,18.2,105.2,3.96,0,17.8305,1.9315214116032138,1,0,0,1,0,0,0,0,0,0,0,0,0,1,2.346
1992,777.1,21.2,105.2,1.01,0,9.7588,2.4664031782234406,0,0,0,0,0,0,0,0,0,0,1,0,1,0,2.346
1992,904.1,21.6,105.2,5.0,0,8.6442,2.5779415157551897,0,0,0,1,0,0,0,0,0,0,0,0,1,0,2.346
1992,2224.9,19.0,147.8,2.44,0,12.1746,2.5756610130564646,1,0,0,0,0,0,0,0,0,1,0,0,0,1,2.552
1992,1759.1,19.8,147.8,9.51,0,49.9324,1.3762440252663892,1,0,0,1,0,0,0,0,0,0,1,0,0,1,2.552
1992,1182.9,18.4,147.8,2.16,0,10.812,2.6858045921548905,0,0,0,0,0,0,0,0,0,0,1,0,0,1,2.552
1992,1631.9,19.5,147.8,6.38,0,15.2844,2.367436065313662,0,0,0,1,0,0,0,0,0,0,1,0,0,1,2.552
1992,1268.8,16.9,107.7,2.3,0,21.3267,1.80005827204275,1,0,0,0,0,0,0,0,0,0,0,0,0,1,2.398
1992,1422.8,17.2,107.7,2.42,0,7.8843,2.6851226964585053,1,0,0,1,0,0,0,0,0,0,0,0,0,1,2.398
1992,1100.5,18.3,107.7,1.55,0,8.6715,2.5967461315435356,0,0,0,0,0,0,0,0,0,0,0,0,0,1,2.398
1992,1461.8,18.8,107.7,5.27,0,10.2182,2.4458192610799534,0,0,0,1,0,0,0,0,0,0,0,0,0,1,2.398
1992,1093.5,20.4,59.2,0.73,0,18.104,1.451613827240533,1,0,0,0,0,0,0,0,0,0,1,0,0,1,1.579
1992,1779.3,17.2,59.2,3.49,0,4.8052,2.589266665112243,1,0,0,1,0,0,0,0,0,0,1,0,0,1,1.579
1992,1239.5,20.0,59.2,1.18,0,33.2584,1.0224509277025458,0,0,0,0,0,0,0,0,0,0,0,0,0,1,1.579
1992,1472.7,18.5,59.2,2.53,0,59.798,0.688134638736401,0,0,0,1,0,0,0,0,0,0,1,0,0,1,1.579
1992,1488.6,16.4,101.7,1.92,0,19.6332,1.8213182714695995,1,0,0,0,0,0,0,0,0,0,1,0,0,1,3.983
1992,1533.1,16.7,101.7,3.64,0,8.1556,2.6004649904222727,1,0,0,1,0,0,0,0,0,1,0,0,0,1,3.983
1992,1526.6,16.2,101.7,6.55,0,6.7891,2.7713379403381286,1,0,0,0,0,0,0,1,0,0,0,0,0,1,3.983
1992,1655.0,16.1,101.7,14.63,0,7.8594,2.6347624053323777,1,0,0,0,1,0,0,0,0,1,0,0,0,1,3.983
1992,763.0,18.5,101.7,0.99,0,20.1786,1.7984040119467235,0,0,0,0,0,0,0,0,0,0,1,0,1,0,3.983
1992,589.7,17.9,101.7,3.3,0,8.7824,2.5321082512722946,0,0,0,1,0,0,0,0,0,0,0,1,0,0,3.983
1992,1044.7,18.3,101.7,5.89,0,7.8051,2.6411978941143697,0,0,0,0,0,0,0,1,0,0,1,0,0,1,3.983
1992,1294.2,19.1,101.7,12.86,0,8.8666,2.523325759691945,0,0,0,0,1,0,0,0,0,1,0,0,0,1,3.983
1992,1211.2,16.9,97.7,1.29,0,6.9986,2.7053799725463312,1,0,0,0,0,0,0,0,0,0,1,0,0,1,2.733
1992,1782.0,15.8,97.7,3.78,0,6.6327,2.7555697170701863,1,0,0,1,0,0,0,0,0,1,0,0,0,1,2.733
1992,1948.4,18.2,97.7,5.85,0,10.7363,2.312535423847214,1,0,0,0,0,0,0,1,0,0,1,0,0,1,2.733
1992,855.0,19.0,97.7,2.19,0,6.9046,2.7180005319553784,0,0,0,0,0,0,0,0,0,0,0,0,1,0,2.733
1992,1050.1,16.0,97.7,1.22,0,9.2083,2.4518667957098,0,0,0,1,0,0,0,0,0,0,1,0,0,1,2.733
1992,1308.4,18.0,97.7,2.78,0,31.5161,1.410986973710262,0,0,0,0,0,0,0,1,0,0,1,0,0,1,2.733
1992,1378.1,17.2,54.0,1.86,0,69.2308,0.5766133643039938,1,0,0,0,0,0,0,0,0,0,0,0,0,1,1.242
1992,1104.3,17.6,54.0,1.82,0,4.2688,2.613739521630969,1,0,0,1,0,0,0,0,0,0,1,0,0,1,1.242
1992,1640.4,14.7,54.0,1.67,0,11.9469,1.7083778602890038,1,0,0,0,0,0,0,1,0,0,1,0,0,1,1.242
1992,1025.7,17.0,54.0,1.42,0,9.5575,1.8946168546677629,1,0,1,0,0,0,0,0,0,0,1,0,0,1,1.242
1992,614.5,17.2,54.0,0.82,0,5.3678,2.403334996094189,0,0,0,0,0,0,0,0,0,1,0,1,0,0,1.242
1992,736.5,15.6,54.0,1.02,0,16.1194,1.4701758451005926,0,0,0,1,0,0,0,0,0,1,0,0,1,0,1.242
1992,856.3,16.4,54.0,2.23,0,4.222,2.6239436918052106,0,0,0,0,0,0,0,1,0,0,1,0,1,0,1.242
1992,607.4,15.5,54.0,1.41,0,3.6885,2.7498317351171653,0,0,1,0,0,0,0,0,0,0,0,1,0,0,1.242
1992,906.9,17.8,64.6,0.71,0,16.8668,1.5748464676644813,1,0,0,0,0,0,0,0,0,0,0,0,1,0,1.371
1992,1004.3,16.0,64.6,1.76,0,12.3518,1.8293763327993617,1,0,0,1,0,0,0,0,0,1,0,0,0,1,1.371
1992,829.0,17.1,64.6,4.32,0,15.3081,1.6524974018945473,1,0,0,0,0,0,0,1,0,0,0,0,1,0,1.371
1992,801.3,17.6,64.6,1.72,0,4.954,2.641910398597665,1,0,1,0,0,0,0,0,0,0,1,0,1,0,1.371
1992,257.4,17.9,64.6,0.2,0,5.3125,2.5771819258971713,0,0,0,0,0,0,0,0,0,0,1,0,0,0,1.371
1992,448.6,16.6,64.6,0.92,0,14.4519,1.6992786164338898,0,0,0,1,0,0,0,0,0,0,1,1,0,0,1.371
1992,497.0,18.0,64.6,0.95,0,13.0769,1.7817091333745536,0,0,0,0,0,0,0,1,0,0,1,1,0,0,1.371
1992,167.1,18.7,64.6,0.22,0,5.4885,2.547098670044448,0,0,1,0,0,0,0,0,0,0,1,0,0,0,1.371
1992,1134.1,19.0,53.8,1.61,0,4.0149,2.667228206581955,1,0,0,0,0,0,0,0,0,1,0,0,0,1,0.987
1992,726.2,16.9,53.8,0.2,0,4.7822,2.505525936990736,1,0,0,1,0,0,0,0,0,0,1,0,1,0,0.987
1992,667.9,17.0,53.8,1.52,0,8.4062,2.0014800002101243,1,0,1,0,0,0,0,0,0,1,0,1,0,0,0.987
1992,522.0,15.2,53.8,0.47,0,23.0901,1.2029723039923526,0,0,0,0,0,0,0,0,0,1,0,1,0,0,0.987
1992,372.6,17.1,53.8,0.5,0,14.047,1.5748464676644813,0,0,0,1,0,0,0,0,0,0,1,0,0,0,0.987
1992,200.1,18.6,53.8,0.2,0,21.098,1.2669476034873244,0,0,1,0,0,0,0,0,0,0,1,0,0,0,0.987
1992,826.8,17.2,64.4,1.39,0,5.1644,2.6004649904222727,1,0,0,0,0,0,0,0,0,0,0,0,1,0,1.215
1992,978.3,18.1,64.4,3.71,0,10.86,1.9358598132018119,1,0,0,1,0,0,0,0,0,0,0,0,1,0,1.215
1992,906.2,19.5,64.4,2.89,0,7.5146,2.258633205464863,1,0,1,0,0,0,0,0,0,0,0,0,1,0,1.215
1992,1117.5,18.7,64.4,2.03,0,17.5956,1.5390154481375546,1,0,0,0,0,1,0,0,0,0,0,0,0,1,1.215
1992,586.0,18.7,64.4,0.83,0,126.2745,0.412109650826833,0,0,0,0,0,0,0,0,0,0,1,1,0,0,1.215
1992,741.4,19.7,64.4,3.56,0,9.007,2.0980179272527715,0,0,0,1,0,0,0,0,0,0,0,0,1,0,1.215
1992,511.2,17.7,64.4,0.81,0,4.6498,2.6979998652487085,0,0,1,0,0,0,0,0,0,0,1,1,0,0,1.215
1992,507.3,18.0,64.4,1.07,0,5.5854,2.528125768907977,0,0,0,0,0,1,0,0,0,0,1,1,0,0,1.215
1992,643.4,21.9,59.3,0.57,0,5.0858,2.5384474167160302,1,0,0,0,0,0,0,0,0,1,0,1,0,0,1.367
1992,1087.9,19.1,59.3,3.54,0,63.0851,0.6626879730752367,1,0,0,1,0,0,0,0,0,0,0,0,0,1,1.367
1992,662.7,22.4,59.3,1.36,0,7.5158,2.1849270495258133,1,0,1,0,0,0,0,0,0,1,0,1,0,0,1.367
1992,443.9,19.5,59.3,1.28,0,6.9847,2.2502386126218363,0,0,0,0,0,0,0,0,0,0,0,1,0,0,1.367
1992,524.5,17.7,59.3,1.68,0,5.386,2.485739636091892,0,0,0,1,0,0,0,0,0,0,0,1,0,0,1.367
1992,611.7,18.5,59.3,1.95,0,19.6358,1.3912819026309295,0,0,1,0,0,0,0,0,0,0,1,1,0,0,1.367
1992,1215.7,16.3,52.7,1.81,0,4.5004,2.542389085201363,1,0,0,0,0,0,0,0,0,0,0,0,0,1,1.854
1992,709.4,17.9,52.7,1.8,0,36.0959,0.9001613499442714,1,0,0,1,0,0,0,0,0,0,1,0,1,0,1.854
1992,1236.6,17.2,52.7,3.09,0,9.5818,1.8718021769015913,1,0,1,0,0,0,0,0,0,0,0,0,0,1,1.854
1992,970.6,17.9,52.7,3.07,0,10.3333,1.8082887711792655,1,0,0,0,1,0,0,0,0,0,1,0,1,0,1.854
1992,671.5,17.7,52.7,1.04,0,11.5066,1.7191887763932197,0,0,0,0,0,0,0,0,0,0,1,1,0,0,1.854
1992,812.0,15.7,52.7,1.2,0,7.6156,2.0693912058263346,0,0,0,1,0,0,0,0,0,0,0,0,1,0,1.854
1992,442.6,15.5,52.7,0.66,0,3.7482,2.7120422223717475,0,0,1,0,0,0,0,0,0,1,0,1,0,0,1.854
1992,376.1,15.7,52.7,3.14,0,7.5501,2.0769384114617173,0,0,0,0,1,0,0,0,0,1,0,0,0,0,1.854
1992,809.3,22.5,35.3,0.69,0,3.0884,2.5201129055226197,1,0,0,0,0,0,0,0,0,1,0,0,1,0,1.181
1992,968.7,20.2,35.3,3.05,0,3.0749,2.5241273629412815,1,0,0,1,0,0,0,0,0,1,0,0,1,0,1.181
1992,316.6,18.0,35.3,0.2,0,2.6168,2.673458756332591,0,0,0,0,0,0,0,0,0,1,0,0,0,0,1.181
1992,474.5,20.8,35.3,0.99,0,7.9505,1.6937790608678513,0,0,0,1,0,0,0,0,0,0,1,1,0,0,1.181
1992,931.1,13.3,97.7,0.96,0,43.6161,1.1755733298042381,1,0,0,0,0,0,0,0,0,1,0,0,1,0,3.861
1992,1501.0,15.5,97.7,1.7,0,10.6893,2.316487998163037,1,0,0,1,0,0,0,0,0,0,0,0,0,1,3.861
1992,847.7,15.3,97.7,10.21,0,11.5896,2.2438960966453663,1,0,0,0,1,0,0,0,0,0,0,0,1,0,3.861
1992,886.6,16.6,97.7,1.9,0,7.879,2.5952547069568657,0,0,0,0,0,0,0,0,0,1,0,0,1,0,3.861
1992,1153.7,16.5,97.7,3.9,0,15.5326,1.986503546020567,0,0,0,1,0,0,0,0,0,1,0,0,0,1,3.861
1992,839.9,15.8,97.7,7.68,0,44.009,1.169381359556317,0,0,0,0,1,0,0,0,0,0,0,0,1,0,3.861
1992,689.3,19.5,26.5,0.89,0,8.8333,1.3862943611198906,1,0,0,0,0,0,0,0,0,0,0,1,0,0,0.496
1992,504.1,19.7,26.5,0.68,0,2.1423,2.5930133911138515,1,0,0,1,0,0,0,0,0,1,0,1,0,0,0.496
1992,603.2,18.5,26.5,0.42,0,2.5166,2.4449523342809676,0,0,0,0,0,0,0,0,0,0,0,1,0,0,0.496
1992,260.4,18.8,26.5,0.2,0,6.3549,1.6428726885203377,0,0,0,1,0,0,0,0,0,0,1,0,0,0,0.496
1992,825.4,22.6,75.4,1.64,0,13.4884,1.8855533485144158,1,0,0,0,0,0,1,0,0,0,1,0,1,0,0.89
1992,648.7,20.7,75.4,1.02,0,10.3714,2.1126345090356,1,0,0,0,0,0,0,0,0,0,0,1,0,0,0.89
1992,975.3,22.0,75.4,5.05,0,12.5249,1.9487632180377197,1,0,0,1,0,0,0,0,0,0,0,0,1,0,0.89
1992,570.5,21.1,75.4,0.21,0,5.378,2.7093826463359885,0,0,0,0,0,0,1,0,0,0,1,1,0,0,0.89
1992,547.1,24.4,75.4,0.47,0,10.1892,2.128231705849268,0,0,0,0,0,0,0,0,0,0,0,1,0,0,0.89
1992,426.3,22.2,75.4,1.63,0,6.9429,2.4731713935695794,0,0,0,1,0,0,0,0,0,0,1,1,0,0,0.89
1992,560.4,24.4,23.7,0.44,0,2.3465,2.4069451083182885,1,0,0,0,0,0,1,0,0,1,0,1,0,0,0.48
1992,645.6,23.3,23.7,0.43,0,3.7323,1.9947003132247452,1,0,0,0,0,0,0,0,0,0,1,1,0,0,0.48
1992,757.6,22.2,23.7,2.14,0,11.6176,1.1118575154181303,1,0,0,1,0,0,0,0,0,0,1,0,1,0,0.48
1992,258.1,21.9,23.7,0.2,0,2.3606,2.401525040848949,0,0,0,0,0,0,1,0,0,0,1,0,0,0,0.48
1992,325.9,23.6,23.7,0.2,0,21.3514,0.7466879474879752,0,0,0,0,0,0,0,0,0,1,0,0,0,0,0.48
1992,235.4,23.7,23.7,0.2,0,2.7622,2.259677591982769,0,0,0,1,0,0,0,0,0,1,0,0,0,0,0.48
1992,786.4,24.2,9.2,0.81,0,0.6672,2.6939512767227085,1,0,0,0,0,0,1,0,0,1,0,0,1,0,0.455
1992,986.9,26.3,9.2,0.2,0,0.8915,2.4265710727750367,1,0,0,0,0,0,0,0,0,0,1,0,1,0,0.455
1992,1023.6,23.9,9.2,1.01,0,3.5115,1.2864740258376797,1,0,0,1,0,0,0,0,0,1,0,0,0,1,0.455
1992,702.1,24.3,9.2,0.63,0,0.6681,2.6925980965432883,0,0,0,0,0,0,1,0,0,0,1,0,1,0,0.455
1992,590.3,24.0,9.2,0.26,0,1.1572,2.191653532286764,0,0,0,0,0,0,0,0,0,0,1,1,0,0,0.455
1992,139.5,24.3,9.2,0.2,0,15.5932,0.4637340162321401,0,0,0,1,0,0,0,0,0,0,1,0,0,0,0.455
1992,946.1,30.1,40.1,0.2,1,2.818,2.7232671669070703,1,0,0,0,0,0,0,0,0,1,0,0,1,0,0.266
1992,1452.6,28.0,40.1,0.73,0,2.6985,2.7638002162067017,1,0,0,1,0,0,0,0,0,0,1,0,0,1,0.266
1992,643.1,30.1,40.1,0.2,1,2.842,2.715356776284648,0,0,0,0,0,0,0,0,0,0,0,1,0,0,0.266
1992,836.9,27.2,40.1,0.23,0,8.101,1.7833912195575383,0,0,0,1,0,0,0,0,0,0,0,0,1,0,0.266
1992,796.3,26.6,37.6,0.2,0,3.2753,2.5241273629412815,1,0,0,0,0,0,0,0,0,0,1,0,1,0,0.661
1992,819.3,25.7,37.6,1.52,0,44.7619,0.6097655716208943,1,0,0,1,0,0,0,0,0,0,0,0,1,0,0.661
1992,786.0,26.4,37.6,1.83,0,2.6992,2.703372611551099,1,1,0,0,0,0,0,0,0,1,0,0,1,0,0.661
1992,541.5,27.1,37.6,0.2,0,40.8696,0.6523251860396903,0,0,0,0,0,0,0,0,0,0,1,1,0,0,0.661
1992,524.4,27.1,37.6,0.62,0,7.6113,1.7817091333745536,0,0,0,1,0,0,0,0,0,1,0,1,0,0,0.661
1992,452.6,27.5,37.6,1.15,0,8.3742,1.7029282555214393,0,1,0,0,0,0,0,0,0,0,1,1,0,0,0.661
1992,1276.5,27.2,14.8,0.28,0,12.0325,0.8020015854720274,1,0,0,0,0,0,0,0,0,0,1,0,0,1,0.678
1992,1341.6,27.2,14.8,1.03,0,3.9467,1.55814461804655,1,0,0,1,0,0,0,0,0,1,0,0,0,1,0.678
1992,926.4,25.2,14.8,1.19,0,8.655,0.9969486348916096,1,1,0,0,0,0,0,0,0,1,0,0,1,0,0.678
1992,846.2,26.6,14.8,0.2,0,1.9372,2.1564025828159643,0,0,0,0,0,0,0,0,0,0,0,0,1,0,0.678
1992,526.9,28.3,14.8,0.2,0,1.6837,2.281361456542419,0,0,0,1,0,0,0,0,0,0,0,1,0,0,0.678
1992,829.9,28.4,14.8,1.27,0,5.5639,1.297463147413275,0,1,0,0,0,0,0,0,0,0,0,0,1,0,0.678
1992,812.1,28.0,11.5,0.24,0,11.5,0.6931471805599453,1,0,0,0,0,0,0,0,0,0,0,0,1,0,0.341
1992,430.9,29.7,11.5,0.2,0,0.8614,2.66374994220563,1,0,0,1,0,0,0,0,0,0,1,1,0,0,0.341
1992,512.4,29.8,11.5,0.89,0,1.7802,2.0095554142156695,1,0,0,0,0,1,0,0,0,0,0,1,0,0,0.341
1992,192.5,29.7,11.5,0.2,0,1.8371,1.9823798288367047,0,0,0,0,0,0,0,0,0,1,0,0,0,0,0.341
1992,435.2,28.2,11.5,0.29,0,1.1241,2.418588768750352,0,0,0,1,0,0,0,0,0,0,1,1,0,0,0.341
1992,332.6,29.8,11.5,0.46,0,0.8806,2.643333886382519,0,0,0,0,0,1,0,0,0,0,1,0,0,0,0.341
1992,585.5,26.5,22.2,0.2,0,4.1966,1.8389610707123492,1,0,0,0,0,0,0,0,0,0,1,1,0,0,0.339
1992,1249.7,28.3,22.2,1.13,0,1.5801,2.711377991194885,1,0,0,1,0,0,0,0,0,0,0,0,0,1,0.339
1992,767.3,29.8,22.2,0.2,0,1.7947,2.5930133911138515,0,0,0,0,0,0,0,0,0,0,0,0,1,0,0.339
1992,794.3,27.2,22.2,0.46,0,1.7011,2.642622395779755,0,0,0,1,0,0,0,0,0,0,1,0,1,0,0.339
1992,986.7,25.1,33.9,0.23,0,3.2596,2.4336133554004498,1,0,0,0,0,0,0,0,0,0,1,0,1,0,0.628
1992,1170.7,24.1,33.9,1.52,0,3.2163,2.4458192610799534,1,0,0,1,0,0,0,0,0,0,0,0,0,1,0.628
1992,647.8,21.5,33.9,0.64,0,9.2371,1.541159071680806,0,0,0,0,0,0,0,0,0,0,1,1,0,0,0.628
1992,589.5,22.7,33.9,0.48,0,6.3842,1.8421356765531218,0,0,0,1,0,0,0,0,0,1,0,1,0,0,0.628
1992,308.3,31.8,21.8,0.5,1,2.2591,2.365559892155434,1,0,0,0,0,0,1,0,0,0,0,0,0,0,0.251
1992,454.0,29.4,21.8,0.2,0,4.5511,1.7561322915849038,1,0,0,0,0,0,0,0,0,0,0,1,0,0,0.251
1992,318.2,34.0,21.8,0.42,1,14.4371,0.9202827531436926,1,0,0,1,0,0,0,0,0,0,1,0,0,0,0.251
1992,221.4,31.1,21.8,0.22,1,1.5797,2.6946271807700692,0,0,0,0,0,0,1,0,0,0,1,0,0,0,0.251
1992,174.1,30.8,21.8,0.2,1,2.0527,2.4527277514237653,0,0,0,0,0,0,0,0,0,0,1,0,0,0,0.251
1992,212.9,32.2,21.8,0.2,1,2.1063,2.4292177439274116,0,0,0,1,0,0,0,0,0,0,1,0,0,0,0.251
1992,330.0,31.7,27.5,0.67,1,3.0187,2.3135250330323798,1,0,0,0,0,0,1,0,0,0,1,0,0,0,0.239
1992,165.0,30.7,27.5,0.2,1,14.7059,1.0543120297715298,1,0,0,0,0,0,0,0,0,0,0,0,0,0,0.239
1992,207.2,33.4,27.5,0.2,1,2.4842,2.4907230351094403,1,0,0,1,0,0,0,0,0,0,1,0,0,0,0.239
1992,201.7,31.5,27.5,0.32,1,3.3013,2.2332350148592526,0,0,0,0,0,0,1,0,0,0,0,0,0,0,0.239
1992,230.5,36.4,27.5,0.2,1,3.2506,2.247072383063787,0,0,0,0,0,0,0,0,0,0,0,0,0,0,0.239
1992,50.0,31.4,27.5,0.2,1,5.4241,1.803358605071407,0,0,0,1,0,0,0,0,0,0,0,0,0,0,0.239
1992,272.3,35.3,24.7,0.24,1,2.7598,2.2975725511705014,1,0,0,0,0,0,1,0,0,1,0,0,0,0,0.215
1992,199.6,35.3,24.7,0.2,1,3.8959,1.9933388426264242,1,0,0,0,0,0,0,0,0,0,1,0,0,0,0.215
1992,347.7,33.1,24.7,0.2,1,10.4661,1.2119409739751128,1,0,0,1,0,0,0,0,0,0,1,0,0,0,0.215
1992,312.1,34.9,24.7,0.25,1,2.161,2.5201129055226197,0,0,0,0,0,0,1,0,0,0,1,0,0,0,0.215
1992,255.7,34.9,24.7,0.2,1,28.3908,0.6259384308664953,0,0,0,0,0,0,0,0,0,0,0,0,0,0,0.215
1992,121.5,32.0,24.7,0.2,1,1.9267,2.626116818339524,0,0,0,1,0,0,0,0,0,0,1,0,0,0,0.215
1992,470.6,34.3,22.6,0.24,1,12.9143,1.0116009116784799,1,0,0,0,0,0,1,0,0,0,1,1,0,0,0.216
1992,446.6,35.8,22.6,0.2,1,20.5455,0.7419373447293773,1,0,0,0,0,0,0,0,0,1,0,1,0,0,0.216
1992,419.8,35.0,22.6,0.24,1,4.5565,1.7850704810772584,1,0,0,1,0,0,0,0,0,0,1,1,0,0,0.216
1992,182.3,35.5,22.6,0.21,1,3.9033,1.9154509415706047,0,0,0,0,0,0,1,0,0,0,1,0,0,0,0.216
1992,116.3,37.6,22.6,0.2,1,2.1161,2.457877977400081,0,0,0,0,0,0,0,0,0,0,0,0,0,0,0.216
1992,231.8,34.6,22.6,0.23,1,2.1161,2.457877977400081,0,0,0,1,0,0,0,0,0,1,0,0,0,0,0.216
1992,526.4,23.8,78.4,0.5,0,12.0988,2.012232791986386,1,0,0,0,0,0,0,0,0,0,1,1,0,0,1.081
1992,786.0,20.9,78.4,3.1,0,13.1104,1.9430489167742813,1,0,0,1,0,0,0,0,0,1,0,0,1,0,1.081
1992,392.4,20.5,78.4,0.63,0,5.2371,2.770711962226921,0,0,0,0,0,0,0,0,0,0,1,0,0,0,1.081
1992,99.7,21.2,78.4,0.2,0,36.129,1.1537315878891892,0,0,0,1,0,0,0,0,0,0,1,0,0,0,1.081
1992,693.6,24.7,34.6,0.32,0,3.4949,2.388762789235098,1,0,0,0,0,0,0,0,0,0,1,1,0,0,0.34
1992,560.4,29.0,34.6,0.52,0,5.4747,1.9906103279732201,1,0,0,1,0,0,0,0,0,0,1,1,0,0,0.34
1992,219.5,25.6,34.6,0.2,0,12.0979,1.3506671834767394,0,0,0,0,0,0,0,0,0,0,1,0,0,0,0.34
1992,407.0,26.1,34.6,0.49,0,2.6332,2.6490076604684267,0,0,0,1,0,0,0,0,0,0,1,1,0,0,0.34
1992,990.3,23.3,6.5,0.68,0,0.7471,2.272125885509337,1,0,0,0,0,0,0,0,0,0,0,0,1,0,0.617
1992,766.9,24.0,6.5,0.75,0,2.5194,1.275362800412609,1,0,0,1,0,0,0,0,0,0,1,0,1,0,0.617
1992,296.4,22.1,6.5,0.2,0,0.5677,2.5217206229107165,0,0,0,0,0,0,0,0,0,1,0,0,0,0,0.617
1992,763.9,23.4,6.5,1.51,0,0.8772,2.1294214739848565,0,0,0,1,0,0,0,0,0,0,0,0,1,0,0.617
1992,720.3,20.1,66.5,2.77,0,28.913,1.1939224684724346,1,0,0,0,0,0,0,0,1,1,0,0,1,0,1.385
1992,697.8,18.9,66.5,0.82,0,7.4552,2.2945529212967815,1,0,0,0,0,0,0,0,0,0,1,1,0,0,1.385
1992,909.0,19.6,66.5,2.28,0,5.433,2.5832425505088623,1,0,0,1,0,0,0,0,0,0,1,0,1,0,1.385
1992,743.5,18.8,66.5,1.76,0,11.0465,1.9487632180377197,0,0,0,0,0,0,0,0,1,0,1,0,1,0,1.385
1992,593.0,18.3,66.5,0.78,0,10.9736,1.9544450515051506,0,0,0,0,0,0,0,0,0,1,0,1,0,0,1.385
1992,259.1,19.4,66.5,0.42,0,5.4959,2.5726122302071057,0,0,0,1,0,0,0,0,0,0,1,0,0,0,1.385
1992,1170.9,23.5,79.0,1.41,0,12.1352,2.0162354657760435,1,0,0,0,0,0,0,0,0,0,1,0,0,1,1.472
1992,1130.9,22.7,79.0,5.14,0,21.3514,1.547562508716013,1,0,0,1,0,0,0,0,0,0,1,0,0,1,1.472
1992,1207.5,23.7,79.0,1.41,0,20.8443,1.5665304114228238,0,0,0,0,0,0,0,0,0,0,1,0,0,1,1.472
1992,579.5,22.3,79.0,1.73,0,27.5261,1.3532545070416904,0,0,0,1,0,0,0,0,0,0,1,1,0,0,1.472
1992,1039.7,22.4,51.8,0.23,0,6.5404,2.188295946591918,1,0,0,0,0,0,0,0,0,0,1,0,0,1,1.511
1992,1091.8,22.3,51.8,2.72,0,37.0,0.8754687373538999,1,0,0,1,0,0,0,0,0,0,1,0,0,1,1.511
1992,1213.1,21.7,51.8,2.84,0,3.9153,2.655352412101761,1,1,0,0,0,0,0,0,0,0,1,0,0,1,1.511
1992,785.0,25.1,51.8,0.7,0,3.6428,2.7226103524335397,0,0,0,0,0,0,0,0,0,0,0,0,1,0,1.511
1992,639.8,23.5,51.8,0.93,0,17.5,1.3762440252663892,0,0,0,1,0,0,0,0,0,0,0,1,0,0,1.511
1992,798.3,22.9,51.8,2.68,0,8.5762,1.951608170169951,0,1,0,0,0,0,0,0,0,0,0,0,1,0,1.511
1992,1080.0,21.7,48.2,1.32,0,7.3926,2.017566137961748,1,0,0,0,0,0,0,0,0,0,1,0,0,1,1.053
1992,1082.0,23.6,48.2,1.27,0,9.5069,1.803358605071407,1,0,0,1,0,0,0,0,0,0,1,0,0,1,1.053
1992,552.7,23.8,48.2,0.46,0,6.5223,2.127040520479115,0,0,0,0,0,0,0,0,0,0,1,1,0,0,1.053
1992,474.5,21.5,48.2,1.34,0,3.2371,2.7656899805486246,0,0,0,1,0,0,0,0,0,1,0,1,0,0,1.053
1992,1224.7,21.8,54.8,0.78,0,8.5093,2.0068708488450007,1,0,0,0,0,0,0,0,0,0,1,0,0,1,1.369
1992,1674.4,20.4,54.8,4.78,0,4.3596,2.6078614738467776,1,0,0,1,0,0,0,0,0,0,1,0,0,1,1.369
1992,985.3,21.4,54.8,0.99,0,5.2042,2.4449523342809676,0,0,0,0,0,0,0,0,0,0,0,0,1,0,1.369
1992,582.5,18.4,54.8,1.23,0,3.6656,2.7694588292308535,0,0,0,1,0,0,0,0,0,0,1,1,0,0,1.369
1992,487.3,19.8,29.0,0.49,0,2.0337,2.725235025856311,1,0,0,0,0,0,0,0,0,0,0,1,0,0,0.583
1992,842.1,19.6,29.0,1.53,0,4.414,2.0241930674493576,1,0,0,1,0,0,0,0,0,0,1,0,1,0,0.583
1992,123.9,19.6,29.0,0.2,0,3.3998,2.254444717666111,0,0,0,0,0,0,0,0,0,0,1,0,0,0,0.583
1992,178.1,21.4,29.0,0.2,0,33.3333,0.6259384308664953,0,0,0,1,0,0,0,0,0,0,1,0,0,0,0.583
1992,631.2,18.6,50.6,2.22,0,5.7961,2.2752138961979136,1,0,0,0,0,0,0,0,1,0,1,1,0,0,1.391
1992,1179.0,17.7,50.6,2.91,0,11.7949,1.665818245870208,1,0,0,0,0,0,0,0,0,0,0,0,0,1,1.391
1992,1398.4,16.3,50.6,1.72,0,10.812,1.7369512327330598,1,0,0,1,0,0,0,0,0,0,1,0,0,1,1.391
1992,595.0,19.2,50.6,1.6,0,5.6347,2.300583090323373,0,0,0,0,0,0,0,0,1,0,0,1,0,0,1.391
1992,446.7,18.0,50.6,0.54,0,5.967,2.2491843162669305,0,0,0,0,0,0,0,0,0,0,1,1,0,0,1.391
1992,84.5,18.0,50.6,0.2,0,3.8953,2.63834278867739,0,0,0,1,0,0,0,0,0,0,0,0,0,0,1.391
1992,1097.2,18.5,74.0,1.73,0,6.5084,2.5152741864043966,1,0,0,0,0,0,0,0,0,0,1,0,0,1,1.144
1992,1088.2,18.0,74.0,3.21,0,16.8182,1.6863989535702288,1,0,0,1,0,0,0,0,0,0,0,0,0,1,1.144
1992,518.8,17.7,74.0,0.3,0,11.0778,2.038619547159581,0,0,0,0,0,0,0,0,0,0,1,1,0,0,1.144
1992,524.2,17.3,74.0,0.96,0,24.7492,1.3837912309017721,0,0,0,1,0,0,0,0,0,0,0,1,0,0,1.144
1992,1054.7,18.2,61.4,1.68,0,87.7143,0.5306282510621704,1,0,0,0,0,0,0,0,0,1,0,0,0,1,1.602
1992,1550.7,19.9,61.4,4.83,0,6.0732,2.4078456036515385,1,0,0,1,0,0,0,0,0,0,1,0,0,1,1.602
1992,1367.4,20.3,61.4,3.61,0,5.6124,2.479894107964456,1,1,0,0,0,0,0,0,0,1,0,0,0,1,1.602
1992,1147.3,19.7,61.4,3.29,0,24.56,1.252762968495368,1,0,0,0,0,1,0,0,0,0,0,0,0,1,1.602
1992,807.5,21.4,61.4,1.07,0,15.466,1.6034198401085376,0,0,0,0,0,0,0,0,0,0,1,0,1,0,1.602
1992,1012.5,19.1,61.4,1.55,0,4.1883,2.751109690562657,0,0,0,1,0,0,0,0,0,0,0,0,0,1,1.602
1992,953.5,20.3,61.4,2.34,0,5.1858,2.552565298261815,0,1,0,0,0,0,0,0,0,0,1,0,1,0,1.602
1992,1082.5,19.9,61.4,3.18,0,5.9961,2.419478844465545,0,0,0,0,0,1,0,0,0,0,0,0,0,1,1.602
1992,554.1,30.1,30.3,0.2,1,4.5224,2.0412203288596382,1,0,0,0,0,0,0,0,0,0,1,1,0,0,0.243
1992,516.9,31.0,30.3,0.32,1,4.7492,1.998773638612381,1,0,0,1,0,0,0,0,0,0,0,1,0,0,0.243
1992,170.9,30.2,30.3,0.2,1,2.6602,2.516889695641051,0,0,0,0,0,0,0,0,0,0,1,0,0,0,0.243
1992,73.6,28.7,30.3,0.2,0,4.0132,2.145931282948669,0,0,0,1,0,0,0,0,0,0,0,0,0,0,0.243
1992,452.4,30.3,20.5,0.2,1,4.1922,1.7732559976634952,1,0,0,0,0,0,0,0,0,1,0,1,0,0,0.212
1992,392.5,31.4,20.5,0.3,1,3.8606,1.8421356765531218,1,0,0,1,0,0,0,0,0,0,1,0,0,0,0.212
1992,460.6,31.1,20.5,0.2,1,9.1518,1.1755733298042381,0,0,0,0,0,0,0,0,0,0,1,1,0,0,0.212
1992,161.1,30.9,20.5,0.2,1,1.7982,2.517696472610991,0,0,0,1,0,0,0,0,0,0,1,0,0,0,0.212
1993,1131.2,18.1,118.5,7.32,0,28.4856,1.6409365794934714,1,0,0,0,0,0,0,0,1,0,1,0,0,1,3.582
1993,944.0,17.1,118.5,2.48,0,9.2506,2.6253929674212007,1,0,0,0,0,0,0,0,0,0,0,0,1,0,3.582
1993,710.6,16.6,118.5,3.38,0,14.0071,2.247072383063787,1,0,0,1,0,0,0,0,0,1,0,0,1,0,3.582
1993,437.9,20.0,118.5,1.36,0,9.4649,2.604170070614818,0,0,0,0,0,0,0,0,1,0,0,1,0,0,3.582
1993,708.7,18.1,118.5,2.93,0,9.3602,2.614471854142644,0,0,0,0,0,0,0,0,0,0,0,0,1,0,3.582
1993,811.3,18.1,118.5,3.31,0,55.6338,1.1410330045520618,0,0,0,1,0,0,0,0,0,0,1,0,1,0,3.582
1993,1028.6,17.8,133.3,13.97,0,32.4331,1.631199404215613,1,0,0,0,0,0,0,0,1,0,0,0,0,1,4.069
1993,1046.3,16.9,133.3,2.66,0,21.5,1.9740810260220096,1,0,0,0,0,0,0,0,0,1,0,0,0,1,4.069
1993,1085.0,14.8,133.3,2.46,0,16.559,2.2027647577118348,1,0,0,1,0,0,0,0,0,0,0,0,0,1,4.069
1993,917.8,16.4,133.3,9.39,0,16.9593,2.1815467646169897,0,0,0,0,0,0,0,0,1,0,0,0,1,0,4.069
1993,676.9,17.8,133.3,3.09,0,20.136,2.030776369698555,0,0,0,0,0,0,0,0,0,0,0,1,0,0,4.069
1993,565.8,17.3,133.3,1.66,0,13.4511,2.3896797998449792,0,0,0,1,0,0,0,0,0,1,0,1,0,0,4.069
1993,983.0,17.6,52.1,6.5,0,10.1165,1.8164520818184267,1,0,0,0,0,0,0,0,1,0,0,0,1,0,3.973
1993,810.4,18.0,52.1,1.32,0,7.93,2.0241930674493576,1,0,0,0,0,0,0,0,0,0,0,0,1,0,3.973
1993,706.0,19.2,52.1,3.03,0,35.2027,0.9082585601768908,1,0,0,1,0,0,0,0,0,0,0,0,1,0,3.973
1993,861.5,17.4,52.1,6.7,0,9.3705,1.8809906029559975,1,0,0,0,1,0,0,0,0,0,0,0,1,0,3.973
1993,792.4,16.8,52.1,4.63,0,24.8095,1.1314021114911006,0,0,0,0,0,0,0,0,1,0,1,0,1,0,3.973
1993,461.8,17.7,52.1,0.23,0,6.6117,2.1838015570040787,0,0,0,0,0,0,0,0,0,0,1,1,0,0,3.973
1993,589.6,18.5,52.1,1.62,0,3.5179,2.7606426512213806,0,0,0,1,0,0,0,0,0,0,0,1,0,0,3.973
1993,685.8,18.8,52.1,3.92,0,27.2775,1.0681530811834012,0,0,0,0,1,0,0,0,0,1,0,1,0,0,3.973
1993,1221.1,18.4,85.6,2.24,0,6.848,2.6026896854443837,1,0,0,0,0,0,0,0,0,0,0,0,0,1,2.798
1993,833.3,16.6,85.6,1.38,0,26.6667,1.43746264769429,1,0,0,1,0,0,0,0,0,0,0,0,1,0,2.798
1993,1066.4,15.4,85.6,2.18,0,6.2803,2.683074215032033,1,0,0,0,0,0,0,1,0,1,0,0,0,1,2.798
1993,250.2,17.5,85.6,0.2,0,5.9777,2.729159164312445,0,0,0,0,0,0,0,0,0,0,0,0,0,0,2.798
1993,575.4,16.3,85.6,1.25,0,7.2175,2.554121718809473,0,0,0,1,0,0,0,0,0,0,0,1,0,0,2.798
1993,695.0,16.5,85.6,3.26,0,56.3158,0.9242589015233319,0,0,0,0,0,0,0,1,0,0,0,1,0,0,2.798
1993,1148.1,17.6,142.6,3.12,0,11.0714,2.6304489550786583,1,0,0,0,0,0,0,0,0,0,0,0,0,1,2.502
1993,960.7,17.9,142.6,5.7,0,30.4051,1.7387102481382397,1,0,0,1,0,0,0,0,0,0,0,0,1,0,2.502
1993,382.6,16.1,142.6,0.26,0,50.5674,1.3402504226184837,0,0,0,0,0,0,0,0,0,0,0,0,0,0,2.502
1993,773.5,18.1,142.6,1.48,0,12.7094,2.503073953743449,0,0,0,1,0,0,0,0,0,1,0,0,1,0,2.502
1993,1277.2,18.0,85.2,2.01,0,13.1077,2.0149030205422647,1,0,0,0,0,0,0,0,0,0,0,0,0,1,2.346
1993,1080.7,18.9,85.2,3.23,0,13.7641,1.9726911717329554,1,0,0,1,0,0,0,0,0,0,0,0,0,1,2.346
1993,829.3,19.0,85.2,1.2,0,15.5759,1.8671761085128091,0,0,0,0,0,0,0,0,0,1,0,0,1,0,2.346
1993,475.6,19.6,85.2,0.95,0,6.0426,2.714694743820879,0,0,0,1,0,0,0,0,0,0,0,1,0,0,2.346
1993,1314.7,17.9,122.0,1.63,0,12.5514,2.372111155642656,1,0,0,0,0,0,0,0,0,0,0,0,0,1,2.552
1993,1261.2,20.0,122.0,6.2,0,50.4132,1.2296405510745139,1,0,0,1,0,0,0,0,0,0,0,0,0,1,2.552
1993,722.3,17.7,122.0,1.83,0,12.4236,2.3813962734183356,0,0,0,0,0,0,0,0,0,0,0,0,1,0,2.552
1993,1117.6,19.9,122.0,4.17,0,16.7123,2.1162555148025524,0,0,0,1,0,0,0,0,0,0,0,0,0,1,2.552
1993,1451.7,19.6,96.9,1.67,0,9.2198,2.4432162227337915,1,0,0,0,0,0,0,0,0,0,0,0,0,1,2.398
1993,1224.6,17.9,96.9,2.07,0,24.2857,1.6074359097634274,1,0,0,1,0,0,0,0,0,0,1,0,0,1,2.398
1993,807.2,17.5,96.9,0.87,0,7.0678,2.688527534613346,0,0,0,0,0,0,0,0,0,0,0,0,1,0,2.398
1993,856.9,17.8,96.9,2.72,0,19.5363,1.7850704810772584,0,0,0,1,0,0,0,0,0,0,0,0,1,0,2.398
1993,1258.9,20.3,84.8,1.03,0,25.4655,1.4655675420143985,1,0,0,0,0,0,0,0,0,0,1,0,0,1,1.579
1993,847.5,18.2,84.8,2.69,0,7.5714,2.501435951739211,1,0,0,1,0,0,0,0,0,1,0,0,1,0,1.579
1993,1036.9,19.4,84.8,0.89,0,20.0473,1.6544112780768316,0,0,0,0,0,0,0,0,0,0,0,0,0,1,1.579
1993,745.2,19.4,84.8,1.92,0,15.5311,1.8656293177945105,0,0,0,1,0,0,0,0,0,0,1,0,1,0,1.579
1993,1181.5,14.4,108.4,1.25,0,12.3886,2.277267285009756,1,0,0,0,0,0,0,0,0,1,0,0,0,1,3.983
1993,1212.2,17.8,108.4,4.41,0,15.9647,2.052840859882657,1,0,0,1,0,0,0,0,0,0,0,0,0,1,3.983
1993,1272.6,18.7,108.4,6.02,0,8.502,2.6210388241125804,1,0,0,0,0,0,0,1,0,1,0,0,0,1,3.983
1993,967.7,16.9,108.4,15.41,0,10.555,2.422144328051685,1,0,0,0,1,0,0,0,0,0,0,0,1,0,3.983
1993,636.7,18.7,108.4,0.83,0,9.5339,2.5152741864043966,0,0,0,0,0,0,0,0,0,0,0,1,0,0,3.983
1993,422.7,17.3,108.4,0.36,0,9.5507,2.513656063073986,0,0,0,1,0,0,0,0,0,0,0,1,0,0,3.983
1993,681.8,17.0,108.4,3.7,0,8.0178,2.67552700939665,0,0,0,0,0,0,0,1,0,0,0,1,0,0,3.983
1993,1062.9,17.3,108.4,10.06,0,15.5301,2.0769384114617173,0,0,0,0,1,0,0,0,0,0,0,0,0,1,3.983
1993,1497.8,18.1,101.6,2.4,0,37.3529,1.3137236682850553,1,0,0,0,0,0,0,0,0,0,1,0,0,1,2.733
1993,1631.2,18.6,101.6,6.25,0,11.5193,2.2844211223663744,1,0,0,1,0,0,0,0,0,1,0,0,0,1,2.733
1993,1565.8,16.0,101.6,4.96,0,7.5204,2.6748380668960965,1,0,0,0,0,0,0,1,0,0,0,0,0,1,2.733
1993,645.5,18.0,101.6,0.63,0,13.8043,2.1234584270966104,0,0,0,0,0,0,0,0,0,0,0,1,0,0,2.733
1993,730.2,18.7,101.6,2.66,0,57.0787,1.0224509277025458,0,0,0,1,0,0,0,0,0,1,0,0,1,0,2.733
1993,927.6,17.2,101.6,2.28,0,9.4512,2.463853240590168,0,0,0,0,0,0,0,1,0,0,0,0,1,0,2.733
1993,877.9,15.4,92.8,1.23,0,17.9497,1.8196988379172965,1,0,0,0,0,0,0,0,0,0,0,0,1,0,1.242
1993,968.8,16.3,92.8,2.67,0,13.627,2.0554049638515948,1,0,0,1,0,0,0,0,0,0,1,0,1,0,1.242
1993,910.9,15.3,92.8,3.26,0,11.2895,2.2213750375685026,1,0,0,0,0,0,0,1,0,0,1,0,1,0,1.242
1993,1118.2,17.6,92.8,4.59,0,15.4409,1.9473377010464987,1,0,1,0,0,0,0,0,0,0,0,0,0,1,1.242
1993,523.3,16.5,92.8,0.89,0,10.2203,2.3105532626432224,0,0,0,0,0,0,0,0,0,1,0,1,0,0,1.242
1993,603.4,14.8,92.8,2.44,0,10.0433,2.3263016196113617,0,0,0,1,0,0,0,0,0,0,1,1,0,0,1.242
1993,322.0,16.4,92.8,0.23,0,7.619,2.578700529074361,0,0,0,0,0,0,0,1,0,0,0,0,0,0,1.242
1993,828.9,15.1,92.8,0.71,0,20.5765,1.706564623164823,0,0,1,0,0,0,0,0,0,0,1,0,1,0,1.242
1993,468.1,18.1,71.3,0.23,0,69.2233,0.708035793053696,1,0,0,0,0,0,0,0,0,0,1,1,0,0,1.371
1993,775.5,20.0,71.3,2.82,0,40.977,1.007957920399979,1,0,0,1,0,0,0,0,0,0,1,0,1,0,1.371
1993,835.1,18.6,71.3,0.47,0,18.1425,1.5953389880545987,1,0,0,0,0,0,0,1,0,0,1,0,1,0,1.371
1993,720.9,17.5,71.3,2.38,0,9.1176,2.1770218700187,1,0,1,0,0,0,0,0,0,0,0,0,1,0,1.371
1993,367.2,18.3,71.3,0.26,0,56.5873,0.8153648132841945,0,0,0,0,0,0,0,0,0,0,0,0,0,0,1.371
1993,438.7,17.5,71.3,1.3,0,66.0185,0.7323678937132266,0,0,0,1,0,0,0,0,0,0,1,1,0,0,1.371
1993,923.0,16.4,71.3,1.99,0,13.4023,1.843719208158766,0,0,0,0,0,0,0,1,0,0,1,0,1,0,1.371
1993,484.7,17.1,71.3,0.98,0,4.9139,2.7414849771884473,0,0,1,0,0,0,0,0,0,1,0,1,0,0,1.371
1993,892.9,18.6,84.0,0.76,0,11.215,2.138889000323256,1,0,0,0,0,0,0,0,0,0,1,0,1,0,0.987
1993,632.7,18.7,84.0,1.9,0,6.0388,2.702032128776647,1,0,0,1,0,0,0,0,0,0,1,1,0,0,0.987
1993,652.1,17.8,84.0,1.81,0,20.3883,1.6331544390514163,1,0,1,0,0,0,0,0,0,0,1,1,0,0,0.987
1993,646.8,17.1,84.0,0.79,0,10.5528,2.192770226986839,0,0,0,0,0,0,0,0,0,0,1,1,0,0,0.987
1993,559.7,16.7,84.0,1.37,0,5.9914,2.7093826463359885,0,0,0,1,0,0,0,0,0,0,1,1,0,0,0.987
1993,331.5,17.8,84.0,0.39,0,7.2351,2.534490149976828,0,0,1,0,0,0,0,0,0,0,1,0,0,0,0.987
1993,927.3,18.4,56.4,0.76,0,23.5,1.2237754316221157,1,0,0,0,0,0,0,0,0,0,1,0,1,0,1.215
1993,697.2,18.3,56.4,1.77,0,11.6049,1.7681496035889213,1,0,0,1,0,0,0,0,0,0,1,1,0,0,1.215
1993,897.7,17.2,56.4,1.34,0,14.9602,1.5623463049002497,1,0,1,0,0,0,0,0,0,0,1,0,1,0,1.215
1993,821.3,17.6,56.4,0.63,0,3.816,2.7587433154177283,1,0,0,0,0,1,0,0,0,0,0,0,1,0,1.215
1993,457.0,17.7,56.4,1.01,0,4.8412,2.5376572151735295,0,0,0,0,0,0,0,0,0,0,0,1,0,0,1.215
1993,203.6,19.6,56.4,0.23,0,32.0455,1.0152306797290584,0,0,0,1,0,0,0,0,0,1,0,0,0,0,1.215
1993,664.6,18.2,56.4,0.84,0,4.5012,2.604909442182697,0,0,1,0,0,0,0,0,0,0,1,1,0,0,1.215
1993,758.0,17.9,56.4,1.23,0,5.2908,2.4561641809223462,0,0,0,0,0,1,0,0,0,0,1,0,1,0,1.215
1993,598.5,19.4,68.9,1.04,0,14.9783,1.7227665977411035,1,0,0,0,0,0,0,0,0,0,1,1,0,0,1.367
1993,883.4,20.6,68.9,3.51,0,11.541,1.9416152247724325,1,0,0,1,0,0,0,0,0,1,0,0,1,0,1.367
1993,884.2,19.3,68.9,2.72,0,18.7738,1.541159071680806,1,0,1,0,0,0,0,0,0,1,0,0,1,0,1.367
1993,613.5,18.6,68.9,1.45,0,7.3927,2.334083760053417,0,0,0,0,0,0,0,0,0,0,1,1,0,0,1.367
1993,390.6,19.3,68.9,0.79,0,12.2163,1.8931119634883424,0,0,0,1,0,0,0,0,0,0,0,0,0,0,1.367
1993,356.1,19.4,68.9,1.01,0,5.1727,2.6616571615324998,0,0,1,0,0,0,0,0,0,0,1,0,0,0,1.367
1993,596.1,19.2,43.6,0.69,0,6.7492,2.0095554142156695,1,0,0,0,0,0,0,0,0,0,1,1,0,0,1.854
1993,734.4,18.3,43.6,3.18,0,7.4658,1.922787731634459,1,0,0,1,0,0,0,0,0,0,0,0,1,0,1.854
1993,725.3,17.5,43.6,1.5,0,3.1848,2.6871669901857858,1,0,1,0,0,0,0,0,0,0,1,0,1,0,1.854
1993,990.6,17.5,43.6,5.72,0,5.8999,2.127040520479115,1,0,0,0,1,0,0,0,0,0,1,0,1,0,1.854
1993,537.9,16.9,43.6,0.53,0,25.4971,0.9969486348916096,0,0,0,0,0,0,0,0,0,0,1,1,0,0,1.854
1993,653.7,17.2,43.6,1.01,0,3.2955,2.655352412101761,0,0,0,1,0,0,0,0,0,0,1,1,0,0,1.854
1993,559.6,16.5,43.6,0.89,0,33.7984,0.8285518175661483,0,0,1,0,0,0,0,0,0,0,1,1,0,0,1.854
1993,552.2,16.7,43.6,1.56,0,8.8618,1.7783364488959144,0,0,0,0,1,0,0,0,0,1,0,1,0,0,1.854
1993,600.0,21.2,55.5,0.59,0,14.6053,1.5686159179138452,1,0,0,0,0,0,0,0,0,0,1,1,0,0,1.181
1993,565.1,18.9,55.5,1.6,0,10.1463,1.8671761085128091,1,0,0,1,0,0,0,0,0,1,0,1,0,0,1.181
1993,458.6,22.2,55.5,0.51,0,45.122,0.8020015854720274,0,0,0,0,0,0,0,0,0,1,0,1,0,0,1.181
1993,454.4,19.4,55.5,1.07,0,17.5079,1.4279160358107101,0,0,0,1,0,0,0,0,0,0,1,1,0,0,1.181
1993,1294.6,14.7,119.0,2.74,0,133.7079,0.636576829071551,1,0,0,0,0,0,0,0,0,0,0,0,0,1,3.861
1993,927.2,17.1,119.0,1.16,0,19.3811,1.965712776351493,1,0,0,1,0,0,0,0,0,0,0,0,1,0,3.861
1993,1074.1,13.7,119.0,1.18,0,8.2353,2.7376090033437546,1,0,0,0,1,0,0,0,0,1,0,0,0,1,3.861
1993,673.1,15.9,119.0,0.92,0,26.1538,1.713797927758343,0,0,0,0,0,0,0,0,0,0,0,1,0,0,3.861
1993,592.0,14.8,119.0,2.11,0,43.4307,1.3190856114264407,0,0,0,1,0,0,0,0,0,0,0,1,0,0,3.861
1993,69.6,14.5,119.0,0.27,0,24.2857,1.7749523509116738,0,0,0,0,1,0,0,0,0,0,0,0,0,0,3.861
1993,381.4,19.1,33.0,0.38,0,7.783,1.6563214983329508,1,0,0,0,0,0,0,0,0,0,0,0,0,0,0.496
1993,890.5,18.5,33.0,1.16,0,2.2103,2.768204123921957,1,0,0,1,0,0,0,0,0,0,1,0,1,0,0.496
1993,166.3,16.2,33.0,0.2,0,2.2495,2.7517480563679295,0,0,0,0,0,0,0,0,0,0,0,0,0,0,0.496
1993,412.7,20.5,33.0,0.95,0,8.6842,1.5686159179138452,0,0,0,1,0,0,0,0,0,0,1,1,0,0,0.496
1993,627.8,22.1,66.3,0.64,0,11.2755,1.9286186519452522,1,0,0,0,0,0,1,0,0,0,1,1,0,0,0.89
1993,661.3,20.2,66.3,0.6,0,5.5997,2.552565298261815,1,0,0,0,0,0,0,0,0,0,1,1,0,0,0.89
1993,800.6,22.0,66.3,2.33,0,12.1429,1.8656293177945105,1,0,0,1,0,0,0,0,0,0,1,0,1,0,0.89
1993,484.3,22.1,66.3,0.33,0,105.2381,0.48858001481867097,0,0,0,0,0,0,1,0,0,0,1,1,0,0,0.89
1993,405.8,24.7,66.3,0.46,0,4.5661,2.7421295147550726,0,0,0,0,0,0,0,0,0,0,1,1,0,0,0.89
1993,412.6,22.3,66.3,1.05,0,7.3996,2.298577071596507,0,0,0,1,0,0,0,0,0,1,0,1,0,0,0.89
1993,733.5,23.9,16.6,0.45,0,1.2701,2.644044871126298,1,0,0,0,0,0,1,0,0,0,1,0,1,0,0.48
1993,642.3,23.7,16.6,0.38,0,2.3954,2.0706530356467567,1,0,0,0,0,0,0,0,0,1,0,1,0,0,0.48
1993,264.9,22.7,16.6,0.23,0,13.28,0.8109302162163288,1,0,0,1,0,0,0,0,0,0,1,0,0,0,0.48
1993,331.8,23.4,16.6,0.2,0,3.2677,1.8050046959780757,0,0,0,0,0,0,1,0,0,0,1,0,0,0,0.48
1993,336.0,23.3,16.6,0.2,0,2.5697,2.0095554142156695,0,0,0,0,0,0,0,0,0,1,0,0,0,0,0.48
1993,636.7,22.2,16.6,1.67,0,4.15,1.6094379124341003,0,0,0,1,0,0,0,0,0,1,0,1,0,0,0.48
1993,453.3,24.8,34.7,0.71,0,24.2657,0.8878912573524571,1,0,0,0,0,0,1,0,0,0,1,1,0,0,0.455
1993,656.5,25.2,34.7,0.37,0,2.7237,2.620311286794203,1,0,0,0,0,0,0,0,0,0,0,1,0,0,0.455
1993,349.8,24.3,34.7,1.09,0,2.4232,2.729159164312445,1,0,0,1,0,0,0,0,0,0,0,0,0,0,0.455
1993,144.8,23.3,34.7,0.2,0,8.7626,1.601405740736836,0,0,0,0,0,0,1,0,0,0,1,0,0,0,0.455
1993,306.8,22.9,34.7,0.2,0,9.5068,1.536867219599265,0,0,0,0,0,0,0,0,0,0,1,0,0,0,0.455
1993,134.4,23.8,34.7,0.2,0,6.8039,1.8082887711792655,0,0,0,1,0,0,0,0,0,0,0,0,0,0,0.455
1993,539.1,29.2,25.4,0.2,0,4.4406,1.9050881545350582,1,0,0,0,0,0,0,0,0,1,0,1,0,0,0.266
1993,660.1,29.9,25.4,0.27,0,2.3805,2.4570214462984645,1,0,0,1,0,0,0,0,0,0,0,1,0,0,0.266
1993,551.5,30.0,25.4,0.2,0,5.1731,1.776645831418007,0,0,0,0,0,0,0,0,0,1,0,1,0,0,0.266
1993,456.0,29.6,25.4,0.2,0,2.3007,2.488234439880675,0,0,0,1,0,0,0,0,0,0,1,1,0,0,0.266
1993,818.0,27.3,13.5,0.2,0,1.1842,2.517696472610991,1,0,0,0,0,0,0,0,0,0,0,0,1,0,0.661
1993,773.7,24.6,13.5,0.68,0,1.0082,2.6665335208992764,1,0,0,1,0,0,0,0,0,0,1,0,1,0,0.661
1993,1028.3,28.3,13.5,1.77,0,10.8871,0.8064758658669484,1,1,0,0,0,0,0,0,0,0,1,0,0,1,0.661
1993,166.6,25.9,13.5,0.2,0,2.6062,1.8213182714695995,0,0,0,0,0,0,0,0,0,0,1,0,0,0,0.661
1993,401.4,25.1,13.5,0.56,0,0.9677,2.7047112998366956,0,0,0,1,0,0,0,0,0,0,0,1,0,0,0.661
1993,571.4,27.3,13.5,1.03,0,1.1608,2.5360749363624,0,1,0,0,0,0,0,0,0,1,0,1,0,0,0.661
1993,678.5,27.9,28.1,0.2,0,3.9301,2.0980179272527715,1,0,0,0,0,0,0,0,0,0,1,1,0,0,0.678
1993,734.1,27.6,28.1,0.26,0,16.7262,0.9858167945227653,1,0,0,1,0,0,0,0,0,0,1,0,1,0,0.678
1993,730.3,26.2,28.1,1.5,0,2.3358,2.567254391136754,1,1,0,0,0,0,0,0,0,0,1,0,1,0,0.678
1993,99.7,30.0,28.1,0.2,0,2.8327,2.390595970316759,0,0,0,0,0,0,0,0,0,0,0,0,0,0,0.678
1993,573.5,26.8,28.1,0.69,0,23.2231,0.7929925155296614,0,0,0,1,0,0,0,0,0,0,0,1,0,0,0.678
1993,427.8,27.1,28.1,0.93,0,4.6217,1.9572739077056285,0,1,0,0,0,0,0,0,0,0,1,1,0,0,0.678
1993,500.9,30.0,30.9,0.22,0,2.7663,2.498973906999436,1,0,0,0,0,0,0,0,0,0,0,1,0,0,0.341
1993,281.0,28.0,30.9,0.24,0,35.9302,0.6205764877251099,1,0,0,1,0,0,0,0,0,1,0,0,0,0,0.341
1993,567.2,30.2,30.9,0.97,1,2.1121,2.749192144433385,1,0,0,0,0,1,0,0,0,1,0,1,0,0,0.341
1993,412.2,28.0,30.9,0.2,0,2.0949,2.7568403652716422,0,0,0,0,0,0,0,0,0,0,1,1,0,0,0.341
1993,271.6,30.1,30.9,0.3,1,5.3739,1.9095425048844386,0,0,0,1,0,0,0,0,0,0,0,0,0,0,0.341
1993,389.2,28.3,30.9,0.66,0,4.2329,2.1162555148025524,0,0,0,0,0,1,0,0,0,0,1,0,0,0,0.341
1993,890.2,28.4,27.0,0.2,0,1.8493,2.747270914255491,1,0,0,0,0,0,0,0,0,0,0,0,1,0,0.339
1993,721.1,25.4,27.0,0.89,0,2.5962,2.4336133554004498,1,0,0,1,0,0,0,0,0,0,1,0,1,0,0.339
1993,675.5,27.0,27.0,0.2,0,2.7,2.3978952727983707,0,0,0,0,0,0,0,0,0,0,0,1,0,0,0.339
1993,527.0,27.5,27.0,0.2,0,2.0119,2.668616131856803,0,0,0,1,0,0,0,0,0,1,0,1,0,0,0.339
1993,671.6,22.4,2.7,0.39,0,0.6667,1.6193882432872684,1,0,0,0,0,0,0,0,0,1,0,1,0,0,0.628
1993,593.5,22.7,2.7,0.79,0,0.8207,1.4562867329399256,1,0,0,1,0,0,0,0,0,0,1,1,0,0,0.628
1993,499.9,23.9,2.7,0.2,0,0.2121,2.6195832197798796,0,0,0,0,0,0,0,0,0,0,0,1,0,0,0.628
1993,294.3,22.0,2.7,0.2,0,0.3017,2.2975725511705014,0,0,0,1,0,0,0,0,0,1,0,0,0,0,0.628
1993,205.7,33.4,20.1,0.31,1,16.6116,0.7929925155296614,1,0,0,0,0,0,1,0,0,0,0,0,0,0,0.251
1993,343.9,32.4,20.1,0.2,1,3.6086,1.8825138324965192,1,0,0,0,0,0,0,0,0,0,1,0,0,0,0.251
1993,296.5,33.5,20.1,0.37,1,1.9534,2.4239173781615704,1,0,0,1,0,0,0,0,0,0,1,0,0,0,0.251
1993,113.6,30.7,20.1,0.2,1,8.4454,1.2178757094949273,0,0,0,0,0,0,1,0,0,0,0,0,0,0,0.251
1993,191.7,32.2,20.1,0.2,1,9.9015,1.1085626195212777,0,0,0,0,0,0,0,0,0,0,0,0,0,0,0.251
1993,184.3,33.6,20.1,0.2,1,1.6991,2.551786178627545,0,0,0,1,0,0,0,0,0,0,1,0,0,0,0.251
1993,183.7,34.0,30.1,0.2,1,5.9486,1.801709800081223,1,0,0,0,0,0,1,0,0,0,1,0,0,0,0.239
1993,234.9,32.0,30.1,0.2,1,3.9244,2.1598687907924505,1,0,0,0,0,0,0,0,0,0,0,0,0,0,0.239
1993,244.1,32.4,30.1,0.26,1,2.1939,2.6892071133007303,1,0,0,1,0,0,0,0,0,0,1,0,0,0,0.239
1993,74.4,32.4,30.1,0.2,1,3.3041,2.3135250330323798,0,0,0,0,0,0,1,0,0,0,1,0,0,0,0.239
1993,84.8,34.4,30.1,0.2,1,4.7179,1.998773638612381,0,0,0,0,0,0,0,0,0,0,1,0,0,0,0.239
1993,50.0,31.2,30.1,0.2,1,6.9195,1.6770965609079151,0,0,0,1,0,0,0,0,0,1,0,0,0,0,0.239
1993,213.9,34.8,31.9,0.2,1,6.5503,1.7698546338400052,1,0,0,0,0,0,1,0,0,0,1,0,0,0,0.215
1993,155.4,32.9,31.9,0.2,1,12.3166,1.2781522025001875,1,0,0,0,0,0,0,0,0,0,0,0,0,0,0.215
1993,133.2,33.6,31.9,0.2,1,3.2452,2.382320061012899,1,0,0,1,0,0,0,0,0,0,0,0,0,0,0.215
1993,93.8,35.3,31.9,0.2,1,3.848,2.2289385528257473,0,0,0,0,0,0,1,0,0,0,1,0,0,0,0.215
1993,205.6,32.4,31.9,0.2,1,4.4866,2.0930978681273213,0,0,0,0,0,0,0,0,0,0,0,0,0,0,0.215
1993,138.7,35.2,31.9,0.2,1,2.1438,2.7650604558189897,0,0,0,1,0,0,0,0,0,1,0,0,0,0,0.215
1993,246.6,34.3,16.2,0.29,1,1.3706,2.551006451492524,1,0,0,0,0,0,1,0,0,0,0,0,0,0,0.216
1993,248.2,33.8,16.2,0.2,1,3.24,1.791759469228055,1,0,0,0,0,0,0,0,0,0,1,0,0,0,0.216
1993,221.1,35.8,16.2,0.21,1,10.9459,0.9082585601768908,1,0,0,1,0,0,0,0,0,0,1,0,0,0,0.216
1993,111.4,36.7,16.2,0.2,1,1.4822,2.4790562361098245,0,0,0,0,0,0,1,0,0,0,1,0,0,0,0.216
1993,121.8,34.7,16.2,0.2,1,6.1832,1.2864740258376797,0,0,0,0,0,0,0,0,0,0,1,0,0,0,0.216
1993,172.1,33.8,16.2,0.22,1,7.8641,1.1184149159642893,0,0,0,1,0,0,0,0,0,0,1,0,0,0,0.216
1993,503.4,23.1,71.9,0.41,0,5.2177,2.6932749155200555,1,0,0,0,0,0,0,0,0,1,0,1,0,0,1.081
1993,800.4,22.1,71.9,3.49,0,4.9012,2.7517480563679295,1,0,0,1,0,0,0,0,0,0,0,0,1,0,1.081
1993,337.8,23.0,71.9,0.33,0,40.3933,1.0224509277025458,0,0,0,0,0,0,0,0,0,0,1,0,0,0,1.081
1993,208.9,24.2,71.9,0.3,0,4.8581,2.760009940032921,0,0,0,1,0,0,0,0,0,0,0,0,0,0,1.081
1993,412.0,24.9,33.3,0.23,0,4.3247,2.163323025660538,1,0,0,0,0,0,0,0,0,1,0,1,0,0,0.34
1993,508.2,27.3,33.3,1.12,0,5.8014,1.9080599249242156,1,0,0,1,0,0,0,0,0,0,0,1,0,0,0.34
1993,194.4,26.3,33.3,0.2,0,4.0364,2.224623551524334,0,0,0,0,0,0,0,0,0,0,1,0,0,0,0.34
1993,269.9,25.7,33.3,0.65,0,3.6473,2.315501318260592,0,0,0,1,0,0,0,0,0,1,0,0,0,0,0.34
1993,782.9,25.0,22.8,0.43,0,8.8031,1.2781522025001875,1,0,0,0,0,0,0,0,0,0,1,0,1,0,0.617
1993,582.1,23.6,22.8,1.17,0,2.0412,2.498973906999436,1,0,0,1,0,0,0,0,0,0,0,1,0,0,0.617
1993,97.2,24.8,22.8,0.2,0,36.7742,0.4824261492442927,0,0,0,0,0,0,0,0,0,0,0,0,0,0,0.617
1993,422.2,22.7,22.8,0.67,0,2.8464,2.1983350716202463,0,0,0,1,0,0,0,0,0,0,1,1,0,0,0.617
1993,609.6,21.1,58.4,1.63,0,15.0515,1.5851452198650557,1,0,0,0,0,0,0,0,1,0,1,1,0,0,1.385
1993,895.0,18.3,58.4,0.84,0,4.6608,2.604909442182697,1,0,0,0,0,0,0,0,0,0,1,0,1,0,1.385
1993,428.0,18.4,58.4,0.92,0,5.7255,2.4159137783010487,1,0,0,1,0,0,0,0,0,1,0,1,0,0,1.385
1993,50.0,19.7,58.4,0.2,0,3.909,2.768831673362069,0,0,0,0,0,0,0,0,1,0,1,0,0,0,1.385
1993,109.7,15.7,58.4,0.2,0,4.235,2.6939512767227085,0,0,0,0,0,0,0,0,0,0,1,0,0,0,1.385
1993,676.4,19.8,58.4,2.89,0,17.7508,1.4562867329399256,0,0,0,1,0,0,0,0,0,0,1,1,0,0,1.385
1993,835.9,21.8,35.7,0.86,0,4.3378,2.222459048514761,1,0,0,0,0,0,0,0,0,1,0,0,1,0,1.472
1993,1018.5,24.6,35.7,2.66,0,6.0,1.9387416595767009,1,0,0,1,0,0,0,0,0,0,0,0,0,1,1.472
1993,415.5,23.8,35.7,0.2,0,12.3529,1.358409157630355,0,0,0,0,0,0,0,0,0,0,0,1,0,0,1.472
1993,713.1,21.9,35.7,1.21,0,5.4338,2.0241930674493576,0,0,0,1,0,0,0,0,0,0,1,0,1,0,1.472
1993,1063.8,20.6,60.5,1.65,0,4.1724,2.740840023925201,1,0,0,0,0,0,0,0,0,0,0,0,0,1,1.511
1993,712.9,23.5,60.5,1.29,0,5.8967,2.421256622711544,1,0,0,1,0,0,0,0,0,1,0,0,1,0,1.511
1993,1106.8,22.9,60.5,5.6,0,11.4151,1.840549633397487,1,1,0,0,0,0,0,0,0,0,0,0,0,1,1.511
1993,460.6,21.3,60.5,0.28,0,13.2096,1.7191887763932197,0,0,0,0,0,0,0,0,0,0,0,1,0,0,1.511
1993,307.6,22.0,60.5,0.43,0,4.566,2.6567569067146595,0,0,0,1,0,0,0,0,0,0,0,0,0,0,1.511
1993,654.3,23.7,60.5,2.94,0,21.4539,1.3402504226184837,0,1,0,0,0,0,0,0,0,0,0,1,0,0,1.511
1993,1068.5,23.2,67.7,0.77,0,11.5726,1.9242486522741338,1,0,0,0,0,0,0,0,0,0,1,0,0,1,1.053
1993,955.8,23.8,67.7,3.31,0,4.7576,2.7232671669070703,1,0,0,1,0,0,0,0,0,0,1,0,1,0,1.053
1993,450.7,24.2,67.7,0.36,0,38.2486,1.0188473201992472,0,0,0,0,0,0,0,0,0,1,0,1,0,0,1.053
1993,427.6,23.8,67.7,1.17,0,5.2767,2.626840145676667,0,0,0,1,0,0,0,0,0,1,0,1,0,0,1.053
1993,1614.2,22.5,59.4,1.56,0,79.2,0.5596157879354227,1,0,0,0,0,0,0,0,0,0,1,0,0,1,1.369
1993,1101.7,22.3,59.4,3.99,0,7.1053,2.2364452904895007,1,0,0,1,0,0,0,0,0,0,0,0,0,1,1.369
1993,681.5,17.3,59.4,1.0,0,5.7006,2.435366204227864,0,0,0,0,0,0,0,0,0,0,0,1,0,0,1.369
1993,704.1,19.6,59.4,1.32,0,19.8,1.3862943611198906,0,0,0,1,0,0,0,0,0,0,1,0,1,0,1.369
1993,611.2,20.1,27.9,0.5,0,6.6906,1.6428726885203377,1,0,0,0,0,0,0,0,0,0,1,1,0,0,0.583
1993,555.4,21.7,27.9,1.79,0,3.5861,2.1724764076470255,1,0,0,1,0,0,0,0,0,1,0,1,0,0,0.583
1993,281.8,21.2,27.9,0.2,0,15.5,1.0296194171811581,0,0,0,0,0,0,0,0,0,0,1,0,0,0,0.583
1993,458.5,20.8,27.9,0.86,0,14.3814,1.0784095813505903,0,0,0,1,0,0,0,0,0,1,0,1,0,0,0.583
1993,688.7,18.4,53.9,1.71,0,9.523,1.8961194845522977,1,0,0,0,0,0,0,0,1,0,1,1,0,0,1.391
1993,910.1,16.5,53.9,1.0,0,4.0926,2.6511270537025893,1,0,0,0,0,0,0,0,0,0,1,0,1,0,1.391
1993,607.8,18.4,53.9,1.79,0,19.0459,1.3428648031925547,1,0,0,1,0,0,0,0,0,0,1,1,0,0,1.391
1993,649.3,18.1,53.9,1.62,0,3.8308,2.712706012638404,0,0,0,0,0,0,0,0,1,1,0,1,0,0,1.391
1993,622.6,18.1,53.9,0.67,0,8.6656,1.9768549529047348,0,0,0,0,0,0,0,0,0,0,1,1,0,0,1.391
1993,720.7,16.7,53.9,0.2,0,4.2914,2.6071242825122494,0,0,0,1,0,0,0,0,0,1,0,0,1,0,1.391
1993,659.5,20.4,34.6,0.83,0,2.8809,2.565718292524414,1,0,0,0,0,0,0,0,0,0,0,1,0,0,1.144
1993,463.6,16.9,34.6,0.91,0,8.7374,1.601405740736836,1,0,0,1,0,0,0,0,0,0,0,1,0,0,1.144
1993,587.3,16.9,34.6,0.28,0,34.2574,0.6981347220709844,0,0,0,0,0,0,0,0,0,0,1,1,0,0,1.144
1993,626.4,14.7,34.6,0.75,0,6.1023,1.8976198599275322,0,0,0,1,0,0,0,0,0,0,1,1,0,0,1.144
1993,691.9,19.2,59.1,0.81,0,8.2773,2.096790180014449,1,0,0,0,0,0,0,0,0,0,0,1,0,0,1.602
1993,1112.7,21.8,59.1,2.84,0,6.8166,2.269028309465203,1,0,0,1,0,0,0,0,0,0,1,0,0,1,1.602
1993,1114.2,19.1,59.1,2.5,0,4.5956,2.6290069937617573,1,1,0,0,0,0,0,0,0,0,0,0,0,1,1.602
1993,927.8,21.6,59.1,1.61,0,4.3328,2.6837575085331657,1,0,0,0,0,1,0,0,0,0,1,0,1,0,1.602
1993,603.6,19.8,59.1,0.7,0,34.9704,0.9895411936137477,0,0,0,0,0,0,0,0,0,0,1,1,0,0,1.602
1993,685.7,20.2,59.1,2.14,0,5.5337,2.457877977400081,0,0,0,1,0,0,0,0,0,0,1,1,0,0,1.602
1993,814.7,18.6,59.1,1.75,0,27.4884,1.1474024528375417,0,1,0,0,0,0,0,0,0,0,0,0,1,0,1.602
1993,763.5,17.8,59.1,1.38,0,12.7646,1.728109442151599,0,0,0,0,0,1,0,0,0,0,0,0,1,0,1.602
1993,236.0,29.1,38.5,0.2,0,19.4444,1.091923300517313,1,0,0,0,0,0,0,0,0,0,0,0,0,0,0.243
1993,354.0,29.9,38.5,0.2,0,3.1739,2.574899688314705,1,0,0,1,0,0,0,0,0,0,1,0,0,0,0.243
1993,144.2,29.4,38.5,0.2,0,5.0859,2.1482677326096886,0,0,0,0,0,0,0,0,0,0,1,0,0,0,0.243
1993,237.6,30.2,38.5,0.28,1,4.6218,2.2332350148592526,0,0,0,1,0,0,0,0,0,0,1,0,0,0,0.243
1993,284.9,30.9,34.5,0.2,1,7.0842,1.7698546338400052,1,0,0,0,0,0,0,0,0,0,0,0,0,0,0.212
1993,161.7,31.0,34.5,0.2,1,2.3295,2.7606426512213806,1,0,0,1,0,0,0,0,0,0,1,0,0,0,0.212
1993,190.3,30.4,34.5,0.2,1,2.7316,2.612273245708441,0,0,0,0,0,0,0,0,0,0,0,0,0,0,0.212
1993,291.3,29.6,34.5,0.41,0,6.7383,1.8115620965242347,0,0,0,1,0,0,0,0,0,0,0,0,0,0,0.212
1994,1016.4,17.8,104.0,9.61,0,42.1053,1.244154593958768,1,0,0,0,0,0,0,0,1,0,0,0,0,1,3.582
1994,752.9,18.5,104.0,2.08,0,9.8765,2.4449523342809676,1,0,0,0,0,0,0,0,0,1,0,0,1,0,3.582
1994,816.1,16.3,104.0,3.04,0,29.4618,1.5107219394949425,1,0,0,1,0,0,0,0,0,1,0,0,1,0,3.582
1994,507.8,18.0,104.0,2.92,0,57.4586,1.0331844833456545,0,0,0,0,0,0,0,0,1,0,1,1,0,0,3.582
1994,395.3,15.1,104.0,0.28,0,13.5065,2.163323025660538,0,0,0,0,0,0,0,0,0,0,0,0,0,0,3.582
1994,404.1,18.5,104.0,0.61,0,38.2353,1.3137236682850553,0,0,0,1,0,0,0,0,0,1,0,1,0,0,3.582
1994,744.0,17.0,75.6,3.25,0,23.1902,1.449269160281279,1,0,0,0,0,0,0,0,1,0,1,0,1,0,4.069
1994,877.8,16.3,75.6,1.55,0,33.4513,1.1817271953786161,1,0,0,0,0,0,0,0,0,0,1,0,1,0,4.069
1994,657.9,16.7,75.6,2.87,0,12.621,1.944480556245719,1,0,0,1,0,0,0,0,0,0,0,1,0,0,4.069
1994,769.4,17.8,75.6,3.72,0,5.7842,2.644044871126298,0,0,0,0,0,0,0,0,1,0,1,0,1,0,4.069
1994,492.8,17.6,75.6,0.36,0,25.8904,1.366091653802371,0,0,0,0,0,0,0,0,0,0,1,1,0,0,4.069
1994,818.0,17.6,75.6,2.74,0,10.4564,2.1077860146889784,0,0,0,1,0,0,0,0,0,0,0,0,1,0,4.069
1994,801.1,18.3,84.8,6.97,0,8.9451,2.349468678892896,1,0,0,0,0,0,0,0,1,0,0,0,1,0,3.973
1994,890.6,18.1,84.8,1.56,0,30.6137,1.3270750014599193,1,0,0,0,0,0,0,0,0,1,0,0,1,0,3.973
1994,876.6,18.6,84.8,2.53,0,17.3415,1.7732559976634952,1,0,0,1,0,0,0,0,0,0,0,0,1,0,3.973
1994,1029.9,21.2,84.8,6.93,0,20.1425,1.6505798557652755,1,0,0,0,1,0,0,0,0,0,1,0,0,1,3.973
1994,701.9,18.1,84.8,7.04,0,6.7894,2.6019486702196644,0,0,0,0,0,0,0,0,1,0,0,0,1,0,3.973
1994,589.0,17.5,84.8,1.15,0,6.4832,2.644755350729896,0,0,0,0,0,0,0,0,0,0,1,1,0,0,3.973
1994,608.6,18.5,84.8,3.46,0,32.9961,1.2725655957915476,0,0,0,1,0,0,0,0,0,0,0,1,0,0,3.973
1994,504.4,19.5,84.8,3.13,0,15.1971,1.884034745337226,0,0,0,0,1,0,0,0,0,1,0,1,0,0,3.973
1994,878.2,18.8,115.5,1.98,0,15.3183,2.1447610078004784,1,0,0,0,0,0,0,0,0,0,0,0,1,0,2.798
1994,852.4,19.2,115.5,5.79,0,19.4118,1.9387416595767009,1,0,0,1,0,0,0,0,0,0,0,0,1,0,2.798
1994,546.4,17.0,115.5,4.22,0,11.2903,2.418588768750352,1,0,0,0,0,0,0,1,0,0,0,1,0,0,2.798
1994,451.6,16.4,115.5,0.51,0,10.5096,2.4840729690394228,0,0,0,0,0,0,0,0,0,1,0,1,0,0,2.798
1994,795.0,17.7,115.5,3.6,0,13.7337,2.2417729535972883,0,0,0,1,0,0,0,0,0,0,0,0,1,0,2.798
1994,498.2,17.3,115.5,0.87,0,8.0826,2.727199019940971,0,0,0,0,0,0,0,1,0,0,0,1,0,0,2.798
1994,1062.9,20.2,49.9,1.38,0,12.3821,1.6154199841116479,1,0,0,0,0,0,0,0,0,0,0,0,0,1,2.502
1994,1104.7,17.9,49.9,1.8,0,12.2005,1.6272778305624314,1,0,0,1,0,0,0,0,0,0,0,0,0,1,2.502
1994,919.2,19.6,49.9,1.15,0,7.6067,2.0228711901914416,0,0,0,0,0,0,0,0,0,1,0,0,1,0,2.502
1994,584.9,18.1,49.9,1.34,0,81.8033,0.4762341789963716,0,0,0,1,0,0,0,0,0,0,1,1,0,0,2.502
1994,1148.5,20.0,96.1,1.93,0,11.5228,2.234306252240751,1,0,0,0,0,0,0,0,0,1,0,0,0,1,2.346
1994,1302.1,19.0,96.1,1.88,0,66.7361,0.8919980393051105,1,0,0,1,0,0,0,0,0,0,1,0,0,1,2.346
1994,693.0,16.1,96.1,0.34,0,16.9489,1.8976198599275322,0,0,0,0,0,0,0,0,0,0,1,1,0,0,2.346
1994,746.5,17.6,96.1,2.2,0,9.4867,2.4096441652874536,0,0,0,1,0,0,0,0,0,1,0,0,1,0,2.346
1994,1395.8,19.7,105.3,2.37,0,117.0,0.6418538861723948,1,0,0,0,0,0,0,0,0,0,0,0,0,1,2.552
1994,903.4,19.7,105.3,4.13,0,23.0921,1.715598108262491,1,0,0,1,0,0,0,0,0,0,1,0,1,0,2.552
1994,642.4,18.7,105.3,0.43,0,9.2531,2.5160822672564502,0,0,0,0,0,0,0,0,0,0,0,1,0,0,2.552
1994,386.4,17.8,105.3,0.2,0,10.1056,2.435366204227864,0,0,0,1,0,0,0,0,0,1,0,0,0,0,2.552
1994,1359.7,17.7,104.5,2.52,0,13.1778,2.189416394888408,1,0,0,0,0,0,0,0,0,0,0,0,0,1,2.398
1994,1528.0,17.6,104.5,1.95,0,30.826,1.4793292270870801,1,0,0,1,0,0,0,0,0,0,0,0,0,1,2.398
1994,514.5,18.3,104.5,0.35,0,7.0465,2.761906873892921,0,0,0,0,0,0,0,0,0,0,0,1,0,0,2.398
1994,657.8,18.0,104.5,0.63,0,15.3226,2.05668455455722,0,0,0,1,0,0,0,0,0,0,0,1,0,0,2.398
1994,1584.3,19.9,73.3,2.86,0,5.5196,2.658859956911438,1,0,0,0,0,0,0,0,0,1,0,0,0,1,1.579
1994,1212.1,21.2,73.3,6.98,0,31.4592,1.2029723039923526,1,0,0,1,0,0,0,0,0,0,0,0,0,1,1.579
1994,344.7,19.3,73.3,0.2,0,6.6758,2.4832385926873033,0,0,0,0,0,0,0,0,0,0,0,0,0,0,1.579
1994,669.0,19.7,73.3,1.55,0,51.6197,0.883767540168595,0,0,0,1,0,0,0,0,0,0,1,1,0,0,1.579
1994,1082.8,17.8,140.1,2.52,0,14.8726,2.343727036325221,1,0,0,0,0,0,0,0,0,0,0,0,0,1,3.983
1994,952.8,17.0,140.1,4.67,0,32.2069,1.6770965609079151,1,0,0,1,0,0,0,0,0,0,0,0,1,0,3.983
1994,1072.7,18.0,140.1,5.42,0,16.8795,2.2300144001592104,1,0,0,0,0,0,0,1,0,0,0,0,0,1,3.983
1994,1182.5,18.5,140.1,10.65,0,14.1658,2.387844936944869,1,0,0,0,1,0,0,0,0,1,0,0,0,1,3.983
1994,834.7,17.2,140.1,1.37,0,15.4125,2.3115448343655176,0,0,0,0,0,0,0,0,0,0,0,0,1,0,3.983
1994,1126.9,16.7,140.1,5.79,0,42.0721,1.4655675420143985,0,0,0,1,0,0,0,0,0,0,0,0,0,1,3.983
1994,678.8,15.6,140.1,1.07,0,15.1459,2.327277705584417,0,0,0,0,0,0,0,1,0,0,1,1,0,0,3.983
1994,541.2,15.1,140.1,3.0,0,9.6554,2.7414849771884473,0,0,0,0,1,0,0,0,0,0,0,1,0,0,3.983
1994,1089.8,18.3,86.6,2.1,0,11.7344,2.1258479144939915,1,0,0,0,0,0,0,0,0,0,0,0,0,1,2.733
1994,1391.0,17.2,86.6,3.36,0,6.7868,2.6217658325051976,1,0,0,1,0,0,0,0,0,1,0,0,0,1,2.733
1994,1247.8,19.3,86.6,3.68,0,6.7868,2.6217658325051976,1,0,0,0,0,0,0,1,0,0,0,0,0,1,2.733
1994,677.4,18.3,86.6,0.9,0,58.9116,0.9042181506398859,0,0,0,0,0,0,0,0,0,0,0,1,0,0,2.733
1994,707.9,18.8,86.6,2.51,0,10.1405,2.255493485460195,0,0,0,1,0,0,0,0,0,1,0,0,1,0,2.733
1994,536.0,17.5,86.6,0.75,0,26.8111,1.4422019930581866,0,0,0,0,0,0,0,1,0,0,1,1,0,0,2.733
1994,478.0,16.2,59.4,0.38,0,22.9344,1.2781522025001875,1,0,0,0,0,0,0,0,0,0,1,1,0,0,1.242
1994,449.5,15.3,59.4,0.56,0,6.6073,2.301584592660462,1,0,0,1,0,0,0,0,0,0,1,1,0,0,1.242
1994,989.6,14.9,59.4,1.9,0,21.6,1.3217558399823195,1,0,0,0,0,0,0,1,0,0,1,0,1,0,1.242
1994,983.8,14.9,59.4,2.21,0,9.7377,1.9600947840472698,1,0,1,0,0,0,0,0,0,0,1,0,1,0,1.242
1994,172.3,16.6,59.4,0.2,0,10.1193,1.927164106234258,0,0,0,0,0,0,0,0,0,0,1,0,0,0,1.242
1994,656.0,16.3,59.4,1.58,0,5.2941,2.503073953743449,0,0,0,1,0,0,0,0,0,1,0,1,0,0,1.242
1994,394.7,15.1,59.4,0.2,0,18.1651,1.451613827240533,0,0,0,0,0,0,0,1,0,0,0,0,0,0,1.242
1994,458.5,17.8,59.4,1.09,0,9.7858,1.9558604799084813,0,0,1,0,0,0,0,0,0,0,1,1,0,0,1.242
1994,709.3,17.7,69.3,1.15,0,5.0036,2.6979998652487085,1,0,0,0,0,0,0,0,0,0,1,0,1,0,1.371
1994,1227.8,16.0,69.3,3.88,0,8.5661,2.2071749081893874,1,0,0,1,0,0,0,0,0,1,0,0,0,1,1.371
1994,934.0,18.2,69.3,2.18,0,5.286,2.6468837658647226,1,0,0,0,0,0,0,1,0,0,1,0,1,0,1.371
1994,948.9,17.1,69.3,2.2,0,8.9189,2.1713368063840917,1,0,1,0,0,0,0,0,0,0,1,0,1,0,1.371
1994,427.9,18.5,69.3,0.81,0,9.2032,2.143589361503588,0,0,0,0,0,0,0,0,0,0,1,1,0,0,1.371
1994,555.4,18.6,69.3,1.32,0,8.0958,2.25758772706331,0,0,0,1,0,0,0,0,0,0,1,1,0,0,1.371
1994,400.3,20.1,69.3,0.92,0,6.8276,2.411439497906128,0,0,0,0,0,0,0,1,0,0,0,1,0,0,1.371
1994,593.5,18.9,69.3,1.25,0,39.8276,1.007957920399979,0,0,1,0,0,0,0,0,0,0,1,1,0,0,1.371
1994,694.4,17.5,83.7,1.45,0,19.1096,1.682688374173693,1,0,0,0,0,0,0,0,0,1,0,1,0,0,0.987
1994,881.0,17.3,83.7,2.17,0,8.0172,2.437115985951652,1,0,0,1,0,0,0,0,0,1,0,0,1,0,0.987
1994,871.4,16.9,83.7,1.44,0,20.2174,1.6370530794670737,1,0,1,0,0,0,0,0,0,0,1,0,1,0,0.987
1994,354.8,17.1,83.7,0.2,0,9.5114,2.2823823856765264,0,0,0,0,0,0,0,0,0,0,1,0,0,0,0.987
1994,365.3,18.1,83.7,0.49,0,15.7627,1.8421356765531218,0,0,0,1,0,0,0,0,0,1,0,0,0,0,0.987
1994,379.5,18.1,83.7,0.39,0,15.1906,1.873339456220478,0,0,1,0,0,0,0,0,0,0,0,0,0,0,0.987
1994,839.7,19.2,71.0,2.0,0,8.3041,2.256541154492639,1,0,0,0,0,0,0,0,0,0,1,0,1,0,1.215
1994,842.0,18.7,71.0,2.11,0,6.7235,2.4475508632442313,1,0,0,1,0,0,0,0,0,0,1,0,1,0,1.215
1994,880.0,15.6,71.0,2.39,0,5.9365,2.561867690924129,1,0,1,0,0,0,0,0,0,0,0,0,1,0,1.215
1994,606.4,18.4,71.0,1.65,0,7.0297,2.4069451083182885,1,0,0,0,0,1,0,0,0,0,1,1,0,0,1.215
1994,689.3,17.5,71.0,0.67,0,8.0866,2.280339484046726,0,0,0,0,0,0,0,0,0,0,1,1,0,0,1.215
1994,733.4,17.6,71.0,0.88,0,5.0787,2.7067159780890733,0,0,0,1,0,0,0,0,0,1,0,0,1,0,1.215
1994,833.9,18.8,71.0,2.58,0,36.7876,1.0750024230289759,0,0,1,0,0,0,0,0,0,1,0,0,1,0,1.215
1994,349.0,18.4,71.0,0.29,0,39.4444,1.0296194171811581,0,0,0,0,0,1,0,0,0,0,1,0,0,0,1.215
1994,617.4,20.7,37.5,0.77,0,3.0,2.6026896854443837,1,0,0,0,0,0,0,0,0,0,0,1,0,0,1.367
1994,939.5,17.9,37.5,2.5,0,6.9573,1.8547342683894434,1,0,0,1,0,0,0,0,0,0,0,0,1,0,1.367
1994,862.9,18.4,37.5,1.35,0,2.6446,2.719978771967484,1,0,1,0,0,0,0,0,0,0,1,0,1,0,1.367
1994,458.5,18.4,37.5,0.29,0,5.0539,2.130609828254235,0,0,0,0,0,0,0,0,0,1,0,1,0,0,1.367
1994,333.8,17.4,37.5,0.41,0,72.1154,0.41871033485818504,0,0,0,1,0,0,0,0,0,0,0,0,0,0,1.367
1994,608.6,19.4,37.5,0.79,0,2.5017,2.771963526845863,0,0,1,0,0,0,0,0,0,0,1,1,0,0,1.367
1994,669.3,16.7,45.4,0.75,0,3.7833,2.5649493574615367,1,0,0,0,0,0,0,0,0,0,1,1,0,0,1.854
1994,668.0,16.2,45.4,1.17,0,4.6708,2.372111155642656,1,0,0,1,0,0,0,0,0,1,0,1,0,0,1.854
1994,676.1,15.6,45.4,1.07,0,4.0608,2.4997952622817508,1,0,1,0,0,0,0,0,0,0,1,1,0,0,1.854
1994,710.8,16.9,45.4,3.49,0,5.8205,2.174751721484161,1,0,0,0,1,0,0,0,0,0,1,0,1,0,1.854
1994,637.7,16.0,45.4,0.72,0,3.2176,2.715356776284648,0,0,0,0,0,0,0,0,0,1,0,1,0,0,1.854
1994,518.6,18.6,45.4,1.35,0,7.2293,1.9851308622085946,0,0,0,1,0,0,0,0,0,0,1,1,0,0,1.854
1994,411.3,14.7,45.4,0.44,0,3.144,2.73696154459663,0,0,1,0,0,0,0,0,0,0,1,1,0,0,1.854
1994,419.8,16.3,45.4,3.51,0,12.337,1.5432981099295553,0,0,0,0,1,0,0,0,0,0,0,1,0,0,1.854
1994,434.2,20.9,23.6,0.47,0,4.4195,1.8468787684491346,1,0,0,0,0,0,0,0,0,0,1,1,0,0,1.181
1994,772.5,19.2,23.6,1.8,0,34.2029,0.5247285289349821,1,0,0,1,0,0,0,0,0,0,0,0,1,0,1.181
1994,608.6,19.6,23.6,0.51,0,1.821,2.6361960973342264,0,0,0,0,0,0,0,0,0,1,0,1,0,0,1.181
1994,380.1,22.3,23.6,0.73,0,1.612,2.7498317351171653,0,0,0,1,0,0,0,0,0,0,1,0,0,0,1.181
1994,970.6,14.3,123.5,1.63,0,8.8151,2.7087166456453704,1,0,0,0,0,0,0,0,0,0,0,0,1,0,3.861
1994,705.8,15.1,123.5,1.22,0,43.9502,1.3376291891386096,1,0,0,1,0,0,0,0,0,0,1,0,1,0,3.861
1994,796.5,14.0,123.5,15.48,0,13.4385,2.321406847234633,1,0,0,0,1,0,0,0,0,0,0,0,1,0,3.861
1994,304.1,16.1,123.5,0.2,0,80.1948,0.9321640810304452,0,0,0,0,0,0,0,0,0,0,1,0,0,0,3.861
1994,568.0,14.6,123.5,1.9,0,19.9194,1.9740810260220096,0,0,0,1,0,0,0,0,0,0,0,1,0,0,3.861
1994,342.3,15.6,123.5,2.45,0,13.0137,2.3504224224082058,0,0,0,0,1,0,0,0,0,0,0,0,0,0,3.861
1994,564.9,17.5,34.1,0.38,0,2.927,2.5376572151735295,1,0,0,0,0,0,0,0,0,0,0,1,0,0,0.496
1994,736.4,18.2,34.1,1.39,0,6.6085,1.8180767775454285,1,0,0,1,0,0,0,0,0,0,0,0,1,0,0.496
1994,395.4,17.9,34.1,0.2,0,4.7493,2.1016921506146558,0,0,0,0,0,0,0,0,0,0,1,0,0,0,0.496
1994,379.7,16.2,34.1,0.21,0,2.7951,2.580216829592325,0,0,0,1,0,0,0,0,0,1,0,0,0,0,0.496
1994,383.8,23.0,53.7,0.75,0,13.9481,1.5789787049493917,1,0,0,0,0,0,1,0,0,0,0,0,0,0,0.89
1994,623.0,19.0,53.7,0.66,0,15.7478,1.4838746894587547,1,0,0,0,0,0,0,0,0,1,0,1,0,0,0.89
1994,471.9,20.9,53.7,1.93,0,8.95,1.9459101490553132,1,0,0,1,0,0,0,0,0,0,0,1,0,0,0.89
1994,481.1,22.9,53.7,0.78,0,15.1268,1.5151272329628591,0,0,0,0,0,0,1,0,0,0,0,1,0,0,0.89
1994,657.3,23.4,53.7,1.11,0,8.47,1.9933388426264242,0,0,0,0,0,0,0,0,0,0,0,1,0,0,0.89
1994,515.6,20.4,53.7,2.49,0,8.0269,2.0399207835175526,0,0,0,1,0,0,0,0,0,0,0,1,0,0,0.89
1994,488.1,24.1,5.2,0.49,0,0.4238,2.5855058483441162,1,0,0,0,0,0,1,0,0,0,1,1,0,0,0.48
1994,575.9,25.1,5.2,0.22,0,0.597,2.2731562823032334,1,0,0,0,0,0,0,0,0,0,0,1,0,0,0.48
1994,575.4,24.6,5.2,0.8,0,0.4557,2.5185025992165158,1,0,0,1,0,0,0,0,0,0,0,1,0,0,0.48
1994,50.0,22.5,5.2,0.2,0,0.42,2.5937610547000824,0,0,0,0,0,0,1,0,0,0,0,0,0,0,0.48
1994,56.4,25.5,5.2,0.2,0,0.6341,2.2192034840549946,0,0,0,0,0,0,0,0,0,1,0,0,0,0,0.48
1994,411.1,23.9,5.2,0.71,0,1.0788,1.7613002617433464,0,0,0,1,0,0,0,0,0,0,1,1,0,0,0.48
1994,350.9,24.4,12.9,0.35,0,9.3478,0.8671004876833833,1,0,0,0,0,0,1,0,0,0,1,0,0,0,0.455
1994,231.7,26.5,12.9,0.2,0,1.1045,2.5400259490090797,1,0,0,0,0,0,0,0,0,1,0,0,0,0,0.455
1994,657.7,24.7,12.9,0.68,0,1.0142,2.6188546222977394,1,0,0,1,0,0,0,0,0,1,0,1,0,0,0.455
1994,107.9,23.1,12.9,0.2,0,0.9065,2.7232671669070703,0,0,0,0,0,0,1,0,0,0,0,0,0,0,0.455
1994,246.7,23.6,12.9,0.2,0,0.9241,2.7053799725463312,0,0,0,0,0,0,0,0,0,0,0,0,0,0,0.455
1994,481.9,24.3,12.9,0.7,0,12.1698,0.7227059828014898,0,0,0,1,0,0,0,0,0,0,1,1,0,0,0.455
1994,777.9,27.8,29.4,0.2,0,3.568,2.2235418856535927,1,0,0,0,0,0,0,0,0,0,1,0,1,0,0.266
1994,730.1,27.6,29.4,0.41,0,6.4474,1.715598108262491,1,0,0,1,0,0,0,0,0,1,0,0,1,0,0.266
1994,292.6,28.1,29.4,0.2,0,5.1852,1.8976198599275322,0,0,0,0,0,0,0,0,0,0,0,0,0,0,0.266
1994,620.5,30.5,29.4,0.22,1,2.0402,2.7350166493320245,0,0,0,1,0,0,0,0,0,1,0,1,0,0,0.266
1994,567.8,27.1,38.0,0.21,0,6.2706,1.9544450515051506,1,0,0,0,0,0,0,0,0,1,0,1,0,0,0.661
1994,509.3,27.9,38.0,0.24,0,5.4598,2.0744289998562917,1,0,0,1,0,0,0,0,0,0,1,1,0,0,0.661
1994,579.4,28.0,38.0,1.94,0,4.5783,2.2300144001592104,1,1,0,0,0,0,0,0,0,0,1,1,0,0,0.661
1994,544.8,29.0,38.0,0.2,0,2.7104,2.7093826463359885,0,0,0,0,0,0,0,0,0,0,0,1,0,0,0.661
1994,682.4,26.2,38.0,1.43,0,10.9195,1.4996230464268938,0,0,0,1,0,0,0,0,0,0,0,1,0,0,0.661
1994,427.3,28.0,38.0,1.08,0,4.9934,2.152924318439639,0,1,0,0,0,0,0,0,0,0,1,1,0,0,0.661
1994,762.1,28.1,27.1,0.2,0,1.9111,2.719978771967484,1,0,0,0,0,0,0,0,0,1,0,0,1,0,0.678
1994,1175.1,27.9,27.1,0.8,0,11.2917,1.2237754316221157,1,0,0,1,0,0,0,0,0,1,0,0,0,1,0.678
1994,826.6,26.1,27.1,2.14,0,4.6805,1.9154509415706047,1,1,0,0,0,0,0,0,0,0,0,0,1,0,0.678
1994,884.0,26.3,27.1,0.34,0,3.4744,2.174751721484161,0,0,0,0,0,0,0,0,0,0,0,0,1,0,0.678
1994,295.7,28.6,27.1,0.2,0,5.0466,1.851599469584072,0,0,0,1,0,0,0,0,0,0,1,0,0,0,0.678
1994,457.3,29.4,27.1,0.41,0,2.7374,2.388762789235098,0,1,0,0,0,0,0,0,0,0,1,1,0,0,0.678
1994,454.4,29.7,34.5,0.23,0,6.0847,1.8976198599275322,1,0,0,0,0,0,0,0,0,0,0,1,0,0,0.341
1994,465.3,27.3,34.5,0.96,0,37.9121,0.6471032420585384,1,0,0,1,0,0,0,0,0,0,0,1,0,0,0.341
1994,484.3,28.7,34.5,0.8,0,3.1536,2.479894107964456,1,0,0,0,0,1,0,0,0,0,1,1,0,0,0.341
1994,366.5,29.2,34.5,0.2,0,2.8372,2.5771819258971713,0,0,0,0,0,0,0,0,0,1,0,0,0,0,0.341
1994,299.7,28.6,34.5,0.32,0,2.5256,2.6851226964585053,0,0,0,1,0,0,0,0,0,0,1,0,0,0,0.341
1994,158.8,28.8,34.5,0.2,0,22.6974,0.9242589015233319,0,0,0,0,0,1,0,0,0,0,1,0,0,0,0.341
1994,559.2,28.0,15.6,0.2,0,1.5249,2.418588768750352,1,0,0,0,0,0,0,0,0,0,1,1,0,0,0.339
1994,753.6,26.6,15.6,0.7,0,1.1936,2.644044871126298,1,0,0,1,0,0,0,0,0,0,1,0,1,0,0.339
1994,686.0,28.5,15.6,0.2,0,1.1111,2.7107133185216936,0,0,0,0,0,0,0,0,0,0,1,1,0,0,0.339
1994,658.9,29.1,15.6,0.53,0,2.2543,2.0693912058263346,0,0,0,1,0,0,0,0,0,0,0,1,0,0,0.339
1994,570.6,23.7,30.8,0.2,0,3.8404,2.199444334074532,1,0,0,0,0,0,0,0,0,1,0,1,0,0,0.628
1994,558.7,25.0,30.8,1.0,0,3.2017,2.362739015813793,1,0,0,1,0,0,0,0,0,0,1,1,0,0,0.628
1994,566.0,24.3,30.8,0.2,0,2.3747,2.6369121732688705,0,0,0,0,0,0,0,0,0,0,0,1,0,0,0.628
1994,357.5,23.0,30.8,0.38,0,5.1419,1.944480556245719,0,0,0,1,0,0,0,0,0,1,0,0,0,0,0.628
1994,256.6,32.4,21.1,0.34,1,5.9437,1.5151272329628591,1,0,0,0,0,0,1,0,0,1,0,0,0,0,0.251
1994,117.2,32.1,21.1,0.2,1,1.7866,2.550226115908643,1,0,0,0,0,0,0,0,0,0,1,0,0,0,0.251
1994,293.5,32.3,21.1,0.3,1,2.7121,2.1724764076470255,1,0,0,1,0,0,0,0,0,0,1,0,0,0,0.251
1994,244.7,34.6,21.1,0.24,1,2.6982,2.1770218700187,0,0,0,0,0,0,1,0,0,0,1,0,0,0,0.251
1994,119.2,30.8,21.1,0.2,1,1.505,2.7093826463359885,0,0,0,0,0,0,0,0,0,1,0,0,0,0,0.251
1994,143.5,32.7,21.1,0.2,1,2.6309,2.199444334074532,0,0,0,1,0,0,0,0,0,0,0,0,0,0,0.251
1994,95.1,31.4,17.6,0.2,1,2.4719,2.0943301541735866,1,0,0,0,0,0,1,0,0,1,0,0,0,0,0.239
1994,159.1,31.7,17.6,0.2,1,2.023,2.272125885509337,1,0,0,0,0,0,0,0,0,0,1,0,0,0,0.239
1994,228.6,33.2,17.6,0.2,1,1.2377,2.7226103524335397,1,0,0,1,0,0,0,0,0,1,0,0,0,0,0.239
1994,111.1,33.8,17.6,0.2,1,1.358,2.6361960973342264,0,0,0,0,0,0,1,0,0,1,0,0,0,0,0.239
1994,125.4,33.0,17.6,0.2,1,15.0427,0.7747271675523681,0,0,0,0,0,0,0,0,0,0,1,0,0,0,0.239
1994,172.8,35.9,17.6,0.2,1,1.7426,2.4069451083182885,0,0,0,1,0,0,0,0,0,1,0,0,0,0,0.239
1994,172.9,31.9,37.8,0.4,1,3.7095,2.4150205223238337,1,0,0,0,0,0,1,0,0,0,0,0,0,0,0.215
1994,181.6,34.3,37.8,0.2,1,2.9371,2.6297282343267403,1,0,0,0,0,0,0,0,0,1,0,0,0,0,0.215
1994,216.2,33.7,37.8,0.26,1,30.7317,0.8020015854720274,1,0,0,1,0,0,0,0,0,0,1,0,0,0,0.215
1994,50.0,33.6,37.8,0.2,1,3.7023,2.4168062370840686,0,0,0,0,0,0,1,0,0,0,0,0,0,0,0.215
1994,50.0,32.4,37.8,0.2,1,3.8571,2.379546134130174,0,0,0,0,0,0,0,0,0,1,0,0,0,0,0.215
1994,120.1,33.6,37.8,0.2,1,7.7618,1.7698546338400052,0,0,0,1,0,0,0,0,0,1,0,0,0,0,0.215
1994,276.8,37.4,21.7,0.2,1,8.5433,1.264126727145683,1,0,0,0,0,0,1,0,0,0,0,0,0,0,0.216
1994,225.4,38.8,21.7,0.2,1,1.5228,2.7245795030534206,1,0,0,0,0,0,0,0,0,0,1,0,0,0,0.216
1994,223.2,36.0,21.7,0.2,1,10.6373,1.1118575154181303,1,0,0,1,0,0,0,0,0,0,0,0,0,0,0.216
1994,122.1,32.4,21.7,0.2,1,9.1561,1.2149127443642704,0,0,0,0,0,0,1,0,0,0,1,0,0,0,0.216
1994,50.0,34.5,21.7,0.2,1,19.9083,0.7371640659767197,0,0,0,0,0,0,0,0,0,1,0,0,0,0,0.216
1994,78.7,32.8,21.7,0.2,1,14.863,0.9001613499442714,0,0,0,1,0,0,0,0,0,0,1,0,0,0,0.216
1994,853.8,20.2,49.1,2.18,0,32.953,0.9122827104766162,1,0,0,0,0,0,0,0,0,0,1,0,1,0,1.081
1994,489.5,21.3,49.1,0.84,0,15.1543,1.4445632692438664,1,0,0,1,0,0,0,0,0,0,1,1,0,0,1.081
1994,423.6,19.5,49.1,0.75,0,40.2459,0.7975071958841881,0,0,0,0,0,0,0,0,0,0,0,1,0,0,1.081
1994,492.9,20.6,49.1,2.02,0,3.4602,2.7206373166076814,0,0,0,1,0,0,0,0,0,0,1,1,0,0,1.081
1994,649.4,23.2,16.4,0.46,0,2.3099,2.0918640616783932,1,0,0,0,0,0,0,0,0,0,1,1,0,0,0.34
1994,356.2,25.9,16.4,0.65,0,2.1299,2.163323025660538,1,0,0,1,0,0,0,0,0,0,0,0,0,0,0.34
1994,128.0,26.3,16.4,0.2,0,1.1096,2.7587433154177283,0,0,0,0,0,0,0,0,0,1,0,0,0,0,0.34
1994,314.0,28.4,16.4,0.2,0,2.1984,2.135349173618132,0,0,0,1,0,0,0,0,0,1,0,0,0,0,0.34
1994,262.8,21.5,23.8,0.2,0,2.3152,2.423031246069913,1,0,0,0,0,0,0,0,0,1,0,0,0,0,0.617
1994,500.2,23.4,23.8,0.77,0,10.5778,1.1786549963416462,1,0,0,1,0,0,0,0,0,0,1,1,0,0,0.617
1994,277.4,24.9,23.8,0.2,0,3.5259,2.0476928433652555,0,0,0,0,0,0,0,0,0,0,0,0,0,0,0.617
1994,682.1,23.8,23.8,1.55,0,12.7273,1.0543120297715298,0,0,0,1,0,0,0,0,0,0,1,1,0,0,0.617
1994,381.1,19.4,45.8,1.48,0,16.014,1.3506671834767394,1,0,0,0,0,0,0,0,1,0,0,0,0,0,1.385
1994,774.8,19.9,45.8,1.44,0,7.9376,1.9125010869241836,1,0,0,0,0,0,0,0,0,0,1,0,1,0,1.385
1994,774.2,17.8,45.8,0.95,0,15.0164,1.3987168811184478,1,0,0,1,0,0,0,0,0,1,0,0,1,0,1.385
1994,735.7,17.1,45.8,2.41,0,6.0743,2.1447610078004784,0,0,0,0,0,0,0,0,1,1,0,0,1,0,1.385
1994,130.8,19.6,45.8,0.2,0,26.1714,1.0116009116784799,0,0,0,0,0,0,0,0,0,0,0,0,0,0,1.385
1994,535.1,18.0,45.8,1.61,0,6.274,2.1162555148025524,0,0,0,1,0,0,0,0,0,0,1,1,0,0,1.385
1994,807.7,23.4,48.2,0.39,0,10.3656,1.7316555451583497,1,0,0,0,0,0,0,0,0,0,1,0,1,0,1.472
1994,595.4,21.9,48.2,2.04,0,58.0723,0.6043159668533294,1,0,0,1,0,0,0,0,0,0,0,1,0,0,1.472
1994,598.8,21.2,48.2,0.57,0,4.9335,2.3767644911682972,0,0,0,0,0,0,0,0,0,0,0,1,0,0,1.472
1994,298.2,23.6,48.2,0.35,0,5.6177,2.259677591982769,0,0,0,1,0,0,0,0,0,0,1,0,0,0,1.472
1994,924.4,21.4,41.0,0.9,0,9.3607,1.682688374173693,1,0,0,0,0,0,0,0,0,0,1,0,1,0,1.511
1994,960.1,20.9,41.0,1.59,0,5.5034,2.134166441369082,1,0,0,1,0,0,0,0,0,0,1,0,1,0,1.511
1994,1047.8,22.3,41.0,2.71,0,6.9374,1.9329696377795786,1,1,0,0,0,0,0,0,0,0,1,0,0,1,1.511
1994,512.1,24.0,41.0,0.43,0,3.3172,2.5922651681085,0,0,0,0,0,0,0,0,0,0,1,1,0,0,1.511
1994,88.6,23.0,41.0,0.2,0,4.0275,2.414126467726953,0,0,0,1,0,0,0,0,0,0,1,0,0,0,1.511
1994,453.3,22.4,41.0,0.24,0,6.4567,1.9947003132247452,0,1,0,0,0,0,0,0,0,0,1,1,0,0,1.511
1994,1130.7,23.2,48.2,0.97,0,23.0622,1.128171090909654,1,0,0,0,0,0,0,0,0,1,0,0,0,1,1.053
1994,510.7,21.8,48.2,1.04,0,3.7105,2.63834278867739,1,0,0,1,0,0,0,0,0,0,1,1,0,0,1.053
1994,614.4,23.7,48.2,0.7,0,20.8658,1.1969481893889715,0,0,0,0,0,0,0,0,0,1,0,1,0,0,1.053
1994,555.9,21.8,48.2,1.82,0,7.3926,2.017566137961748,0,0,0,1,0,0,0,0,0,1,0,1,0,0,1.053
1994,1103.6,20.0,35.8,1.07,0,7.7155,1.7298840655099674,1,0,0,0,0,0,0,0,0,1,0,0,0,1,1.369
1994,899.4,20.9,35.8,1.24,0,4.1483,2.2648832258100344,1,0,0,1,0,0,0,0,0,0,1,0,1,0,1.369
1994,497.2,22.7,35.8,0.2,0,3.9822,2.301584592660462,0,0,0,0,0,0,0,0,0,0,1,1,0,0,1.369
1994,836.3,20.7,35.8,1.7,0,9.5213,1.5602476682433286,0,0,0,1,0,0,0,0,0,0,0,0,1,0,1.369
1994,476.4,22.2,37.4,0.43,0,5.8713,1.9974177062012453,1,0,0,0,0,0,0,0,0,0,1,1,0,0,0.583
1994,323.2,20.6,37.4,1.08,0,4.1235,2.309560706730471,1,0,0,1,0,0,0,0,0,0,0,0,0,0,0.583
1994,244.3,21.4,37.4,0.2,0,3.703,2.4069451083182885,0,0,0,0,0,0,0,0,0,0,1,0,0,0,0.583
1994,583.2,20.4,37.4,2.31,0,11.5432,1.4445632692438664,0,0,0,1,0,0,0,0,0,0,1,1,0,0,0.583
1994,865.6,19.0,73.4,3.03,0,34.2991,1.144222799920162,1,0,0,0,0,0,0,0,1,0,1,0,1,0,1.391
1994,1072.4,17.9,73.4,1.23,0,27.6981,1.2947271675944,1,0,0,0,0,0,0,0,0,0,1,0,0,1,1.391
1994,812.4,16.6,73.4,2.29,0,5.3227,2.6939512767227085,1,0,0,1,0,0,0,0,0,0,1,0,1,0,1.391
1994,703.3,18.2,73.4,1.85,0,11.2061,2.0215475632609334,0,0,0,0,0,0,0,0,1,0,1,0,1,0,1.391
1994,523.8,20.2,73.4,1.25,0,22.378,1.4539530095937052,0,0,0,0,0,0,0,0,0,0,0,1,0,0,1.391
1994,624.7,19.2,73.4,1.6,0,8.2379,2.2935443483418965,0,0,0,1,0,0,0,0,0,0,0,1,0,0,1.391
1994,919.6,15.8,55.7,0.95,0,10.3532,1.8531680973566984,1,0,0,0,0,0,0,0,0,0,1,0,1,0,1.144
1994,695.9,15.8,55.7,0.88,0,4.1016,2.6796507265805123,1,0,0,1,0,0,0,0,0,0,0,1,0,0,1.144
1994,427.0,14.8,55.7,0.27,0,3.8203,2.7459880404426023,0,0,0,0,0,0,0,0,0,0,1,1,0,0,1.144
1994,714.9,16.9,55.7,1.44,0,20.036,1.3297240096314962,0,0,0,1,0,0,0,0,0,0,1,0,1,0,1.144
1994,1110.9,20.4,89.3,1.62,0,6.5807,2.6789646202071133,1,0,0,0,0,0,0,0,0,0,1,0,0,1,1.602
1994,1284.6,18.1,89.3,4.79,0,8.7721,2.414126467726953,1,0,0,1,0,0,0,0,0,1,0,0,0,1,1.602
1994,930.6,19.7,89.3,2.11,0,67.6515,0.8415671856782186,1,1,0,0,0,0,0,0,0,0,1,0,1,0,1.602
1994,869.7,19.2,89.3,0.83,0,30.8997,1.358409157630355,1,0,0,0,0,1,0,0,0,0,1,0,1,0,1.602
1994,649.5,22.4,89.3,0.85,0,17.4074,1.81319474994812,0,0,0,0,0,0,0,0,0,0,0,1,0,0,1.602
1994,649.9,20.8,89.3,3.04,0,8.2002,2.4756977107026903,0,0,0,1,0,0,0,0,0,1,0,1,0,0,1.602
1994,563.5,22.5,89.3,2.86,0,84.2453,0.7227059828014898,0,1,0,0,0,0,0,0,0,0,1,1,0,0,1.602
1994,732.6,17.4,89.3,1.15,0,9.0937,2.3813962734183356,0,0,0,0,0,1,0,0,0,0,1,0,1,0,1.602
1994,319.3,31.5,32.5,0.2,1,2.4436,2.6602595372658615,1,0,0,0,0,0,0,0,0,0,1,0,0,0,0.243
1994,437.2,33.4,32.5,0.65,1,2.8584,2.5152741864043966,1,0,0,1,0,0,0,0,0,0,1,1,0,0,0.243
1994,237.5,29.0,32.5,0.2,0,2.8685,2.512035317176253,0,0,0,0,0,0,0,0,0,1,0,0,0,0,0.243
1994,89.3,28.8,32.5,0.2,0,20.9677,0.9360933591703349,0,0,0,1,0,0,0,0,0,1,0,0,0,0,0.243
1994,320.4,31.2,30.3,0.2,1,4.6544,2.0162354657760435,1,0,0,0,0,0,0,0,0,0,1,0,0,0,0.212
1994,372.2,32.0,30.3,0.39,1,25.0413,0.7929925155296614,1,0,0,1,0,0,0,0,0,0,1,0,0,0,0.212
1994,177.9,30.5,30.3,0.2,1,3.655,2.2289385528257473,0,0,0,0,0,0,0,0,0,1,0,0,0,0,0.212
1994,120.2,30.2,30.3,0.2,1,8.1016,1.556037135706985,0,0,0,1,0,0,0,0,0,1,0,0,0,0,0.212
1995,1142.6,17.2,109.0,9.93,0,9.6035,2.513656063073986,1,0,0,0,0,0,0,0,1,0,0,0,0,1,3.582
1995,806.5,17.2,109.0,2.55,0,42.7451,1.2669476034873244,1,0,0,0,0,0,0,0,0,0,0,0,1,0,3.582
1995,1036.1,16.2,109.0,3.06,0,30.8782,1.5107219394949425,1,0,0,1,0,0,0,0,0,1,0,0,0,1,3.582
1995,689.9,15.7,109.0,5.61,0,22.3819,1.7698546338400052,0,0,0,0,0,0,0,0,1,0,1,1,0,0,3.582
1995,1128.1,16.1,109.0,3.37,0,9.6889,2.505525936990736,0,0,0,0,0,0,0,0,0,0,0,0,0,1,3.582
1995,378.9,17.7,109.0,0.61,0,16.3418,2.0373166153791646,0,0,0,1,0,0,0,0,0,0,0,0,0,0,3.582
1995,952.2,17.3,130.6,6.84,0,38.9851,1.4701758451005926,1,0,0,0,0,0,0,0,1,1,0,0,1,0,4.069
1995,969.4,16.9,130.6,3.54,0,12.048,2.4714836294558595,1,0,0,0,0,0,0,0,0,0,0,0,1,0,4.069
1995,1486.2,15.6,130.6,3.59,0,11.9488,2.4790562361098245,1,0,0,1,0,0,0,0,0,0,0,0,0,1,4.069
1995,1170.7,16.6,130.6,16.16,0,25.1154,1.824549292051046,0,0,0,0,0,0,0,0,1,0,0,0,0,1,4.069
1995,612.7,16.7,130.6,2.08,0,137.4737,0.6678293725756554,0,0,0,0,0,0,0,0,0,0,0,1,0,0,4.069
1995,739.6,17.4,130.6,4.27,0,9.3957,2.7013612129514133,0,0,0,1,0,0,0,0,0,0,0,0,1,0,4.069
1995,607.2,18.9,100.7,3.32,0,10.1104,2.3942522815198695,1,0,0,0,0,0,0,0,1,0,0,1,0,0,3.973
1995,720.7,19.5,100.7,2.45,0,125.875,0.5877866649021191,1,0,0,0,0,0,0,0,0,0,0,0,1,0,3.973
1995,854.0,17.5,100.7,4.35,0,12.619,2.194999882314108,1,0,0,1,0,0,0,0,0,0,0,0,1,0,3.973
1995,1046.8,17.1,100.7,7.3,0,9.1131,2.489064659936664,1,0,0,0,1,0,0,0,0,0,0,0,0,1,3.973
1995,787.0,18.4,100.7,3.53,0,18.7523,1.851599469584072,0,0,0,0,0,0,0,0,1,1,0,0,1,0,3.973
1995,599.2,18.1,100.7,0.96,0,7.623,2.6539459421090092,0,0,0,0,0,0,0,0,0,0,0,1,0,0,3.973
1995,545.0,17.1,100.7,2.42,0,9.5632,2.4449523342809676,0,0,0,1,0,0,0,0,0,0,1,1,0,0,3.973
1995,517.2,16.5,100.7,11.2,0,13.9088,2.1090003439213802,0,0,0,0,1,0,0,0,0,0,0,1,0,0,3.973
1995,1270.2,17.6,120.4,4.55,0,172.0,0.5306282510621704,1,0,0,0,0,0,0,0,0,0,0,0,0,1,2.798
1995,1253.6,16.3,120.4,0.81,0,25.1357,1.7561322915849038,1,0,0,1,0,0,0,0,0,1,0,0,0,1,2.798
1995,1010.1,15.9,120.4,4.63,0,35.9403,1.4701758451005926,1,0,0,0,0,0,0,1,0,0,0,0,0,1,2.798
1995,566.7,16.3,120.4,2.14,0,194.1935,0.4824261492442927,0,0,0,0,0,0,0,0,0,0,0,1,0,0,2.798
1995,1044.6,16.2,120.4,4.79,0,104.6957,0.7654678421395714,0,0,0,1,0,0,0,0,0,0,1,0,0,1,2.798
1995,663.3,16.8,120.4,3.33,0,9.0052,2.6651427000909336,0,0,0,0,0,0,0,1,0,0,0,1,0,0,2.798
1995,896.5,16.1,77.4,1.22,0,9.9231,2.174751721484161,1,0,0,0,0,0,0,0,0,0,0,0,1,0,2.502
1995,1390.7,19.5,77.4,4.44,0,10.1708,2.152924318439639,1,0,0,1,0,0,0,0,0,0,1,0,0,1,2.502
1995,823.2,17.7,77.4,1.35,0,20.8625,1.5496879080283263,0,0,0,0,0,0,0,0,0,0,1,0,1,0,2.502
1995,571.6,18.4,77.4,1.96,0,10.1309,2.1564025828159643,0,0,0,1,0,0,0,0,0,0,0,1,0,0,2.502
1995,1499.5,18.3,104.5,2.77,0,25.8025,1.6193882432872684,1,0,0,0,0,0,0,0,0,0,0,0,0,1,2.346
1995,1051.1,19.5,104.5,6.17,0,16.1765,2.0095554142156695,1,0,0,1,0,0,0,0,0,0,0,0,0,1,2.346
1995,1052.4,18.4,104.5,1.8,0,8.97,2.5376572151735295,0,0,0,0,0,0,0,0,0,1,0,0,0,1,2.346
1995,370.6,20.3,104.5,1.2,0,46.0352,1.184789984909162,0,0,0,1,0,0,0,0,0,0,0,0,0,0,2.346
1995,1343.0,16.0,117.5,1.28,0,12.002,2.378619779270043,1,0,0,0,0,0,0,0,0,0,0,0,0,1,2.552
1995,1359.0,20.3,117.5,6.0,0,25.8811,1.7119945007591924,1,0,0,1,0,0,0,0,0,1,0,0,0,1,2.552
1995,771.3,18.8,117.5,1.49,0,14.3643,2.217027204632399,0,0,0,0,0,0,0,0,0,1,0,0,1,0,2.552
1995,1089.9,18.2,117.5,4.65,0,16.118,2.1150499691472033,0,0,0,1,0,0,0,0,0,0,0,0,0,1,2.552
1995,1427.2,19.2,99.9,1.86,0,10.2567,2.3739750890807185,1,0,0,0,0,0,0,0,0,1,0,0,0,1,2.398
1995,1064.1,18.2,99.9,3.42,0,8.7021,2.5241273629412815,1,0,0,1,0,0,0,0,0,1,0,0,0,1,2.398
1995,1198.3,17.4,99.9,1.03,0,27.0732,1.5454325824581878,0,0,0,0,0,0,0,0,0,0,1,0,0,1,2.398
1995,1319.0,17.7,99.9,3.62,0,14.1301,2.0881534822818573,0,0,0,1,0,0,0,0,0,1,0,0,0,1,2.398
1995,977.6,19.9,66.5,0.93,0,13.1164,1.803358605071407,1,0,0,0,0,0,0,0,0,0,1,0,1,0,1.579
1995,1141.2,18.8,66.5,1.4,0,33.0846,1.1019400787607843,1,0,0,1,0,0,0,0,0,1,0,0,0,1,1.579
1995,1103.9,20.5,66.5,0.64,0,4.7911,2.700018029404946,0,0,0,0,0,0,0,0,0,0,0,0,0,1,1.579
1995,1109.2,18.1,66.5,2.52,0,61.5741,0.7323678937132266,0,0,0,1,0,0,0,0,0,0,1,0,0,1,1.579
1995,1395.6,15.6,105.4,1.94,0,9.0085,2.5416019934645457,1,0,0,0,0,0,0,0,0,0,1,0,0,1,3.983
1995,1627.0,16.5,105.4,7.79,0,7.8306,2.671386216730619,1,0,0,1,0,0,0,0,0,0,0,0,0,1,3.983
1995,1142.0,16.6,105.4,7.04,0,16.4945,2.0001277349601105,1,0,0,0,0,0,0,1,0,0,0,0,0,1,3.983
1995,1036.1,17.8,105.4,13.78,0,8.6464,2.579458966729223,1,0,0,0,1,0,0,0,0,0,0,0,0,1,3.983
1995,460.9,16.6,105.4,0.24,0,54.3299,1.0784095813505903,0,0,0,0,0,0,0,0,0,1,0,1,0,0,3.983
1995,887.0,16.6,105.4,2.19,0,7.2142,2.7479117345273405,0,0,0,1,0,0,0,0,0,0,0,0,1,0,3.983
1995,719.7,16.9,105.4,2.54,0,9.9905,2.446685436967803,0,0,0,0,0,0,0,1,0,1,0,0,1,0,3.983
1995,653.5,18.6,105.4,10.44,0,27.0256,1.589235205116581,0,0,0,0,1,0,0,0,0,0,0,1,0,0,3.983
1995,1013.8,18.5,84.1,0.51,0,28.4122,1.3762440252663892,1,0,0,0,0,0,0,0,0,1,0,0,0,1,2.733
1995,1292.8,20.2,84.1,2.75,0,12.8988,2.017566137961748,1,0,0,1,0,0,0,0,0,0,0,0,0,1,2.733
1995,1575.7,18.9,84.1,6.26,0,20.4126,1.6331544390514163,1,0,0,0,0,0,0,1,0,1,0,0,0,1,2.733
1995,1324.5,17.3,84.1,0.59,0,32.8516,1.269760544863939,0,0,0,0,0,0,0,0,0,0,0,0,0,1,2.733
1995,813.9,17.4,84.1,1.64,0,8.3433,2.405141681319138,0,0,0,1,0,0,0,0,0,0,1,0,1,0,2.733
1995,1152.6,18.0,84.1,4.38,0,6.1702,2.683074215032033,0,0,0,0,0,0,0,1,0,0,0,0,0,1,2.733
1995,577.5,15.5,90.9,0.78,0,9.8164,2.3282528397426234,1,0,0,0,0,0,0,0,0,1,0,1,0,0,1.242
1995,827.4,14.4,90.9,0.65,0,7.7892,2.5392369943330477,1,0,0,1,0,0,0,0,0,0,1,0,1,0,1.242
1995,831.0,14.2,90.9,1.86,0,22.6683,1.6114359150967734,1,0,0,0,0,0,0,1,0,0,1,0,1,0,1.242
1995,852.4,14.6,90.9,1.81,0,9.4491,2.362739015813793,1,0,1,0,0,0,0,0,0,0,1,0,1,0,1.242
1995,396.7,15.7,90.9,0.26,0,9.7532,2.334083760053417,0,0,0,0,0,0,0,0,0,1,0,0,0,0,1.242
1995,526.1,16.5,90.9,1.64,0,64.0141,0.883767540168595,0,0,0,1,0,0,0,0,0,0,1,1,0,0,1.242
1995,523.2,13.9,90.9,2.1,0,8.4953,2.4595888418037104,0,0,0,0,0,0,0,1,0,0,0,1,0,0,1.242
1995,313.6,17.9,90.9,0.44,0,110.8537,0.598836501088704,0,0,1,0,0,0,0,0,0,1,0,0,0,0,1.242
1995,670.9,17.1,56.6,0.58,0,4.5462,2.598979106047848,1,0,0,0,0,0,0,0,0,0,1,1,0,0,1.371
1995,979.1,17.1,56.6,2.87,0,4.7723,2.554121718809473,1,0,0,1,0,0,0,0,0,0,1,0,1,0,1.371
1995,766.0,15.0,56.6,1.62,0,9.8094,1.9125010869241836,1,0,0,0,0,0,0,1,0,0,1,0,1,0,1.371
1995,822.6,16.5,56.6,1.34,0,4.6623,2.5756610130564646,1,0,1,0,0,0,0,0,0,1,0,0,1,0,1.371
1995,218.9,17.9,56.6,0.2,0,12.094,1.7369512327330598,0,0,0,0,0,0,0,0,0,0,1,0,0,0,1.371
1995,406.3,17.2,56.6,0.39,0,4.0227,2.712706012638404,0,0,0,1,0,0,0,0,0,0,0,1,0,0,1.371
1995,152.8,18.5,56.6,0.2,0,9.0851,1.9782390361706734,0,0,0,0,0,0,0,1,0,1,0,0,0,0,1.371
1995,458.5,16.3,56.6,0.51,0,12.0426,1.7404661748405046,0,0,1,0,0,0,0,0,0,0,1,1,0,0,1.371
1995,832.2,17.1,49.5,0.52,0,8.2915,1.9416152247724325,1,0,0,0,0,0,0,0,0,1,0,0,1,0,0.987
1995,603.7,18.6,49.5,1.31,0,36.6667,0.8544153281560676,1,0,0,1,0,0,0,0,0,0,0,1,0,0,0.987
1995,728.1,18.2,49.5,1.33,0,5.7625,2.2607208888953467,1,0,1,0,0,0,0,0,0,0,0,0,1,0,0.987
1995,549.3,14.7,49.5,0.49,0,9.8214,1.7984040119467235,0,0,0,0,0,0,0,0,0,0,1,1,0,0,0.987
1995,370.9,17.3,49.5,0.4,0,3.6612,2.67552700939665,0,0,0,1,0,0,0,0,0,0,0,0,0,0,0.987
1995,646.0,15.2,49.5,0.96,0,21.3362,1.199964782928397,0,0,1,0,0,0,0,0,0,0,1,1,0,0,0.987
1995,812.2,16.4,97.5,1.25,0,10.7616,2.3085671646715933,1,0,0,0,0,0,0,0,0,1,0,0,1,0,1.215
1995,692.3,19.2,97.5,3.08,0,35.9779,1.3110318766193438,1,0,0,1,0,0,0,0,0,0,1,1,0,0,1.215
1995,1028.8,19.5,97.5,5.26,0,15.0696,2.010894999144726,1,0,1,0,0,0,0,0,0,0,0,0,0,1,1.215
1995,638.6,18.6,97.5,1.03,0,8.0779,2.570319527636131,1,0,0,0,0,1,0,0,0,1,0,1,0,0,1.215
1995,742.4,17.8,97.5,1.61,0,6.6236,2.7549337870010606,0,0,0,0,0,0,0,0,0,0,1,0,1,0,1.215
1995,641.0,16.6,97.5,2.44,0,9.2068,2.4501426573516603,0,0,0,1,0,0,0,0,0,0,1,1,0,0,1.215
1995,419.5,17.7,97.5,2.21,0,10.7854,2.306577114263583,0,0,1,0,0,0,0,0,0,0,0,1,0,0,1.215
1995,579.6,14.9,97.5,1.02,0,110.7955,0.6312717768418579,0,0,0,0,0,1,0,0,0,0,1,1,0,0,1.215
1995,853.6,20.9,54.5,1.32,0,71.7105,0.5653138090500605,1,0,0,0,0,0,0,0,0,0,1,0,1,0,1.367
1995,730.8,18.6,54.5,2.63,0,5.1659,2.446685436967803,1,0,0,1,0,0,0,0,0,1,0,0,1,0,1.367
1995,799.5,21.4,54.5,2.75,0,4.3565,2.6034301519721073,1,0,1,0,0,0,0,0,0,0,0,0,1,0,1.367
1995,366.1,20.6,54.5,0.46,0,15.0552,1.5303947050936475,0,0,0,0,0,0,0,0,0,0,1,0,0,0,1.367
1995,313.5,19.9,54.5,0.2,0,12.3303,1.6900958154515549,0,0,0,1,0,0,0,0,0,0,1,0,0,0,1.367
1995,485.9,19.2,54.5,1.25,0,11.2836,1.763017000362401,0,0,1,0,0,0,0,0,0,0,1,1,0,0,1.367
1995,777.0,18.5,68.7,1.46,0,6.4811,2.451005098112319,1,0,0,0,0,0,0,0,0,0,0,0,1,0,1.854
1995,546.4,17.0,68.7,1.84,0,7.2468,2.349468678892896,1,0,0,1,0,0,0,0,0,0,1,1,0,0,1.854
1995,729.3,18.7,68.7,2.03,0,9.5284,2.105352923464337,1,0,1,0,0,0,0,0,0,1,0,0,1,0,1.854
1995,897.4,18.9,68.7,5.48,0,8.0445,2.255493485460195,1,0,0,0,1,0,0,0,0,1,0,0,1,0,1.854
1995,484.7,15.5,68.7,0.95,0,6.0158,2.519308076505333,0,0,0,0,0,0,0,0,0,1,0,1,0,0,1.854
1995,428.7,17.3,68.7,2.06,0,13.4706,1.8082887711792655,0,0,0,1,0,0,0,0,0,0,0,1,0,0,1.854
1995,549.0,14.9,68.7,1.17,0,24.5357,1.33500106673234,0,0,1,0,0,0,0,0,0,0,0,1,0,0,1.854
1995,547.6,16.8,68.7,2.18,0,5.9378,2.531313022602156,0,0,0,0,1,0,0,0,0,0,1,1,0,0,1.854
1995,635.2,19.0,81.5,1.51,0,11.9152,2.0592388343623163,1,0,0,0,0,0,0,0,0,0,0,1,0,0,1.181
1995,905.0,19.4,81.5,2.66,0,13.2953,1.9643112344262046,1,0,0,1,0,0,0,0,0,0,1,0,1,0,1.181
1995,344.5,18.0,81.5,0.77,0,27.4411,1.3787660946990992,0,0,0,0,0,0,0,0,0,0,1,0,0,0,1.181
1995,581.6,20.6,81.5,1.73,0,10.6815,2.1552445050953364,0,0,0,1,0,0,0,0,0,0,1,1,0,0,1.181
1995,788.4,15.8,114.7,1.53,0,10.5423,2.474856313934499,1,0,0,0,0,0,0,0,0,1,0,0,1,0,3.861
1995,1115.8,14.1,114.7,3.91,0,7.9819,2.7324175575505043,1,0,0,1,0,0,0,0,0,1,0,0,0,1,3.861
1995,1079.3,15.6,114.7,6.51,0,13.8026,2.231089091288976,1,0,0,0,1,0,0,0,0,0,1,0,0,1,3.861
1995,566.0,12.7,114.7,0.71,0,7.7921,2.7549337870010606,0,0,0,0,0,0,0,0,0,0,0,1,0,0,3.861
1995,485.7,13.1,114.7,1.22,0,95.5833,0.7884573603642702,0,0,0,1,0,0,0,0,0,0,0,1,0,0,3.861
1995,880.6,14.9,114.7,11.04,0,27.4402,1.6448050562713916,0,0,0,0,1,0,0,0,0,0,1,0,1,0,3.861
1995,564.8,18.2,21.1,0.32,0,2.3392,2.3045830956567186,1,0,0,0,0,0,0,0,0,0,0,1,0,0,0.496
1995,618.0,19.1,21.1,0.49,0,3.2462,2.0149030205422647,1,0,0,1,0,0,0,0,0,0,1,1,0,0,0.496
1995,341.8,17.9,21.1,0.33,0,2.0114,2.4414770918606643,0,0,0,0,0,0,0,0,0,0,0,0,0,0,0.496
1995,600.3,19.3,21.1,0.69,0,1.7746,2.556451816951096,0,0,0,1,0,0,0,0,0,0,0,1,0,0,0.496
1995,538.8,24.3,65.1,0.62,0,25.5294,1.2669476034873244,1,0,0,0,0,0,1,0,0,1,0,1,0,0,0.89
1995,863.3,22.0,65.1,1.32,0,4.7973,2.6789646202071133,1,0,0,0,0,0,0,0,0,1,0,0,1,0,0.89
1995,753.7,21.3,65.1,3.46,0,15.649,1.6409365794934714,1,0,0,1,0,0,0,0,0,1,0,0,1,0,0.89
1995,50.0,21.2,65.1,0.2,0,21.8456,1.3812818192963463,0,0,0,0,0,0,1,0,0,0,1,0,0,0,0.89
1995,465.6,22.9,65.1,0.74,0,6.5559,2.391511302188447,0,0,0,0,0,0,0,0,0,0,0,1,0,0,0.89
1995,424.8,23.2,65.1,2.22,0,8.1887,2.191653532286764,0,0,0,1,0,0,0,0,0,0,0,1,0,0,0.89
1995,491.8,23.7,18.5,0.45,0,1.3111,2.715356776284648,1,0,0,0,0,0,1,0,0,0,1,1,0,0,0.48
1995,574.1,24.3,18.5,0.2,0,3.6417,1.8050046959780757,1,0,0,0,0,0,0,0,0,0,0,1,0,0,0.48
1995,470.6,24.7,18.5,0.73,0,2.0241,2.316487998163037,1,0,0,1,0,0,0,0,0,0,0,1,0,0,0.48
1995,337.1,24.7,18.5,0.56,0,1.8593,2.3933394562625097,0,0,0,0,0,0,1,0,0,0,0,0,0,0,0.48
1995,535.8,22.7,18.5,0.25,0,1.3319,2.7006898466959175,0,0,0,0,0,0,0,0,0,1,0,1,0,0,0.48
1995,545.0,23.9,18.5,0.79,0,2.782,2.0347056478384444,0,0,0,1,0,0,0,0,0,0,1,1,0,0,0.48
1995,538.5,24.6,13.4,0.54,0,1.1327,2.551786178627545,1,0,0,0,0,0,1,0,0,0,1,1,0,0,0.455
1995,825.8,26.3,13.4,0.28,0,2.5769,1.824549292051046,1,0,0,0,0,0,0,0,0,0,1,0,1,0,0.455
1995,766.5,24.5,13.4,1.06,0,1.3035,2.423031246069913,1,0,0,1,0,0,0,0,0,0,1,0,1,0,0.455
1995,561.4,25.0,13.4,0.2,0,2.2635,1.9344157696295783,0,0,0,0,0,0,1,0,0,1,0,1,0,0,0.455
1995,266.0,24.3,13.4,0.2,0,7.3626,1.0367368849500223,0,0,0,0,0,0,0,0,0,1,0,0,0,0,0.455
1995,670.1,26.6,13.4,0.61,0,1.4709,2.3135250330323798,0,0,0,1,0,0,0,0,0,0,0,1,0,0,0.455
1995,1041.7,29.6,31.1,0.2,0,3.7201,2.2364452904895007,1,0,0,0,0,0,0,0,0,0,1,0,0,1,0.266
1995,580.0,28.1,31.1,0.2,0,5.0817,1.9629077254238845,1,0,0,1,0,0,0,0,0,0,1,1,0,0,0.266
1995,416.4,27.5,31.1,0.2,0,22.3741,0.8712933659434193,0,0,0,0,0,0,0,0,0,0,1,1,0,0,0.266
1995,794.1,27.7,31.1,0.2,0,8.3827,1.5496879080283263,0,0,0,1,0,0,0,0,0,1,0,0,1,0,0.266
1995,792.5,27.7,1.2,0.2,0,0.1173,2.418588768750352,1,0,0,0,0,0,0,0,0,0,1,0,1,0,0.661
1995,691.2,27.5,1.2,0.54,0,0.2166,1.8779371654691073,1,0,0,1,0,0,0,0,0,0,1,1,0,0,0.661
1995,1127.4,27.4,1.2,1.37,0,0.1105,2.4731713935695794,1,1,0,0,0,0,0,0,0,0,1,0,0,1,0.661
1995,479.3,24.4,1.2,0.2,0,0.2913,1.6331544390514163,0,0,0,0,0,0,0,0,0,0,1,1,0,0,0.661
1995,636.2,27.5,1.2,0.45,0,0.0875,2.688527534613346,0,0,0,1,0,0,0,0,0,0,1,1,0,0,0.661
1995,474.7,27.2,1.2,0.62,0,0.0923,2.6390573296152584,0,1,0,0,0,0,0,0,0,0,1,1,0,0,0.661
1995,660.1,26.3,34.8,0.32,0,5.4121,2.005525858729668,1,0,0,0,0,0,0,0,0,0,0,1,0,0,0.678
1995,1059.5,26.9,34.8,1.56,0,4.8808,2.0955609235597192,1,0,0,1,0,0,0,0,0,1,0,0,0,1,0.678
1995,1194.3,27.3,34.8,4.2,0,8.0184,1.6752256529721035,1,1,0,0,0,0,0,0,0,0,1,0,0,1,0.678
1995,110.1,29.6,34.8,0.2,0,19.1209,1.0367368849500223,0,0,0,0,0,0,0,0,0,0,1,0,0,0,0.678
1995,711.7,27.1,34.8,0.51,0,3.8796,2.299580583973747,0,0,0,1,0,0,0,0,0,0,0,0,1,0,0.678
1995,409.0,25.1,34.8,0.2,0,10.087,1.4929040961781488,0,1,0,0,0,0,0,0,0,0,1,1,0,0,0.678
1995,467.5,28.4,10.2,0.2,0,1.186,2.2617630984737906,1,0,0,0,0,0,0,0,0,0,1,1,0,0,0.341
1995,537.3,30.0,10.2,0.25,0,4.1296,1.244154593958768,1,0,0,1,0,0,0,0,0,1,0,1,0,0,0.341
1995,281.3,29.1,10.2,0.48,0,1.954,1.827769906751088,1,0,0,0,0,1,0,0,0,0,0,0,0,0,0.341
1995,210.4,27.7,10.2,0.2,0,0.8347,2.5817308344235403,0,0,0,0,0,0,0,0,0,0,0,0,0,0,0.341
1995,352.2,27.7,10.2,0.23,0,1.1346,2.301584592660462,0,0,0,1,0,0,0,0,0,0,1,0,0,0,0.341
1995,271.9,28.3,10.2,0.28,0,1.0149,2.402430427963762,0,0,0,0,0,1,0,0,0,0,1,0,0,0,0.341
1995,913.5,28.2,49.4,0.22,0,5.6073,2.2834022735772717,1,0,0,0,0,0,0,0,0,0,1,0,1,0,0.339
1995,622.0,27.2,49.4,0.6,0,6.3252,2.175887439948088,1,0,0,1,0,0,0,0,0,0,1,1,0,0,0.339
1995,857.5,28.3,49.4,0.2,0,10.5106,1.7404661748405046,0,0,0,0,0,0,0,0,0,1,0,0,1,0,0.339
1995,386.1,30.3,49.4,0.2,1,3.8715,2.6217658325051976,0,0,0,1,0,0,0,0,0,1,0,0,0,0,0.339
1995,673.8,24.3,27.6,0.28,0,2.4147,2.5201129055226197,1,0,0,0,0,0,0,0,0,0,1,1,0,0,0.628
1995,455.8,23.6,27.6,0.92,0,7.6454,1.528227857008557,1,0,0,1,0,0,0,0,0,0,1,1,0,0,0.628
1995,215.1,22.0,27.6,0.2,0,2.4468,2.5079719227189963,0,0,0,0,0,0,0,0,0,0,0,0,0,0,0.628
1995,168.6,23.3,27.6,0.2,0,16.6265,0.9783261227936076,0,0,0,1,0,0,0,0,0,0,1,0,0,0,0.628
1995,192.1,30.3,26.8,0.5,1,20.9375,0.8241754429663494,1,0,0,0,0,0,1,0,0,0,1,0,0,0,0.251
1995,344.0,36.3,26.8,0.2,1,13.3333,1.1019400787607843,1,0,0,0,0,0,0,0,0,0,0,0,0,0,0.251
1995,297.3,31.3,26.8,0.25,1,2.0791,2.6311691567662523,1,0,0,1,0,0,0,0,0,1,0,0,0,0,0.251
1995,109.0,30.7,26.8,0.2,1,3.5125,2.1552445050953364,0,0,0,0,0,0,1,0,0,0,0,0,0,0,0.251
1995,173.5,32.6,26.8,0.2,1,11.453,1.205970806988609,0,0,0,0,0,0,0,0,0,1,0,0,0,0,0.251
1995,72.1,31.7,26.8,0.2,1,6.2037,1.6714733033535532,0,0,0,1,0,0,0,0,0,0,1,0,0,0,0.251
1995,178.8,34.5,38.4,0.36,1,2.9675,2.6347624053323777,1,0,0,0,0,0,1,0,0,0,0,0,0,0,0.239
1995,135.1,31.8,38.4,0.2,1,3.4532,2.4948569806411682,1,0,0,0,0,0,0,0,0,0,1,0,0,0,0.239
1995,247.5,32.3,38.4,0.33,1,28.6567,0.8501509293696101,1,0,0,1,0,0,0,0,0,1,0,0,0,0,0.239
1995,96.5,30.7,38.4,0.2,1,4.8917,2.180417459019838,0,0,0,0,0,0,1,0,0,0,0,0,0,0,0.239
1995,143.8,31.8,38.4,0.2,1,9.0566,1.6563214983329508,0,0,0,0,0,0,0,0,0,1,0,0,0,0,0.239
1995,148.0,34.2,38.4,0.2,1,3.3018,2.5360749363624,0,0,0,1,0,0,0,0,0,0,1,0,0,0,0.239
1995,113.2,33.6,20.7,0.2,1,1.9184,2.4672517145492794,1,0,0,0,0,0,1,0,0,0,1,0,0,0,0.215
1995,77.4,35.4,20.7,0.2,1,3.7912,1.8656293177945105,1,0,0,0,0,0,0,0,0,0,1,0,0,0,0.215
1995,259.1,32.5,20.7,0.28,1,4.814,1.667706820558076,1,0,0,1,0,0,0,0,0,0,1,0,0,0,0.215
1995,62.5,32.0,20.7,0.2,1,2.6136,2.188295946591918,0,0,0,0,0,0,1,0,0,0,1,0,0,0,0.215
1995,142.2,35.4,20.7,0.2,1,1.567,2.6539459421090092,0,0,0,0,0,0,0,0,0,0,0,0,0,0,0.215
1995,149.3,34.7,20.7,0.2,1,18.0,0.7654678421395714,0,0,0,1,0,0,0,0,0,0,1,0,0,0,0.215
1995,130.3,35.0,33.3,0.29,1,23.125,0.8919980393051105,1,0,0,0,0,0,1,0,0,0,0,0,0,0,0.216
1995,292.6,36.7,33.3,0.2,1,3.5313,2.344686269012681,1,0,0,0,0,0,0,0,0,1,0,0,0,0,0.216
1995,321.5,32.8,33.3,0.29,1,5.9677,1.884034745337226,1,0,0,1,0,0,0,0,0,0,1,0,0,0,0.216
1995,86.3,33.6,33.3,0.2,1,4.8121,2.0693912058263346,0,0,0,0,0,0,1,0,0,0,1,0,0,0,0.216
1995,133.5,35.0,33.3,0.2,1,3.1714,2.4423470353692043,0,0,0,0,0,0,0,0,0,1,0,0,0,0,0.216
1995,213.3,34.3,33.3,0.21,1,2.6513,2.6071242825122494,0,0,0,1,0,0,0,0,0,0,1,0,0,0,0.216
1995,686.0,23.0,59.9,0.46,0,4.2243,2.719978771967484,1,0,0,0,0,0,0,0,0,0,0,1,0,0,1.081
1995,735.2,21.8,59.9,4.18,0,5.2314,2.5217206229107165,1,0,0,1,0,0,0,0,0,1,0,0,1,0,1.081
1995,616.5,23.7,59.9,0.86,0,4.0473,2.760009940032921,0,0,0,0,0,0,0,0,0,0,1,1,0,0,1.081
1995,541.6,23.0,59.9,1.92,0,16.5014,1.5325568680981427,0,0,0,1,0,0,0,0,0,1,0,1,0,0,1.081
1995,550.0,26.2,16.5,0.2,0,1.8793,2.280339484046726,1,0,0,0,0,0,0,0,0,0,1,1,0,0,0.34
1995,419.2,27.5,16.5,0.61,0,1.8092,2.3145136638593193,1,0,0,1,0,0,0,0,0,0,0,1,0,0,0.34
1995,150.0,26.5,16.5,0.2,0,1.1217,2.75429745226753,0,0,0,0,0,0,0,0,0,0,0,0,0,0,0.34
1995,215.0,26.7,16.5,0.2,0,1.6785,2.382320061012899,0,0,0,1,0,0,0,0,0,0,1,0,0,0,0.34
1995,520.7,20.4,9.3,0.23,0,0.6657,2.706048198431537,1,0,0,0,0,0,0,0,0,1,0,1,0,0,0.617
1995,803.2,22.6,9.3,1.27,0,0.6643,2.70805020110221,1,0,0,1,0,0,0,0,0,1,0,0,1,0,0.617
1995,186.0,24.1,9.3,0.2,0,1.0702,2.2710944259026746,0,0,0,0,0,0,0,0,0,0,0,0,0,0,0.617
1995,227.7,21.7,9.3,0.2,0,0.7237,2.6282852326333477,0,0,0,1,0,0,0,0,0,0,1,0,0,0,0.617
1995,753.0,17.0,64.9,4.91,0,96.8657,0.5128236264286639,1,0,0,0,0,0,0,0,1,0,1,0,1,0,1.385
1995,849.2,20.9,64.9,1.38,0,44.1497,0.9042181506398859,1,0,0,0,0,0,0,0,0,0,1,0,1,0,1.385
1995,769.5,18.0,64.9,2.84,0,39.3333,0.9745596399981308,1,0,0,1,0,0,0,0,0,0,1,0,1,0,1.385
1995,105.3,20.5,64.9,0.2,0,12.1764,1.8453002361560848,0,0,0,0,0,0,0,0,1,0,1,0,0,0,1.385
1995,602.4,20.6,64.9,1.0,0,7.6174,2.253394848803274,0,0,0,0,0,0,0,0,0,0,1,1,0,0,1.385
1995,445.4,19.5,64.9,1.82,0,18.8116,1.4929040961781488,0,0,0,1,0,0,0,0,0,0,1,1,0,0,1.385
1995,498.1,22.3,55.4,0.28,0,3.7738,2.7523860149222616,1,0,0,0,0,0,0,0,0,0,0,1,0,0,1.472
1995,946.7,23.1,55.4,1.4,0,8.1232,2.05668455455722,1,0,0,1,0,0,0,0,0,0,1,0,1,0,1.472
1995,855.9,22.9,55.4,0.37,0,6.2247,2.2925347571405443,0,0,0,0,0,0,0,0,0,0,1,0,1,0,1.472
1995,425.7,20.4,55.4,0.54,0,43.9683,0.8153648132841945,0,0,0,1,0,0,0,0,0,0,0,1,0,0,1.472
1995,1010.1,22.2,58.1,0.36,0,4.4216,2.6490076604684267,1,0,0,0,0,0,0,0,0,0,1,0,0,1,1.511
1995,955.0,19.8,58.1,2.22,0,26.8981,1.1505720275988207,1,0,0,1,0,0,0,0,0,0,1,0,1,0,1.511
1995,1274.6,21.5,58.1,4.05,0,4.6184,2.60859812213055,1,1,0,0,0,0,0,0,0,0,1,0,0,1,1.511
1995,562.3,21.6,58.1,0.82,0,11.4145,1.8066480817218056,0,0,0,0,0,0,0,0,0,0,0,1,0,0,1.511
1995,537.7,22.5,58.1,1.33,0,6.6173,2.280339484046726,0,0,0,1,0,0,0,0,0,0,1,1,0,0,1.511
1995,778.4,22.8,58.1,3.7,0,11.4596,1.803358605071407,0,1,0,0,0,0,0,0,0,0,0,0,1,0,1.511
1995,903.3,22.6,68.9,1.27,0,20.1462,1.4861396960896067,1,0,0,0,0,0,0,0,0,0,0,0,1,0,1.053
1995,779.4,24.7,68.9,1.75,0,9.5297,2.1077860146889784,1,0,0,1,0,0,0,0,0,0,1,0,1,0,1.053
1995,242.4,23.5,68.9,0.2,0,8.6125,2.1972245773362196,0,0,0,0,0,0,0,0,0,0,1,0,0,0,1.053
1995,844.3,22.2,68.9,1.94,0,5.9551,2.531313022602156,0,0,0,1,0,0,0,0,0,1,0,0,1,0,1.053
1995,1051.4,18.6,69.9,0.73,0,6.1048,2.5217206229107165,1,0,0,0,0,0,0,0,0,0,1,0,0,1,1.369
1995,1047.2,21.4,69.9,3.47,0,7.452,2.3398808777377424,1,0,0,1,0,0,0,0,0,0,0,0,0,1,1.369
1995,565.8,21.0,69.9,0.72,0,6.5449,2.457877977400081,0,0,0,0,0,0,0,0,0,0,1,1,0,0,1.369
1995,752.6,20.5,69.9,1.76,0,11.689,1.9430489167742813,0,0,0,1,0,0,0,0,0,1,0,0,1,0,1.369
1995,568.4,22.5,38.7,0.41,0,8.1992,1.7439688053917064,1,0,0,0,0,0,0,0,0,0,0,1,0,0,0.583
1995,562.3,20.7,38.7,1.62,0,3.5505,2.4765384001174837,1,0,0,1,0,0,0,0,0,0,0,1,0,0,0.583
1995,430.7,18.6,38.7,0.59,0,5.2297,2.128231705849268,0,0,0,0,0,0,0,0,0,0,1,1,0,0,0.583
1995,359.2,21.1,38.7,0.85,0,2.9769,2.6390573296152584,0,0,0,1,0,0,0,0,0,1,0,0,0,0,0.583
1995,971.6,18.5,74.9,5.61,0,5.1834,2.7376090033437546,1,0,0,0,0,0,0,0,1,0,1,0,1,0,1.391
1995,554.9,18.3,74.9,1.03,0,6.6166,2.511223958105374,1,0,0,0,0,0,0,0,0,0,0,1,0,0,1.391
1995,505.4,18.3,74.9,0.94,0,8.8014,2.252343876557299,1,0,0,1,0,0,0,0,0,1,0,1,0,0,1.391
1995,756.7,20.9,74.9,1.87,0,22.1598,1.4770487243883548,0,0,0,0,0,0,0,0,1,0,1,0,1,0,1.391
1995,543.2,18.8,74.9,0.51,0,11.5944,2.0095554142156695,0,0,0,0,0,0,0,0,0,0,1,1,0,0,1.391
1995,215.1,19.4,74.9,0.2,0,9.7147,2.1644717908644115,0,0,0,1,0,0,0,0,0,0,1,0,0,0,1.391
1995,674.0,17.0,59.8,0.77,0,6.4509,2.329227023940467,1,0,0,0,0,0,0,0,0,1,0,1,0,0,1.144
1995,689.2,19.1,59.8,1.65,0,6.1333,2.3749057545736716,1,0,0,1,0,0,0,0,0,1,0,1,0,0,1.144
1995,815.1,16.8,59.8,0.91,0,12.8879,1.7298840655099674,0,0,0,0,0,0,0,0,0,0,1,0,1,0,1.144
1995,703.2,16.6,59.8,1.36,0,37.375,0.9555114450274363,0,0,0,1,0,0,0,0,0,0,0,0,1,0,1.144
1995,1192.2,19.3,50.4,0.52,0,86.8966,0.4574248470388754,1,0,0,0,0,0,0,0,0,0,1,0,0,1,1.602
1995,718.5,20.5,50.4,1.33,0,4.6027,2.4807312783775197,1,0,0,1,0,0,0,0,0,0,1,0,1,0,1.602
1995,1196.7,22.3,50.4,2.68,0,7.2832,2.0693912058263346,1,1,0,0,0,0,0,0,0,1,0,0,0,1,1.602
1995,1575.0,22.5,50.4,3.8,0,5.6313,2.2975725511705014,1,0,0,0,0,1,0,0,0,1,0,0,0,1,1.602
1995,643.6,19.3,50.4,1.12,0,9.5455,1.8373699804801074,0,0,0,0,0,0,0,0,0,0,0,1,0,0,1.602
1995,692.9,20.3,50.4,1.21,0,11.5596,1.6789639750827108,0,0,0,1,0,0,0,0,0,0,1,1,0,0,1.602
1995,873.3,19.8,50.4,0.98,0,4.5081,2.4997952622817508,0,1,0,0,0,0,0,0,0,0,1,0,1,0,1.602
1995,661.1,20.0,50.4,1.42,0,8.6598,1.9198594718553708,0,0,0,0,0,1,0,0,0,0,1,1,0,0,1.602
1995,308.2,31.6,44.7,0.2,1,4.1737,2.460443177609626,1,0,0,0,0,0,0,0,0,0,1,0,0,0,0.243
1995,392.7,30.1,44.7,0.33,1,6.3585,2.0831845279586703,1,0,0,1,0,0,0,0,0,0,1,0,0,0,0.243
1995,111.2,30.2,44.7,0.2,1,9.1039,1.776645831418007,0,0,0,0,0,0,0,0,0,0,0,0,0,0,0.243
1995,135.8,31.4,44.7,0.2,1,15.1525,1.3737155789130306,0,0,0,1,0,0,0,0,0,0,0,0,0,0,0.243
1995,331.4,27.4,28.4,0.2,0,2.9339,2.3683728335320486,1,0,0,0,0,0,0,0,0,0,1,0,0,0,0.212
1995,205.2,30.6,28.4,0.2,1,3.5192,2.2049722641270453,1,0,0,1,0,0,0,0,0,0,1,0,0,0,0.212
1995,90.4,32.9,28.4,0.2,1,5.2886,1.851599469584072,0,0,0,0,0,0,0,0,0,0,1,0,0,0,0.212
1995,50.0,31.9,28.4,0.2,1,15.9551,1.0224509277025458,0,0,0,1,0,0,0,0,0,0,1,0,0,0,0.212
1996,969.6,18.6,146.8,14.89,0,18.5354,2.188295946591918,1,0,0,0,0,0,0,0,1,0,0,0,1,0,3.582
1996,1552.5,17.9,146.8,3.92,0,11.1212,2.653241964607215,1,0,0,0,0,0,0,0,0,1,0,0,0,1,3.582
1996,990.1,16.6,146.8,8.64,0,11.4957,2.6224923127405635,1,0,0,1,0,0,0,0,0,0,0,0,1,0,3.582
1996,690.3,16.6,146.8,5.06,0,50.7958,1.358409157630355,0,0,0,0,0,0,0,0,1,0,1,1,0,0,3.582
1996,396.4,16.1,146.8,0.57,0,13.6305,2.4655539212721855,0,0,0,0,0,0,0,0,0,0,0,0,0,0,3.582
1996,226.5,18.9,146.8,0.33,0,41.4689,1.5129270120532565,0,0,0,1,0,0,0,0,0,0,1,0,0,0,3.582
1996,1433.5,15.1,116.8,9.96,0,10.2009,2.5217206229107165,1,0,0,0,0,0,0,0,1,1,0,0,0,1,4.069
1996,1065.8,15.3,116.8,1.6,0,11.0293,2.4501426573516603,1,0,0,0,0,0,0,0,0,1,0,0,0,1,4.069
1996,1586.2,15.7,116.8,9.95,0,12.0786,2.367436065313662,1,0,0,1,0,0,0,0,0,0,0,0,0,1,4.069
1996,1272.2,16.1,116.8,14.19,0,9.1752,2.6195832197798796,0,0,0,0,0,0,0,0,1,0,0,0,0,1,4.069
1996,1009.5,17.6,116.8,2.45,0,71.6564,0.9669838461896731,0,0,0,0,0,0,0,0,0,0,0,0,0,1,4.069
1996,919.6,17.2,116.8,4.92,0,9.0613,2.6311691567662523,0,0,0,1,0,0,0,0,0,0,0,0,1,0,4.069
1996,880.8,20.1,159.2,15.34,0,34.3844,1.728109442151599,1,0,0,0,0,0,0,0,1,0,0,0,1,0,3.973
1996,1047.0,19.3,159.2,3.81,0,13.4687,2.551006451492524,1,0,0,0,0,0,0,0,0,0,1,0,0,1,3.973
1996,1101.9,17.3,159.2,8.98,0,12.0515,2.6539459421090092,1,0,0,1,0,0,0,0,0,0,0,0,0,1,3.973
1996,598.3,19.4,159.2,2.25,0,11.595,2.689886230474539,1,0,0,0,1,0,0,0,0,1,0,1,0,0,3.973
1996,555.8,16.6,159.2,5.41,0,11.1641,2.725235025856311,0,0,0,0,0,0,0,0,1,0,0,1,0,0,3.973
1996,896.1,17.5,159.2,0.29,0,15.2199,2.4388627112865935,0,0,0,0,0,0,0,0,0,0,0,0,1,0,3.973
1996,712.9,16.5,159.2,2.45,0,54.5205,1.366091653802371,0,0,0,1,0,0,0,0,0,0,0,0,1,0,3.973
1996,512.5,16.9,159.2,9.98,0,57.2662,1.3297240096314962,0,0,0,0,1,0,0,0,0,0,0,1,0,0,3.973
1996,1269.7,17.5,139.1,2.57,0,15.169,2.3194422100604686,1,0,0,0,0,0,0,0,0,0,0,0,0,1,2.798
1996,1147.6,15.6,139.1,8.02,0,10.0072,2.7013612129514133,1,0,0,1,0,0,0,0,0,0,0,0,0,1,2.798
1996,1379.6,18.3,139.1,7.65,0,29.9784,1.7298840655099674,1,0,0,0,0,0,0,1,0,1,0,0,0,1,2.798
1996,670.3,19.0,139.1,2.14,0,11.1907,2.5974910105351463,0,0,0,0,0,0,0,0,0,1,0,1,0,0,2.798
1996,525.3,16.4,139.1,1.73,0,12.6225,2.4865719291070616,0,0,0,1,0,0,0,0,0,0,0,1,0,0,2.798
1996,546.0,18.3,139.1,3.33,0,35.3046,1.597365331199831,0,0,0,0,0,0,0,1,0,0,0,1,0,0,2.798
1996,936.2,19.5,51.9,1.08,0,7.4143,2.0794415416798357,1,0,0,0,0,0,0,0,0,0,0,0,1,0,2.502
1996,1244.1,18.5,51.9,3.45,0,8.6356,1.9473377010464987,1,0,0,1,0,0,0,0,0,0,0,0,0,1,2.502
1996,839.9,19.1,51.9,1.88,0,4.9856,2.4344901638739844,0,0,0,0,0,0,0,0,0,0,0,0,1,0,2.502
1996,741.3,18.2,51.9,2.73,0,7.1685,2.1090003439213802,0,0,0,1,0,0,0,0,0,0,0,0,1,0,2.502
1996,1422.7,18.7,127.6,3.69,0,59.9061,1.1410330045520618,1,0,0,0,0,0,0,0,0,0,0,0,0,1,2.346
1996,1554.9,17.3,127.6,4.76,0,9.4239,2.6769034721053733,1,0,0,1,0,0,0,0,0,1,0,0,0,1,2.346
1996,232.8,19.0,127.6,0.2,0,12.915,2.3869262414277967,0,0,0,0,0,0,0,0,0,0,0,0,0,0,2.346
1996,745.7,15.3,127.6,2.06,0,8.8858,2.731766727719526,0,0,0,1,0,0,0,0,0,0,0,0,1,0,2.346
1996,1670.7,20.6,72.7,1.4,0,12.1572,1.9430489167742813,1,0,0,0,0,0,0,0,0,1,0,0,0,1,2.552
1996,1523.7,16.8,72.7,3.9,0,8.6548,2.2407096892759584,1,0,0,1,0,0,0,0,0,0,0,0,0,1,2.552
1996,757.7,18.7,72.7,0.7,0,7.6205,2.355177543113216,0,0,0,0,0,0,0,0,0,0,1,0,1,0,2.552
1996,583.5,18.9,72.7,0.98,0,14.0619,1.8196988379172965,0,0,0,1,0,0,0,0,0,0,0,1,0,0,2.552
1996,1538.1,17.5,125.3,2.78,0,9.3368,2.668616131856803,1,0,0,0,0,0,0,0,0,0,0,0,0,1,2.398
1996,1436.7,18.8,125.3,7.44,0,19.0715,2.0241930674493576,1,0,0,1,0,0,0,0,0,1,0,0,0,1,2.398
1996,703.4,16.6,125.3,1.21,0,22.5766,1.8794650496471605,0,0,0,0,0,0,0,0,0,0,0,0,1,0,2.398
1996,358.4,17.7,125.3,0.49,0,48.0077,1.2837077723447896,0,0,0,1,0,0,0,0,0,0,0,0,0,0,2.398
1996,1781.2,20.7,52.2,2.98,0,25.4634,1.1151415906193203,1,0,0,0,0,0,0,0,0,1,0,0,0,1,1.579
1996,1395.0,20.5,52.2,4.17,0,4.962,2.444084655267745,1,0,0,1,0,0,0,0,0,0,0,0,0,1,1.579
1996,247.7,19.9,52.2,0.2,0,5.4947,2.3513752571634776,0,0,0,0,0,0,0,0,0,0,1,0,0,0,1.579
1996,1183.1,18.7,52.2,3.62,0,37.554,0.8712933659434193,0,0,0,1,0,0,0,0,0,0,0,0,0,1,1.579
1996,1099.8,18.6,106.5,1.31,0,85.8871,0.8064758658669484,1,0,0,0,0,0,0,0,0,0,1,0,0,1,3.983
1996,1055.6,16.0,106.5,2.83,0,40.9615,1.2809338454620642,1,0,0,1,0,0,0,0,0,0,0,0,0,1,3.983
1996,1323.9,15.0,106.5,2.71,0,13.481,2.186051276738094,1,0,0,0,0,0,0,1,0,1,0,0,0,1,3.983
1996,1299.6,16.4,106.5,14.25,0,24.71,1.6695918352538475,1,0,0,0,1,0,0,0,0,0,0,0,0,1,3.983
1996,269.1,15.7,106.5,0.2,0,136.5385,0.5766133643039938,0,0,0,0,0,0,0,0,0,0,0,0,0,0,3.983
1996,655.3,17.7,106.5,3.17,0,10.6713,2.3960754360813845,0,0,0,1,0,0,0,0,0,0,0,1,0,0,3.983
1996,914.5,15.4,106.5,2.64,0,10.0,2.4553061800117097,0,0,0,0,0,0,0,1,0,0,1,0,1,0,3.983
1996,872.3,16.8,106.5,10.47,0,7.2203,2.7568403652716422,0,0,0,0,1,0,0,0,0,0,0,0,1,0,3.983
1996,1467.7,17.9,130.2,2.94,0,18.8423,2.0681277817795625,1,0,0,0,0,0,0,0,0,0,0,0,0,1,2.733
1996,1257.3,16.8,130.2,6.54,0,14.2607,2.315501318260592,1,0,0,1,0,0,0,0,0,0,0,0,0,1,2.733
1996,1149.1,17.2,130.2,2.55,0,64.1379,1.1085626195212777,1,0,0,0,0,0,0,1,0,0,1,0,0,1,2.733
1996,1188.3,17.6,130.2,2.18,0,17.3369,2.1412419425852827,0,0,0,0,0,0,0,0,0,0,0,0,0,1,2.733
1996,395.3,17.6,130.2,0.86,0,21.8456,1.9401794743463283,0,0,0,1,0,0,0,0,0,0,0,0,0,0,2.733
1996,1111.6,20.5,130.2,5.61,0,27.8801,1.7351891177396608,0,0,0,0,0,0,0,1,0,0,0,0,0,1,2.733
1996,759.0,16.3,52.6,0.41,0,3.7042,2.7212954278522306,1,0,0,0,0,0,0,0,0,0,1,0,1,0,1.242
1996,984.3,14.7,52.6,1.15,0,6.1021,2.263844264677615,1,0,0,1,0,0,0,0,0,1,0,0,1,0,1.242
1996,717.4,17.0,52.6,1.48,0,7.4085,2.0918640616783932,1,0,0,0,0,0,0,1,0,1,0,0,1,0,1.242
1996,720.1,18.0,52.6,2.28,0,8.3892,1.9837562915454279,1,0,1,0,0,0,0,0,0,0,0,0,1,0,1.242
1996,595.0,16.1,52.6,0.45,0,6.6836,2.1826747963214883,0,0,0,0,0,0,0,0,0,0,1,1,0,0,1.242
1996,615.9,17.7,52.6,1.05,0,11.3362,1.7298840655099674,0,0,0,1,0,0,0,0,0,0,1,1,0,0,1.242
1996,290.8,13.7,52.6,0.2,0,7.8625,2.0399207835175526,0,0,0,0,0,0,0,1,0,1,0,0,0,0,1.242
1996,288.6,16.5,52.6,0.23,0,6.4068,2.2202898502672155,0,0,1,0,0,0,0,0,0,0,1,0,0,0,1.242
1996,1078.7,17.0,69.4,0.53,0,12.5725,1.8748743759385615,1,0,0,0,0,0,0,0,0,1,0,0,0,1,1.371
1996,803.8,16.5,69.4,1.99,0,16.3679,1.6563214983329508,1,0,0,1,0,0,0,0,0,1,0,0,1,0,1.371
1996,917.9,16.3,69.4,1.86,0,19.1713,1.5303947050936475,1,0,0,0,0,0,0,1,0,0,1,0,1,0,1.371
1996,833.6,19.2,69.4,2.32,0,6.3963,2.47232786758114,1,0,1,0,0,0,0,0,0,0,1,0,1,0,1.371
1996,483.1,18.6,69.4,0.6,0,5.5968,2.5952547069568657,0,0,0,0,0,0,0,0,0,1,0,1,0,0,1.371
1996,505.6,17.9,69.4,2.11,0,6.1307,2.511223958105374,0,0,0,1,0,0,0,0,0,1,0,1,0,0,1.371
1996,930.6,19.2,69.4,2.31,0,13.8247,1.7950872593207297,0,0,0,0,0,0,0,1,0,0,0,0,1,0,1.371
1996,787.3,19.3,69.4,2.12,0,68.0392,0.7030975114131134,0,0,1,0,0,0,0,0,0,0,1,0,1,0,1.371
1996,961.8,17.6,57.1,0.78,0,15.3908,1.5496879080283263,1,0,0,0,0,0,0,0,0,1,0,0,1,0,0.987
1996,697.0,16.6,57.1,1.7,0,16.994,1.4724720573609429,1,0,0,1,0,0,0,0,0,1,0,1,0,0,0.987
1996,886.6,18.3,57.1,1.14,0,3.8581,2.760009940032921,1,0,1,0,0,0,0,0,0,1,0,0,1,0,0.987
1996,660.6,16.8,57.1,0.89,0,18.7213,1.3987168811184478,0,0,0,0,0,0,0,0,0,0,1,1,0,0,0.987
1996,493.9,20.3,57.1,0.58,0,9.0779,1.986503546020567,0,0,0,1,0,0,0,0,0,1,0,1,0,0,0.987
1996,278.4,19.2,57.1,0.22,0,5.3919,2.4501426573516603,0,0,1,0,0,0,0,0,0,0,1,0,0,0,0.987
1996,863.3,18.3,70.7,1.39,0,9.0874,2.1724764076470255,1,0,0,0,0,0,0,0,0,0,0,0,1,0,1.215
1996,908.7,18.2,70.7,1.16,0,5.079,2.702702594775615,1,0,0,1,0,0,0,0,0,0,1,0,1,0,1.215
1996,708.1,20.3,70.7,1.45,0,5.9512,2.5556757206762075,1,0,1,0,0,0,0,0,0,1,0,0,1,0,1.215
1996,853.5,18.9,70.7,3.08,0,6.3069,2.502255288122613,1,0,0,0,0,1,0,0,0,1,0,0,1,0,1.215
1996,400.9,18.2,70.7,0.29,0,17.0361,1.6389967146756448,0,0,0,0,0,0,0,0,0,1,0,1,0,0,1.215
1996,896.0,15.5,70.7,1.3,0,7.2662,2.373043556642607,0,0,0,1,0,0,0,0,0,0,1,0,1,0,1.215
1996,740.5,19.5,70.7,2.15,0,9.2298,2.1587147225743437,0,0,1,0,0,0,0,0,0,0,0,0,1,0,1.215
1996,863.2,20.0,70.7,2.27,0,10.9783,2.0068708488450007,0,0,0,0,0,1,0,0,0,0,1,0,1,0,1.215
1996,622.6,20.0,72.3,1.37,0,15.1891,1.7509374747078,1,0,0,0,0,0,0,0,0,1,0,1,0,0,1.367
1996,668.2,20.0,72.3,3.51,0,5.6484,2.624668592163159,1,0,0,1,0,0,0,0,0,0,1,1,0,0,1.367
1996,482.7,22.3,72.3,1.09,0,55.1908,0.8372475245337022,1,0,1,0,0,0,0,0,0,1,0,1,0,0,1.367
1996,680.8,19.9,72.3,0.53,0,44.0854,0.9707789171582248,0,0,0,0,0,0,0,0,0,0,1,1,0,0,1.367
1996,617.1,19.9,72.3,2.2,0,5.1532,2.710048203764883,0,0,0,1,0,0,0,0,0,0,1,1,0,0,1.367
1996,603.5,20.8,72.3,1.6,0,10.791,2.0412203288596382,0,0,1,0,0,0,0,0,0,0,0,1,0,0,1.367
1996,524.4,17.3,47.5,1.09,0,5.1687,2.321406847234633,1,0,0,0,0,0,0,0,0,0,0,1,0,0,1.854
1996,683.6,14.6,47.5,1.33,0,8.1897,1.916922612182061,1,0,0,1,0,0,0,0,0,0,1,1,0,0,1.854
1996,956.5,17.5,47.5,2.54,0,14.9842,1.4279160358107101,1,0,1,0,0,0,0,0,0,1,0,0,1,0,1.854
1996,654.7,18.3,47.5,5.74,0,4.3538,2.477378383367209,1,0,0,0,1,0,0,0,0,0,0,1,0,0,1.854
1996,704.3,17.7,47.5,0.75,0,56.5476,0.6097655716208943,0,0,0,0,0,0,0,0,0,0,0,0,1,0,1.854
1996,473.9,18.1,47.5,1.16,0,3.7255,2.6210388241125804,0,0,0,1,0,0,0,0,0,0,1,1,0,0,1.854
1996,362.0,19.8,47.5,0.2,0,20.8333,1.1878434223960523,0,0,1,0,0,0,0,0,0,1,0,0,0,0,1.854
1996,450.5,17.5,47.5,3.25,0,5.7856,2.2202898502672155,0,0,0,0,1,0,0,0,0,0,1,1,0,0,1.854
1996,573.7,19.9,58.2,0.99,0,11.8776,1.7749523509116738,1,0,0,0,0,0,0,0,0,0,0,1,0,0,1.181
1996,707.1,18.9,58.2,1.17,0,4.4158,2.6518325211039815,1,0,0,1,0,0,0,0,0,0,1,0,1,0,1.181
1996,627.5,19.1,58.2,0.54,0,7.3485,2.188295946591918,0,0,0,0,0,0,0,0,0,0,1,1,0,0,1.181
1996,564.7,16.7,58.2,0.9,0,9.5254,1.9615022438151495,0,0,0,1,0,0,0,0,0,0,1,1,0,0,1.181
1996,1248.2,14.7,97.2,1.73,0,9.5575,2.413231613081109,1,0,0,0,0,0,0,0,0,1,0,0,0,1,3.861
1996,707.3,14.9,97.2,3.5,0,12.7392,2.1552445050953364,1,0,0,1,0,0,0,0,0,0,0,0,1,0,3.861
1996,1334.8,16.2,97.2,16.11,0,8.5488,2.5152741864043966,1,0,0,0,1,0,0,0,0,0,0,0,0,1,3.861
1996,509.6,15.5,97.2,0.41,0,6.8067,2.7265447837383743,0,0,0,0,0,0,0,0,0,1,0,1,0,0,3.861
1996,364.9,17.2,97.2,0.2,0,19.3625,1.7950872593207297,0,0,0,1,0,0,0,0,0,0,1,0,0,0,3.861
1996,771.9,15.4,97.2,13.97,0,13.2606,2.1198634561787513,0,0,0,0,1,0,0,0,0,0,0,0,1,0,3.861
1996,743.2,19.0,23.1,0.63,0,3.902,1.9344157696295783,1,0,0,0,0,0,0,0,0,0,0,0,1,0,0.496
1996,563.8,18.5,23.1,0.8,0,3.1174,2.1294214739848565,1,0,0,1,0,0,0,0,0,0,1,1,0,0,0.496
1996,573.3,19.7,23.1,0.35,0,1.6559,2.7047112998366956,0,0,0,0,0,0,0,0,0,0,1,1,0,0,0.496
1996,473.2,16.6,23.1,0.46,0,38.5,0.4700036292457356,0,0,0,1,0,0,0,0,0,0,0,1,0,0,0.496
1996,539.0,21.5,56.4,0.81,0,4.1228,2.6864860231863696,1,0,0,0,0,0,1,0,0,0,0,1,0,0,0.89
1996,790.5,22.5,56.4,0.99,0,4.1902,2.671386216730619,1,0,0,0,0,0,0,0,0,0,1,0,1,0,0.89
1996,750.3,20.0,56.4,2.41,0,4.0663,2.6993457604720636,1,0,0,1,0,0,0,0,0,0,0,0,1,0,0.89
1996,347.9,24.0,56.4,0.57,0,14.5736,1.5830939370944985,0,0,0,0,0,0,1,0,0,0,1,0,0,0,0.89
1996,581.9,22.0,56.4,0.2,0,6.9544,2.209372711271867,0,0,0,0,0,0,0,0,0,0,1,1,0,0,0.89
1996,235.7,22.3,56.4,0.43,0,13.3019,1.6563214983329508,0,0,0,1,0,0,0,0,0,0,1,0,0,0,0.89
1996,531.8,23.5,25.9,0.42,0,2.4952,2.431857428698185,1,0,0,0,0,0,1,0,0,0,1,1,0,0,0.48
1996,611.6,26.1,25.9,0.32,0,1.8395,2.71336936257981,1,0,0,0,0,0,0,0,0,1,0,1,0,0,0.48
1996,786.5,23.1,25.9,1.33,0,19.6212,0.8415671856782186,1,0,0,1,0,0,0,0,0,0,1,0,1,0,0.48
1996,404.4,24.5,25.9,0.36,0,2.5874,2.3988039507345884,0,0,0,0,0,0,1,0,0,0,1,1,0,0,0.48
1996,394.7,25.9,25.9,0.21,0,2.2561,2.5241273629412815,0,0,0,0,0,0,0,0,0,0,1,0,0,0,0.48
1996,285.0,23.3,25.9,0.78,0,4.3973,1.9300710850255671,0,0,0,1,0,0,0,0,0,0,0,0,0,0,0.48
1996,863.1,22.5,28.1,0.68,0,7.025,1.6094379124341003,1,0,0,0,0,0,1,0,0,0,1,0,1,0,0.455
1996,648.5,26.1,28.1,0.23,0,6.5501,1.665818245870208,1,0,0,0,0,0,0,0,0,0,0,1,0,0,0.455
1996,307.4,24.8,28.1,0.44,0,6.5197,1.6695918352538475,1,0,0,1,0,0,0,0,0,0,0,0,0,0,0.455
1996,413.8,23.7,28.1,0.41,0,35.125,0.5877866649021191,0,0,0,0,0,0,1,0,0,1,0,1,0,0,0.455
1996,492.8,24.3,28.1,0.24,0,18.0128,0.9400072584914712,0,0,0,0,0,0,0,0,0,0,1,1,0,0,0.455
1996,637.3,25.0,28.1,1.21,0,1.8846,2.7669478423496954,0,0,0,1,0,0,0,0,0,0,1,1,0,0,0.455
1996,703.3,28.0,31.1,0.2,0,13.9462,1.172482137234565,1,0,0,0,0,0,0,0,0,0,0,0,1,0,0.266
1996,1186.8,30.9,31.1,0.44,1,32.3958,0.6729444732424258,1,0,0,1,0,0,0,0,0,0,1,0,0,1,0.266
1996,633.8,30.6,31.1,0.2,1,2.6201,2.554899021608035,0,0,0,0,0,0,0,0,0,1,0,1,0,0,0.266
1996,901.3,28.7,31.1,0.3,0,2.3226,2.6665335208992764,0,0,0,1,0,0,0,0,0,0,1,0,1,0,0.266
1996,487.0,26.6,15.5,0.2,0,1.1422,2.6789646202071133,1,0,0,0,0,0,0,0,0,0,0,1,0,0,0.661
1996,1019.4,26.5,15.5,1.49,0,1.1256,2.6925980965432883,1,0,0,1,0,0,0,0,0,0,1,0,0,1,0.661
1996,730.0,25.9,15.5,1.77,0,2.0078,2.1656192379208883,1,1,0,0,0,0,0,0,0,0,1,0,1,0,0.661
1996,50.0,27.2,15.5,0.2,0,4.8896,1.4279160358107101,0,0,0,0,0,0,0,0,0,0,0,0,0,0,0.661
1996,886.1,25.8,15.5,0.23,0,1.4976,2.4292177439274116,0,0,0,1,0,0,0,0,0,0,1,0,1,0,0.661
1996,380.5,28.9,15.5,0.37,0,1.21,2.6253929674212007,0,1,0,0,0,0,0,0,0,0,1,0,0,0,0.661
1996,954.1,28.0,24.4,0.2,0,31.6883,0.5709795465857378,1,0,0,0,0,0,0,0,0,0,1,0,1,0,0.678
1996,884.8,28.1,24.4,0.5,0,2.2385,2.4765384001174837,1,0,0,1,0,0,0,0,0,1,0,0,1,0,0.678
1996,1072.3,27.8,24.4,1.42,0,4.9493,1.780024213009634,1,1,0,0,0,0,0,0,0,0,0,0,0,1,0.678
1996,419.9,27.0,24.4,0.2,0,2.0453,2.559550192783766,0,0,0,0,0,0,0,0,0,0,0,1,0,0,0.678
1996,623.5,26.7,24.4,0.45,0,1.7889,2.6837575085331657,0,0,0,1,0,0,0,0,0,0,1,1,0,0,0.678
1996,726.0,29.1,24.4,1.28,0,2.9187,2.2364452904895007,0,1,0,0,0,0,0,0,0,0,1,0,1,0,0.678
1996,737.5,29.6,18.8,0.2,0,5.6798,1.4609379041156565,1,0,0,0,0,0,0,0,0,1,0,0,1,0,0.341
1996,269.5,30.2,18.8,0.2,1,1.555,2.5718485799218085,1,0,0,1,0,0,0,0,0,0,1,0,0,0,0.341
1996,688.3,29.6,18.8,0.9,0,1.4968,2.6071242825122494,1,0,0,0,0,1,0,0,0,0,1,1,0,0,0.341
1996,94.3,29.0,18.8,0.2,0,4.3021,1.6808279085207734,0,0,0,0,0,0,0,0,0,0,1,0,0,0,0.341
1996,410.9,28.9,18.8,0.56,0,2.0843,2.3045830956567186,0,0,0,1,0,0,0,0,0,0,0,1,0,0,0.341
1996,323.8,29.4,18.8,0.34,0,1.8431,2.4159137783010487,0,0,0,0,0,1,0,0,0,0,1,0,0,0,0.341
1996,768.0,26.2,24.6,0.2,0,4.0527,1.9558604799084813,1,0,0,0,0,0,0,0,0,0,1,0,1,0,0.339
1996,955.3,28.1,24.6,1.31,0,1.7736,2.6993457604720636,1,0,0,1,0,0,0,0,0,0,0,0,1,0,0.339
1996,501.0,27.6,24.6,0.2,0,3.8199,2.0068708488450007,0,0,0,0,0,0,0,0,0,0,1,1,0,0,0.339
1996,706.9,27.9,24.6,0.46,0,11.8269,1.1249295969854831,0,0,0,1,0,0,0,0,0,1,0,0,1,0,0.339
1996,760.9,22.2,15.6,0.51,0,1.9331,2.2049722641270453,1,0,0,0,0,0,0,0,0,0,0,0,1,0,0.628
1996,1076.6,22.6,15.6,1.46,0,1.1379,2.688527534613346,1,0,0,1,0,0,0,0,0,1,0,0,0,1,0.628
1996,431.2,23.3,15.6,0.25,0,3.6706,1.6582280766035324,0,0,0,0,0,0,0,0,0,1,0,1,0,0,0.628
1996,512.5,23.5,15.6,0.68,0,1.0641,2.751109690562657,0,0,0,1,0,0,0,0,0,0,1,1,0,0,0.628
1996,257.4,29.9,26.0,1.08,0,2.4231,2.462149662665384,1,0,0,0,0,0,1,0,0,0,0,0,0,0,0.251
1996,296.7,30.5,26.0,0.2,1,1.8106,2.731766727719526,1,0,0,0,0,0,0,0,0,0,1,0,0,0,0.251
1996,145.3,32.1,26.0,0.2,1,2.403,2.469793011977952,1,0,0,1,0,0,0,0,0,1,0,0,0,0,0.251
1996,106.5,32.3,26.0,0.2,1,8.9347,1.3635373739972745,0,0,0,0,0,0,1,0,0,0,1,0,0,0,0.251
1996,249.4,29.9,26.0,0.2,0,11.1588,1.2029723039923526,0,0,0,0,0,0,0,0,0,1,0,0,0,0,0.251
1996,81.6,32.4,26.0,0.2,1,1.909,2.6823904543216326,0,0,0,1,0,0,0,0,0,0,1,0,0,0,0.251
1996,246.2,34.1,0.0,0.2,1,0.0,2.2915241456346207,1,0,0,0,0,0,1,0,0,0,1,0,0,0,0.239
1996,268.0,32.8,0.0,0.2,1,0.0,2.5572273113676265,1,0,0,0,0,0,0,0,0,0,0,0,0,0,0.239
1996,180.6,32.8,0.0,0.2,1,0.0,2.65745841498615,1,0,0,1,0,0,0,0,0,0,1,0,0,0,0.239
1996,124.3,34.6,0.0,0.2,1,0.0,1.9154509415706047,0,0,0,0,0,0,1,0,0,0,1,0,0,0,0.239
1996,158.6,34.2,0.0,0.2,1,0.0,2.7700855920216627,0,0,0,0,0,0,0,0,0,0,1,0,0,0,0.239
1996,156.0,34.8,0.0,0.2,1,0.0,2.559550192783766,0,0,0,1,0,0,0,0,0,1,0,0,0,0,0.239
1996,287.4,33.7,14.9,0.28,1,1.1383,2.645465325910589,1,0,0,0,0,0,1,0,0,1,0,0,0,0,0.215
1996,383.4,34.8,14.9,0.2,1,12.0161,0.8064758658669484,1,0,0,0,0,0,0,0,0,0,1,0,0,0,0.215
1996,351.5,34.2,14.9,0.31,1,4.9833,1.3837912309017721,1,0,0,1,0,0,0,0,0,0,1,0,0,0,0.215
1996,84.7,33.5,14.9,0.2,1,1.0198,2.7479117345273405,0,0,0,0,0,0,1,0,0,0,0,0,0,0,0.215
1996,88.7,36.2,14.9,0.2,1,1.2406,2.565718292524414,0,0,0,0,0,0,0,0,0,0,0,0,0,0,0.215
1996,90.8,35.0,14.9,0.2,1,1.0567,2.714694743820879,0,0,0,1,0,0,0,0,0,0,1,0,0,0,0.215
1996,209.1,34.2,33.9,0.43,1,10.528,1.4398351280479207,1,0,0,0,0,0,1,0,0,0,1,0,0,0,0.216
1996,135.1,36.4,33.9,0.2,1,6.5318,1.8229350866965048,1,0,0,0,0,0,0,0,0,1,0,0,0,0,0.216
1996,201.3,35.4,33.9,0.38,1,3.4557,2.3804716316511167,1,0,0,1,0,0,0,0,0,0,0,0,0,0,0.216
1996,138.9,33.5,33.9,0.2,1,4.7679,2.0930978681273213,0,0,0,0,0,0,1,0,0,0,1,0,0,0,0.216
1996,244.6,33.9,33.9,0.2,1,2.634,2.6297282343267403,0,0,0,0,0,0,0,0,0,1,0,0,0,0,0.216
1996,262.6,34.8,33.9,0.51,1,3.0623,2.4907230351094403,0,0,0,1,0,0,0,0,0,1,0,0,0,0,0.216
1996,618.6,21.9,35.5,0.55,0,4.5396,2.1770218700187,1,0,0,0,0,0,0,0,0,0,1,1,0,0,1.081
1996,738.7,22.1,35.5,1.44,0,12.5,1.3454723665996355,1,0,0,1,0,0,0,0,0,1,0,0,1,0,1.081
1996,117.7,23.5,35.5,0.2,0,4.0341,2.2823823856765264,0,0,0,0,0,0,0,0,0,0,1,0,0,0,1.081
1996,487.7,22.6,35.5,0.79,0,3.2719,2.47232786758114,0,0,0,1,0,0,0,0,0,0,0,1,0,0,1.081
1996,440.1,25.3,19.5,0.24,0,4.6988,1.6389967146756448,1,0,0,0,0,0,0,0,0,0,1,1,0,0,0.34
1996,524.8,26.3,19.5,0.73,0,4.7912,1.623340817603092,1,0,0,1,0,0,0,0,0,0,1,1,0,0,0.34
1996,321.8,24.9,19.5,0.2,0,2.3868,2.2159372862683733,0,0,0,0,0,0,0,0,0,0,0,0,0,0,0.34
1996,368.8,27.4,19.5,0.31,0,2.7581,2.0881534822818573,0,0,0,1,0,0,0,0,0,0,1,0,0,0,0.34
1996,738.2,22.4,43.4,0.47,0,8.2824,1.8309801823813363,1,0,0,0,0,0,0,0,0,0,1,0,1,0,0.617
1996,1072.2,22.2,43.4,3.02,0,4.5732,2.3504224224082058,1,0,0,1,0,0,0,0,0,0,1,0,0,1,0.617
1996,521.3,23.5,43.4,0.52,0,3.2954,2.6511270537025893,0,0,0,0,0,0,0,0,0,0,1,1,0,0,0.617
1996,123.7,21.3,43.4,0.2,0,4.8492,2.2975725511705014,0,0,0,1,0,0,0,0,0,1,0,0,0,0,0.617
1996,428.1,18.2,51.1,1.31,0,5.9007,2.2679936482244267,1,0,0,0,0,0,0,0,1,0,0,1,0,0,1.385
1996,764.1,20.9,51.1,1.22,0,3.7491,2.683074215032033,1,0,0,0,0,0,0,0,0,1,0,0,1,0,1.385
1996,877.3,19.0,51.1,2.19,0,10.6458,1.7578579175523736,1,0,0,1,0,0,0,0,0,1,0,0,1,0,1.385
1996,279.6,20.9,51.1,0.2,0,4.4943,2.5152741864043966,0,0,0,0,0,0,0,0,1,0,1,0,0,0,1.385
1996,320.8,19.1,51.1,0.21,0,10.2405,1.7900914121273581,0,0,0,0,0,0,0,0,0,1,0,0,0,0,1.385
1996,589.6,20.0,51.1,1.55,0,5.3008,2.3646204839134985,0,0,0,1,0,0,0,0,0,0,1,1,0,0,1.385
1996,1174.1,23.0,52.8,1.01,0,3.6016,2.751109690562657,1,0,0,0,0,0,0,0,0,1,0,0,0,1,1.472
1996,920.0,23.6,52.8,3.54,0,7.1837,2.122261538862764,1,0,0,1,0,0,0,0,0,1,0,0,1,0,1.472
1996,1206.7,21.5,52.8,1.23,0,4.3493,2.5756610130564646,0,0,0,0,0,0,0,0,0,1,0,0,0,1,1.472
1996,729.8,21.5,52.8,2.36,0,8.2115,2.005525858729668,0,0,0,1,0,0,0,0,0,0,1,0,1,0,1.472
1996,1151.5,24.8,53.7,0.4,0,29.5055,1.0367368849500223,1,0,0,0,0,0,0,0,0,0,1,0,0,1,1.511
1996,1022.6,23.4,53.7,1.64,0,8.4567,1.9947003132247452,1,0,0,1,0,0,0,0,0,1,0,0,0,1,1.511
1996,1186.8,21.2,53.7,2.59,0,4.7313,2.513656063073986,1,1,0,0,0,0,0,0,0,1,0,0,0,1,1.511
1996,935.4,21.9,53.7,0.87,0,8.7317,1.9671123567059163,0,0,0,0,0,0,0,0,0,0,1,0,1,0,1.511
1996,863.9,22.6,53.7,1.91,0,21.9184,1.2383742310432684,0,0,0,1,0,0,0,0,0,1,0,0,1,0,1.511
1996,435.3,23.6,53.7,0.28,0,3.7163,2.7376090033437546,0,1,0,0,0,0,0,0,0,1,0,1,0,0,1.511
1996,1034.3,21.4,74.9,1.16,0,8.7602,2.256541154492639,1,0,0,0,0,0,0,0,0,0,1,0,0,1,1.053
1996,765.6,24.0,74.9,1.91,0,12.9585,1.9139771019523042,1,0,0,1,0,0,0,0,0,0,1,0,1,0,1.053
1996,726.6,24.1,74.9,0.73,0,8.521,2.281361456542419,0,0,0,0,0,0,0,0,0,0,1,0,1,0,1.053
1996,597.9,24.3,74.9,1.84,0,20.7479,1.528227857008557,0,0,0,1,0,0,0,0,0,1,0,1,0,0,1.053
1996,1299.6,21.5,62.7,1.08,0,10.3808,1.951608170169951,1,0,0,0,0,0,0,0,0,0,1,0,0,1,1.369
1996,1395.8,18.4,62.7,3.57,0,8.5656,2.1186622548331173,1,0,0,1,0,0,0,0,0,0,1,0,0,1,1.369
1996,1329.1,19.5,62.7,2.1,0,114.0,0.4382549309311553,0,0,0,0,0,0,0,0,0,0,0,0,0,1,1.369
1996,531.7,20.4,62.7,0.49,0,89.5714,0.5306282510621704,0,0,0,1,0,0,0,0,0,0,0,1,0,0,1.369
1996,599.3,19.7,29.5,0.55,0,3.9865,2.128231705849268,1,0,0,0,0,0,0,0,0,0,1,1,0,0,0.583
1996,490.3,23.1,29.5,1.15,0,4.1491,2.0930978681273213,1,0,0,1,0,0,0,0,0,0,1,1,0,0,0.583
1996,226.0,21.4,29.5,0.2,0,2.0303,2.7427736371605955,0,0,0,0,0,0,0,0,0,1,0,0,0,0,0.583
1996,612.4,20.9,29.5,0.73,0,9.306,1.4279160358107101,0,0,0,1,0,0,0,0,0,0,1,1,0,0,0.583
1996,1236.4,19.6,56.9,3.45,0,5.6337,2.4069451083182885,1,0,0,0,0,0,0,0,1,0,1,0,0,1,1.391
1996,685.7,18.4,56.9,0.84,0,3.8973,2.747270914255491,1,0,0,0,0,0,0,0,0,1,0,1,0,0,1.391
1996,1039.2,16.8,56.9,2.9,0,7.2208,2.1838015570040787,1,0,0,1,0,0,0,0,0,0,0,0,0,1,1.391
1996,709.2,16.2,56.9,1.67,0,18.5342,1.4036429994545037,0,0,0,0,0,0,0,0,1,0,1,0,1,0,1.391
1996,296.7,19.8,56.9,0.2,0,4.9608,2.523325759691945,0,0,0,0,0,0,0,0,0,1,0,0,0,0,1.391
1996,832.1,18.9,56.9,1.63,0,15.133,1.5602476682433286,0,0,0,1,0,0,0,0,0,0,1,0,1,0,1.391
1996,855.0,16.3,53.0,0.94,0,7.5177,2.0856720914304723,1,0,0,0,0,0,0,0,0,0,1,0,1,0,1.144
1996,1138.1,17.4,53.0,2.49,0,7.5284,2.0844290831908747,1,0,0,1,0,0,0,0,0,1,0,0,0,1,1.144
1996,555.3,18.5,53.0,1.04,0,19.4139,1.3164082336557241,0,0,0,0,0,0,0,0,0,0,1,1,0,0,1.144
1996,394.6,17.7,53.0,0.36,0,9.7786,1.8594181177018698,0,0,0,1,0,0,0,0,0,1,0,0,0,0,1.144
1996,1484.0,19.2,60.7,3.18,0,5.0457,2.567254391136754,1,0,0,0,0,0,0,0,0,0,0,0,0,1,1.602
1996,1520.1,19.8,60.7,1.27,0,8.2585,2.122261538862764,1,0,0,1,0,0,0,0,0,0,1,0,0,1,1.602
1996,967.9,22.2,60.7,4.41,0,16.8611,1.5260563034950492,1,1,0,0,0,0,0,0,0,0,0,0,1,0,1.602
1996,1258.4,21.1,60.7,2.84,0,5.5282,2.4832385926873033,1,0,0,0,0,1,0,0,0,0,1,0,0,1,1.602
1996,985.2,19.4,60.7,1.07,0,4.9031,2.5937610547000824,0,0,0,0,0,0,0,0,0,0,1,0,1,0,1.602
1996,677.2,18.9,60.7,0.73,0,5.2463,2.531313022602156,0,0,0,1,0,0,0,0,0,0,1,1,0,0,1.602
1996,655.9,19.2,60.7,1.07,0,41.2925,0.9042181506398859,0,1,0,0,0,0,0,0,0,1,0,1,0,0,1.602
1996,601.0,21.7,60.7,1.19,0,6.1687,2.3832429960115,0,0,0,0,0,1,0,0,0,0,1,1,0,0,1.602
1996,363.4,30.7,20.3,0.2,1,1.5149,2.667228206581955,1,0,0,0,0,0,0,0,0,0,1,0,0,0,0.243
1996,236.7,30.9,20.3,0.2,1,2.6501,2.1587147225743437,1,0,0,1,0,0,0,0,0,0,1,0,0,0,0.243
1996,142.5,29.6,20.3,0.2,0,1.5798,2.6282852326333477,0,0,0,0,0,0,0,0,0,1,0,0,0,0,0.243
1996,61.0,30.3,20.3,0.2,1,3.5182,1.9125010869241836,0,0,0,1,0,0,0,0,0,0,0,0,0,0,0.243
1996,316.6,31.7,8.1,0.2,1,0.8149,2.392425796993835,1,0,0,0,0,0,0,0,0,1,0,0,0,0,0.212
1996,301.9,32.4,8.1,0.2,1,3.4177,1.2149127443642704,1,0,0,1,0,0,0,0,0,0,1,0,0,0,0.212
1996,226.3,32.4,8.1,0.2,1,0.5745,2.714694743820879,0,0,0,0,0,0,0,0,0,1,0,0,0,0,0.212
1996,137.9,32.9,8.1,0.2,1,1.7724,1.7173950539391927,0,0,0,1,0,0,0,0,0,1,0,0,0,0,0.212
1997,920.5,18.6,120.3,6.46,0,22.1956,1.8594181177018698,1,0,0,0,0,0,0,0,1,1,0,0,1,0,3.582
1997,671.3,14.4,120.3,1.48,0,12.6366,2.3532782073095637,1,0,0,0,0,0,0,0,0,0,0,1,0,0,3.582
1997,558.5,17.9,120.3,4.25,0,24.501,1.776645831418007,1,0,0,1,0,0,0,0,0,1,0,1,0,0,3.582
1997,168.8,16.3,120.3,0.67,0,13.0761,2.322387720290225,0,0,0,0,0,0,0,0,1,0,0,0,0,0,3.582
1997,896.1,17.3,120.3,2.2,0,25.9827,1.728109442151599,0,0,0,0,0,0,0,0,0,0,0,0,1,0,3.582
1997,737.7,15.9,120.3,3.62,0,33.1405,1.5325568680981427,0,0,0,1,0,0,0,0,0,0,0,0,1,0,3.582
1997,831.6,19.7,100.4,4.75,0,10.02,2.3997118037247684,1,0,0,0,0,0,0,0,1,1,0,0,1,0,4.069
1997,702.2,18.7,100.4,1.63,0,15.4224,2.0162354657760435,1,0,0,0,0,0,0,0,0,0,0,0,1,0,4.069
1997,1095.3,16.9,100.4,3.68,0,62.3602,0.959350221334602,1,0,0,1,0,0,0,0,0,1,0,0,0,1,4.069
1997,635.4,15.5,100.4,4.91,0,22.3608,1.7029282555214393,0,0,0,0,0,0,0,0,1,0,1,1,0,0,4.069
1997,948.6,15.7,100.4,1.8,0,15.2352,2.0268315914075385,0,0,0,0,0,0,0,0,0,1,0,0,1,0,4.069
1997,838.3,16.9,100.4,3.53,0,17.0458,1.9300710850255671,0,0,0,1,0,0,0,0,0,1,0,0,1,0,4.069
1997,545.0,18.3,92.9,4.63,0,27.5668,1.4747630091074988,1,0,0,0,0,0,0,0,1,1,0,1,0,0,3.973
1997,942.2,17.3,92.9,1.4,0,8.9672,2.4300984132930052,1,0,0,0,0,0,0,0,0,0,0,0,1,0,3.973
1997,839.9,17.9,92.9,6.07,0,55.6287,0.9820784724121582,1,0,0,1,0,0,0,0,0,0,0,0,1,0,3.973
1997,634.5,20.0,92.9,5.76,0,11.4833,2.2071749081893874,1,0,0,0,1,0,0,0,0,0,0,1,0,0,3.973
1997,139.1,18.4,92.9,0.35,0,31.9244,1.3635373739972745,0,0,0,0,0,0,0,0,1,1,0,0,0,0,3.973
1997,312.1,17.3,92.9,0.34,0,6.5285,2.7232671669070703,0,0,0,0,0,0,0,0,0,0,0,0,0,0,3.973
1997,618.1,17.2,92.9,2.08,0,13.2714,2.0794415416798357,0,0,0,1,0,0,0,0,0,0,1,1,0,0,3.973
1997,513.1,21.4,92.9,1.52,0,10.22,2.3115448343655176,0,0,0,0,1,0,0,0,0,0,1,1,0,0,3.973
1997,1037.6,16.5,101.9,1.67,0,90.9821,0.7514160886839212,1,0,0,0,0,0,0,0,0,0,0,0,0,1,2.798
1997,957.2,18.6,101.9,3.58,0,10.8289,2.3427668826268775,1,0,0,1,0,0,0,0,0,0,1,0,1,0,2.798
1997,1094.2,17.2,101.9,6.09,0,9.5861,2.453587966530573,1,0,0,0,0,0,0,1,0,1,0,0,0,1,2.798
1997,651.5,15.7,101.9,0.59,0,40.76,1.252762968495368,0,0,0,0,0,0,0,0,0,0,0,1,0,0,2.798
1997,720.6,18.7,101.9,3.05,0,17.9401,1.8991179875485542,0,0,0,1,0,0,0,0,0,0,1,0,1,0,2.798
1997,925.0,17.8,101.9,4.92,0,24.378,1.6448050562713916,0,0,0,0,0,0,0,1,0,1,0,0,1,0,2.798
1997,1035.9,18.0,115.0,1.83,0,103.6036,0.7466879474879752,1,0,0,0,0,0,0,0,0,0,1,0,0,1,2.502
1997,1106.2,21.0,115.0,4.23,0,15.7534,2.1162555148025524,1,0,0,1,0,0,0,0,0,0,0,0,0,1,2.502
1997,906.9,17.4,115.0,0.95,0,8.0929,2.7219531062712017,0,0,0,0,0,0,0,0,0,1,0,0,1,0,2.502
1997,728.3,20.2,115.0,4.38,0,10.6187,2.4706386779902956,0,0,0,1,0,0,0,0,0,1,0,0,1,0,2.502
1997,875.4,19.0,145.4,1.88,0,49.7945,1.366091653802371,1,0,0,0,0,0,0,0,0,0,0,0,1,0,2.346
1997,1317.3,19.8,145.4,7.1,0,26.3406,1.8748743759385615,1,0,0,1,0,0,0,0,0,1,0,0,0,1,2.346
1997,728.4,19.8,145.4,1.2,0,81.2291,1.0260415958332743,0,0,0,0,0,0,0,0,0,1,0,0,1,0,2.346
1997,757.6,19.5,145.4,3.91,0,79.8901,1.0367368849500223,0,0,0,1,0,0,0,0,0,0,0,0,1,0,2.346
1997,2037.3,19.7,100.6,3.37,0,7.3324,2.6892071133007303,1,0,0,0,0,0,0,0,0,0,0,0,0,1,2.552
1997,1216.0,19.0,100.6,1.82,0,22.5056,1.6992786164338898,1,0,0,1,0,0,0,0,0,0,0,0,0,1,2.552
1997,863.4,18.4,100.6,1.6,0,19.053,1.8373699804801074,0,0,0,0,0,0,0,0,0,1,0,0,1,0,2.552
1997,441.4,17.7,100.6,0.62,0,11.6705,2.263844264677615,0,0,0,1,0,0,0,0,0,1,0,1,0,0,2.552
1997,1037.0,18.0,161.3,2.08,0,31.8775,1.801709800081223,1,0,0,0,0,0,0,0,0,0,0,0,0,1,2.398
1997,1416.3,18.8,161.3,5.96,0,10.862,2.7631695003232895,1,0,0,1,0,0,0,0,0,0,1,0,0,1,2.398
1997,692.2,17.4,161.3,1.44,0,80.2488,1.1019400787607843,0,0,0,0,0,0,0,0,0,0,1,1,0,0,2.398
1997,822.0,19.9,161.3,2.85,0,16.1139,2.3988039507345884,0,0,0,1,0,0,0,0,0,0,0,0,1,0,2.398
1997,1100.0,18.6,68.7,1.07,0,5.2006,2.6539459421090092,1,0,0,0,0,0,0,0,0,0,1,0,0,1,1.579
1997,1295.8,18.7,68.7,3.75,0,19.7983,1.4973884086254776,1,0,0,1,0,0,0,0,0,0,1,0,0,1,1.579
1997,1057.2,17.5,68.7,1.1,0,6.2568,2.4832385926873033,0,0,0,0,0,0,0,0,0,0,0,0,0,1,1.579
1997,989.6,20.5,68.7,2.46,0,14.6795,1.7369512327330598,0,0,0,1,0,0,0,0,0,1,0,0,1,0,1.579
1997,773.4,15.7,139.6,1.63,0,10.3026,2.6775909936175015,1,0,0,0,0,0,0,0,0,0,0,0,1,0,3.983
1997,1102.3,16.3,139.6,1.63,0,13.6461,2.418588768750352,1,0,0,1,0,0,0,0,0,0,0,0,0,1,3.983
1997,905.5,17.2,139.6,4.79,0,21.3783,2.018895041811802,1,0,0,0,0,0,0,1,0,0,0,0,1,0,3.983
1997,889.4,18.2,139.6,11.27,0,45.0323,1.410986973710262,1,0,0,0,1,0,0,0,0,1,0,0,1,0,3.983
1997,849.6,16.2,139.6,0.95,0,12.0866,2.529720665577793,0,0,0,0,0,0,0,0,0,1,0,0,1,0,3.983
1997,709.1,14.7,139.6,1.59,0,39.5467,1.5107219394949425,0,0,0,1,0,0,0,0,0,0,0,0,1,0,3.983
1997,632.4,17.7,139.6,3.82,0,13.2197,2.4475508632442313,0,0,0,0,0,0,0,1,0,1,0,1,0,0,3.983
1997,652.9,18.0,139.6,5.17,0,9.516,2.7517480563679295,0,0,0,0,1,0,0,0,0,0,1,1,0,0,3.983
1997,1263.2,18.0,112.0,2.11,0,12.4861,2.299580583973747,1,0,0,0,0,0,0,0,0,1,0,0,0,1,2.733
1997,1020.6,18.7,112.0,1.85,0,41.0256,1.3164082336557241,1,0,0,1,0,0,0,0,0,0,1,0,0,1,2.733
1997,1270.1,16.1,112.0,4.2,0,25.7471,1.6770965609079151,1,0,0,0,0,0,0,1,0,0,0,0,0,1,2.733
1997,955.7,18.5,112.0,1.9,0,18.2114,1.9671123567059163,0,0,0,0,0,0,0,0,0,0,0,0,1,0,2.733
1997,1057.7,18.4,112.0,2.7,0,8.1336,2.6925980965432883,0,0,0,1,0,0,0,0,0,1,0,0,0,1,2.733
1997,907.7,17.6,112.0,3.66,0,10.3704,2.468099531471619,0,0,0,0,0,0,0,1,0,0,0,0,1,0,2.733
1997,732.0,15.5,54.8,0.82,0,5.3778,2.4150205223238337,1,0,0,0,0,0,0,0,0,0,1,0,1,0,1.242
1997,461.1,13.7,54.8,0.76,0,8.6709,1.9906103279732201,1,0,0,1,0,0,0,0,0,0,0,1,0,0,1.242
1997,733.7,14.2,54.8,0.68,0,3.8673,2.719319793360441,1,0,0,0,0,0,0,1,0,0,1,0,1,0,1.242
1997,649.0,14.2,54.8,1.02,0,5.8672,2.336019869080283,1,0,1,0,0,0,0,0,0,1,0,1,0,0,1.242
1997,335.3,16.2,54.8,0.2,0,4.1515,2.653241964607215,0,0,0,0,0,0,0,0,0,0,1,0,0,0,1.242
1997,195.7,15.8,54.8,0.2,0,4.1578,2.6518325211039815,0,0,0,1,0,0,0,0,0,0,0,0,0,0,1.242
1997,278.2,16.8,54.8,0.24,0,9.8032,1.8855533485144158,0,0,0,0,0,0,0,1,0,0,1,0,0,0,1.242
1997,612.6,15.7,54.8,1.08,0,5.0229,2.477378383367209,0,0,1,0,0,0,0,0,0,0,1,1,0,0,1.242
1997,747.2,17.8,58.1,0.67,0,12.9687,1.7011051009599243,1,0,0,0,0,0,0,0,0,1,0,0,1,0,1.371
1997,585.4,16.8,58.1,1.85,0,4.3101,2.6727683869575705,1,0,0,1,0,0,0,0,0,0,1,1,0,0,1.371
1997,588.4,18.9,58.1,1.17,0,13.3871,1.6752256529721035,1,0,0,0,0,0,0,1,0,1,0,1,0,0,1.371
1997,783.9,17.6,58.1,1.11,0,6.2743,2.3282528397426234,1,0,1,0,0,0,0,0,0,0,1,0,1,0,1.371
1997,583.5,19.0,58.1,0.69,0,14.3103,1.6213664832993742,0,0,0,0,0,0,0,0,0,0,1,1,0,0,1.371
1997,538.1,18.0,58.1,1.4,0,5.4047,2.463853240590168,0,0,0,1,0,0,0,0,0,0,1,1,0,0,1.371
1997,217.4,19.1,58.1,0.2,0,5.2342,2.4932054526026954,0,0,0,0,0,0,0,1,0,0,1,0,0,0,1.371
1997,472.9,16.8,58.1,0.96,0,17.2404,1.4747630091074988,0,0,1,0,0,0,0,0,0,0,1,1,0,0,1.371
1997,714.4,17.2,44.9,0.89,0,5.698,2.1838015570040787,1,0,0,0,0,0,0,0,0,0,0,0,1,0,0.987
1997,788.0,17.6,44.9,1.1,0,3.8051,2.5494451709255714,1,0,0,1,0,0,0,0,0,1,0,0,1,0,0.987
1997,1025.5,18.2,44.9,1.57,0,5.0449,2.2925347571405443,1,0,1,0,0,0,0,0,0,0,1,0,0,1,0.987
1997,430.8,18.1,44.9,0.39,0,20.787,1.1505720275988207,0,0,0,0,0,0,0,0,0,0,1,1,0,0,0.987
1997,479.4,18.0,44.9,1.45,0,5.1609,2.272125885509337,0,0,0,1,0,0,0,0,0,0,0,1,0,0,0.987
1997,314.1,17.0,44.9,0.2,0,7.0709,1.9947003132247452,0,0,1,0,0,0,0,0,0,1,0,0,0,0,0.987
1997,875.9,17.8,54.6,1.02,0,3.8182,2.72785282839839,1,0,0,0,0,0,0,0,0,0,1,0,1,0,1.215
1997,696.7,18.9,54.6,1.02,0,22.4691,1.2325602611778486,1,0,0,1,0,0,0,0,0,1,0,1,0,0,1.215
1997,812.3,19.9,54.6,1.32,0,8.125,2.0438143640366846,1,0,1,0,0,0,0,0,0,1,0,0,1,0,1.215
1997,932.8,19.1,54.6,1.26,0,3.7067,2.7555697170701863,1,0,0,0,0,1,0,0,0,0,1,0,1,0,1.215
1997,570.3,17.9,54.6,0.62,0,13.616,1.6114359150967734,0,0,0,0,0,0,0,0,0,1,0,1,0,0,1.215
1997,683.0,18.0,54.6,1.89,0,7.5103,2.1126345090356,0,0,0,1,0,0,0,0,0,0,1,1,0,0,1.215
1997,372.5,17.4,54.6,0.38,0,4.7686,2.5217206229107165,0,0,1,0,0,0,0,0,0,0,1,0,0,0,1.215
1997,610.6,18.0,54.6,0.57,0,4.4211,2.5915163848462583,0,0,0,0,0,1,0,0,0,0,0,1,0,0,1.215
1997,637.9,21.0,59.7,1.55,0,14.2823,1.6448050562713916,1,0,0,0,0,0,0,0,0,1,0,1,0,0,1.367
1997,726.8,20.9,59.7,2.58,0,7.0987,2.2417729535972883,1,0,0,1,0,0,0,0,0,0,1,0,1,0,1.367
1997,469.7,19.4,59.7,1.59,0,6.5894,2.3085671646715933,1,0,1,0,0,0,0,0,0,1,0,1,0,0,1.367
1997,451.6,18.1,59.7,0.58,0,9.5064,1.9851308622085946,0,0,0,0,0,0,0,0,0,0,1,1,0,0,1.367
1997,275.1,17.6,59.7,0.24,0,10.0336,1.9387416595767009,0,0,0,1,0,0,0,0,0,1,0,0,0,0,1.367
1997,431.1,21.6,59.7,0.84,0,13.9813,1.6620303625532709,0,0,1,0,0,0,0,0,0,0,1,1,0,0,1.367
1997,606.7,18.4,70.4,1.25,0,6.8549,2.422144328051685,1,0,0,0,0,0,0,0,0,0,0,1,0,0,1.854
1997,634.8,17.7,70.4,1.28,0,9.7372,2.1077860146889784,1,0,0,1,0,0,0,0,0,1,0,1,0,0,1.854
1997,673.7,18.8,70.4,1.86,0,5.0322,2.7073833121145063,1,0,1,0,0,0,0,0,0,0,1,1,0,0,1.854
1997,711.1,17.6,70.4,3.0,0,10.1441,2.0719132752590443,1,0,0,0,1,0,0,0,0,0,0,0,1,0,1.854
1997,617.2,17.1,70.4,1.02,0,10.8141,2.0162354657760435,0,0,0,0,0,0,0,0,0,1,0,1,0,0,1.854
1997,273.8,17.1,70.4,0.28,0,35.9184,1.085189268335969,0,0,0,1,0,0,0,0,0,1,0,0,0,0,1.854
1997,185.9,16.3,70.4,0.2,0,5.3699,2.6468837658647226,0,0,1,0,0,0,0,0,0,1,0,0,0,0,1.854
1997,418.4,15.4,70.4,4.82,0,72.5773,0.6780335427498971,0,0,0,0,1,0,0,0,0,0,1,1,0,0,1.854
1997,474.3,20.7,66.0,0.83,0,18.232,1.5303947050936475,1,0,0,0,0,0,0,0,0,0,0,1,0,0,1.181
1997,459.8,20.8,66.0,2.05,0,5.9837,2.4874035299865875,1,0,0,1,0,0,0,0,0,0,1,1,0,0,1.181
1997,307.2,18.2,66.0,0.23,0,7.4492,2.288486168614544,0,0,0,0,0,0,0,0,0,0,1,0,0,0,1.181
1997,331.9,18.8,66.0,0.91,0,10.4596,1.9892432737616872,0,0,0,1,0,0,0,0,0,0,1,0,0,0,1.181
1997,780.0,16.0,150.1,3.11,0,12.6029,2.558002204858551,1,0,0,0,0,0,0,0,0,0,0,0,1,0,3.861
1997,1122.6,15.5,150.1,3.93,0,10.0133,2.771963526845863,1,0,0,1,0,0,0,0,0,0,0,0,0,1,3.861
1997,914.7,15.2,150.1,16.83,0,27.5919,1.8625285401162623,1,0,0,0,1,0,0,0,0,0,1,0,1,0,3.861
1997,546.7,14.1,150.1,0.65,0,16.3686,2.3194422100604686,0,0,0,0,0,0,0,0,0,0,0,1,0,0,3.861
1997,467.0,16.9,150.1,1.29,0,15.6354,2.3608540011180215,0,0,0,1,0,0,0,0,0,0,1,1,0,0,3.861
1997,466.7,16.6,150.1,6.33,0,197.5,0.5653138090500605,0,0,0,0,1,0,0,0,0,0,1,1,0,0,3.861
1997,632.3,21.4,40.3,0.53,0,23.5673,0.9969486348916096,1,0,0,0,0,0,0,0,0,1,0,1,0,0,0.496
1997,712.4,18.8,40.3,1.57,0,5.1403,2.179286876649552,1,0,0,1,0,0,0,0,0,1,0,0,1,0,0.496
1997,467.9,19.0,40.3,0.45,0,6.0602,2.0347056478384444,0,0,0,0,0,0,0,0,0,0,1,1,0,0,0.496
1997,462.0,19.2,40.3,0.77,0,2.8142,2.729159164312445,0,0,0,1,0,0,0,0,0,0,1,1,0,0,0.496
1997,611.5,23.3,47.8,0.82,0,5.5006,2.2710944259026746,1,0,0,0,0,0,1,0,0,0,1,1,0,0,0.89
1997,571.8,20.3,47.8,0.6,0,7.071,2.048982334195127,1,0,0,0,0,0,0,0,0,1,0,1,0,0,0.89
1997,453.4,23.1,47.8,1.75,0,6.224,2.1610215286722587,1,0,0,1,0,0,0,0,0,0,0,1,0,0,0.89
1997,295.5,21.6,47.8,0.2,0,10.2575,1.7334238922150915,0,0,0,0,0,0,1,0,0,0,0,0,0,0,0.89
1997,278.8,22.6,47.8,0.2,0,3.4638,2.6946271807700692,0,0,0,0,0,0,0,0,0,0,1,0,0,0,0.89
1997,424.9,21.8,47.8,1.16,0,4.3974,2.4740142086215764,0,0,0,1,0,0,0,0,0,1,0,1,0,0,0.89
1997,639.3,23.5,39.0,0.75,0,3.7718,2.428336298299606,1,0,0,0,0,0,1,0,0,1,0,1,0,0,0.48
1997,607.8,24.1,39.0,0.44,0,8.1761,1.7526720805200082,1,0,0,0,0,0,0,0,0,0,1,1,0,0,0.48
1997,533.3,22.8,39.0,1.71,0,3.8922,2.3997118037247684,1,0,0,1,0,0,0,0,0,0,0,1,0,0,0.48
1997,456.8,23.7,39.0,0.78,0,3.202,2.578700529074361,0,0,0,0,0,0,1,0,0,1,0,1,0,0,0.48
1997,252.3,22.9,39.0,0.2,0,6.4039,1.958685340544036,0,0,0,0,0,0,0,0,0,0,0,0,0,0,0.48
1997,291.9,24.5,39.0,0.74,0,2.6786,2.7447035187502458,0,0,0,1,0,0,0,0,0,0,0,0,0,0,0.48
1997,288.6,25.1,24.3,0.2,0,19.918,0.7975071958841881,1,0,0,0,0,0,1,0,0,0,0,0,0,0,0.455
1997,732.8,23.5,24.3,0.2,0,1.7724,2.688527534613346,1,0,0,0,0,0,0,0,0,1,0,0,1,0,0.455
1997,600.0,25.1,24.3,1.18,0,4.0299,1.9501867058225735,1,0,0,1,0,0,0,0,0,0,1,1,0,0,0.455
1997,525.5,21.7,24.3,0.3,0,1.9581,2.596000697293587,0,0,0,0,0,0,1,0,0,1,0,1,0,0,0.455
1997,558.9,24.1,24.3,0.2,0,12.4615,1.0818051703517284,0,0,0,0,0,0,0,0,0,0,1,1,0,0,0.455
1997,108.2,25.9,24.3,0.2,0,7.9934,1.3962446919730587,0,0,0,1,0,0,0,0,0,0,0,0,0,0,0.455
1997,960.9,26.9,27.5,0.2,0,1.8358,2.7713379403381286,1,0,0,0,0,0,0,0,0,1,0,0,1,0,0.266
1997,1019.2,29.3,27.5,0.56,0,4.8673,1.8946168546677629,1,0,0,1,0,0,0,0,0,1,0,0,0,1,0.266
1997,569.8,27.6,27.5,0.2,0,2.0176,2.683074215032033,0,0,0,0,0,0,0,0,0,0,0,1,0,0,0.266
1997,689.3,26.8,27.5,0.33,0,7.5137,1.5390154481375546,0,0,0,1,0,0,0,0,0,0,1,1,0,0,0.266
1997,340.5,27.2,18.7,0.2,0,2.5864,2.1077860146889784,1,0,0,0,0,0,0,0,0,1,0,0,0,0,0.661
1997,603.1,28.6,18.7,0.23,0,2.1298,2.280339484046726,1,0,0,1,0,0,0,0,0,0,1,1,0,0,0.661
1997,489.8,25.7,18.7,0.89,0,1.3415,2.7040421797046714,1,1,0,0,0,0,0,0,0,0,1,1,0,0,0.661
1997,228.1,26.8,18.7,0.2,0,1.9239,2.372111155642656,0,0,0,0,0,0,0,0,0,0,0,0,0,0,0.661
1997,619.3,25.1,18.7,0.52,0,8.5,1.1631508098056809,0,0,0,1,0,0,0,0,0,1,0,1,0,0,0.661
1997,675.1,26.6,18.7,1.09,0,1.7675,2.449279472144849,0,1,0,0,0,0,0,0,0,0,0,1,0,0,0.661
1997,572.4,31.0,16.6,0.2,1,2.5736,2.0082140323914683,1,0,0,0,0,0,0,0,0,0,1,1,0,0,0.678
1997,861.7,26.7,16.6,0.59,0,8.2587,1.1019400787607843,1,0,0,1,0,0,0,0,0,0,0,0,1,0,0.678
1997,872.3,27.3,16.6,0.63,0,1.5413,2.4655539212721855,1,1,0,0,0,0,0,0,0,0,1,0,1,0,0.678
1997,746.2,29.2,16.6,0.2,0,3.5021,1.747459210331475,0,0,0,0,0,0,0,0,0,0,1,0,1,0,0.678
1997,176.4,27.1,16.6,0.2,0,14.8214,0.7514160886839212,0,0,0,1,0,0,0,0,0,0,0,0,0,0,0.678
1997,414.4,27.3,16.6,0.21,0,1.2828,2.6347624053323777,0,1,0,0,0,0,0,0,0,0,1,1,0,0,0.678
1997,422.5,26.1,32.0,0.2,0,2.5257,2.6152036507358583,1,0,0,0,0,0,0,0,0,1,0,1,0,0,0.341
1997,496.8,28.3,32.0,0.57,0,7.7859,1.631199404215613,1,0,0,1,0,0,0,0,0,0,1,1,0,0,0.341
1997,610.4,27.9,32.0,0.86,0,25.3968,0.8153648132841945,1,0,0,0,0,1,0,0,0,0,1,1,0,0,0.341
1997,184.9,29.3,32.0,0.2,0,3.0978,2.427454075039915,0,0,0,0,0,0,0,0,0,1,0,0,0,0,0.341
1997,318.1,27.0,32.0,0.51,0,2.8933,2.4898941912990393,0,0,0,1,0,0,0,0,0,0,1,0,0,0,0.341
1997,300.8,29.4,32.0,0.6,0,3.2653,2.379546134130174,0,0,0,0,0,1,0,0,0,0,1,0,0,0,0.341
1997,699.7,28.0,35.8,0.2,0,5.7464,1.9782390361706734,1,0,0,0,0,0,0,0,0,0,0,1,0,0,0.339
1997,639.1,26.8,35.8,0.47,0,2.4027,2.766319109226186,1,0,0,1,0,0,0,0,0,0,1,1,0,0,0.339
1997,398.6,28.3,35.8,0.2,0,9.6496,1.5496879080283263,0,0,0,0,0,0,0,0,0,0,1,0,0,0,0.339
1997,335.8,29.4,35.8,0.2,0,3.5729,2.3997118037247684,0,0,0,1,0,0,0,0,0,1,0,0,0,0,0.339
1997,497.8,24.2,21.9,0.33,0,1.5565,2.712706012638404,1,0,0,0,0,0,0,0,0,0,1,1,0,0,0.628
1997,549.5,23.2,21.9,0.89,0,11.2308,1.0818051703517284,1,0,0,1,0,0,0,0,0,0,1,1,0,0,0.628
1997,576.2,23.7,21.9,0.39,0,7.3,1.3862943611198906,0,0,0,0,0,0,0,0,0,0,0,1,0,0,0.628
1997,353.8,23.5,21.9,0.74,0,15.5319,0.8796267475025635,0,0,0,1,0,0,0,0,0,1,0,0,0,0,0.628
1997,199.3,32.5,31.1,0.32,1,13.8839,1.1755733298042381,1,0,0,0,0,0,1,0,0,0,1,0,0,0,0.251
1997,68.8,32.7,31.1,0.2,1,2.7067,2.5249283241374862,1,0,0,0,0,0,0,0,0,1,0,0,0,0,0.251
1997,245.0,33.8,31.1,0.37,1,4.9601,1.9837562915454279,1,0,0,1,0,0,0,0,0,1,0,0,0,0,0.251
1997,224.2,30.3,31.1,0.4,1,2.2088,2.71336936257981,0,0,0,0,0,0,1,0,0,1,0,0,0,0,0.251
1997,240.2,33.3,31.1,0.2,1,8.544,1.534714366238164,0,0,0,0,0,0,0,0,0,0,1,0,0,0,0.251
1997,102.8,32.5,31.1,0.2,1,6.4523,1.7613002617433464,0,0,0,1,0,0,0,0,0,0,0,0,0,0,0.251
1997,171.3,33.3,37.2,0.2,1,4.8062,2.167910189667444,1,0,0,0,0,0,1,0,0,0,0,0,0,0,0.239
1997,133.5,32.3,37.2,0.2,1,2.541,2.7498317351171653,1,0,0,0,0,0,0,0,0,0,0,0,0,0,0.239
1997,146.5,35.2,37.2,0.2,1,3.2432,2.523325759691945,1,0,0,1,0,0,0,0,0,0,1,0,0,0,0.239
1997,222.1,32.9,37.2,0.35,1,4.0216,2.327277705584417,0,0,0,0,0,0,1,0,0,1,0,0,0,0,0.239
1997,167.3,32.6,37.2,0.2,1,9.6623,1.5789787049493917,0,0,0,0,0,0,0,0,0,1,0,0,0,0,0.239
1997,103.0,31.2,37.2,0.2,1,4.2759,2.272125885509337,0,0,0,1,0,0,0,0,0,0,1,0,0,0,0.239
1997,151.8,33.7,13.0,0.25,1,1.7287,2.1424163408412245,1,0,0,0,0,0,1,0,0,0,0,0,0,0,0.215
1997,213.3,33.7,13.0,0.2,1,1.0417,2.601207105484161,1,0,0,0,0,0,0,0,0,1,0,0,0,0,0.215
1997,122.6,36.2,13.0,0.2,1,5.3942,1.2267122912954254,1,0,0,1,0,0,0,0,0,1,0,0,0,0,0.215
1997,122.7,33.8,13.0,0.2,1,1.018,2.6224923127405635,0,0,0,0,0,0,1,0,0,1,0,0,0,0,0.215
1997,123.1,35.2,13.0,0.2,1,1.0172,2.6232182655855123,0,0,0,0,0,0,0,0,0,1,0,0,0,0,0.215
1997,54.9,33.4,13.0,0.2,1,1.8388,2.0881534822818573,0,0,0,1,0,0,0,0,0,0,1,0,0,0,0.215
1997,160.8,34.4,16.7,0.2,1,1.7524,2.354228326145884,1,0,0,0,0,0,1,0,0,0,1,0,0,0,0.216
1997,171.6,36.1,16.7,0.2,1,3.7194,1.7029282555214393,1,0,0,0,0,0,0,0,0,0,1,0,0,0,0.216
1997,117.7,35.2,16.7,0.2,1,1.8473,2.306577114263583,1,0,0,1,0,0,0,0,0,0,1,0,0,0,0.216
1997,81.4,34.7,16.7,0.2,1,3.2745,1.8082887711792655,0,0,0,0,0,0,1,0,0,1,0,0,0,0,0.216
1997,76.9,35.4,16.7,0.2,1,1.4249,2.543175557911976,0,0,0,0,0,0,0,0,0,0,0,0,0,0,0.216
1997,119.2,36.4,16.7,0.2,1,1.1361,2.7536607123542622,0,0,0,1,0,0,0,0,0,0,1,0,0,0,0.216
1997,569.8,22.8,58.6,0.52,0,4.6397,2.612273245708441,1,0,0,0,0,0,0,0,0,0,0,1,0,0,1.081
1997,727.0,19.9,58.6,1.83,0,4.0055,2.749192144433385,1,0,0,1,0,0,0,0,0,1,0,0,1,0,1.081
1997,335.2,22.6,58.6,0.54,0,11.7671,1.7884205679625405,0,0,0,0,0,0,0,0,0,0,1,0,0,0,1.081
1997,63.3,22.2,58.6,0.2,0,6.9845,2.2396452932201716,0,0,0,1,0,0,0,0,0,1,0,0,0,0,1.081
1997,408.8,25.6,35.4,0.2,0,10.1143,1.5040773967762742,1,0,0,0,0,0,0,0,0,0,1,1,0,0,0.34
1997,472.3,25.9,35.4,1.02,0,18.7302,1.0612565021243408,1,0,0,1,0,0,0,0,0,0,1,1,0,0,0.34
1997,250.6,26.1,35.4,0.2,0,12.5532,1.3402504226184837,0,0,0,0,0,0,0,0,0,1,0,0,0,0,0.34
1997,124.0,27.6,35.4,0.2,0,4.4867,2.1849270495258133,0,0,0,1,0,0,0,0,0,0,1,0,0,0,0.34
1997,768.5,23.4,22.3,0.28,0,1.8583,2.5649493574615367,1,0,0,0,0,0,0,0,0,1,0,0,1,0,0.617
1997,843.5,24.3,22.3,1.1,0,3.3234,2.0425181875752383,1,0,0,1,0,0,0,0,0,1,0,0,1,0,0.617
1997,495.2,20.3,22.3,0.3,0,1.5497,2.733717947850788,0,0,0,0,0,0,0,0,0,0,0,1,0,0,0.617
1997,516.6,22.8,22.3,1.69,0,2.6422,2.244955980157409,0,0,0,1,0,0,0,0,0,0,0,1,0,0,0.617
1997,593.9,18.7,77.9,3.0,0,8.9437,2.2731562823032334,1,0,0,0,0,0,0,0,1,0,1,1,0,0,1.385
1997,953.7,18.0,77.9,1.37,0,6.0812,2.6253929674212007,1,0,0,0,0,0,0,0,0,0,0,0,1,0,1.385
1997,444.1,19.7,77.9,2.53,0,5.9195,2.6504210882655737,1,0,0,1,0,0,0,0,0,0,0,1,0,0,1.385
1997,592.7,17.3,77.9,2.41,0,6.4594,2.569554123848285,0,0,0,0,0,0,0,0,1,1,0,1,0,0,1.385
1997,530.2,18.6,77.9,0.53,0,16.1954,1.7595805708638197,0,0,0,0,0,0,0,0,0,1,0,1,0,0,1.385
1997,360.1,19.5,77.9,1.0,0,6.2873,2.5945081597030812,0,0,0,1,0,0,0,0,0,0,1,0,0,0,1.385
1997,780.3,22.9,81.1,1.07,0,11.4548,2.089391872533004,1,0,0,0,0,0,0,0,0,0,1,0,1,0,1.472
1997,867.1,22.2,81.1,2.74,0,5.8387,2.7006898466959175,1,0,0,1,0,0,0,0,0,0,1,0,1,0,1.472
1997,880.1,20.4,81.1,1.54,0,37.7209,1.1474024528375417,0,0,0,0,0,0,0,0,0,0,1,0,1,0,1.472
1997,465.2,21.2,81.1,2.01,0,8.7017,2.334083760053417,0,0,0,1,0,0,0,0,0,1,0,1,0,0,1.472
1997,662.6,23.3,61.6,0.46,0,6.2222,2.388762789235098,1,0,0,0,0,0,0,0,0,0,1,1,0,0,1.511
1997,742.2,22.1,61.6,0.47,0,6.0039,2.421256622711544,1,0,0,1,0,0,0,0,0,0,0,0,1,0,1.511
1997,545.7,23.5,61.6,1.42,0,37.7914,0.9669838461896731,1,1,0,0,0,0,0,0,0,0,0,1,0,0,1.511
1997,487.3,24.4,61.6,0.2,0,16.0,1.5789787049493917,0,0,0,0,0,0,0,0,0,0,1,1,0,0,1.511
1997,766.1,20.8,61.6,0.77,0,5.394,2.519308076505333,0,0,0,1,0,0,0,0,0,1,0,0,1,0,1.511
1997,700.3,23.7,61.6,2.49,0,4.1537,2.761906873892921,0,1,0,0,0,0,0,0,0,0,0,0,1,0,1.511
1997,950.7,23.3,78.8,0.75,0,38.8177,1.1085626195212777,1,0,0,0,0,0,0,0,0,0,1,0,1,0,1.053
1997,854.7,22.8,78.8,2.66,0,12.1418,2.0135687975291283,1,0,0,1,0,0,0,0,0,0,1,0,1,0,1.053
1997,428.5,24.2,78.8,0.51,0,11.6053,2.052840859882657,0,0,0,0,0,0,0,0,0,0,1,1,0,0,1.053
1997,251.0,23.7,78.8,0.25,0,8.7168,2.306577114263583,0,0,0,1,0,0,0,0,0,1,0,0,0,0,1.053
1997,888.7,21.6,31.9,0.69,0,3.0821,2.4292177439274116,1,0,0,0,0,0,0,0,0,0,1,0,1,0,1.369
1997,848.2,21.6,31.9,1.61,0,46.9118,0.5187937934151675,1,0,0,1,0,0,0,0,0,0,0,0,1,0,1.369
1997,675.1,22.2,31.9,0.4,0,8.2429,1.5830939370944985,0,0,0,0,0,0,0,0,0,0,1,1,0,0,1.369
1997,1130.4,20.1,31.9,2.63,0,3.0673,2.4336133554004498,0,0,0,1,0,0,0,0,0,0,1,0,0,1,1.369
1997,365.7,21.1,22.0,0.2,0,2.9178,2.1447610078004784,1,0,0,0,0,0,0,0,0,1,0,0,0,0,0.583
1997,375.1,20.9,22.0,0.68,0,4.9661,1.691939133945844,1,0,0,1,0,0,0,0,0,0,1,0,0,0,0.583
1997,297.3,20.9,22.0,0.2,0,1.5131,2.7434173449395014,0,0,0,0,0,0,0,0,0,0,1,0,0,0,0.583
1997,326.4,21.4,22.0,0.77,0,1.4785,2.7650604558189897,0,0,0,1,0,0,0,0,0,0,1,0,0,0,0.583
1997,744.5,20.0,70.2,2.95,0,7.6805,2.316487998163037,1,0,0,0,0,0,0,0,1,1,0,0,1,0,1.391
1997,417.8,19.7,70.2,0.71,0,10.8669,2.0095554142156695,1,0,0,0,0,0,0,0,0,1,0,1,0,0,1.391
1997,658.2,18.4,70.2,1.86,0,11.9185,1.9300710850255671,1,0,0,1,0,0,0,0,0,1,0,1,0,0,1.391
1997,402.4,17.0,70.2,1.99,0,43.0675,0.9669838461896731,0,0,0,0,0,0,0,0,1,1,0,1,0,0,1.391
1997,493.8,18.6,70.2,0.79,0,11.3776,1.969905654611529,0,0,0,0,0,0,0,0,0,0,1,1,0,0,1.391
1997,702.2,16.9,70.2,2.26,0,4.7273,2.7631695003232895,0,0,0,1,0,0,0,0,0,0,1,0,1,0,1.391
1997,535.9,18.3,54.0,0.52,0,11.3924,1.747459210331475,1,0,0,0,0,0,0,0,0,1,0,1,0,0,1.144
1997,455.8,15.3,54.0,0.84,0,7.3871,2.1174596088673567,1,0,0,1,0,0,0,0,0,1,0,1,0,0,1.144
1997,444.3,20.2,54.0,0.73,0,8.9256,1.9530276168241774,0,0,0,0,0,0,0,0,0,0,0,1,0,0,1.144
1997,512.7,17.9,54.0,1.03,0,5.6426,2.3580197998821464,0,0,0,1,0,0,0,0,0,0,1,1,0,0,1.144
1997,1001.9,20.1,66.7,2.51,0,6.0969,2.479894107964456,1,0,0,0,0,0,0,0,0,0,0,0,0,1,1.602
1997,1077.9,18.5,66.7,1.66,0,18.3747,1.5325568680981427,1,0,0,1,0,0,0,0,0,0,1,0,0,1,1.602
1997,651.3,19.7,66.7,1.9,0,4.5779,2.745345985845907,1,1,0,0,0,0,0,0,0,0,0,1,0,0,1.602
1997,879.5,20.5,66.7,1.77,0,5.5769,2.561867690924129,1,0,0,0,0,1,0,0,0,0,0,0,1,0,1.602
1997,519.0,20.4,66.7,0.73,0,20.0904,1.463255402256019,0,0,0,0,0,0,0,0,0,1,0,1,0,0,1.602
1997,584.2,19.2,66.7,1.77,0,8.5954,2.1701959049483,0,0,0,1,0,0,0,0,0,0,0,1,0,0,1.602
1997,493.1,20.6,66.7,0.61,0,12.8516,1.8229350866965048,0,1,0,0,0,0,0,0,0,0,1,1,0,0,1.602
1997,346.5,21.8,66.7,0.46,0,5.5816,2.5610957881455465,0,0,0,0,0,1,0,0,0,0,0,0,0,0,1.602
1997,300.2,29.2,34.2,0.2,0,9.5798,1.5195132049061133,1,0,0,0,0,0,0,0,0,0,1,0,0,0,0.243
1997,313.5,30.9,34.2,0.28,1,4.7303,2.1077860146889784,1,0,0,1,0,0,0,0,0,0,0,0,0,0,0.243
1997,266.4,29.6,34.2,0.2,0,12.6199,1.3110318766193438,0,0,0,0,0,0,0,0,0,0,1,0,0,0,0.243
1997,137.2,31.4,34.2,0.2,1,2.695,2.6166656393003573,0,0,0,1,0,0,0,0,0,0,1,0,0,0,0.243
1997,142.1,30.1,19.5,0.2,1,1.712,2.516889695641051,1,0,0,0,0,0,0,0,0,1,0,0,0,0,0.212
1997,226.9,32.3,19.5,0.2,1,2.2084,2.285438934159075,1,0,0,1,0,0,0,0,0,0,1,0,0,0,0.212
1997,50.0,31.5,19.5,0.2,1,5.6034,1.4996230464268938,0,0,0,0,0,0,0,0,0,0,1,0,0,0,0.212
1997,282.7,31.6,19.5,0.2,1,1.4851,2.6483001966964363,0,0,0,1,0,0,0,0,0,0,1,0,0,0,0.212
1998,1150.8,15.7,68.0,2.14,0,6.0284,2.5079719227189963,1,0,0,0,0,0,0,0,1,0,0,0,0,1,3.582
1998,1305.8,16.8,68.0,2.13,0,26.4591,1.2725655957915476,1,0,0,0,0,0,0,0,0,1,0,0,0,1,3.582
1998,1458.2,17.6,68.0,3.62,0,4.6322,2.7523860149222616,1,0,0,1,0,0,0,0,0,0,0,0,0,1,3.582
1998,678.1,19.5,68.0,2.55,0,9.5105,2.0980179272527715,0,0,0,0,0,0,0,0,1,1,0,1,0,0,3.582
1998,365.0,17.9,68.0,0.2,0,4.5946,2.760009940032921,0,0,0,0,0,0,0,0,0,0,1,0,0,0,3.582
1998,823.1,17.1,68.0,3.56,0,21.7252,1.4182774069729414,0,0,0,1,0,0,0,0,0,0,0,0,1,0,3.582
1998,1166.0,17.6,126.6,11.57,0,56.0177,1.1817271953786161,1,0,0,0,0,0,0,0,1,0,0,0,0,1,4.069
1998,1299.3,16.4,126.6,3.23,0,11.966,2.449279472144849,1,0,0,0,0,0,0,0,0,1,0,0,0,1,4.069
1998,1202.0,16.0,126.6,6.81,0,33.4921,1.5644405465033644,1,0,0,1,0,0,0,0,0,0,0,0,0,1,4.069
1998,198.5,15.4,126.6,0.63,0,42.2,1.3862943611198906,0,0,0,0,0,0,0,0,1,0,0,0,0,0,4.069
1998,1099.2,15.7,126.6,2.0,0,14.9117,2.2502386126218363,0,0,0,0,0,0,0,0,0,0,0,0,0,1,4.069
1998,1250.1,17.6,126.6,7.19,0,26.7089,1.747459210331475,0,0,0,1,0,0,0,0,0,0,1,0,0,1,4.069
1998,755.8,17.9,81.4,4.52,0,18.2921,1.6956156086751528,1,0,0,0,0,0,0,0,1,0,0,0,1,0,3.973
1998,1110.4,18.8,81.4,2.57,0,13.129,1.9740810260220096,1,0,0,0,0,0,0,0,0,0,0,0,0,1,3.973
1998,1129.0,19.3,81.4,8.71,0,15.1583,1.851599469584072,1,0,0,1,0,0,0,0,0,0,0,0,0,1,3.973
1998,1055.7,19.1,81.4,10.57,0,25.3583,1.43746264769429,1,0,0,0,1,0,0,0,0,0,0,0,0,1,3.973
1998,396.7,20.5,81.4,0.58,0,8.0197,2.411439497906128,0,0,0,0,0,0,0,0,1,1,0,0,0,0,3.973
1998,826.8,20.4,81.4,2.21,0,11.166,2.1150499691472033,0,0,0,0,0,0,0,0,0,0,0,0,1,0,3.973
1998,644.0,19.0,81.4,2.72,0,63.1008,0.8285518175661483,0,0,0,1,0,0,0,0,0,0,1,1,0,0,3.973
1998,863.3,18.4,81.4,6.11,0,119.7059,0.5187937934151675,0,0,0,0,1,0,0,0,0,0,1,0,1,0,3.973
1998,1064.2,17.1,97.2,2.35,0,36.4045,1.3001916620664788,1,0,0,0,0,0,0,0,0,0,0,0,0,1,2.798
1998,1586.0,18.7,97.2,6.46,0,23.1429,1.6486586255873816,1,0,0,1,0,0,0,0,0,0,1,0,0,1,2.798
1998,1157.1,16.8,97.2,4.36,0,10.4741,2.330200260027019,1,0,0,0,0,0,0,1,0,0,0,0,0,1,2.798
1998,1013.3,19.3,97.2,1.9,0,12.8742,2.145931282948669,0,0,0,0,0,0,0,0,0,1,0,0,0,1,2.798
1998,607.0,19.0,97.2,4.65,0,9.3462,2.4336133554004498,0,0,0,1,0,0,0,0,0,0,0,1,0,0,2.798
1998,960.6,18.0,97.2,4.89,0,8.2443,2.548663615590751,0,0,0,0,0,0,0,1,0,0,1,0,1,0,2.798
1998,1182.1,19.1,81.6,2.1,0,7.4114,2.485739636091892,1,0,0,0,0,0,0,0,0,1,0,0,0,1,2.502
1998,1077.8,18.1,81.6,4.18,0,8.9474,2.3145136638593193,1,0,0,1,0,0,0,0,0,0,0,0,0,1,2.502
1998,739.7,18.1,81.6,1.47,0,13.3333,1.9629077254238845,0,0,0,0,0,0,0,0,0,0,0,0,1,0,2.502
1998,871.4,17.5,81.6,3.65,0,23.1818,1.5085119938441398,0,0,0,1,0,0,0,0,0,0,0,0,1,0,2.502
1998,1521.8,17.6,125.7,4.36,0,79.0566,0.9516578757114464,1,0,0,0,0,0,0,0,0,0,0,0,0,1,2.346
1998,1931.9,16.7,125.7,1.1,0,27.8097,1.7083778602890038,1,0,0,1,0,0,0,0,0,0,1,0,0,1,2.346
1998,317.7,20.6,125.7,0.26,0,13.5892,2.327277705584417,0,0,0,0,0,0,0,0,0,0,0,0,0,0,2.346
1998,826.7,19.8,125.7,4.67,0,29.3007,1.665818245870208,0,0,0,1,0,0,0,0,0,0,0,0,1,0,2.346
1998,1438.2,18.9,103.6,3.46,0,37.5362,1.324418957401803,1,0,0,0,0,0,0,0,0,0,0,0,0,1,2.552
1998,1904.6,17.9,103.6,4.12,0,18.1754,1.9021075263969205,1,0,0,1,0,0,0,0,0,0,0,0,0,1,2.552
1998,1122.9,19.6,103.6,2.31,0,13.6137,2.152924318439639,0,0,0,0,0,0,0,0,0,0,1,0,0,1,2.552
1998,1175.8,19.5,103.6,2.59,0,16.0124,2.010894999144726,0,0,0,1,0,0,0,0,0,1,0,0,0,1,2.552
1998,2067.5,19.5,95.5,3.4,0,17.3321,1.873339456220478,1,0,0,0,0,0,0,0,0,1,0,0,0,1,2.398
1998,1219.8,17.8,95.5,3.29,0,9.0521,2.446685436967803,1,0,0,1,0,0,0,0,0,0,0,0,0,1,2.398
1998,1275.5,17.5,95.5,1.32,0,20.276,1.742219023667919,0,0,0,0,0,0,0,0,0,0,0,0,0,1,2.398
1998,1282.2,17.1,95.5,2.68,0,11.4784,2.2321626286975,0,0,0,1,0,0,0,0,0,0,0,0,0,1,2.398
1998,1979.5,20.4,72.6,2.58,0,10.431,2.0744289998562917,1,0,0,0,0,0,0,0,0,0,1,0,0,1,1.579
1998,1335.1,18.2,72.6,4.65,0,47.1429,0.9321640810304452,1,0,0,1,0,0,0,0,0,0,0,0,0,1,1.579
1998,1012.4,18.1,72.6,0.98,0,13.4694,1.8547342683894434,0,0,0,0,0,0,0,0,0,0,0,0,0,1,1.579
1998,1270.4,20.1,72.6,5.08,0,6.5583,2.4907230351094403,0,0,0,1,0,0,0,0,0,0,0,0,0,1,1.579
1998,1642.8,17.3,94.9,1.37,0,9.7134,2.3767644911682972,1,0,0,0,0,0,0,0,0,1,0,0,0,1,3.983
1998,1422.1,16.0,94.9,4.28,0,10.4515,2.3105532626432224,1,0,0,1,0,0,0,0,0,0,0,0,0,1,3.983
1998,1708.4,17.9,94.9,6.91,0,35.2788,1.3056264580524357,1,0,0,0,0,0,0,1,0,0,1,0,0,1,3.983
1998,1289.8,15.8,94.9,11.01,0,8.2955,2.5209170873110334,1,0,0,0,1,0,0,0,0,0,0,0,0,1,3.983
1998,946.1,17.0,94.9,1.41,0,13.31,2.0955609235597192,0,0,0,0,0,0,0,0,0,1,0,0,1,0,3.983
1998,625.6,16.6,94.9,1.38,0,9.396,2.4069451083182885,0,0,0,1,0,0,0,0,0,0,0,1,0,0,3.983
1998,876.5,18.2,94.9,5.19,0,11.0093,2.263844264677615,0,0,0,0,0,0,0,1,0,0,0,0,1,0,3.983
1998,909.0,17.8,94.9,7.07,0,7.7343,2.5855058483441162,0,0,0,0,1,0,0,0,0,1,0,0,1,0,3.983
1998,1247.2,16.8,140.9,2.09,0,14.6618,2.3617969526258915,1,0,0,0,0,0,0,0,0,0,0,0,0,1,2.733
1998,1327.2,15.8,140.9,3.04,0,10.144,2.7006898466959175,1,0,0,1,0,0,0,0,0,0,1,0,0,1,2.733
1998,1761.0,19.1,140.9,5.79,0,18.5884,2.149433913499871,1,0,0,0,0,0,0,1,0,0,1,0,0,1,2.733
1998,937.2,16.8,140.9,2.18,0,154.8352,0.6471032420585384,0,0,0,0,0,0,0,0,0,0,0,0,1,0,2.733
1998,939.3,17.4,140.9,3.46,0,14.0619,2.3997118037247684,0,0,0,1,0,0,0,0,0,0,0,0,1,0,2.733
1998,1301.3,17.3,140.9,7.45,0,52.3792,1.3056264580524357,0,0,0,0,0,0,0,1,0,0,0,0,0,1,2.733
1998,1316.4,17.8,41.5,1.38,0,4.3229,2.3608540011180215,1,0,0,0,0,0,0,0,0,0,1,0,0,1,1.242
1998,909.8,16.6,41.5,1.03,0,3.8038,2.477378383367209,1,0,0,1,0,0,0,0,0,0,1,0,1,0,1.242
1998,1025.8,15.5,41.5,0.66,0,13.474,1.4060969884160703,1,0,0,0,0,0,0,1,0,0,1,0,0,1,1.242
1998,954.0,16.3,41.5,1.52,0,4.0058,2.4300984132930052,1,0,1,0,0,0,0,0,0,0,1,0,1,0,1.242
1998,287.5,16.1,41.5,0.2,0,8.7553,1.747459210331475,0,0,0,0,0,0,0,0,0,0,1,0,0,0,1.242
1998,711.9,15.5,41.5,1.84,0,6.3846,2.0149030205422647,0,0,0,1,0,0,0,0,0,1,0,0,1,0,1.242
1998,569.3,18.3,41.5,0.79,0,3.9151,2.451005098112319,0,0,0,0,0,0,0,1,0,0,0,1,0,0,1.242
1998,506.9,16.9,41.5,0.42,0,5.5481,2.1377104498038118,0,0,1,0,0,0,0,0,0,0,1,1,0,0,1.242
1998,655.5,19.1,70.8,1.32,0,131.1111,0.43178241642553783,1,0,0,0,0,0,0,0,0,0,0,1,0,0,1.371
1998,967.1,18.1,70.8,2.93,0,26.9202,1.2892326482767593,1,0,0,1,0,0,0,0,0,0,1,0,1,0,1.371
1998,761.2,18.4,70.8,2.73,0,5.0463,2.710048203764883,1,0,0,0,0,0,0,1,0,0,1,0,1,0,1.371
1998,854.6,18.1,70.8,2.32,0,12.6203,1.888583653863595,1,0,1,0,0,0,0,0,0,0,0,0,1,0,1.371
1998,560.4,16.8,70.8,0.77,0,14.5679,1.7681496035889213,0,0,0,0,0,0,0,0,0,0,1,1,0,0,1.371
1998,701.9,16.7,70.8,1.34,0,5.4969,2.6304489550786583,0,0,0,1,0,0,0,0,0,0,1,0,1,0,1.371
1998,350.9,20.9,70.8,0.47,0,10.0855,2.081938421878423,0,0,0,0,0,0,0,1,0,0,0,0,0,0,1.371
1998,634.0,16.3,70.8,1.19,0,5.3596,2.6539459421090092,0,0,1,0,0,0,0,0,0,0,1,1,0,0,1.371
1998,987.3,18.4,29.1,0.65,0,3.9918,2.1150499691472033,1,0,0,0,0,0,0,0,0,0,1,0,1,0,0.987
1998,792.5,16.3,29.1,1.24,0,3.6194,2.201659174404085,1,0,0,1,0,0,0,0,0,1,0,0,1,0,0.987
1998,440.0,16.9,29.1,0.92,0,3.2405,2.300583090323373,1,0,1,0,0,0,0,0,0,0,0,1,0,0,0.987
1998,840.4,18.8,29.1,1.24,0,4.949,1.9286186519452522,0,0,0,0,0,0,0,0,0,1,0,0,1,0,0.987
1998,393.1,18.3,29.1,1.37,0,2.5415,2.5217206229107165,0,0,0,1,0,0,0,0,0,0,0,0,0,0,0.987
1998,645.0,19.3,29.1,0.81,0,13.5349,1.1474024528375417,0,0,1,0,0,0,0,0,0,0,1,1,0,0,0.987
1998,1016.4,18.0,50.5,0.73,0,5.0149,2.4042387467205457,1,0,0,0,0,0,0,0,0,1,0,0,0,1,1.215
1998,981.4,18.1,50.5,3.01,0,6.5927,2.1587147225743437,1,0,0,1,0,0,0,0,0,0,0,0,1,0,1.215
1998,1259.8,20.4,50.5,2.35,0,4.2437,2.5572273113676265,1,0,1,0,0,0,0,0,0,1,0,0,0,1,1.215
1998,1162.4,15.2,50.5,1.36,0,38.5496,0.8372475245337022,1,0,0,0,0,1,0,0,0,0,1,0,0,1,1.215
1998,848.4,18.2,50.5,1.19,0,7.5599,2.038619547159581,0,0,0,0,0,0,0,0,0,0,0,0,1,0,1.215
1998,764.0,17.2,50.5,0.58,0,5.2277,2.3664984187376983,0,0,0,1,0,0,0,0,0,0,1,0,1,0,1.215
1998,584.7,19.8,50.5,1.57,0,6.1286,2.2235418856535927,0,0,1,0,0,0,0,0,0,1,0,1,0,0,1.215
1998,373.4,18.7,50.5,0.51,0,17.0608,1.3762440252663892,0,0,0,0,0,1,0,0,0,0,0,0,0,0,1.215
1998,651.6,18.7,45.0,1.03,0,5.5215,2.21375387928743,1,0,0,0,0,0,0,0,0,0,1,1,0,0,1.367
1998,886.6,19.4,45.0,3.6,0,6.4841,2.0719132752590443,1,0,0,1,0,0,0,0,0,0,0,0,1,0,1.367
1998,1012.2,18.9,45.0,1.12,0,3.0801,2.7479117345273405,1,0,1,0,0,0,0,0,0,0,1,0,0,1,1.367
1998,483.4,20.6,45.0,0.62,0,81.8182,0.4382549309311553,0,0,0,0,0,0,0,0,0,1,0,1,0,0,1.367
1998,271.9,20.6,45.0,0.64,0,5.7692,2.174751721484161,0,0,0,1,0,0,0,0,0,0,0,0,0,0,1.367
1998,480.8,19.8,45.0,0.96,0,15.3061,1.3711807233098425,0,0,1,0,0,0,0,0,0,0,0,1,0,0,1.367
1998,713.9,17.2,68.8,1.04,0,12.5319,1.8702625307159986,1,0,0,0,0,0,0,0,0,1,0,0,1,0,1.854
1998,848.2,16.2,68.8,2.6,0,11.3531,1.9544450515051506,1,0,0,1,0,0,0,0,0,0,0,0,1,0,1.854
1998,915.4,17.6,68.8,2.5,0,11.8417,1.918392120161421,1,0,1,0,0,0,0,0,0,1,0,0,1,0,1.854
1998,642.8,18.8,68.8,6.37,0,4.7745,2.7350166493320245,1,0,0,0,1,0,0,0,0,0,0,1,0,0,1.854
1998,764.6,17.6,68.8,1.09,0,10.5684,2.0162354657760435,0,0,0,0,0,0,0,0,0,0,1,0,1,0,1.854
1998,642.1,17.8,68.8,3.88,0,63.7037,0.7323678937132266,0,0,0,1,0,0,0,0,0,0,0,1,0,0,1.854
1998,472.3,16.5,68.8,0.67,0,13.9837,1.7783364488959144,0,0,1,0,0,0,0,0,0,0,1,1,0,0,1.854
1998,225.7,17.7,68.8,0.97,0,7.0928,2.3702437414678603,0,0,0,0,1,0,0,0,0,0,1,0,0,0,1.854
1998,985.6,20.7,55.9,1.48,0,8.3683,2.038619547159581,1,0,0,0,0,0,0,0,0,1,0,0,1,0,1.181
1998,577.2,20.7,55.9,2.24,0,3.795,2.7555697170701863,1,0,0,1,0,0,0,0,0,0,1,1,0,0,1.181
1998,504.7,19.5,55.9,0.7,0,12.4777,1.7011051009599243,0,0,0,0,0,0,0,0,0,0,1,1,0,0,1.181
1998,652.4,19.4,55.9,1.75,0,16.8373,1.463255402256019,0,0,0,1,0,0,0,0,0,0,1,1,0,0,1.181
1998,1405.6,17.4,115.4,1.69,0,8.3866,2.6919208191723265,1,0,0,0,0,0,0,0,0,0,1,0,0,1,3.861
1998,1419.2,15.4,115.4,4.82,0,8.0812,2.7265447837383743,1,0,0,1,0,0,0,0,0,0,0,0,0,1,3.861
1998,1306.9,16.2,115.4,14.0,0,9.1081,2.6152036507358583,1,0,0,0,1,0,0,0,0,0,1,0,0,1,3.861
1998,706.3,15.6,115.4,0.62,0,30.4485,1.5665304114228238,0,0,0,0,0,0,0,0,0,0,1,0,1,0,3.861
1998,422.9,15.2,115.4,0.53,0,38.9865,1.3762440252663892,0,0,0,1,0,0,0,0,0,0,0,1,0,0,3.861
1998,604.2,13.9,115.4,7.89,0,33.8416,1.4838746894587547,0,0,0,0,1,0,0,0,0,0,0,1,0,0,3.861
1998,925.1,17.6,32.4,0.89,0,2.2253,2.7447035187502458,1,0,0,0,0,0,0,0,0,1,0,0,1,0,0.496
1998,682.9,18.4,32.4,1.28,0,17.8022,1.0367368849500223,1,0,0,1,0,0,0,0,0,0,1,1,0,0,0.496
1998,244.3,16.7,32.4,0.2,0,2.25,2.7343675094195836,0,0,0,0,0,0,0,0,0,0,1,0,0,0,0.496
1998,597.2,17.8,32.4,0.63,0,22.1918,0.9001613499442714,0,0,0,1,0,0,0,0,0,0,0,1,0,0,0.496
1998,1019.5,22.8,61.9,1.68,0,6.0746,2.4150205223238337,1,0,0,0,0,0,1,0,0,0,0,0,0,1,0.89
1998,498.9,24.3,61.9,0.33,0,4.3901,2.714694743820879,1,0,0,0,0,0,0,0,0,1,0,1,0,0,0.89
1998,567.2,20.4,61.9,2.31,0,29.061,1.1410330045520618,1,0,0,1,0,0,0,0,0,0,0,1,0,0,0.89
1998,468.1,24.0,61.9,1.0,0,14.3619,1.6695918352538475,0,0,0,0,0,0,1,0,0,1,0,1,0,0,0.89
1998,240.2,21.3,61.9,0.2,0,19.9677,1.410986973710262,0,0,0,0,0,0,0,0,0,0,0,0,0,0,0.89
1998,259.9,23.4,61.9,0.71,0,12.0898,1.8115620965242347,0,0,0,1,0,0,0,0,0,0,0,0,0,0,0.89
1998,557.1,24.5,23.7,0.34,0,2.8832,2.2213750375685026,1,0,0,0,0,0,1,0,0,0,1,1,0,0,0.48
1998,318.3,22.8,23.7,0.28,0,6.4402,1.5432981099295553,1,0,0,0,0,0,0,0,0,1,0,0,0,0,0.48
1998,783.0,22.1,23.7,1.39,0,12.8108,1.0473189942805592,1,0,0,1,0,0,0,0,0,0,1,0,1,0,0.48
1998,425.0,22.5,23.7,0.29,0,6.0459,1.5933085305042167,0,0,0,0,0,0,1,0,0,1,0,1,0,0,0.48
1998,388.9,26.2,23.7,0.27,0,1.5863,2.768831673362069,0,0,0,0,0,0,0,0,0,1,0,0,0,0,0.48
1998,64.8,24.3,23.7,0.2,0,41.5789,0.4510756193602166,0,0,0,1,0,0,0,0,0,0,0,0,0,0,0.48
1998,687.9,26.2,29.8,0.83,0,3.1009,2.3617969526258915,1,0,0,0,0,0,1,0,0,1,0,1,0,0,0.455
1998,720.6,25.2,29.8,0.55,0,9.1692,1.4469189829363254,1,0,0,0,0,0,0,0,0,0,0,0,1,0,0.455
1998,343.3,24.2,29.8,0.38,0,2.352,2.6152036507358583,1,0,0,1,0,0,0,0,0,0,1,0,0,0,0.455
1998,107.9,24.5,29.8,0.2,0,4.6059,2.010894999144726,0,0,0,0,0,0,1,0,0,0,0,0,0,0,0.455
1998,340.6,25.1,29.8,0.21,0,25.2542,0.7793248768009976,0,0,0,0,0,0,0,0,0,0,1,0,0,0,0.455
1998,399.5,25.9,29.8,0.67,0,5.5493,1.851599469584072,0,0,0,1,0,0,0,0,0,0,1,0,0,0,0.455
1998,777.5,30.8,28.0,0.2,1,5.1756,1.8578592709325787,1,0,0,0,0,0,0,0,0,0,1,0,1,0,0.266
1998,837.5,27.8,28.0,0.37,0,14.8936,1.0577902941478545,1,0,0,1,0,0,0,0,0,0,1,0,1,0,0.266
1998,667.5,29.4,28.0,0.2,0,2.7478,2.4150205223238337,0,0,0,0,0,0,0,0,0,0,1,1,0,0,0.266
1998,835.7,30.6,28.0,0.25,1,34.5679,0.5933268452777344,0,0,0,1,0,0,0,0,0,1,0,0,1,0,0.266
1998,620.6,26.5,26.9,0.2,0,2.4838,2.4706386779902956,1,0,0,0,0,0,0,0,0,0,1,1,0,0,0.661
1998,414.5,26.3,26.9,0.69,0,2.3011,2.540814281726296,1,0,0,1,0,0,0,0,0,1,0,1,0,0,0.661
1998,862.5,26.4,26.9,1.34,0,3.1352,2.259677591982769,1,1,0,0,0,0,0,0,0,0,0,0,1,0,0.661
1998,380.8,27.4,26.9,0.2,0,3.1797,2.247072383063787,0,0,0,0,0,0,0,0,0,0,0,0,0,0,0.661
1998,354.4,28.7,26.9,0.35,0,3.3667,2.196112848483529,0,0,0,1,0,0,0,0,0,0,0,0,0,0,0.661
1998,224.8,27.6,26.9,0.26,0,3.2254,2.234306252240751,0,1,0,0,0,0,0,0,0,0,1,0,0,0,0.661
1998,1031.8,26.0,5.6,0.2,0,0.7226,2.169053700369523,1,0,0,0,0,0,0,0,0,0,1,0,0,1,0.678
1998,989.9,27.6,5.6,0.77,0,0.4188,2.6651427000909336,1,0,0,1,0,0,0,0,0,0,1,0,1,0,0.678
1998,1153.5,28.7,5.6,0.62,0,0.5567,2.403334996094189,1,1,0,0,0,0,0,0,0,0,1,0,0,1,0.678
1998,650.0,26.9,5.6,0.2,0,1.0707,1.8293763327993617,0,0,0,0,0,0,0,0,0,0,1,1,0,0,0.678
1998,210.4,27.4,5.6,0.2,0,0.4334,2.6333266549062735,0,0,0,1,0,0,0,0,0,0,1,0,0,0,0.678
1998,451.3,25.8,5.6,0.56,0,0.4452,2.60859812213055,0,1,0,0,0,0,0,0,0,0,1,1,0,0,0.678
1998,626.4,31.4,23.0,0.2,1,2.7611,2.2332350148592526,1,0,0,0,0,0,0,0,0,0,1,1,0,0,0.341
1998,340.4,30.3,23.0,0.2,1,1.7584,2.644755350729896,1,0,0,1,0,0,0,0,0,0,1,0,0,0,0.341
1998,383.9,28.1,23.0,0.34,0,4.0636,1.8961194845522977,1,0,0,0,0,1,0,0,0,0,1,0,0,0,0.341
1998,198.6,27.8,23.0,0.2,0,1.873,2.5862591440482876,0,0,0,0,0,0,0,0,0,1,0,0,0,0,0.341
1998,511.7,29.1,23.0,0.42,0,30.6667,0.5596157879354227,0,0,0,1,0,0,0,0,0,0,0,1,0,0,0.341
1998,658.5,30.2,23.0,0.96,1,2.3711,2.3702437414678603,0,0,0,0,0,1,0,0,0,1,0,1,0,0,0.341
1998,971.5,28.8,23.0,0.2,0,3.2999,2.075684492802124,1,0,0,0,0,0,0,0,0,0,1,0,1,0,0.339
1998,1132.9,26.3,23.0,0.86,0,2.3983,2.359910159613315,1,0,0,1,0,0,0,0,0,0,0,0,0,1,0.339
1998,461.2,28.4,23.0,0.2,0,19.8276,0.7701082216960736,0,0,0,0,0,0,0,0,0,0,1,1,0,0,0.339
1998,356.7,29.9,23.0,0.2,0,5.2752,1.6789639750827108,0,0,0,1,0,0,0,0,0,0,1,0,0,0,0.339
1998,746.5,23.3,11.8,0.27,0,5.2212,1.1817271953786161,1,0,0,0,0,0,0,0,0,1,0,0,1,0,0.628
1998,752.6,23.8,11.8,0.82,0,0.9001,2.6468837658647226,1,0,0,1,0,0,0,0,0,0,1,0,1,0,0.628
1998,388.6,24.5,11.8,0.2,0,2.7378,1.6695918352538475,0,0,0,0,0,0,0,0,0,1,0,0,0,0,0.628
1998,439.0,23.0,11.8,0.66,0,1.9125,1.969905654611529,0,0,0,1,0,0,0,0,0,0,1,1,0,0,0.628
1998,322.1,32.8,24.0,0.44,1,4.0134,1.9430489167742813,1,0,0,0,0,0,1,0,0,0,1,0,0,0,0.251
1998,326.5,32.4,24.0,0.2,1,6.3325,1.5665304114228238,1,0,0,0,0,0,0,0,0,1,0,0,0,0,0.251
1998,378.7,33.6,24.0,0.48,1,2.0202,2.5556757206762075,1,0,0,1,0,0,0,0,0,0,0,0,0,0,0.251
1998,276.1,32.4,24.0,0.41,1,3.6364,2.028148247292285,0,0,0,0,0,0,1,0,0,0,0,0,0,0,0.251
1998,87.0,33.1,24.0,0.2,1,2.934,2.217027204632399,0,0,0,0,0,0,0,0,0,0,1,0,0,0,0.251
1998,148.3,32.9,24.0,0.2,1,8.7273,1.3217558399823195,0,0,0,1,0,0,0,0,0,0,1,0,0,0,0.251
1998,230.3,30.7,30.7,0.43,1,16.776,1.0402767116551463,1,0,0,0,0,0,1,0,0,0,0,0,0,0,0.239
1998,407.8,33.7,30.7,0.2,1,3.2521,2.3456445824544927,1,0,0,0,0,0,0,0,0,0,0,1,0,0,0.239
1998,270.1,32.9,30.7,0.2,1,3.7439,2.2192034840549946,1,0,0,1,0,0,0,0,0,1,0,0,0,0,0.239
1998,231.8,34.5,30.7,0.3,1,7.0575,1.6770965609079151,0,0,0,0,0,0,1,0,0,0,0,0,0,0,0.239
1998,314.1,32.6,30.7,0.2,1,2.2007,2.7047112998366956,0,0,0,0,0,0,0,0,0,0,1,0,0,0,0.239
1998,105.6,32.0,30.7,0.2,1,10.6597,1.355835153635182,0,0,0,1,0,0,0,0,0,0,1,0,0,0,0.239
1998,298.3,33.4,25.9,0.45,1,3.3724,2.1610215286722587,1,0,0,0,0,0,1,0,0,0,1,0,0,0,0.215
1998,102.7,37.1,25.9,0.2,1,6.1229,1.6544112780768316,1,0,0,0,0,0,0,0,0,1,0,0,0,0,0.215
1998,106.4,33.5,25.9,0.2,1,3.0116,2.2617630984737906,1,0,0,1,0,0,0,0,0,1,0,0,0,0,0.215
1998,169.2,34.4,25.9,0.2,1,3.0687,2.244955980157409,0,0,0,0,0,0,1,0,0,0,1,0,0,0,0.215
1998,50.0,33.7,25.9,0.2,1,4.3603,1.937301774518713,0,0,0,0,0,0,0,0,0,0,1,0,0,0,0.215
1998,193.7,34.7,25.9,0.2,1,3.5479,2.1162555148025524,0,0,0,1,0,0,0,0,0,0,1,0,0,0,0.215
1998,303.1,37.3,28.3,0.2,1,2.1836,2.6361960973342264,1,0,0,0,0,0,1,0,0,0,1,0,0,0,0.216
1998,174.7,36.8,28.3,0.2,1,2.3311,2.5756610130564646,1,0,0,0,0,0,0,0,0,0,0,0,0,0,0.216
1998,133.5,34.7,28.3,0.2,1,15.5495,1.0367368849500223,1,0,0,1,0,0,0,0,0,1,0,0,0,0,0.216
1998,155.5,36.6,28.3,0.2,1,4.4427,1.9974177062012453,0,0,0,0,0,0,1,0,0,0,1,0,0,0,0.216
1998,50.0,34.7,28.3,0.2,1,1.9763,2.729159164312445,0,0,0,0,0,0,0,0,0,0,1,0,0,0,0.216
1998,159.4,38.2,28.3,0.28,1,5.5929,1.801709800081223,0,0,0,1,0,0,0,0,0,1,0,0,0,0,0.216
1998,704.8,21.1,67.6,1.5,0,19.5376,1.4951487660319727,1,0,0,0,0,0,0,0,0,0,0,0,1,0,1.081
1998,572.4,23.4,67.6,2.01,0,4.7639,2.7206373166076814,1,0,0,1,0,0,0,0,0,0,0,1,0,0,1.081
1998,325.5,23.1,67.6,0.39,0,9.4944,2.0943301541735866,0,0,0,0,0,0,0,0,0,1,0,0,0,0,1.081
1998,692.9,19.6,67.6,2.74,0,53.6508,0.8153648132841945,0,0,0,1,0,0,0,0,0,0,0,1,0,0,1.081
1998,426.5,26.2,10.9,0.2,0,1.8227,1.9430489167742813,1,0,0,0,0,0,0,0,0,0,0,1,0,0,0.34
1998,558.1,28.0,10.9,0.2,0,2.0841,1.8293763327993617,1,0,0,1,0,0,0,0,0,1,0,1,0,0,0.34
1998,303.0,24.8,10.9,0.2,0,5.2153,1.128171090909654,0,0,0,0,0,0,0,0,0,0,1,0,0,0,0.34
1998,301.2,26.1,10.9,0.26,0,0.8549,2.6210388241125804,0,0,0,1,0,0,0,0,0,0,1,0,0,0,0.34
1998,1188.3,23.1,14.9,0.2,0,1.1078,2.670694414558441,1,0,0,0,0,0,0,0,0,0,0,0,0,1,0.617
1998,1004.2,24.7,14.9,2.01,0,1.307,2.517696472610991,1,0,0,1,0,0,0,0,0,1,0,0,0,1,0.617
1998,316.9,23.3,14.9,0.2,0,1.5127,2.3841650799864684,0,0,0,0,0,0,0,0,0,0,1,0,0,0,0.617
1998,878.3,24.1,14.9,1.17,0,1.3632,2.4790562361098245,0,0,0,1,0,0,0,0,0,0,1,0,1,0,0.617
1998,720.2,21.4,93.1,4.91,0,179.0385,0.41871033485818504,1,0,0,0,0,0,0,0,1,0,0,0,1,0,1.385
1998,1099.8,19.1,93.1,1.93,0,27.1429,1.4883995840570443,1,0,0,0,0,0,0,0,0,0,1,0,0,1,1.385
1998,950.8,17.4,93.1,2.68,0,12.7012,2.1198634561787513,1,0,0,1,0,0,0,0,0,0,1,0,1,0,1.385
1998,744.5,19.8,93.1,2.88,0,32.3264,1.355835153635182,0,0,0,0,0,0,0,0,1,1,0,0,1,0,1.385
1998,125.5,20.3,93.1,0.2,0,13.1683,2.0881534822818573,0,0,0,0,0,0,0,0,0,1,0,0,0,0,1.385
1998,504.4,19.4,93.1,1.99,0,7.7908,2.5610957881455465,0,0,0,1,0,0,0,0,0,0,1,1,0,0,1.385
1998,764.4,22.1,64.3,1.56,0,5.5623,2.5305171610400525,1,0,0,0,0,0,0,0,0,0,0,0,1,0,1.472
1998,1163.6,20.9,64.3,3.21,0,4.5186,2.7232671669070703,1,0,0,1,0,0,0,0,0,0,0,0,0,1,1.472
1998,515.5,23.4,64.3,0.6,0,8.7127,2.1258479144939915,0,0,0,0,0,0,0,0,0,0,1,1,0,0,1.472
1998,725.4,21.0,64.3,2.53,0,4.3831,2.7517480563679295,0,0,0,1,0,0,0,0,0,0,0,0,1,0,1.472
1998,1222.7,22.1,80.0,1.87,0,24.6154,1.4469189829363254,1,0,0,0,0,0,0,0,0,0,0,0,0,1,1.511
1998,766.9,21.9,80.0,4.23,0,11.0497,2.1090003439213802,1,0,0,1,0,0,0,0,0,0,0,0,1,0,1.511
1998,920.9,23.5,80.0,3.53,0,5.6219,2.7232671669070703,1,1,0,0,0,0,0,0,0,0,0,0,1,0,1.511
1998,855.5,21.9,80.0,0.6,0,5.5672,2.7324175575505043,0,0,0,0,0,0,0,0,0,0,1,0,1,0,1.511
1998,898.7,23.7,80.0,2.93,0,5.8437,2.6871669901857858,0,0,0,1,0,0,0,0,0,0,0,0,1,0,1.511
1998,815.4,22.2,80.0,3.72,0,7.984,2.3997118037247684,0,1,0,0,0,0,0,0,0,0,0,0,1,0,1.511
1998,1063.6,24.6,49.4,1.07,0,30.122,0.9707789171582248,1,0,0,0,0,0,0,0,0,0,0,0,0,1,1.053
1998,791.8,22.2,49.4,1.14,0,15.0152,1.4562867329399256,1,0,0,1,0,0,0,0,0,0,0,0,1,0,1.053
1998,829.3,22.6,49.4,0.7,0,70.5714,0.5306282510621704,0,0,0,0,0,0,0,0,0,0,1,0,1,0,1.053
1998,498.5,23.1,49.4,0.87,0,4.1304,2.561867690924129,0,0,0,1,0,0,0,0,0,1,0,1,0,0,1.053
1998,1694.0,21.8,59.7,2.09,0,6.8307,2.2762411176544437,1,0,0,0,0,0,0,0,0,0,0,0,0,1,1.369
1998,1478.8,21.5,59.7,3.94,0,9.3574,1.998773638612381,1,0,0,1,0,0,0,0,0,1,0,0,0,1,1.369
1998,1223.2,21.6,59.7,0.72,0,3.996,2.768831673362069,0,0,0,0,0,0,0,0,0,0,1,0,0,1,1.369
1998,600.9,22.0,59.7,1.37,0,5.3067,2.505525936990736,0,0,0,1,0,0,0,0,0,0,0,1,0,0,1.369
1998,717.9,22.0,14.3,0.28,0,1.0825,2.6539459421090092,1,0,0,0,0,0,0,0,0,1,0,0,1,0,0.583
1998,718.7,21.4,14.3,1.9,0,1.0616,2.6720775406433925,1,0,0,1,0,0,0,0,0,1,0,0,1,0,0.583
1998,364.2,20.8,14.3,0.2,0,3.0233,1.7457155307266483,0,0,0,0,0,0,0,0,0,0,1,0,0,0,0.583
1998,417.1,20.8,14.3,0.91,0,2.8429,1.7967470107390942,0,0,0,1,0,0,0,0,0,0,0,1,0,0,0.583
1998,762.5,17.1,41.9,2.29,0,4.2068,2.3942522815198695,1,0,0,0,0,0,0,0,1,0,1,0,1,0,1.391
1998,927.8,20.0,41.9,0.73,0,5.5059,2.152924318439639,1,0,0,0,0,0,0,0,0,0,0,0,1,0,1.391
1998,438.7,17.3,41.9,1.13,0,4.0019,2.4397349311412793,1,0,0,1,0,0,0,0,0,0,0,1,0,0,1.391
1998,636.4,18.0,41.9,2.47,0,17.7542,1.2119409739751128,0,0,0,0,0,0,0,0,1,0,1,1,0,0,1.391
1998,230.7,18.3,41.9,0.2,0,6.2725,2.038619547159581,0,0,0,0,0,0,0,0,0,0,0,0,0,0,1.391
1998,456.8,20.2,41.9,0.4,0,16.5613,1.2612978709452054,0,0,0,1,0,0,0,0,0,0,0,1,0,0,1.391
1998,1012.4,16.8,63.7,1.01,0,41.0968,0.9360933591703349,1,0,0,0,0,0,0,0,0,1,0,0,0,1,1.144
1998,1017.9,18.4,63.7,1.79,0,12.7655,1.7900914121273581,1,0,0,1,0,0,0,0,0,0,1,0,0,1,1.144
1998,419.0,17.6,63.7,0.23,0,5.2732,2.5710843460290524,0,0,0,0,0,0,0,0,0,0,1,1,0,0,1.144
1998,797.9,15.5,63.7,1.74,0,5.3755,2.553343811341229,0,0,0,1,0,0,0,0,0,0,1,0,1,0,1.144
1998,1120.5,21.3,39.4,1.79,0,4.9373,2.194999882314108,1,0,0,0,0,0,0,0,0,0,0,0,0,1,1.602
1998,890.0,20.1,39.4,2.13,0,3.9439,2.39698576841553,1,0,0,1,0,0,0,0,0,0,1,0,1,0,1.602
1998,1111.8,19.6,39.4,2.24,0,3.859,2.4168062370840686,1,1,0,0,0,0,0,0,0,1,0,0,0,1,1.602
1998,1367.8,19.6,39.4,2.68,0,4.6244,2.253394848803274,1,0,0,0,0,1,0,0,0,1,0,0,0,1,1.602
1998,966.1,22.1,39.4,0.91,0,2.7229,2.738902664584975,0,0,0,0,0,0,0,0,0,0,0,0,1,0,1.602
1998,632.0,20.7,39.4,2.0,0,4.9373,2.194999882314108,0,0,0,1,0,0,0,0,0,1,0,1,0,0,1.602
1998,938.3,19.9,39.4,2.17,0,3.0519,2.6326080059353516,0,1,0,0,0,0,0,0,0,0,0,0,1,0,1.602
1998,659.5,20.4,39.4,0.8,0,5.346,2.124653884501384,0,0,0,0,0,1,0,0,0,1,0,1,0,0,1.602
1998,420.1,30.5,32.7,0.2,1,10.8638,1.3887912413184778,1,0,0,0,0,0,0,0,0,0,1,1,0,0,0.243
1998,373.5,28.8,32.7,0.28,0,30.8491,0.7227059828014898,1,0,0,1,0,0,0,0,0,0,0,0,0,0,0.243
1998,350.1,30.2,32.7,0.2,1,3.1594,2.4292177439274116,0,0,0,0,0,0,0,0,0,0,0,0,0,0,0.243
1998,187.3,32.0,32.7,0.2,1,12.1561,1.3056264580524357,0,0,0,1,0,0,0,0,0,1,0,0,0,0,0.243
1998,263.3,30.3,22.3,0.2,1,13.681,0.9669838461896731,1,0,0,0,0,0,0,0,0,1,0,0,0,0,0.212
1998,82.0,30.6,22.3,0.2,1,2.2571,2.3869262414277967,1,0,0,1,0,0,0,0,0,0,1,0,0,0,0.212
1998,83.8,30.1,22.3,0.2,1,1.5883,2.7107133185216936,0,0,0,0,0,0,0,0,0,0,1,0,0,0,0.212
1998,224.8,33.0,22.3,0.2,1,1.8661,2.5610957881455465,0,0,0,1,0,0,0,0,0,1,0,0,0,0,0.212
1999,580.7,16.0,134.8,5.92,0,22.4667,1.9459101490553132,1,0,0,0,0,0,0,0,1,1,0,1,0,0,3.582
1999,601.0,16.6,134.8,0.92,0,20.2707,2.0347056478384444,1,0,0,0,0,0,0,0,0,1,0,1,0,0,3.582
1999,711.7,18.2,134.8,4.57,0,11.8453,2.5160822672564502,1,0,0,1,0,0,0,0,0,0,0,0,1,0,3.582
1999,788.6,18.9,134.8,3.55,0,9.1514,2.7555697170701863,0,0,0,0,0,0,0,0,1,0,0,0,1,0,3.582
1999,587.0,16.3,134.8,1.33,0,38.187,1.5107219394949425,0,0,0,0,0,0,0,0,0,0,0,1,0,0,3.582
1999,585.3,15.8,134.8,1.68,0,24.2883,1.8794650496471605,0,0,0,1,0,0,0,0,0,0,1,1,0,0,3.582
1999,770.9,16.3,141.8,7.39,0,12.1821,2.5368663887187113,1,0,0,0,0,0,0,0,1,0,1,0,1,0,4.069
1999,709.8,14.7,141.8,1.25,0,57.6423,1.2412685890696329,1,0,0,0,0,0,0,0,0,0,0,0,1,0,4.069
1999,857.0,16.0,141.8,2.86,0,43.2317,1.4539530095937052,1,0,0,1,0,0,0,0,0,0,0,0,1,0,4.069
1999,342.0,18.6,141.8,1.09,0,15.6858,2.306577114263583,0,0,0,0,0,0,0,0,1,0,1,0,0,0,4.069
1999,465.2,18.3,141.8,0.62,0,9.594,2.7587433154177283,0,0,0,0,0,0,0,0,0,0,0,1,0,0,4.069
1999,50.0,18.6,141.8,0.2,0,10.6938,2.65745841498615,0,0,0,1,0,0,0,0,0,1,0,0,0,0,4.069
1999,556.8,19.4,114.1,4.78,0,36.6881,1.413423028508143,1,0,0,0,0,0,0,0,1,0,0,1,0,0,3.973
1999,610.6,19.1,114.1,1.01,0,50.7111,1.1786549963416462,1,0,0,0,0,0,0,0,0,0,1,1,0,0,3.973
1999,729.0,16.4,114.1,3.15,0,9.422,2.5733752977756086,1,0,0,1,0,0,0,0,0,0,0,0,1,0,3.973
1999,456.6,17.7,114.1,7.85,0,13.6647,2.2353763433005955,1,0,0,0,1,0,0,0,0,0,0,1,0,0,3.973
1999,398.6,19.3,114.1,1.58,0,7.8419,2.744060638625243,0,0,0,0,0,0,0,0,1,0,0,0,0,0,3.973
1999,545.3,19.2,114.1,1.31,0,8.4644,2.6727683869575705,0,0,0,0,0,0,0,0,0,0,1,1,0,0,3.973
1999,557.5,19.8,114.1,3.07,0,23.2857,1.7749523509116738,0,0,0,1,0,0,0,0,0,0,0,1,0,0,3.973
1999,546.0,16.8,114.1,7.25,0,54.3333,1.1314021114911006,0,0,0,0,1,0,0,0,0,1,0,1,0,0,3.973
1999,915.5,17.9,119.1,1.45,0,22.948,1.8229350866965048,1,0,0,0,0,0,0,0,0,0,0,0,1,0,2.798
1999,673.2,17.5,119.1,1.79,0,124.0625,0.6729444732424258,1,0,0,1,0,0,0,0,0,1,0,1,0,0,2.798
1999,959.4,16.1,119.1,5.4,0,10.7588,2.4907230351094403,1,0,0,0,0,0,0,1,0,0,1,0,1,0,2.798
1999,388.6,18.1,119.1,0.3,0,26.1184,1.715598108262491,0,0,0,0,0,0,0,0,0,0,1,0,0,0,2.798
1999,429.1,16.2,119.1,0.2,0,23.9157,1.7884205679625405,0,0,0,1,0,0,0,0,0,0,1,1,0,0,2.798
1999,430.0,17.5,119.1,1.1,0,13.6426,2.2752138961979136,0,0,0,0,0,0,0,1,0,0,1,1,0,0,2.798
1999,481.4,21.0,85.7,0.26,0,8.8078,2.373043556642607,1,0,0,0,0,0,0,0,0,0,0,1,0,0,2.502
1999,939.0,18.1,85.7,2.64,0,6.5122,2.6504210882655737,1,0,0,1,0,0,0,0,0,0,1,0,1,0,2.502
1999,325.0,17.8,85.7,0.22,0,6.8178,2.6078614738467776,0,0,0,0,0,0,0,0,0,1,0,0,0,0,2.502
1999,658.8,17.7,85.7,2.62,0,11.6599,2.122261538862764,0,0,0,1,0,0,0,0,0,0,0,1,0,0,2.502
1999,826.6,18.6,129.1,1.01,0,137.3404,0.6626879730752367,1,0,0,0,0,0,0,0,0,1,0,0,1,0,2.346
1999,1087.9,19.8,129.1,5.61,0,9.7729,2.6539459421090092,1,0,0,1,0,0,0,0,0,1,0,0,0,1,2.346
1999,261.3,19.0,129.1,0.22,0,25.4635,1.803358605071407,0,0,0,0,0,0,0,0,0,0,0,0,0,0,2.346
1999,520.0,20.2,129.1,0.93,0,19.0413,2.0515563381903004,0,0,0,1,0,0,0,0,0,0,1,1,0,0,2.346
1999,1240.2,16.9,108.9,2.52,0,78.3453,0.8712933659434193,1,0,0,0,0,0,0,0,0,0,0,0,0,1,2.552
1999,1040.0,19.2,108.9,2.36,0,12.5316,2.2710944259026746,1,0,0,1,0,0,0,0,0,0,1,0,0,1,2.552
1999,891.4,18.6,108.9,1.43,0,8.8753,2.5855058483441162,0,0,0,0,0,0,0,0,0,1,0,0,1,0,2.552
1999,915.8,20.0,108.9,2.9,0,128.1176,0.6151856390902334,0,0,0,1,0,0,0,0,0,1,0,0,1,0,2.552
1999,934.7,17.1,126.0,1.4,0,45.4874,1.3270750014599193,1,0,0,0,0,0,0,0,0,0,0,0,1,0,2.398
1999,996.9,16.2,126.0,2.58,0,8.5135,2.760009940032921,1,0,0,1,0,0,0,0,0,0,1,0,1,0,2.398
1999,97.7,21.4,126.0,0.2,0,200.0,0.48858001481867097,0,0,0,0,0,0,0,0,0,0,0,0,0,0,2.398
1999,719.3,17.5,126.0,2.35,0,9.3541,2.6720775406433925,0,0,0,1,0,0,0,0,0,0,0,0,1,0,2.398
1999,681.2,19.2,62.7,0.67,0,4.6861,2.6658383522929006,1,0,0,0,0,0,0,0,0,1,0,1,0,0,1.579
1999,1159.2,18.8,62.7,3.13,0,5.4904,2.519308076505333,1,0,0,1,0,0,0,0,0,0,0,0,0,1,1.579
1999,862.2,19.1,62.7,0.96,0,4.5501,2.6932749155200555,0,0,0,0,0,0,0,0,0,1,0,0,1,0,1.579
1999,590.5,20.7,62.7,0.5,0,5.008,2.604170070614818,0,0,0,1,0,0,0,0,0,0,1,1,0,0,1.579
1999,926.7,16.8,88.5,1.78,0,13.3686,2.030776369698555,1,0,0,0,0,0,0,0,0,0,0,0,1,0,3.983
1999,755.9,15.9,88.5,2.02,0,25.578,1.4951487660319727,1,0,0,1,0,0,0,0,0,0,0,0,1,0,3.983
1999,619.8,17.6,88.5,3.03,0,9.0956,2.373043556642607,1,0,0,0,0,0,0,1,0,1,0,1,0,0,3.983
1999,989.0,18.7,88.5,5.95,0,8.4286,2.4423470353692043,1,0,0,0,1,0,0,0,0,0,0,0,1,0,3.983
1999,653.6,18.0,88.5,1.21,0,158.0357,0.44468582126144574,0,0,0,0,0,0,0,0,0,1,0,1,0,0,3.983
1999,819.5,17.2,88.5,4.45,0,8.9214,2.390595970316759,0,0,0,1,0,0,0,0,0,0,0,0,1,0,3.983
1999,485.7,16.8,88.5,0.69,0,22.3485,1.601405740736836,0,0,0,0,0,0,0,1,0,0,0,1,0,0,3.983
1999,457.6,15.5,88.5,1.74,0,12.9197,2.060513531794317,0,0,0,0,1,0,0,0,0,0,1,1,0,0,3.983
1999,1186.7,19.9,133.1,1.17,0,9.9626,2.664446563620078,1,0,0,0,0,0,0,0,0,1,0,0,0,1,2.733
1999,753.5,16.7,133.1,2.36,0,55.0,1.2296405510745139,1,0,0,1,0,0,0,0,0,0,0,0,1,0,2.733
1999,920.7,17.1,133.1,4.75,0,9.2175,2.73696154459663,1,0,0,0,0,0,0,1,0,0,0,0,1,0,2.733
1999,640.0,16.8,133.1,0.2,0,42.254,1.423108334242607,0,0,0,0,0,0,0,0,0,0,0,1,0,0,2.733
1999,589.2,16.3,133.1,0.78,0,23.0277,1.9139771019523042,0,0,0,1,0,0,0,0,0,0,0,1,0,0,2.733
1999,440.5,16.7,133.1,0.5,0,19.8361,2.0425181875752383,0,0,0,0,0,0,0,1,0,0,0,1,0,0,2.733
1999,651.6,16.1,73.6,0.65,0,6.3122,2.5384474167160302,1,0,0,0,0,0,0,0,0,1,0,1,0,0,1.242
1999,648.4,17.0,73.6,2.1,0,9.0977,2.2071749081893874,1,0,0,1,0,0,0,0,0,1,0,1,0,0,1.242
1999,716.3,16.3,73.6,2.64,0,27.6692,1.297463147413275,1,0,0,0,0,0,0,1,0,0,1,0,1,0,1.242
1999,644.4,16.6,73.6,0.86,0,7.4721,2.3841650799864684,1,0,1,0,0,0,0,0,0,1,0,1,0,0,1.242
1999,265.7,16.5,73.6,0.2,0,9.0418,2.2126603854660587,0,0,0,0,0,0,0,0,0,0,1,0,0,0,1.242
1999,379.9,15.6,73.6,0.36,0,6.1642,2.5603232890727545,0,0,0,1,0,0,0,0,0,0,0,0,0,0,1.242
1999,393.8,16.3,73.6,0.46,0,10.7445,2.060513531794317,0,0,0,0,0,0,0,1,0,1,0,0,0,0,1.242
1999,566.4,16.5,73.6,1.75,0,19.5745,1.5602476682433286,0,0,1,0,0,0,0,0,0,0,1,1,0,0,1.242
1999,736.5,19.9,80.5,1.39,0,23.9583,1.4724720573609429,1,0,0,0,0,0,0,0,0,1,0,0,1,0,1.371
1999,722.1,17.4,80.5,2.05,0,6.9039,2.5384474167160302,1,0,0,1,0,0,0,0,0,0,1,0,1,0,1.371
1999,521.1,18.3,80.5,1.77,0,5.9585,2.6748380668960965,1,0,0,0,0,0,0,1,0,1,0,1,0,0,1.371
1999,725.0,17.6,80.5,2.49,0,14.825,1.860974538249528,1,0,1,0,0,0,0,0,0,0,1,0,1,0,1.371
1999,311.1,16.0,80.5,0.2,0,6.4143,2.60638654732571,0,0,0,0,0,0,0,0,0,0,0,0,0,0,1.371
1999,187.4,18.2,80.5,0.28,0,5.6019,2.7324175575505043,0,0,0,1,0,0,0,0,0,0,1,0,0,0,1.371
1999,478.9,18.1,80.5,1.51,0,13.6672,1.9300710850255671,0,0,0,0,0,0,0,1,0,0,1,1,0,0,1.371
1999,392.6,19.2,80.5,0.53,0,6.8745,2.542389085201363,0,0,1,0,0,0,0,0,0,1,0,0,0,0,1.371
1999,550.2,16.0,69.1,0.67,0,4.6376,2.766319109226186,1,0,0,0,0,0,0,0,0,1,0,1,0,0,0.987
1999,649.9,14.8,69.1,0.79,0,4.7296,2.7479117345273405,1,0,0,1,0,0,0,0,0,1,0,1,0,0,0.987
1999,499.4,17.8,69.1,1.02,0,10.6801,2.010894999144726,1,0,1,0,0,0,0,0,0,0,0,1,0,0,0.987
1999,360.5,16.8,69.1,0.2,0,5.4798,2.6108048166633746,0,0,0,0,0,0,0,0,0,0,0,0,0,0,0.987
1999,246.5,18.1,69.1,0.39,0,44.8701,0.9321640810304452,0,0,0,1,0,0,0,0,0,0,0,0,0,0,0.987
1999,284.8,19.5,69.1,0.21,0,9.9282,2.0744289998562917,0,0,1,0,0,0,0,0,0,1,0,0,0,0,0.987
1999,666.1,18.5,29.6,0.76,0,3.6543,2.2082744135228043,1,0,0,0,0,0,0,0,0,0,0,1,0,0,1.215
1999,549.7,17.8,29.6,1.2,0,3.0705,2.3646204839134985,1,0,0,1,0,0,0,0,0,1,0,1,0,0,1.215
1999,585.3,17.8,29.6,0.2,0,9.9663,1.3787660946990992,1,0,1,0,0,0,0,0,0,0,1,1,0,0,1.215
1999,539.6,18.1,29.6,0.79,0,2.0904,2.7186603802142257,1,0,0,0,0,1,0,0,0,1,0,1,0,0,1.215
1999,365.4,18.6,29.6,0.2,0,5.343,1.8779371654691073,0,0,0,0,0,0,0,0,0,0,1,0,0,0,1.215
1999,245.6,18.0,29.6,0.22,0,2.0068,2.7568403652716422,0,0,0,1,0,0,0,0,0,0,1,0,0,0,1.215
1999,397.2,17.3,29.6,0.2,0,11.0037,1.3056264580524357,0,0,1,0,0,0,0,0,0,1,0,0,0,0,1.215
1999,475.3,17.7,29.6,0.63,0,3.2279,2.3194422100604686,0,0,0,0,0,1,0,0,0,0,1,1,0,0,1.215
1999,428.7,17.5,51.3,0.35,0,5.5822,2.321406847234633,1,0,0,0,0,0,0,0,0,0,1,1,0,0,1.367
1999,740.5,20.7,51.3,2.91,0,22.0172,1.2029723039923526,1,0,0,1,0,0,0,0,0,0,1,0,1,0,1.367
1999,574.1,19.0,51.3,0.71,0,6.2333,2.222459048514761,1,0,1,0,0,0,0,0,0,0,1,1,0,0,1.367
1999,304.5,19.8,51.3,0.25,0,36.6429,0.8754687373538999,0,0,0,0,0,0,0,0,0,0,1,0,0,0,1.367
1999,327.2,18.3,51.3,0.35,0,3.8312,2.6665335208992764,0,0,0,1,0,0,0,0,0,1,0,0,0,0,1.367
1999,288.9,21.4,51.3,0.38,0,3.6254,2.7180005319553784,0,0,1,0,0,0,0,0,0,0,0,0,0,0,1.367
1999,409.0,15.7,61.6,0.42,0,7.6332,2.2049722641270453,1,0,0,0,0,0,0,0,0,1,0,1,0,0,1.854
1999,504.8,16.5,61.6,1.1,0,9.376,2.0241930674493576,1,0,0,1,0,0,0,0,0,0,1,1,0,0,1.854
1999,487.2,18.6,61.6,0.96,0,19.7436,1.415853163361435,1,0,1,0,0,0,0,0,0,1,0,1,0,0,1.854
1999,584.0,17.5,61.6,5.25,0,4.885,2.6108048166633746,1,0,0,0,1,0,0,0,0,0,1,1,0,0,1.854
1999,308.5,16.4,61.6,0.22,0,13.8739,1.6937790608678513,0,0,0,0,0,0,0,0,0,0,0,0,0,0,1.854
1999,416.0,17.9,61.6,1.53,0,5.7143,2.4664031782234406,0,0,0,1,0,0,0,0,0,0,1,1,0,0,1.854
1999,497.5,16.8,61.6,1.28,0,5.8004,2.4527277514237653,0,0,1,0,0,0,0,0,0,0,1,1,0,0,1.854
1999,376.8,16.4,61.6,1.73,0,8.0628,2.1564025828159643,0,0,0,0,1,0,0,0,0,1,0,0,0,0,1.854
1999,575.7,21.2,55.4,0.66,0,6.9424,2.194999882314108,1,0,0,0,0,0,0,0,0,0,1,1,0,0,1.181
1999,349.9,19.1,55.4,1.0,0,24.7321,1.1755733298042381,1,0,0,1,0,0,0,0,0,0,1,0,0,0,1.181
1999,361.1,20.9,55.4,0.33,0,17.4214,1.430311246536665,0,0,0,0,0,0,0,0,0,0,1,0,0,0,1.181
1999,245.9,18.3,55.4,0.35,0,5.6762,2.3758355547336385,0,0,0,1,0,0,0,0,0,0,1,0,0,0,1.181
1999,759.3,17.3,114.7,1.57,0,21.4393,1.8484548129046001,1,0,0,0,0,0,0,0,0,1,0,0,1,0,3.861
1999,798.2,15.9,114.7,4.11,0,13.7201,2.2364452904895007,1,0,0,1,0,0,0,0,0,0,0,0,1,0,3.861
1999,870.8,14.5,114.7,17.09,0,9.0887,2.611539300721366,1,0,0,0,1,0,0,0,0,0,0,0,1,0,3.861
1999,591.8,16.2,114.7,1.41,0,13.8694,2.2267833795777636,0,0,0,0,0,0,0,0,0,0,0,1,0,0,3.861
1999,454.6,14.3,114.7,0.8,0,13.4624,2.253394848803274,0,0,0,1,0,0,0,0,0,0,0,1,0,0,3.861
1999,655.3,17.0,114.7,8.26,0,9.5743,2.563409711275944,0,0,0,0,1,0,0,0,0,0,0,1,0,0,3.861
1999,416.4,20.4,30.7,0.24,0,37.439,0.598836501088704,1,0,0,0,0,0,0,0,0,0,1,1,0,0,0.496
1999,425.3,19.6,30.7,0.83,0,10.4422,1.3711807233098425,1,0,0,1,0,0,0,0,0,1,0,1,0,0,0.496
1999,241.3,19.0,30.7,0.2,0,9.3884,1.451613827240533,0,0,0,0,0,0,0,0,0,1,0,0,0,0,0.496
1999,375.1,20.5,30.7,0.65,0,6.2781,1.7732559976634952,0,0,0,1,0,0,0,0,0,0,0,0,0,0,0.496
1999,513.4,20.8,45.5,0.76,0,67.9104,0.5128236264286639,1,0,0,0,0,0,1,0,0,1,0,1,0,0,0.89
1999,595.7,22.2,45.5,0.7,0,6.1989,2.1210632163706555,1,0,0,0,0,0,0,0,0,0,1,1,0,0,0.89
1999,383.5,22.0,45.5,0.73,0,9.1734,1.7850704810772584,1,0,0,1,0,0,0,0,0,0,1,0,0,0,0.89
1999,303.9,21.5,45.5,0.2,0,24.0741,1.0612565021243408,0,0,0,0,0,0,1,0,0,0,1,0,0,0,0.89
1999,148.3,21.3,45.5,0.2,0,3.5381,2.6290069937617573,0,0,0,0,0,0,0,0,0,1,0,0,0,0,0.89
1999,585.2,22.8,45.5,1.13,0,59.0909,0.5709795465857378,0,0,0,1,0,0,0,0,0,0,1,1,0,0,0.89
1999,507.2,24.4,21.5,0.68,0,3.209,2.0412203288596382,1,0,0,0,0,0,1,0,0,1,0,1,0,0,0.48
1999,394.9,23.0,21.5,0.2,0,2.5324,2.2502386126218363,1,0,0,0,0,0,0,0,0,0,1,0,0,0,0.48
1999,346.6,27.2,21.5,0.59,0,1.8392,2.540814281726296,1,0,0,1,0,0,0,0,0,0,1,0,0,0,0.48
1999,522.8,24.6,21.5,0.67,0,25.0,0.6205764877251099,0,0,0,0,0,0,1,0,0,0,1,1,0,0,0.48
1999,286.9,24.1,21.5,0.2,0,3.8256,1.890095369948917,0,0,0,0,0,0,0,0,0,1,0,0,0,0,0.48
1999,306.6,24.1,21.5,0.97,0,14.8276,0.8960880245566356,0,0,0,1,0,0,0,0,0,0,0,0,0,0,0.48
1999,492.3,25.5,0.0,0.41,0,0.0,0.5538851132264376,1,0,0,0,0,0,1,0,0,0,1,1,0,0,0.455
1999,427.6,24.9,0.0,0.2,0,0.0,2.5447466501440172,1,0,0,0,0,0,0,0,0,0,1,1,0,0,0.455
1999,464.9,26.7,0.0,0.2,0,0.0,2.703372611551099,1,0,0,1,0,0,0,0,0,0,0,1,0,0,0.455
1999,205.1,26.4,0.0,0.2,0,0.0,2.613006652415316,0,0,0,0,0,0,1,0,0,0,0,0,0,0,0.455
1999,183.5,24.0,0.0,0.2,0,0.0,2.492378664626701,0,0,0,0,0,0,0,0,0,0,1,0,0,0,0.455
1999,197.9,25.7,0.0,0.2,0,0.0,2.7459880404426023,0,0,0,1,0,0,0,0,0,0,1,0,0,0,0.455
1999,422.4,26.7,24.0,0.2,0,3.4632,2.0706530356467567,1,0,0,0,0,0,0,0,0,0,1,1,0,0,0.266
1999,365.7,27.7,24.0,0.2,0,2.974,2.2049722641270453,1,0,0,1,0,0,0,0,0,0,0,0,0,0,0.266
1999,295.0,27.5,24.0,0.2,0,2.277,2.4458192610799534,0,0,0,0,0,0,0,0,0,0,1,0,0,0,0.266
1999,616.1,29.3,24.0,0.2,0,2.9888,2.200552367428894,0,0,0,1,0,0,0,0,0,0,1,1,0,0,0.266
1999,447.7,29.3,38.1,0.2,0,3.3073,2.5273273656719524,1,0,0,0,0,0,0,0,0,0,1,1,0,0,0.661
1999,388.1,26.4,38.1,0.38,0,4.2809,2.2925347571405443,1,0,0,1,0,0,0,0,0,0,0,0,0,0,0.661
1999,606.4,27.9,38.1,0.76,0,2.5674,2.7625383863862796,1,1,0,0,0,0,0,0,0,0,1,1,0,0,0.661
1999,550.4,27.8,38.1,0.2,0,11.4072,1.4678743481123135,0,0,0,0,0,0,0,0,0,0,1,1,0,0,0.661
1999,493.2,27.1,38.1,0.69,0,3.6599,2.4344901638739844,0,0,0,1,0,0,0,0,0,0,1,1,0,0,0.661
1999,380.7,27.9,38.1,0.65,0,3.6251,2.4432162227337915,0,1,0,0,0,0,0,0,0,0,0,0,0,0,0.661
1999,885.9,27.4,16.5,0.2,0,2.5268,2.018895041811802,1,0,0,0,0,0,0,0,0,0,0,0,1,0,0.678
1999,841.7,26.8,16.5,0.55,0,1.7742,2.33214389523559,1,0,0,1,0,0,0,0,0,1,0,0,1,0,0.678
1999,713.2,26.4,16.5,2.06,0,1.2313,2.667228206581955,1,1,0,0,0,0,0,0,0,0,1,0,1,0,0.678
1999,304.2,27.5,16.5,0.2,0,1.1913,2.6979998652487085,0,0,0,0,0,0,0,0,0,1,0,0,0,0,0.678
1999,692.5,26.2,16.5,0.74,0,2.4849,2.033397603178429,0,0,0,1,0,0,0,0,0,0,0,1,0,0,0.678
1999,398.8,27.5,16.5,0.45,0,4.755,1.4973884086254776,0,1,0,0,0,0,0,0,0,0,0,0,0,0,0.678
1999,375.1,25.5,31.1,0.26,0,20.596,0.9202827531436926,1,0,0,0,0,0,0,0,0,0,0,0,0,0,0.341
1999,188.5,30.0,31.1,0.2,0,14.009,1.169381359556317,1,0,0,1,0,0,0,0,0,0,1,0,0,0,0.341
1999,283.5,30.7,31.1,0.4,1,3.9169,2.190535589185423,1,0,0,0,0,1,0,0,0,0,1,0,0,0,0.341
1999,241.1,29.3,31.1,0.2,0,7.1494,1.6770965609079151,0,0,0,0,0,0,0,0,0,0,1,0,0,0,0.341
1999,213.0,30.1,31.1,0.2,1,4.5938,2.050270164379556,0,0,0,1,0,0,0,0,0,0,0,0,0,0,0.341
1999,121.9,26.9,31.1,0.2,0,2.1932,2.719978771967484,0,0,0,0,0,1,0,0,0,0,0,0,0,0,0.341
1999,662.9,29.7,30.8,0.2,0,9.0058,1.4861396960896067,1,0,0,0,0,0,0,0,0,0,1,1,0,0,0.339
1999,553.0,27.2,30.8,0.55,0,2.0574,2.770711962226921,1,0,0,1,0,0,0,0,0,0,0,1,0,0,0.339
1999,307.4,26.0,30.8,0.2,0,11.5356,1.3001916620664788,0,0,0,0,0,0,0,0,0,0,1,0,0,0,0.339
1999,301.4,29.5,30.8,0.2,0,2.8309,2.474856313934499,0,0,0,1,0,0,0,0,0,0,1,0,0,0,0.339
1999,676.5,23.2,40.1,0.7,0,20.05,1.0986122886681098,1,0,0,0,0,0,0,0,0,1,0,1,0,0,0.628
1999,421.2,20.9,40.1,0.68,0,4.3398,2.3263016196113617,1,0,0,1,0,0,0,0,0,0,1,1,0,0,0.628
1999,316.8,23.2,40.1,0.2,0,14.021,1.3506671834767394,0,0,0,0,0,0,0,0,0,0,0,0,0,0,0.628
1999,249.4,21.5,40.1,0.23,0,3.5644,2.505525936990736,0,0,0,1,0,0,0,0,0,0,1,0,0,0,0.628
1999,112.4,31.8,16.9,0.2,1,1.4506,2.5376572151735295,1,0,0,0,0,0,1,0,0,1,0,0,0,0,0.251
1999,240.8,32.7,16.9,0.2,1,1.8967,2.2935443483418965,1,0,0,0,0,0,0,0,0,1,0,0,0,0,0.251
1999,102.6,33.0,16.9,0.2,1,13.629,0.8064758658669484,1,0,0,1,0,0,0,0,0,0,0,0,0,0,0.251
1999,54.8,33.2,16.9,0.2,1,1.4916,2.512035317176253,0,0,0,0,0,0,1,0,0,0,1,0,0,0,0.251
1999,129.2,31.5,16.9,0.2,1,1.9425,2.272125885509337,0,0,0,0,0,0,0,0,0,0,1,0,0,0,0.251
1999,50.0,32.2,16.9,0.2,1,5.6522,1.3837912309017721,0,0,0,1,0,0,0,0,0,0,0,0,0,0,0.251
1999,263.4,33.3,28.4,0.53,1,2.7099,2.4406063908914204,1,0,0,0,0,0,1,0,0,0,0,0,0,0,0.239
1999,137.3,33.3,28.4,0.2,1,2.1386,2.658859956911438,1,0,0,0,0,0,0,0,0,0,0,0,0,0,0.239
1999,219.2,31.6,28.4,0.23,1,4.8881,1.918392120161421,1,0,0,1,0,0,0,0,0,0,1,0,0,0,0.239
1999,115.2,34.7,28.4,0.2,1,3.8692,2.1210632163706555,0,0,0,0,0,0,1,0,0,0,1,0,0,0,0.239
1999,94.8,34.4,28.4,0.2,1,35.9494,0.5822156198526637,0,0,0,0,0,0,0,0,0,0,1,0,0,0,0.239
1999,53.9,33.9,28.4,0.2,1,4.0805,2.0744289998562917,0,0,0,1,0,0,0,0,0,0,0,0,0,0,0.239
1999,50.0,34.6,24.3,0.2,1,1.8121,2.667922410011431,1,0,0,0,0,0,1,0,0,0,0,0,0,0,0.215
1999,237.9,33.9,24.3,0.2,1,2.3754,2.418588768750352,1,0,0,0,0,0,0,0,0,0,0,0,0,0,0.215
1999,69.9,33.9,24.3,0.2,1,2.3077,2.4449523342809676,1,0,0,1,0,0,0,0,0,0,0,0,0,0,0.215
1999,101.9,33.8,24.3,0.2,1,1.7113,2.7212954278522306,0,0,0,0,0,0,1,0,0,0,0,0,0,0,0.215
1999,101.7,34.2,24.3,0.2,1,4.4424,1.8671761085128091,0,0,0,0,0,0,0,0,0,0,0,0,0,0,0.215
1999,88.0,33.3,24.3,0.2,1,3.3242,2.1174596088673567,0,0,0,1,0,0,0,0,0,0,1,0,0,0,0.215
1999,129.6,34.9,22.2,0.2,1,9.0244,1.2412685890696329,1,0,0,0,0,0,1,0,0,1,0,0,0,0,0.216
1999,204.4,35.9,22.2,0.2,1,3.5238,1.9878743481543455,1,0,0,0,0,0,0,0,0,0,1,0,0,0,0.216
1999,137.2,38.3,22.2,0.2,1,2.5784,2.262804222982201,1,0,0,1,0,0,0,0,0,0,1,0,0,0,0.216
1999,94.7,35.5,22.2,0.2,1,1.6692,2.6602595372658615,0,0,0,0,0,0,1,0,0,1,0,0,0,0,0.216
1999,90.4,34.3,22.2,0.2,1,8.4411,1.2892326482767593,0,0,0,0,0,0,0,0,0,0,1,0,0,0,0.216
1999,141.6,35.9,22.2,0.2,1,1.6481,2.6720775406433925,0,0,0,1,0,0,0,0,0,0,1,0,0,0,0.216
1999,381.1,21.6,62.0,0.49,0,6.6381,2.336019869080283,1,0,0,0,0,0,0,0,0,0,1,0,0,0,1.081
1999,381.2,21.2,62.0,1.13,0,8.5048,2.1150499691472033,1,0,0,1,0,0,0,0,0,0,1,0,0,0,1.081
1999,394.4,21.7,62.0,0.71,0,13.8702,1.6992786164338898,0,0,0,0,0,0,0,0,0,0,0,0,0,0,1.081
1999,381.5,21.5,62.0,1.07,0,4.2091,2.7555697170701863,0,0,0,1,0,0,0,0,0,0,1,0,0,0,1.081
1999,373.8,27.1,41.6,0.21,0,19.3488,1.1474024528375417,1,0,0,0,0,0,0,0,0,1,0,0,0,0,0.34
1999,334.4,28.6,41.6,0.52,0,4.5168,2.3233676321765744,1,0,0,1,0,0,0,0,0,0,0,0,0,0,0.34
1999,133.1,24.7,41.6,0.2,0,5.0918,2.2159372862683733,0,0,0,0,0,0,0,0,0,0,1,0,0,0,0.34
1999,50.0,25.2,41.6,0.2,0,12.4551,1.4678743481123135,0,0,0,1,0,0,0,0,0,0,0,0,0,0,0.34
1999,535.0,22.2,38.8,0.54,0,3.5727,2.4731713935695794,1,0,0,0,0,0,0,0,0,1,0,1,0,0,0.617
1999,343.1,22.0,38.8,0.74,0,23.5152,0.9745596399981308,1,0,0,1,0,0,0,0,0,0,1,0,0,0,0.617
1999,502.1,23.6,38.8,0.2,0,4.5647,2.2512917986064953,0,0,0,0,0,0,0,0,0,0,0,1,0,0,0.617
1999,200.9,22.2,38.8,0.24,0,6.4775,1.944480556245719,0,0,0,1,0,0,0,0,0,0,0,0,0,0,0.617
1999,570.4,21.9,38.8,0.24,0,11.8293,1.4539530095937052,1,0,0,0,0,0,0,0,1,0,1,1,0,0,1.385
1999,486.5,20.0,38.8,0.9,0,21.7978,1.0224509277025458,1,0,0,0,0,0,0,0,0,0,0,1,0,0,1.385
1999,534.8,20.2,38.8,2.49,0,28.9552,0.8501509293696101,1,0,0,1,0,0,0,0,0,1,0,1,0,0,1.385
1999,559.5,18.6,38.8,0.92,0,2.7498,2.715356776284648,0,0,0,0,0,0,0,0,1,1,0,1,0,0,1.385
1999,289.4,18.0,38.8,0.2,0,2.8869,2.67000213346468,0,0,0,0,0,0,0,0,0,1,0,0,0,0,1.385
1999,190.6,19.1,38.8,0.27,0,5.4342,2.096790180014449,0,0,0,1,0,0,0,0,0,0,0,0,0,0,1.385
1999,393.1,21.8,77.6,0.21,0,9.2601,2.238579763018133,1,0,0,0,0,0,0,0,0,1,0,0,0,0,1.472
1999,766.4,22.1,77.6,3.0,0,23.9506,1.4445632692438664,1,0,0,1,0,0,0,0,0,0,0,0,1,0,1.472
1999,556.8,21.4,77.6,1.2,0,9.7,2.1972245773362196,0,0,0,0,0,0,0,0,0,0,0,1,0,0,1.472
1999,531.4,21.3,77.6,1.48,0,5.5868,2.7006898466959175,0,0,0,1,0,0,0,0,0,0,1,1,0,0,1.472
1999,798.4,24.1,67.9,0.4,0,5.4018,2.6078614738467776,1,0,0,0,0,0,0,0,0,0,1,0,1,0,1.511
1999,1097.9,21.0,67.9,4.96,0,7.1928,2.3456445824544927,1,0,0,1,0,0,0,0,0,0,0,0,0,1,1.511
1999,692.8,22.6,67.9,3.51,0,7.2854,2.334083760053417,1,1,0,0,0,0,0,0,0,0,0,1,0,0,1.511
1999,350.7,22.4,67.9,0.2,0,6.8379,2.391511302188447,0,0,0,0,0,0,0,0,0,0,1,0,0,0,1.511
1999,514.5,22.6,67.9,1.49,0,5.3047,2.624668592163159,0,0,0,1,0,0,0,0,0,1,0,1,0,0,1.511
1999,590.6,24.7,67.9,2.18,0,5.0634,2.667922410011431,0,1,0,0,0,0,0,0,0,0,1,1,0,0,1.511
1999,571.4,24.5,75.3,0.58,0,6.3331,2.556451816951096,1,0,0,0,0,0,0,0,0,0,1,1,0,0,1.053
1999,613.4,23.5,75.3,1.64,0,12.1648,1.9726911717329554,1,0,0,1,0,0,0,0,0,0,1,1,0,0,1.053
1999,454.7,22.5,75.3,0.26,0,47.0625,0.9555114450274363,0,0,0,0,0,0,0,0,0,0,1,1,0,0,1.053
1999,510.2,23.4,75.3,1.67,0,50.8784,0.9082585601768908,0,0,0,1,0,0,0,0,0,1,0,1,0,0,1.053
1999,910.4,23.0,54.9,0.74,0,4.8498,2.511223958105374,1,0,0,0,0,0,0,0,0,1,0,0,1,0,1.369
1999,565.6,19.9,54.9,1.33,0,7.2427,2.149433913499871,1,0,0,1,0,0,0,0,0,1,0,1,0,0,1.369
1999,825.3,22.1,54.9,0.47,0,4.3571,2.6100697927420065,0,0,0,0,0,0,0,0,0,0,1,0,1,0,1.369
1999,526.2,20.2,54.9,0.6,0,99.8182,0.4382549309311553,0,0,0,1,0,0,0,0,0,0,1,1,0,0,1.369
1999,425.7,22.7,32.9,0.2,0,3.4559,2.3532782073095637,1,0,0,0,0,0,0,0,0,0,0,1,0,0,0.583
1999,374.2,20.8,32.9,1.03,0,2.3823,2.6953026282797072,1,0,0,1,0,0,0,0,0,0,1,0,0,0,0.583
1999,185.0,22.0,32.9,0.2,0,6.4133,1.81319474994812,0,0,0,0,0,0,0,0,0,0,1,0,0,0,0.583
1999,229.1,22.5,32.9,0.29,0,5.2057,1.9906103279732201,0,0,0,1,0,0,0,0,0,0,0,0,0,0,0.583
1999,580.9,20.6,42.5,1.89,0,4.2458,2.3988039507345884,1,0,0,0,0,0,0,0,1,0,0,1,0,0,1.391
1999,702.9,17.6,42.5,0.81,0,8.2205,1.8196988379172965,1,0,0,0,0,0,0,0,0,1,0,0,1,0,1.391
1999,622.8,18.8,42.5,2.23,0,10.241,1.6389967146756448,1,0,0,1,0,0,0,0,0,0,0,1,0,0,1.391
1999,379.2,18.5,42.5,0.37,0,3.4779,2.5817308344235403,0,0,0,0,0,0,0,0,1,0,1,0,0,0,1.391
1999,371.6,19.1,42.5,0.25,0,3.5037,2.574899688314705,0,0,0,0,0,0,0,0,0,0,1,0,0,0,1.391
1999,432.2,16.9,42.5,0.86,0,12.7246,1.4678743481123135,0,0,0,1,0,0,0,0,0,1,0,1,0,0,1.391
1999,647.4,16.1,59.4,0.79,0,11.88,1.791759469228055,1,0,0,0,0,0,0,0,0,0,1,1,0,0,1.144
1999,687.0,19.1,59.4,2.66,0,11.9758,1.7850704810772584,1,0,0,1,0,0,0,0,0,1,0,1,0,0,1.144
1999,524.3,16.8,59.4,0.36,0,10.4947,1.8961194845522977,0,0,0,0,0,0,0,0,0,0,1,1,0,0,1.144
1999,573.3,15.8,59.4,1.36,0,5.5051,2.4672517145492794,0,0,0,1,0,0,0,0,0,0,0,1,0,0,1.144
1999,646.0,20.4,70.6,0.98,0,15.2155,1.7298840655099674,1,0,0,0,0,0,0,0,0,1,0,1,0,0,1.602
1999,758.7,22.1,70.6,3.01,0,51.1594,0.8671004876833833,1,0,0,1,0,0,0,0,0,0,1,0,1,0,1.602
1999,737.9,20.3,70.6,0.63,0,7.7074,2.318458442150336,1,1,0,0,0,0,0,0,0,0,1,0,1,0,1.602
1999,664.4,17.9,70.6,0.89,0,12.386,1.9021075263969205,1,0,0,0,0,1,0,0,0,0,1,1,0,0,1.602
1999,247.9,20.6,70.6,0.2,0,9.0979,2.1701959049483,0,0,0,0,0,0,0,0,0,1,0,0,0,0,1.602
1999,267.8,20.8,70.6,0.68,0,5.7166,2.5915163848462583,0,0,0,1,0,0,0,0,0,0,0,0,0,0,1.602
1999,262.5,19.1,70.6,0.21,0,7.2336,2.3758355547336385,0,1,0,0,0,0,0,0,0,1,0,0,0,0,1.602
1999,613.4,21.0,70.6,2.33,0,6.0085,2.545531271604435,0,0,0,0,0,1,0,0,0,0,0,1,0,0,1.602
1999,236.7,29.2,18.4,0.2,0,2.1853,2.2428350885882717,1,0,0,0,0,0,0,0,0,0,1,0,0,0,0.243
1999,136.6,30.8,18.4,0.2,1,1.6758,2.4832385926873033,1,0,0,1,0,0,0,0,0,0,1,0,0,0,0.243
1999,185.9,31.7,18.4,0.2,1,5.6442,1.449269160281279,0,0,0,0,0,0,0,0,0,0,1,0,0,0,0.243
1999,50.0,31.7,18.4,0.2,1,1.5033,2.5832425505088623,0,0,0,1,0,0,0,0,0,0,1,0,0,0,0.243
1999,213.3,31.3,24.3,0.2,1,1.7222,2.715356776284648,1,0,0,0,0,0,0,0,0,0,1,0,0,0,0.212
1999,238.4,30.5,24.3,0.23,1,7.5938,1.4350845252893227,1,0,0,1,0,0,0,0,0,0,1,0,0,0,0.212
1999,198.1,30.3,24.3,0.2,1,2.2091,2.4849066497880004,0,0,0,0,0,0,0,0,0,1,0,0,0,0,0.212
1999,131.9,31.0,24.3,0.2,1,2.6045,2.3350522831315472,0,0,0,1,0,0,0,0,0,0,1,0,0,0,0.212
2000,512.7,16.8,139.7,3.21,0,17.1411,2.21375387928743,1,0,0,0,0,0,0,0,1,0,1,1,0,0,3.582
2000,486.7,18.0,139.7,1.78,0,32.338,1.6714733033535532,1,0,0,0,0,0,0,0,0,0,0,1,0,0,3.582
2000,454.5,17.8,139.7,0.48,0,16.9333,2.224623551524334,1,0,0,1,0,0,0,0,0,0,1,1,0,0,3.582
2000,493.2,17.0,139.7,4.01,0,12.341,2.511223958105374,0,0,0,0,0,0,0,0,1,0,1,1,0,0,3.582
2000,432.0,18.8,139.7,0.63,0,170.3659,0.598836501088704,0,0,0,0,0,0,0,0,0,0,0,1,0,0,3.582
2000,455.5,16.4,139.7,0.91,0,25.1259,1.8809906029559975,0,0,0,1,0,0,0,0,0,0,0,1,0,0,3.582
2000,660.2,17.5,111.5,4.61,0,25.5149,1.6808279085207734,1,0,0,0,0,0,0,0,1,0,0,1,0,0,4.069
2000,569.8,14.8,111.5,1.38,0,40.6934,1.3190856114264407,1,0,0,0,0,0,0,0,0,0,0,1,0,0,4.069
2000,545.1,17.9,111.5,1.23,0,38.1849,1.366091653802371,1,0,0,1,0,0,0,0,0,0,0,1,0,0,4.069
2000,233.3,19.6,111.5,0.29,0,9.2762,2.5664866367804233,0,0,0,0,0,0,0,0,1,0,1,0,0,0,4.069
2000,313.3,15.5,111.5,0.27,0,31.7664,1.506297153514587,0,0,0,0,0,0,0,0,0,0,0,0,0,0,4.069
2000,263.0,16.4,111.5,0.67,0,11.1277,2.3997118037247684,0,0,0,1,0,0,0,0,0,0,0,0,0,0,4.069
2000,360.9,19.1,130.3,1.39,0,54.7479,1.2178757094949273,1,0,0,0,0,0,0,0,1,0,0,0,0,0,3.973
2000,493.6,18.0,130.3,0.85,0,14.2873,2.3145136638593193,1,0,0,0,0,0,0,0,0,1,0,1,0,0,3.973
2000,374.1,19.7,130.3,1.53,0,10.9773,2.554899021608035,1,0,0,1,0,0,0,0,0,0,0,0,0,0,3.973
2000,539.0,21.2,130.3,5.55,0,29.4796,1.6900958154515549,1,0,0,0,1,0,0,0,0,0,1,1,0,0,3.973
2000,361.8,18.3,130.3,0.57,0,15.4751,2.2428350885882717,0,0,0,0,0,0,0,0,1,0,0,0,0,0,3.973
2000,124.1,19.2,130.3,0.2,0,18.0471,2.1065702090680882,0,0,0,0,0,0,0,0,0,0,1,0,0,0,3.973
2000,371.6,16.8,130.3,0.61,0,9.7896,2.6609585935683597,0,0,0,1,0,0,0,0,0,1,0,0,0,0,3.973
2000,195.1,19.2,130.3,0.71,0,20.3276,2.0028304393079956,0,0,0,0,1,0,0,0,0,0,1,0,0,0,3.973
2000,468.7,17.4,111.4,0.67,0,8.2457,2.6748380668960965,1,0,0,0,0,0,0,0,0,0,0,1,0,0,2.798
2000,413.0,16.7,111.4,0.49,0,9.1087,2.5824869781268642,1,0,0,1,0,0,0,0,0,1,0,1,0,0,2.798
2000,558.0,18.6,111.4,2.54,0,10.0632,2.4907230351094403,1,0,0,0,0,0,0,1,0,0,0,1,0,0,2.798
2000,271.7,16.0,111.4,0.2,0,27.5062,1.6193882432872684,0,0,0,0,0,0,0,0,0,1,0,0,0,0,2.798
2000,241.9,17.7,111.4,0.33,0,10.5293,2.449279472144849,0,0,0,1,0,0,0,0,0,0,0,0,0,0,2.798
2000,348.6,19.3,111.4,0.8,0,11.7635,2.3485140248824456,0,0,0,0,0,0,0,1,0,0,0,0,0,0,2.798
2000,427.4,18.9,96.0,0.27,0,7.0022,2.688527534613346,1,0,0,0,0,0,0,0,0,1,0,1,0,0,2.502
2000,634.5,19.2,96.0,3.22,0,7.7482,2.5945081597030812,1,0,0,1,0,0,0,0,0,0,0,1,0,0,2.502
2000,431.1,19.1,96.0,0.3,0,6.862,2.7073833121145063,0,0,0,0,0,0,0,0,0,1,0,1,0,0,2.502
2000,301.4,18.6,96.0,0.87,0,20.6897,1.7298840655099674,0,0,0,1,0,0,0,0,0,0,0,0,0,0,2.502
2000,619.4,20.2,139.5,2.3,0,28.882,1.763017000362401,1,0,0,0,0,0,0,0,0,0,0,1,0,0,2.346
2000,581.5,18.0,139.5,0.43,0,39.1854,1.5173226235262949,1,0,0,1,0,0,0,0,0,0,0,1,0,0,2.346
2000,194.5,19.3,139.5,0.2,0,85.5828,0.9669838461896731,0,0,0,0,0,0,0,0,0,0,0,0,0,0,2.346
2000,308.9,20.7,139.5,0.53,0,22.0379,1.9919755158985601,0,0,0,1,0,0,0,0,0,0,1,0,0,0,2.346
2000,609.3,20.5,93.7,0.42,0,8.1407,2.5265283244788197,1,0,0,0,0,0,0,0,0,0,0,1,0,0,2.552
2000,376.4,17.1,93.7,0.24,0,17.2878,1.8594181177018698,1,0,0,1,0,0,0,0,0,1,0,0,0,0,2.552
2000,190.4,17.0,93.7,0.2,0,6.7849,2.6953026282797072,0,0,0,0,0,0,0,0,0,0,1,0,0,0,2.552
2000,755.7,19.4,93.7,3.54,0,49.5767,1.0612565021243408,0,0,0,1,0,0,0,0,0,0,0,0,1,0,2.552
2000,612.4,17.6,108.7,0.48,0,7.9401,2.6871669901857858,1,0,0,0,0,0,0,0,0,0,0,1,0,0,2.398
2000,751.9,19.4,108.7,3.21,0,49.4091,1.1631508098056809,1,0,0,1,0,0,0,0,0,0,0,0,1,0,2.398
2000,200.8,18.8,108.7,0.2,0,12.8033,2.2502386126218363,0,0,0,0,0,0,0,0,0,0,1,0,0,0,2.398
2000,350.8,16.6,108.7,0.45,0,28.7566,1.5644405465033644,0,0,0,1,0,0,0,0,0,0,0,0,0,0,2.398
2000,597.0,19.3,63.5,0.2,0,32.9016,1.0750024230289759,1,0,0,0,0,0,0,0,0,1,0,1,0,0,1.579
2000,745.9,21.1,63.5,1.15,0,15.3753,1.6351056591826783,1,0,0,1,0,0,0,0,0,0,1,0,1,0,1.579
2000,251.9,17.7,63.5,0.2,0,5.2566,2.5710843460290524,0,0,0,0,0,0,0,0,0,1,0,0,0,0,1.579
2000,387.9,18.7,63.5,0.44,0,10.9294,1.918392120161421,0,0,0,1,0,0,0,0,0,0,0,0,0,0,1.579
2000,452.1,17.8,109.6,0.2,0,16.094,2.0554049638515948,1,0,0,0,0,0,0,0,0,0,0,1,0,0,3.983
2000,517.3,16.9,109.6,0.57,0,11.7597,2.334083760053417,1,0,0,1,0,0,0,0,0,0,0,1,0,0,3.983
2000,705.8,18.6,109.6,3.64,0,76.1111,0.8919980393051105,1,0,0,0,0,0,0,1,0,1,0,0,1,0,3.983
2000,591.3,17.7,109.6,3.14,0,64.0936,0.9969486348916096,1,0,0,0,1,0,0,0,0,0,1,1,0,0,3.983
2000,256.7,15.3,109.6,0.2,0,9.8739,2.4932054526026954,0,0,0,0,0,0,0,0,0,0,0,0,0,0,3.983
2000,319.7,15.0,109.6,0.43,0,9.028,2.5756610130564646,0,0,0,1,0,0,0,0,0,0,0,0,0,0,3.983
2000,378.8,18.0,109.6,0.63,0,12.3702,2.288486168614544,0,0,0,0,0,0,0,1,0,1,0,0,0,0,3.983
2000,344.3,17.8,109.6,2.01,0,94.4828,0.7701082216960736,0,0,0,0,1,0,0,0,0,0,0,0,0,0,3.983
2000,595.5,18.2,126.0,0.36,0,41.1765,1.4011829736136414,1,0,0,0,0,0,0,0,0,0,0,1,0,0,2.733
2000,716.8,17.5,126.0,3.03,0,9.8131,2.6275629501895237,1,0,0,1,0,0,0,0,0,0,0,0,1,0,2.733
2000,609.8,17.7,126.0,1.2,0,72.8324,1.0043016091968684,1,0,0,0,0,0,0,1,0,0,0,1,0,0,2.733
2000,458.0,18.2,126.0,0.2,0,10.4132,2.5726122302071057,0,0,0,0,0,0,0,0,0,0,0,1,0,0,2.733
2000,273.1,16.3,126.0,0.2,0,12.6633,2.3933394562625097,0,0,0,1,0,0,0,0,0,0,0,0,0,0,2.733
2000,667.9,15.3,126.0,2.62,0,11.0721,2.5160822672564502,0,0,0,0,0,0,0,1,0,0,0,1,0,0,2.733
2000,319.9,16.4,69.6,0.2,0,66.9231,0.712949807856125,1,0,0,0,0,0,0,0,0,1,0,0,0,0,1.242
2000,508.7,16.2,69.6,1.68,0,15.4324,1.706564623164823,1,0,0,1,0,0,0,0,0,0,1,1,0,0,1.242
2000,327.0,15.9,69.6,0.42,0,16.0369,1.6752256529721035,1,0,0,0,0,0,0,1,0,0,0,0,0,0,1.242
2000,351.2,15.5,69.6,0.31,0,4.9573,2.7107133185216936,1,0,1,0,0,0,0,0,0,0,0,0,0,0,1.242
2000,227.5,17.1,69.6,0.2,0,5.5107,2.612273245708441,0,0,0,0,0,0,0,0,0,0,0,0,0,0,1.242
2000,132.0,15.5,69.6,0.2,0,5.6039,2.5967461315435356,0,0,0,1,0,0,0,0,0,0,1,0,0,0,1.242
2000,285.3,15.9,69.6,0.35,0,25.4015,1.3190856114264407,0,0,0,0,0,0,0,1,0,1,0,0,0,0,1.242
2000,229.7,17.2,69.6,0.25,0,65.0467,0.7275486072772778,0,0,1,0,0,0,0,0,0,0,1,0,0,0,1.242
2000,426.1,17.8,55.1,0.53,0,9.3707,1.9286186519452522,1,0,0,0,0,0,0,0,0,0,0,1,0,0,1.371
2000,367.8,18.0,55.1,0.43,0,6.0884,2.307572634505085,1,0,0,1,0,0,0,0,0,0,1,0,0,0,1.371
2000,393.3,17.4,55.1,0.39,0,13.9848,1.597365331199831,1,0,0,0,0,0,0,1,0,0,1,0,0,0,1.371
2000,617.9,17.8,55.1,0.86,0,20.4833,1.3056264580524357,1,0,1,0,0,0,0,0,0,0,1,1,0,0,1.371
2000,335.3,19.0,55.1,0.2,0,6.6386,2.2300144001592104,0,0,0,0,0,0,0,0,0,0,1,0,0,0,1.371
2000,218.5,18.6,55.1,0.3,0,5.4126,2.414126467726953,0,0,0,1,0,0,0,0,0,0,1,0,0,0,1.371
2000,343.9,15.7,55.1,0.35,0,9.1376,1.9501867058225735,0,0,0,0,0,0,0,1,0,0,1,0,0,0,1.371
2000,313.1,20.5,55.1,0.25,0,7.5791,2.1126345090356,0,0,1,0,0,0,0,0,0,1,0,0,0,0,1.371
2000,429.6,18.2,54.4,0.36,0,4.0476,2.67000213346468,1,0,0,0,0,0,0,0,0,1,0,1,0,0,0.987
2000,429.5,20.3,54.4,1.57,0,3.6982,2.75429745226753,1,0,0,1,0,0,0,0,0,0,1,1,0,0,0.987
2000,326.5,20.5,54.4,0.26,0,3.7543,2.740194654428777,1,0,1,0,0,0,0,0,0,0,1,0,0,0,0.987
2000,315.4,17.8,54.4,0.23,0,6.1818,2.2823823856765264,0,0,0,0,0,0,0,0,0,0,0,0,0,0,0.987
2000,330.5,17.5,54.4,0.2,0,6.741,2.2049722641270453,0,0,0,1,0,0,0,0,0,0,0,0,0,0,0.987
2000,218.3,17.6,54.4,0.2,0,8.8026,1.9712993830601329,0,0,1,0,0,0,0,0,0,0,1,0,0,0,0.987
2000,416.4,18.8,60.4,0.74,0,28.7619,1.1314021114911006,1,0,0,0,0,0,0,0,0,0,1,1,0,0,1.215
2000,395.3,20.5,60.4,0.49,0,14.4498,1.6448050562713916,1,0,0,1,0,0,0,0,0,0,1,0,0,0,1.215
2000,407.6,19.5,60.4,0.65,0,4.6284,2.642622395779755,1,0,1,0,0,0,0,0,0,0,0,1,0,0,1.215
2000,374.1,15.6,60.4,0.24,0,6.7336,2.299580583973747,1,0,0,0,0,1,0,0,0,1,0,0,0,0,1.215
2000,195.0,17.9,60.4,0.2,0,59.802,0.6981347220709844,0,0,0,0,0,0,0,0,0,1,0,0,0,0,1.215
2000,352.1,19.0,60.4,0.53,0,6.9266,2.2741856184723477,0,0,0,1,0,0,0,0,0,0,0,0,0,0,1.215
2000,337.8,19.1,60.4,0.34,0,6.318,2.3570732782781154,0,0,1,0,0,0,0,0,0,0,1,0,0,0,1.215
2000,312.6,17.4,60.4,0.27,0,8.8824,2.0541237336955462,0,0,0,0,0,1,0,0,0,1,0,0,0,0,1.215
2000,341.5,19.5,59.2,0.21,0,37.707,0.9439058989071284,1,0,0,0,0,0,0,0,0,0,1,0,0,0,1.367
2000,348.9,19.5,59.2,0.37,0,4.0856,2.740194654428777,1,0,0,1,0,0,0,0,0,0,1,0,0,0,1.367
2000,298.0,19.8,59.2,0.28,0,14.6898,1.6154199841116479,1,0,1,0,0,0,0,0,0,0,0,0,0,0,1.367
2000,251.0,21.1,59.2,0.2,0,6.0041,2.3850863145057892,0,0,0,0,0,0,0,0,0,1,0,0,0,0,1.367
2000,242.4,21.7,59.2,0.48,0,4.4646,2.65745841498615,0,0,0,1,0,0,0,0,0,0,1,0,0,0,1.367
2000,231.2,20.2,59.2,0.23,0,8.0654,2.1210632163706555,0,0,1,0,0,0,0,0,0,0,1,0,0,0,1.367
2000,386.2,16.5,74.4,0.61,0,6.3104,2.548663615590751,1,0,0,0,0,0,0,0,0,0,0,0,0,0,1.854
2000,216.6,16.8,74.4,0.2,0,13.7778,1.8562979903656263,1,0,0,1,0,0,0,0,0,0,0,0,0,0,1.854
2000,277.4,16.0,74.4,0.21,0,5.933,2.605648267484129,1,0,1,0,0,0,0,0,0,0,0,0,0,0,1.854
2000,443.1,17.4,74.4,0.95,0,5.5564,2.6665335208992764,1,0,0,0,1,0,0,0,0,0,1,1,0,0,1.854
2000,310.9,16.9,74.4,0.2,0,6.5724,2.511223958105374,0,0,0,0,0,0,0,0,0,0,1,0,0,0,1.854
2000,175.7,17.8,74.4,0.3,0,10.5532,2.0856720914304723,0,0,0,1,0,0,0,0,0,0,0,0,0,0,1.854
2000,249.6,17.2,74.4,0.27,0,10.0,2.132982308607866,0,0,1,0,0,0,0,0,0,1,0,0,0,0,1.854
2000,227.6,16.0,74.4,1.18,0,5.0785,2.750470916986162,0,0,0,0,1,0,0,0,0,1,0,0,0,0,1.854
2000,464.0,21.0,89.7,0.4,0,18.3811,1.7715567619105355,1,0,0,0,0,0,0,0,0,0,1,1,0,0,1.181
2000,326.6,20.1,89.7,2.6,0,10.7297,2.2364452904895007,1,0,0,1,0,0,0,0,0,0,0,0,0,0,1.181
2000,330.0,18.6,89.7,0.27,0,12.1053,2.1294214739848565,0,0,0,0,0,0,0,0,0,1,0,0,0,0,1.181
2000,212.6,20.5,89.7,0.45,0,72.9268,0.8020015854720274,0,0,0,1,0,0,0,0,0,0,1,0,0,0,1.181
2000,510.8,13.7,120.3,0.79,0,13.8594,2.2700619012884857,1,0,0,0,0,0,0,0,0,0,0,1,0,0,3.861
2000,444.3,15.6,120.3,0.81,0,47.3622,1.264126727145683,1,0,0,1,0,0,0,0,0,0,0,1,0,0,3.861
2000,353.0,17.0,120.3,1.85,0,11.7595,2.418588768750352,1,0,0,0,1,0,0,0,0,1,0,0,0,0,3.861
2000,480.2,17.9,120.3,1.36,0,12.4534,2.3664984187376983,0,0,0,0,0,0,0,0,0,0,0,1,0,0,3.861
2000,365.9,16.5,120.3,0.66,0,31.8254,1.5644405465033644,0,0,0,1,0,0,0,0,0,1,0,0,0,0,3.861
2000,195.0,15.9,120.3,1.1,0,15.5829,2.1656192379208883,0,0,0,0,1,0,0,0,0,0,0,0,0,0,3.861
2000,277.0,18.1,6.7,0.2,0,0.4552,2.7549337870010606,1,0,0,0,0,0,0,0,0,0,1,0,0,0,0.496
2000,357.2,19.6,6.7,0.25,0,1.286,1.8261608959453874,1,0,0,1,0,0,0,0,0,0,1,0,0,0,0.496
2000,216.7,18.8,6.7,0.2,0,0.613,2.4790562361098245,0,0,0,0,0,0,0,0,0,0,0,0,0,0,0.496
2000,284.5,18.0,6.7,0.2,0,3.2212,1.1249295969854831,0,0,0,1,0,0,0,0,0,0,1,0,0,0,0.496
2000,306.0,24.3,71.2,0.58,0,14.5603,1.7732559976634952,1,0,0,0,0,0,1,0,0,0,1,0,0,0,0.89
2000,198.3,19.7,71.2,0.2,0,6.7745,2.4432162227337915,1,0,0,0,0,0,0,0,0,0,1,0,0,0,0.89
2000,295.6,21.8,71.2,0.37,0,37.4737,1.0647107369924282,1,0,0,1,0,0,0,0,0,0,1,0,0,0,0.89
2000,329.0,20.7,71.2,0.41,0,4.9582,2.731766727719526,0,0,0,0,0,0,1,0,0,1,0,0,0,0,0.89
2000,332.6,23.1,71.2,0.39,0,11.8076,1.9501867058225735,0,0,0,0,0,0,0,0,0,0,1,0,0,0,0.89
2000,210.0,23.7,71.2,0.42,0,19.944,1.5195132049061133,0,0,0,1,0,0,0,0,0,0,0,0,0,0,0.89
2000,289.1,22.5,11.9,0.25,0,0.9738,2.5817308344235403,1,0,0,0,0,0,1,0,0,1,0,0,0,0,0.48
2000,185.7,24.0,11.9,0.2,0,0.7987,2.766319109226186,1,0,0,0,0,0,0,0,0,0,1,0,0,0,0.48
2000,287.3,24.8,11.9,0.34,0,2.8,1.6582280766035324,1,0,0,1,0,0,0,0,0,1,0,0,0,0,0.48
2000,101.5,23.3,11.9,0.2,0,1.5276,2.1736147116970854,0,0,0,0,0,0,1,0,0,1,0,0,0,0,0.48
2000,309.5,22.6,11.9,0.24,0,1.2268,2.3702437414678603,0,0,0,0,0,0,0,0,0,0,1,0,0,0,0.48
2000,65.7,25.1,11.9,0.2,0,2.0377,1.922787731634459,0,0,0,1,0,0,0,0,0,0,0,0,0,0,0.48
2000,239.7,24.0,13.1,0.2,0,1.9465,2.0451088625993306,1,0,0,0,0,0,1,0,0,0,1,0,0,0,0.455
2000,357.1,25.8,13.1,0.2,0,0.9097,2.7343675094195836,1,0,0,0,0,0,0,0,0,1,0,0,0,0,0.455
2000,313.8,24.9,13.1,0.67,0,3.8988,1.4724720573609429,1,0,0,1,0,0,0,0,0,0,0,0,0,0,0.455
2000,248.0,24.9,13.1,0.2,0,2.3818,1.8718021769015913,0,0,0,0,0,0,1,0,0,1,0,0,0,0,0.455
2000,237.3,22.2,13.1,0.2,0,25.1923,0.41871033485818504,0,0,0,0,0,0,0,0,0,0,1,0,0,0,0.455
2000,255.6,23.8,13.1,0.2,0,2.2902,1.9050881545350582,0,0,0,1,0,0,0,0,0,0,1,0,0,0,0.455
2000,426.6,28.7,25.4,0.2,0,18.9552,0.8501509293696101,1,0,0,0,0,0,0,0,0,1,0,1,0,0,0.266
2000,274.3,29.9,25.4,0.2,0,4.4251,1.9080599249242156,1,0,0,1,0,0,0,0,0,1,0,0,0,0,0.266
2000,253.9,28.6,25.4,0.2,0,2.5425,2.39698576841553,0,0,0,0,0,0,0,0,0,0,1,0,0,0,0.266
2000,253.1,26.8,25.4,0.2,0,2.8128,2.305580601973844,0,0,0,1,0,0,0,0,0,0,0,0,0,0,0.266
2000,280.8,27.0,39.8,0.2,0,14.5255,1.3190856114264407,1,0,0,0,0,0,0,0,0,0,0,0,0,0,0.661
2000,197.3,28.0,39.8,0.2,0,3.0243,2.6504210882655737,1,0,0,1,0,0,0,0,0,0,1,0,0,0,0.661
2000,248.8,28.8,39.8,0.41,0,9.6135,1.6370530794670737,1,1,0,0,0,0,0,0,0,0,0,0,0,0,0.661
2000,91.4,26.8,39.8,0.2,0,5.5587,2.0992441689760155,0,0,0,0,0,0,0,0,0,0,1,0,0,0,0.661
2000,241.2,27.9,39.8,0.2,0,5.905,2.046401687601636,0,0,0,1,0,0,0,0,0,1,0,0,0,0,0.661
2000,220.1,26.9,39.8,0.37,0,5.1688,2.163323025660538,0,1,0,0,0,0,0,0,0,0,0,0,0,0,0.661
2000,497.0,29.3,22.0,0.2,0,2.5346,2.2700619012884857,1,0,0,0,0,0,0,0,0,1,0,1,0,0,0.678
2000,473.6,27.6,22.0,0.45,0,1.9892,2.4898941912990393,1,0,0,1,0,0,0,0,0,0,1,1,0,0,0.678
2000,317.8,26.7,22.0,0.2,0,2.7295,2.203869120054888,1,1,0,0,0,0,0,0,0,0,1,0,0,0,0.678
2000,171.1,28.8,22.0,0.2,0,3.17,2.0719132752590443,0,0,0,0,0,0,0,0,0,0,1,0,0,0,0.678
2000,352.8,28.8,22.0,0.2,0,4.5267,1.7681496035889213,0,0,0,1,0,0,0,0,0,0,1,0,0,0,0.678
2000,404.2,29.0,22.0,0.2,0,2.1154,2.4336133554004498,0,1,0,0,0,0,0,0,0,0,1,1,0,0,0.678
2000,188.0,28.6,9.3,0.2,0,5.027,1.0473189942805592,1,0,0,0,0,0,0,0,0,0,1,0,0,0,0.341
2000,211.1,28.2,9.3,0.2,0,8.2301,0.7561219797213337,1,0,0,1,0,0,0,0,0,0,1,0,0,0,0.341
2000,208.7,29.6,9.3,0.2,0,2.48,1.55814461804655,1,0,0,0,0,1,0,0,0,0,1,0,0,0,0.341
2000,102.2,29.8,9.3,0.2,0,1.7002,1.8671761085128091,0,0,0,0,0,0,0,0,0,0,0,0,0,0,0.341
2000,50.0,29.8,9.3,0.2,0,0.7543,2.5900171341906173,0,0,0,1,0,0,0,0,0,0,1,0,0,0,0.341
2000,50.0,26.6,9.3,0.2,0,8.6916,0.7275486072772778,0,0,0,0,0,1,0,0,0,1,0,0,0,0,0.341
2000,302.4,28.5,5.3,0.2,0,0.3579,2.7606426512213806,1,0,0,0,0,0,0,0,0,0,1,0,0,0,0.339
2000,374.5,26.8,5.3,0.2,0,2.7749,1.0681530811834012,1,0,0,1,0,0,0,0,0,0,1,0,0,0,0.339
2000,192.6,27.8,5.3,0.2,0,1.0861,1.7715567619105355,0,0,0,0,0,0,0,0,0,1,0,0,0,0,0.339
2000,337.2,30.0,5.3,0.2,0,1.335,1.6034198401085376,0,0,0,1,0,0,0,0,0,0,1,0,0,0,0.339
2000,235.0,22.5,7.5,0.2,0,0.5656,2.65745841498615,1,0,0,0,0,0,0,0,0,0,0,0,0,0,0.628
2000,251.5,24.5,7.5,0.2,0,1.004,2.136530508663963,1,0,0,1,0,0,0,0,0,0,1,0,0,0,0.628
2000,230.9,23.7,7.5,0.2,0,2.4351,1.4060969884160703,0,0,0,0,0,0,0,0,0,0,0,0,0,0,0.628
2000,252.2,25.8,7.5,0.2,0,1.0917,2.063058062429312,0,0,0,1,0,0,0,0,0,0,1,0,0,0,0.628
2000,140.4,30.5,18.0,0.36,1,2.795,2.0068708488450007,1,0,0,0,0,0,1,0,0,0,0,0,0,0,0.251
2000,175.6,33.9,18.0,0.2,1,1.9169,2.340843805111136,1,0,0,0,0,0,0,0,0,0,1,0,0,0,0.251
2000,115.0,34.7,18.0,0.2,1,1.2097,2.7650604558189897,1,0,0,1,0,0,0,0,0,0,1,0,0,0,0.251
2000,82.1,31.4,18.0,0.2,1,6.383,1.3402504226184837,0,0,0,0,0,0,1,0,0,0,0,0,0,0,0.251
2000,67.9,33.6,18.0,0.2,1,1.4599,2.5900171341906173,0,0,0,0,0,0,0,0,0,0,1,0,0,0,0.251
2000,114.5,33.2,18.0,0.2,1,1.3245,2.6803363625346943,0,0,0,1,0,0,0,0,0,0,1,0,0,0,0.251
2000,74.9,31.8,33.9,0.2,1,2.513,2.673458756332591,1,0,0,0,0,0,1,0,0,0,0,0,0,0,0.239
2000,122.2,35.5,33.9,0.2,1,3.3333,2.413231613081109,1,0,0,0,0,0,0,0,0,0,1,0,0,0,0.239
2000,95.8,34.6,33.9,0.2,1,11.8531,1.3506671834767394,1,0,0,1,0,0,0,0,0,1,0,0,0,0,0.239
2000,50.0,33.9,33.9,0.2,1,3.4036,2.3942522815198695,0,0,0,0,0,0,1,0,0,0,1,0,0,0,0.239
2000,124.9,34.8,33.9,0.2,1,5.347,1.9933388426264242,0,0,0,0,0,0,0,0,0,1,0,0,0,0,0.239
2000,113.5,35.8,33.9,0.2,1,9.9123,1.4861396960896067,0,0,0,1,0,0,0,0,0,1,0,0,0,0,0.239
2000,113.3,32.3,3.6,0.2,1,0.4091,2.2823823856765264,1,0,0,0,0,0,1,0,0,0,0,0,0,0,0.215
2000,65.2,33.6,3.6,0.2,1,2.9752,0.7929925155296614,1,0,0,0,0,0,0,0,0,0,1,0,0,0,0.215
2000,122.6,33.8,3.6,0.2,1,0.4794,2.1412419425852827,1,0,0,1,0,0,0,0,0,1,0,0,0,0,0.215
2000,55.3,37.5,3.6,0.2,1,0.4128,2.2741856184723477,0,0,0,0,0,0,1,0,0,0,1,0,0,0,0.215
2000,50.2,33.9,3.6,0.2,1,0.5769,1.979621206397625,0,0,0,0,0,0,0,0,0,0,0,0,0,0,0.215
2000,112.5,34.3,3.6,0.2,1,0.6486,1.8794650496471605,0,0,0,1,0,0,0,0,0,0,0,0,0,0,0.215
2000,129.9,34.6,35.6,0.2,1,4.6054,2.166765369851511,1,0,0,0,0,0,1,0,0,0,1,0,0,0,0.216
2000,88.5,35.1,35.6,0.2,1,2.7113,2.6483001966964363,1,0,0,0,0,0,0,0,0,1,0,0,0,0,0.216
2000,201.6,35.8,35.6,0.2,1,9.8343,1.5303947050936475,1,0,0,1,0,0,0,0,0,0,0,0,0,0,0.216
2000,89.5,35.7,35.6,0.2,1,3.2601,2.4782176616372036,0,0,0,0,0,0,1,0,0,1,0,0,0,0,0.216
2000,102.7,33.1,35.6,0.2,1,2.3749,2.771963526845863,0,0,0,0,0,0,0,0,0,0,1,0,0,0,0.216
2000,116.4,37.5,35.6,0.2,1,38.6957,0.6523251860396903,0,0,0,1,0,0,0,0,0,0,1,0,0,0,0.216
2000,292.8,21.3,70.1,0.2,0,15.9318,1.6863989535702288,1,0,0,0,0,0,0,0,0,1,0,0,0,0,1.081
2000,243.6,21.0,70.1,0.54,0,8.3452,2.2407096892759584,1,0,0,1,0,0,0,0,0,0,1,0,0,0,1.081
2000,193.0,23.5,70.1,0.2,0,5.9156,2.553343811341229,0,0,0,0,0,0,0,0,0,0,0,0,0,0,1.081
2000,294.4,23.5,70.1,0.59,0,6.8928,2.413231613081109,0,0,0,1,0,0,0,0,0,0,1,0,0,0,1.081
2000,207.4,26.6,30.1,0.2,0,2.6756,2.505525936990736,1,0,0,0,0,0,0,0,0,0,1,0,0,0,0.34
2000,98.4,26.0,30.1,0.2,0,6.2448,1.7613002617433464,1,0,0,1,0,0,0,0,0,0,0,0,0,0,0.34
2000,50.0,25.5,30.1,0.2,0,3.1684,2.3513752571634776,0,0,0,0,0,0,0,0,0,0,1,0,0,0,0.34
2000,177.1,29.1,30.1,0.2,0,7.1667,1.6486586255873816,0,0,0,1,0,0,0,0,0,0,0,0,0,0,0.34
2000,360.8,23.2,34.5,0.27,0,2.7424,2.60859812213055,1,0,0,0,0,0,0,0,0,0,1,0,0,0,0.617
2000,436.0,26.7,34.5,0.57,0,2.887,2.5610957881455465,1,0,0,1,0,0,0,0,0,1,0,1,0,0,0.617
2000,225.9,24.7,34.5,0.2,0,2.8702,2.5664866367804233,0,0,0,0,0,0,0,0,0,0,0,0,0,0,0.617
2000,254.9,22.6,34.5,0.31,0,10.4545,1.4586150226995167,0,0,0,1,0,0,0,0,0,0,1,0,0,0,0.617
2000,266.2,21.5,55.7,0.2,0,6.9365,2.200552367428894,1,0,0,0,0,0,0,0,1,1,0,0,0,0,1.385
2000,357.1,20.9,55.7,0.63,0,6.8344,2.21375387928743,1,0,0,0,0,0,0,0,0,0,0,0,0,0,1.385
2000,424.4,18.3,55.7,1.08,0,4.3145,2.6326080059353516,1,0,0,1,0,0,0,0,0,0,1,1,0,0,1.385
2000,298.4,19.7,55.7,0.52,0,5.6263,2.388762789235098,0,0,0,0,0,0,0,0,1,0,1,0,0,0,1.385
2000,216.8,20.2,55.7,0.2,0,9.0865,1.9643112344262046,0,0,0,0,0,0,0,0,0,0,1,0,0,0,1.385
2000,221.6,14.3,55.7,0.2,0,9.6701,1.9110228900548727,0,0,0,1,0,0,0,0,0,0,1,0,0,0,1.385
2000,486.4,22.3,74.0,0.86,0,5.0859,2.744060638625243,1,0,0,0,0,0,0,0,0,0,0,1,0,0,1.472
2000,356.4,23.7,74.0,0.59,0,28.6822,1.275362800412609,1,0,0,1,0,0,0,0,0,0,0,0,0,0,1.472
2000,391.1,23.3,74.0,0.2,0,5.5639,2.6602595372658615,0,0,0,0,0,0,0,0,0,1,0,0,0,0,1.472
2000,291.3,22.8,74.0,0.44,0,6.7334,2.4840729690394228,0,0,0,1,0,0,0,0,0,1,0,0,0,0,1.472
2000,548.7,23.0,52.7,0.4,0,5.8686,2.300583090323373,1,0,0,0,0,0,0,0,0,0,1,1,0,0,1.511
2000,406.0,22.1,52.7,0.46,0,15.2312,1.4951487660319727,1,0,0,1,0,0,0,0,0,0,1,1,0,0,1.511
2000,486.8,21.4,52.7,2.14,0,5.8426,2.3045830956567186,1,1,0,0,0,0,0,0,0,0,0,1,0,0,1.511
2000,442.8,22.8,52.7,0.2,0,4.804,2.482403519569882,0,0,0,0,0,0,0,0,0,1,0,1,0,0,1.511
2000,341.5,21.5,52.7,0.35,0,50.6731,0.712949807856125,0,0,0,1,0,0,0,0,0,0,1,0,0,0,1.511
2000,347.8,23.6,52.7,0.51,0,4.3232,2.579458966729223,0,1,0,0,0,0,0,0,0,0,1,0,0,0,1.511
2000,547.3,24.2,41.1,0.38,0,3.8664,2.453587966530573,1,0,0,0,0,0,0,0,0,0,0,1,0,0,1.053
2000,435.5,23.3,41.1,0.8,0,3.9255,2.4397349311412793,1,0,0,1,0,0,0,0,0,1,0,1,0,0,1.053
2000,112.2,21.9,41.1,0.2,0,6.8614,1.944480556245719,0,0,0,0,0,0,0,0,0,0,1,0,0,0,1.053
2000,391.6,23.8,41.1,0.39,0,11.4167,1.5260563034950492,0,0,0,1,0,0,0,0,0,0,1,0,0,0,1.053
2000,568.0,22.6,78.1,0.28,0,42.9121,1.0367368849500223,1,0,0,0,0,0,0,0,0,0,1,1,0,0,1.369
2000,517.2,21.2,78.1,0.3,0,6.9238,2.5079719227189963,1,0,0,1,0,0,0,0,0,1,0,1,0,0,1.369
2000,482.3,24.0,78.1,0.2,0,5.3493,2.747270914255491,0,0,0,0,0,0,0,0,0,0,1,1,0,0,1.369
2000,409.8,21.9,78.1,0.27,0,128.0328,0.4762341789963716,0,0,0,1,0,0,0,0,0,0,1,1,0,0,1.369
2000,311.1,20.6,30.3,0.27,0,2.155,2.7120422223717475,1,0,0,0,0,0,0,0,0,0,1,0,0,0,0.583
2000,226.6,22.1,30.3,0.36,0,4.3224,2.080690761080268,1,0,0,1,0,0,0,0,0,0,0,0,0,0,0.583
2000,93.5,21.1,30.3,0.2,0,2.2411,2.67552700939665,0,0,0,0,0,0,0,0,0,0,0,0,0,0,0.583
2000,195.5,21.4,30.3,0.2,0,27.7982,0.7371640659767197,0,0,0,1,0,0,0,0,0,0,0,0,0,0,0.583
2000,434.3,18.1,49.5,1.68,0,4.9058,2.4060438013622756,1,0,0,0,0,0,0,0,1,1,0,1,0,0,1.391
2000,340.4,17.6,49.5,0.22,0,16.9521,1.366091653802371,1,0,0,0,0,0,0,0,0,1,0,0,0,0,1.391
2000,390.8,18.1,49.5,0.26,0,5.1996,2.3532782073095637,1,0,0,1,0,0,0,0,0,1,0,0,0,0,1.391
2000,219.2,16.3,49.5,0.29,0,3.75,2.653241964607215,0,0,0,0,0,0,0,0,1,0,1,0,0,0,1.391
2000,425.9,18.3,49.5,0.36,0,8.5492,1.9154509415706047,0,0,0,0,0,0,0,0,0,0,0,1,0,0,1.391
2000,256.4,18.6,49.5,0.3,0,5.0356,2.382320061012899,0,0,0,1,0,0,0,0,0,0,0,0,0,0,1.391
2000,422.9,17.5,41.3,0.2,0,4.4361,2.333114298028869,1,0,0,0,0,0,0,0,0,1,0,1,0,0,1.144
2000,503.4,18.2,41.3,1.1,0,3.304,2.6026896854443837,1,0,0,1,0,0,0,0,0,0,1,1,0,0,1.144
2000,459.2,18.1,41.3,0.33,0,8.6583,1.7526720805200082,0,0,0,0,0,0,0,0,0,0,1,1,0,0,1.144
2000,338.4,18.4,41.3,0.2,0,14.2414,1.3609765531356006,0,0,0,1,0,0,0,0,0,1,0,0,0,0,1.144
2000,630.2,20.9,70.9,0.67,0,4.9442,2.73046379593911,1,0,0,0,0,0,0,0,0,0,1,1,0,0,1.602
2000,592.9,20.9,70.9,1.78,0,46.6447,0.9242589015233319,1,0,0,1,0,0,0,0,0,1,0,1,0,0,1.602
2000,780.7,18.4,70.9,1.76,0,11.876,1.9416152247724325,1,1,0,0,0,0,0,0,0,0,0,0,1,0,1.602
2000,300.7,21.7,70.9,0.56,0,5.7689,2.587011872725154,1,0,0,0,0,1,0,0,0,0,0,0,0,0,1.602
2000,407.4,20.6,70.9,0.2,0,5.2675,2.671386216730619,0,0,0,0,0,0,0,0,0,0,1,1,0,0,1.602
2000,446.0,21.0,70.9,0.51,0,5.0788,2.7053799725463312,0,0,0,1,0,0,0,0,0,0,1,1,0,0,1.602
2000,380.8,21.7,70.9,0.62,0,14.9894,1.7457155307266483,0,1,0,0,0,0,0,0,0,0,0,0,0,0,1.602
2000,273.5,19.1,70.9,0.26,0,9.7123,2.1162555148025524,0,0,0,0,0,1,0,0,0,0,1,0,0,0,1.602
2000,132.6,30.9,33.5,0.2,1,4.1927,2.196112848483529,1,0,0,0,0,0,0,0,0,0,1,0,0,0,0.243
2000,62.7,29.4,33.5,0.2,0,4.4607,2.1412419425852827,1,0,0,1,0,0,0,0,0,1,0,0,0,0,0.243
2000,219.1,28.4,33.5,0.2,0,19.3642,1.0043016091968684,0,0,0,0,0,0,0,0,0,0,1,0,0,0,0.243
2000,179.5,32.4,33.5,0.2,1,4.1205,2.211565694606877,0,0,0,1,0,0,0,0,0,1,0,0,0,0,0.243
2000,143.1,30.6,14.2,0.2,1,1.9425,2.1174596088673567,1,0,0,0,0,0,0,0,0,0,0,0,0,0,0.212
2000,155.7,32.0,14.2,0.2,1,1.1564,2.5862591440482876,1,0,0,1,0,0,0,0,0,0,0,0,0,0,0.212
2000,163.3,33.8,14.2,0.2,1,1.2522,2.5128460184772416,0,0,0,0,0,0,0,0,0,1,0,0,0,0,0.212
2000,134.6,33.7,14.2,0.2,1,1.6192,2.2793164660546914,0,0,0,1,0,0,0,0,0,0,1,0,0,0,0.212
2001,966.1,17.5,85.1,10.37,0,8.666,2.3813962734183356,1,0,0,0,0,0,0,0,1,0,0,0,1,0,3.582
2001,966.6,16.4,85.1,2.39,0,5.8974,2.7363136663750693,1,0,0,0,0,0,0,0,0,0,0,0,1,0,3.582
2001,950.3,16.5,85.1,2.24,0,17.5103,1.7681496035889213,1,0,0,1,0,0,0,0,0,1,0,0,1,0,3.582
2001,728.8,17.0,85.1,4.55,0,6.6381,2.626116818339524,0,0,0,0,0,0,0,0,1,1,0,0,1,0,3.582
2001,314.1,18.8,85.1,0.36,0,7.4518,2.519308076505333,0,0,0,0,0,0,0,0,0,0,0,0,0,0,3.582
2001,629.7,18.1,85.1,2.61,0,8.8278,2.3646204839134985,0,0,0,1,0,0,0,0,0,0,1,1,0,0,3.582
2001,1008.5,15.4,132.1,15.9,0,27.9873,1.7439688053917064,1,0,0,0,0,0,0,0,1,0,0,0,0,1,4.069
2001,680.0,17.1,132.1,2.17,0,16.2086,2.21375387928743,1,0,0,0,0,0,0,0,0,0,0,1,0,0,4.069
2001,938.1,19.9,132.1,5.96,0,25.3551,1.8261608959453874,1,0,0,1,0,0,0,0,0,0,0,0,1,0,4.069
2001,943.5,16.3,132.1,4.88,0,35.4155,1.5539252025038417,0,0,0,0,0,0,0,0,1,1,0,0,1,0,4.069
2001,807.5,18.9,132.1,2.57,0,12.0639,2.4807312783775197,0,0,0,0,0,0,0,0,0,1,0,0,1,0,4.069
2001,1033.5,18.2,132.1,3.89,0,12.9383,2.4168062370840686,0,0,0,1,0,0,0,0,0,1,0,0,0,1,4.069
2001,633.7,18.3,129.4,4.68,0,18.1997,2.0930978681273213,1,0,0,0,0,0,0,0,1,0,0,1,0,0,3.973
2001,994.6,19.2,129.4,3.46,0,27.1279,1.7526720805200082,1,0,0,0,0,0,0,0,0,0,1,0,1,0,3.973
2001,1164.2,19.6,129.4,5.5,0,9.3972,2.6925980965432883,1,0,0,1,0,0,0,0,0,0,1,0,0,1,3.973
2001,934.9,16.9,129.4,12.95,0,40.0619,1.4422019930581866,1,0,0,0,1,0,0,0,0,0,0,0,1,0,3.973
2001,221.4,17.9,129.4,0.7,0,10.2944,2.6078614738467776,0,0,0,0,0,0,0,0,1,1,0,0,0,0,3.973
2001,552.4,16.5,129.4,1.3,0,36.0446,1.5238800240724537,0,0,0,0,0,0,0,0,0,0,0,1,0,0,3.973
2001,625.5,17.7,129.4,3.44,0,18.1487,2.0955609235597192,0,0,0,1,0,0,0,0,0,0,0,1,0,0,3.973
2001,337.9,18.8,129.4,1.24,0,10.8194,2.561867690924129,0,0,0,0,1,0,0,0,0,0,0,0,0,0,3.973
2001,1036.7,15.5,151.8,1.56,0,18.7407,2.2082744135228043,1,0,0,0,0,0,0,0,0,0,0,0,0,1,2.798
2001,413.0,19.3,151.8,0.76,0,12.0764,2.6078614738467776,1,0,0,1,0,0,0,0,0,0,1,1,0,0,2.798
2001,1024.2,16.9,151.8,5.67,0,25.1325,1.951608170169951,1,0,0,0,0,0,0,1,0,0,1,0,0,1,2.798
2001,333.1,19.2,151.8,0.51,0,18.3112,2.2289385528257473,0,0,0,0,0,0,0,0,0,0,0,0,0,0,2.798
2001,747.7,19.4,151.8,6.19,0,83.4066,1.0367368849500223,0,0,0,1,0,0,0,0,0,0,0,0,1,0,2.798
2001,942.6,19.3,151.8,5.83,0,13.1542,2.5289235352047745,0,0,0,0,0,0,0,1,0,0,1,0,1,0,2.798
2001,903.7,16.6,139.0,1.8,0,9.7067,2.729159164312445,1,0,0,0,0,0,0,0,0,1,0,0,1,0,2.502
2001,831.9,17.0,139.0,3.15,0,14.9623,2.331172549845958,1,0,0,1,0,0,0,0,0,0,0,0,1,0,2.502
2001,718.4,16.8,139.0,2.5,0,25.9328,1.8500283773520307,0,0,0,0,0,0,0,0,0,0,0,0,1,0,2.502
2001,712.9,18.9,139.0,4.41,0,22.6384,1.965712776351493,0,0,0,1,0,0,0,0,0,1,0,0,1,0,2.502
2001,1469.6,19.8,94.2,1.31,0,14.1654,2.0347056478384444,1,0,0,0,0,0,0,0,0,0,0,0,0,1,2.346
2001,1412.1,19.2,94.2,4.45,0,16.3542,1.9110228900548727,1,0,0,1,0,0,0,0,0,0,0,0,0,1,2.346
2001,387.4,21.2,94.2,0.28,0,25.3908,1.5496879080283263,0,0,0,0,0,0,0,0,0,0,0,0,0,0,2.346
2001,380.5,17.7,94.2,0.48,0,7.8435,2.565718292524414,0,0,0,1,0,0,0,0,0,0,0,0,0,0,2.346
2001,976.5,19.5,58.9,1.25,0,6.987,2.2438960966453663,1,0,0,0,0,0,0,0,0,0,1,0,1,0,2.552
2001,1264.9,19.3,58.9,2.11,0,6.313,2.3350522831315472,1,0,0,1,0,0,0,0,0,0,1,0,0,1,2.552
2001,906.9,19.0,58.9,1.16,0,5.1576,2.519308076505333,0,0,0,0,0,0,0,0,0,0,1,0,1,0,2.552
2001,280.2,19.3,58.9,0.24,0,12.8322,1.7209792871670078,0,0,0,1,0,0,0,0,0,0,0,0,0,0,2.552
2001,1674.2,18.3,153.9,5.27,0,13.9655,2.4865719291070616,1,0,0,0,0,0,0,0,0,0,0,0,0,1,2.398
2001,1910.9,18.2,153.9,6.71,0,24.3513,1.9906103279732201,1,0,0,1,0,0,0,0,0,1,0,0,0,1,2.398
2001,853.0,19.9,153.9,2.15,0,34.898,1.6882490928583902,0,0,0,0,0,0,0,0,0,0,0,0,1,0,2.398
2001,653.1,19.3,153.9,1.2,0,16.4599,2.336986519711378,0,0,0,1,0,0,0,0,0,0,1,1,0,0,2.398
2001,1019.2,20.2,76.4,1.8,0,7.5944,2.403334996094189,1,0,0,0,0,0,0,0,0,0,1,0,0,1,1.579
2001,1048.7,18.2,76.4,2.5,0,6.9772,2.4807312783775197,1,0,0,1,0,0,0,0,0,1,0,0,0,1,1.579
2001,532.7,19.7,76.4,0.2,0,12.3226,1.9740810260220096,0,0,0,0,0,0,0,0,0,0,1,1,0,0,1.579
2001,584.7,19.8,76.4,0.75,0,20.2116,1.5644405465033644,0,0,0,1,0,0,0,0,0,0,1,1,0,0,1.579
2001,1161.1,16.5,80.6,1.16,0,7.7649,2.431857428698185,1,0,0,0,0,0,0,0,0,0,0,0,0,1,3.983
2001,1193.4,16.5,80.6,4.31,0,10.8043,2.135349173618132,1,0,0,1,0,0,0,0,0,0,0,0,0,1,3.983
2001,1197.4,17.2,80.6,2.51,0,6.8948,2.540814281726296,1,0,0,0,0,0,0,1,0,0,0,0,0,1,3.983
2001,956.0,20.0,80.6,5.51,0,20.6138,1.5912739418064292,1,0,0,0,1,0,0,0,0,1,0,0,1,0,3.983
2001,751.2,17.6,80.6,1.38,0,5.4681,2.756205242989257,0,0,0,0,0,0,0,0,0,0,0,0,1,0,3.983
2001,963.5,15.6,80.6,3.07,0,5.4755,2.7549337870010606,0,0,0,1,0,0,0,0,0,0,0,0,1,0,3.983
2001,833.0,18.1,80.6,4.59,0,10.6053,2.151762203259462,0,0,0,0,0,0,0,1,0,0,0,0,1,0,3.983
2001,663.5,16.0,80.6,5.38,0,14.4964,1.8809906029559975,0,0,0,0,1,0,0,0,0,0,0,1,0,0,3.983
2001,690.9,18.6,95.1,1.16,0,9.8959,2.3617969526258915,1,0,0,0,0,0,0,0,0,0,0,1,0,0,2.733
2001,1218.9,17.2,95.1,3.83,0,12.7139,2.1377104498038118,1,0,0,1,0,0,0,0,0,0,0,0,0,1,2.733
2001,1613.9,15.9,95.1,8.54,0,6.7735,2.7107133185216936,1,0,0,0,0,0,0,1,0,0,0,0,0,1,2.733
2001,877.9,17.3,95.1,1.28,0,11.9924,2.189416394888408,0,0,0,0,0,0,0,0,0,0,0,0,1,0,2.733
2001,626.0,15.6,95.1,0.35,0,34.3321,1.3270750014599193,0,0,0,1,0,0,0,0,0,1,0,1,0,0,2.733
2001,821.7,18.1,95.1,1.1,0,15.4133,1.969905654611529,0,0,0,0,0,0,0,1,0,1,0,0,1,0,2.733
2001,655.7,15.7,57.6,0.54,0,38.9189,0.9082585601768908,1,0,0,0,0,0,0,0,0,0,1,1,0,0,1.242
2001,1129.3,15.3,57.6,1.71,0,73.8462,0.5766133643039938,1,0,0,1,0,0,0,0,0,0,1,0,0,1,1.242
2001,934.6,13.4,57.6,1.47,0,70.2439,0.598836501088704,1,0,0,0,0,0,0,1,0,0,1,0,1,0,1.242
2001,889.5,15.9,57.6,1.91,0,22.069,1.2837077723447896,1,0,1,0,0,0,0,0,0,0,1,0,1,0,1.242
2001,526.5,15.3,57.6,0.61,0,11.8275,1.7698546338400052,0,0,0,0,0,0,0,0,0,1,0,1,0,0,1.242
2001,731.4,13.1,57.6,0.95,0,4.1113,2.7087166456453704,0,0,0,1,0,0,0,0,0,1,0,0,1,0,1.242
2001,213.0,19.2,57.6,0.2,0,4.0996,2.711377991194885,0,0,0,0,0,0,0,1,0,0,1,0,0,0,1.242
2001,363.2,15.1,57.6,0.36,0,35.7764,0.959350221334602,0,0,1,0,0,0,0,0,0,1,0,0,0,0,1.242
2001,1136.5,18.3,74.3,1.94,0,5.7776,2.6290069937617573,1,0,0,0,0,0,0,0,0,0,0,0,0,1,1.371
2001,627.5,18.3,74.3,1.34,0,5.2509,2.7180005319553784,1,0,0,1,0,0,0,0,0,0,1,1,0,0,1.371
2001,854.2,20.2,74.3,3.99,0,9.9866,2.132982308607866,1,0,0,0,0,0,0,1,0,1,0,0,1,0,1.371
2001,1027.9,19.6,74.3,2.9,0,8.6901,2.256541154492639,1,0,1,0,0,0,0,0,0,0,0,0,0,1,1.371
2001,608.4,18.5,74.3,0.61,0,9.4289,2.1838015570040787,0,0,0,0,0,0,0,0,0,1,0,1,0,0,1.371
2001,802.1,19.3,74.3,2.7,0,5.5119,2.6727683869575705,0,0,0,1,0,0,0,0,0,1,0,0,1,0,1.371
2001,498.0,18.8,74.3,1.57,0,6.2966,2.5494451709255714,0,0,0,0,0,0,0,1,0,0,1,1,0,0,1.371
2001,526.4,20.4,74.3,1.11,0,9.6997,2.1587147225743437,0,0,1,0,0,0,0,0,0,1,0,1,0,0,1.371
2001,916.5,16.6,62.2,0.85,0,5.5835,2.4965057856313524,1,0,0,0,0,0,0,0,0,0,1,0,1,0,0.987
2001,715.2,18.0,62.2,1.7,0,22.7839,1.3164082336557241,1,0,0,1,0,0,0,0,0,0,1,0,1,0,0.987
2001,746.1,19.3,62.2,2.2,0,34.9438,1.0224509277025458,1,0,1,0,0,0,0,0,0,0,1,0,1,0,0.987
2001,585.6,19.5,62.2,0.93,0,4.5972,2.6762154775821916,0,0,0,0,0,0,0,0,0,0,1,1,0,0,0.987
2001,585.5,16.6,62.2,1.17,0,5.2181,2.558776498354456,0,0,0,1,0,0,0,0,0,0,1,1,0,0,0.987
2001,500.5,17.4,62.2,0.98,0,10.6325,1.9242486522741338,0,0,1,0,0,0,0,0,0,0,1,1,0,0,0.987
2001,590.8,17.2,52.3,0.83,0,6.0743,2.262804222982201,1,0,0,0,0,0,0,0,0,0,1,1,0,0,1.215
2001,560.2,19.2,52.3,1.51,0,18.6786,1.33500106673234,1,0,0,1,0,0,0,0,0,0,0,1,0,0,1.215
2001,890.4,19.4,52.3,2.58,0,23.8813,1.1600209167967532,1,0,1,0,0,0,0,0,0,0,0,0,1,0,1.215
2001,868.2,19.6,52.3,1.42,0,6.6624,2.180417459019838,1,0,0,0,0,1,0,0,0,0,0,0,1,0,1.215
2001,496.7,17.9,52.3,0.4,0,7.0771,2.127040520479115,0,0,0,0,0,0,0,0,0,0,0,1,0,0,1.215
2001,167.6,18.1,52.3,0.2,0,8.9402,1.9242486522741338,0,0,0,1,0,0,0,0,0,1,0,0,0,0,1.215
2001,366.5,19.9,52.3,0.27,0,6.0253,2.2700619012884857,0,0,1,0,0,0,0,0,0,0,1,0,0,0,1.215
2001,440.5,14.7,52.3,0.27,0,6.1098,2.25758772706331,0,0,0,0,0,1,0,0,0,0,1,1,0,0,1.215
2001,709.0,19.7,73.5,1.94,0,7.523,2.3767644911682972,1,0,0,0,0,0,0,0,0,0,1,0,1,0,1.367
2001,378.9,17.2,73.5,2.0,0,24.3377,1.3912819026309295,1,0,0,1,0,0,0,0,0,0,0,0,0,0,1.367
2001,656.3,19.9,73.5,0.78,0,36.3861,1.1052568313867783,1,0,1,0,0,0,0,0,0,0,1,1,0,0,1.367
2001,460.5,19.2,73.5,0.55,0,4.923,2.768204123921957,0,0,0,0,0,0,0,0,0,0,1,1,0,0,1.367
2001,319.5,21.2,73.5,0.8,0,6.8119,2.4672517145492794,0,0,0,1,0,0,0,0,0,0,0,0,0,0,1.367
2001,50.0,19.1,73.5,0.2,0,4.9462,2.7638002162067017,0,0,1,0,0,0,0,0,0,1,0,0,0,0,1.367
2001,1208.3,18.1,65.2,1.23,0,7.4429,2.278292400425001,1,0,0,0,0,0,0,0,0,0,1,0,0,1,1.854
2001,763.1,19.4,65.2,3.88,0,37.4713,1.007957920399979,1,0,0,1,0,0,0,0,0,0,1,0,1,0,1.854
2001,493.8,18.2,65.2,0.93,0,5.5679,2.542389085201363,1,0,1,0,0,0,0,0,0,0,1,1,0,0,1.854
2001,765.0,17.7,65.2,6.89,0,5.066,2.6297282343267403,1,0,0,0,1,0,0,0,0,0,0,0,1,0,1.854
2001,612.7,18.1,65.2,0.8,0,13.9615,1.7351891177396608,0,0,0,0,0,0,0,0,0,0,1,1,0,0,1.854
2001,573.4,17.4,65.2,1.62,0,5.4108,2.5687881337687024,0,0,0,1,0,0,0,0,0,0,0,1,0,0,1.854
2001,595.2,17.6,65.2,2.04,0,30.6103,1.1410330045520618,0,0,1,0,0,0,0,0,0,1,0,1,0,0,1.854
2001,375.4,17.7,65.2,2.4,0,90.5556,0.5423242908253617,0,0,0,0,1,0,0,0,0,0,1,0,0,0,1.854
2001,522.7,20.4,66.4,1.05,0,11.8784,1.8855533485144158,1,0,0,0,0,0,0,0,0,0,1,1,0,0,1.181
2001,432.2,18.8,66.4,1.52,0,7.1168,2.3350522831315472,1,0,0,1,0,0,0,0,0,0,0,1,0,0,1.181
2001,488.0,20.7,66.4,0.63,0,4.7429,2.70805020110221,0,0,0,0,0,0,0,0,0,0,1,1,0,0,1.181
2001,368.3,20.0,66.4,2.07,0,7.0563,2.3427668826268775,0,0,0,1,0,0,0,0,0,0,1,0,0,0,1.181
2001,838.0,14.1,97.6,0.72,0,14.4165,2.050270164379556,1,0,0,0,0,0,0,0,0,0,1,0,1,0,3.861
2001,1179.7,14.2,97.6,1.91,0,117.5904,0.6043159668533294,1,0,0,1,0,0,0,0,0,0,0,0,0,1,3.861
2001,1009.9,16.3,97.6,10.96,0,83.4188,0.7747271675523681,1,0,0,0,1,0,0,0,0,0,0,0,0,1,3.861
2001,398.2,14.7,97.6,0.23,0,14.9464,2.018895041811802,0,0,0,0,0,0,0,0,0,0,1,0,0,0,3.861
2001,495.6,14.8,97.6,1.31,0,10.4162,2.3389170222414357,0,0,0,1,0,0,0,0,0,0,1,1,0,0,3.861
2001,639.7,17.0,97.6,3.46,0,19.481,1.7934247485471162,0,0,0,0,1,0,0,0,0,0,0,1,0,0,3.861
2001,564.8,20.2,37.2,0.46,0,11.6981,1.430311246536665,1,0,0,0,0,0,0,0,0,0,1,1,0,0,0.496
2001,787.2,18.3,37.2,1.19,0,4.2612,2.2752138961979136,1,0,0,1,0,0,0,0,0,0,0,0,1,0,0.496
2001,394.1,18.3,37.2,0.23,0,3.8509,2.3664984187376983,0,0,0,0,0,0,0,0,0,0,0,0,0,0,0.496
2001,292.7,18.1,37.2,0.22,0,5.1169,2.1126345090356,0,0,0,1,0,0,0,0,0,1,0,0,0,0,0.496
2001,873.8,21.0,49.1,0.6,0,4.1966,2.5416019934645457,1,0,0,0,0,0,1,0,0,0,1,0,1,0,0.89
2001,462.5,22.2,49.1,0.71,0,4.5674,2.463853240590168,1,0,0,0,0,0,0,0,0,0,0,1,0,0,0.89
2001,427.7,21.1,49.1,1.25,0,17.1678,1.3506671834767394,1,0,0,1,0,0,0,0,0,1,0,1,0,0,0.89
2001,339.5,21.1,49.1,0.32,0,5.1146,2.3608540011180215,0,0,0,0,0,0,1,0,0,0,1,0,0,0,0.89
2001,307.8,22.9,49.1,0.24,0,12.5575,1.5912739418064292,0,0,0,0,0,0,0,0,0,1,0,0,0,0,0.89
2001,629.7,22.6,49.1,1.95,0,16.0458,1.4011829736136414,0,0,0,1,0,0,0,0,0,0,0,1,0,0,0.89
2001,352.7,23.4,38.7,0.43,0,5.2725,2.1210632163706555,1,0,0,0,0,0,1,0,0,0,0,0,0,0,0.48
2001,323.2,23.7,38.7,0.36,0,5.7589,2.0438143640366846,1,0,0,0,0,0,0,0,0,0,0,0,0,0,0.48
2001,642.9,24.1,38.7,1.56,0,9.3029,1.6409365794934714,1,0,0,1,0,0,0,0,0,1,0,1,0,0,0.48
2001,52.1,23.7,38.7,0.2,0,3.0448,2.6181254935742233,0,0,0,0,0,0,1,0,0,0,1,0,0,0,0.48
2001,640.7,26.4,38.7,0.34,0,4.5853,2.244955980157409,0,0,0,0,0,0,0,0,0,0,1,1,0,0,0.48
2001,234.2,23.7,38.7,0.21,0,27.6429,0.8754687373538999,0,0,0,1,0,0,0,0,0,1,0,0,0,0,0.48
2001,187.1,25.2,20.1,0.2,0,1.3978,2.733067964077498,1,0,0,0,0,0,1,0,0,0,0,0,0,0,0.455
2001,777.0,23.8,20.1,0.27,0,3.0547,2.0255131996542803,1,0,0,0,0,0,0,0,0,0,1,0,1,0,0.455
2001,677.4,24.0,20.1,0.99,0,2.01,2.3978952727983707,1,0,0,1,0,0,0,0,0,0,1,1,0,0,0.455
2001,163.4,25.1,20.1,0.2,0,1.7253,2.5376572151735295,0,0,0,0,0,0,1,0,0,1,0,0,0,0,0.455
2001,550.2,23.5,20.1,0.33,0,2.1003,2.3580197998821464,0,0,0,0,0,0,0,0,0,1,0,1,0,0,0.455
2001,234.2,21.8,20.1,0.23,0,3.3389,1.9487632180377197,0,0,0,1,0,0,0,0,0,0,0,0,0,0,0.455
2001,844.0,27.1,32.6,0.2,0,4.5215,2.105352923464337,1,0,0,0,0,0,0,0,0,0,1,0,1,0,0.266
2001,989.4,28.9,32.6,0.77,0,9.1573,1.5173226235262949,1,0,0,1,0,0,0,0,0,0,0,0,1,0,0.266
2001,461.2,29.4,32.6,0.2,0,2.3055,2.717340248009303,0,0,0,0,0,0,0,0,0,0,0,1,0,0,0.266
2001,921.6,29.6,32.6,0.45,0,2.7534,2.552565298261815,0,0,0,1,0,0,0,0,0,0,1,0,1,0,0.266
2001,681.8,29.2,21.9,0.2,0,9.2017,1.2178757094949273,1,0,0,0,0,0,0,0,0,0,1,1,0,0,0.661
2001,751.7,26.7,21.9,1.18,0,1.6528,2.6567569067146595,1,0,0,1,0,0,0,0,0,1,0,0,1,0,0.661
2001,442.3,29.0,21.9,0.42,0,2.4774,2.286455711064162,1,1,0,0,0,0,0,0,0,0,1,1,0,0,0.661
2001,282.8,29.0,21.9,0.2,0,5.0694,1.6714733033535532,0,0,0,0,0,0,0,0,0,0,1,0,0,0,0.661
2001,463.7,29.1,21.9,0.4,0,3.75,1.922787731634459,0,0,0,1,0,0,0,0,0,0,0,1,0,0,0.661
2001,511.0,27.7,21.9,1.32,0,1.5166,2.73696154459663,0,1,0,0,0,0,0,0,0,0,0,1,0,0,0.661
2001,640.0,29.4,5.4,0.2,0,0.8544,1.9906103279732201,1,0,0,0,0,0,0,0,0,1,0,1,0,0,0.678
2001,601.7,27.4,5.4,0.43,0,0.551,2.379546134130174,1,0,0,1,0,0,0,0,0,0,0,1,0,0,0.678
2001,771.3,26.0,5.4,1.05,0,1.7143,1.423108334242607,1,1,0,0,0,0,0,0,0,0,1,0,1,0,0.678
2001,770.6,27.4,5.4,0.2,0,2.0301,1.297463147413275,0,0,0,0,0,0,0,0,0,0,1,0,1,0,0.678
2001,630.3,27.5,5.4,0.48,0,0.4202,2.6282852326333477,0,0,0,1,0,0,0,0,0,0,1,1,0,0,0.678
2001,652.1,27.2,5.4,1.49,0,0.6421,2.2417729535972883,0,1,0,0,0,0,0,0,0,0,0,1,0,0,0.678
2001,517.0,30.3,39.3,0.2,1,3.1668,2.596000697293587,1,0,0,0,0,0,0,0,0,0,1,1,0,0,0.341
2001,619.6,31.4,39.3,0.46,1,8.8315,1.6956156086751528,1,0,0,1,0,0,0,0,0,1,0,1,0,0,0.341
2001,488.8,29.0,39.3,1.02,0,12.7184,1.4085449700547104,1,0,0,0,0,1,0,0,0,0,1,1,0,0,0.341
2001,359.6,29.6,39.3,0.2,0,2.935,2.6665335208992764,0,0,0,0,0,0,0,0,0,0,1,0,0,0,0.341
2001,224.2,29.0,39.3,0.2,0,8.9116,1.6882490928583902,0,0,0,1,0,0,0,0,0,0,1,0,0,0,0.341
2001,315.7,31.0,39.3,0.42,1,3.6355,2.468946630209271,0,0,0,0,0,1,0,0,0,1,0,0,0,0,0.341
2001,782.4,27.0,48.4,0.3,0,3.3894,2.7265447837383743,1,0,0,0,0,0,0,0,0,1,0,0,1,0,0.339
2001,1075.9,27.8,48.4,1.2,0,4.7921,2.4069451083182885,1,0,0,1,0,0,0,0,0,0,1,0,0,1,0.339
2001,513.9,27.4,48.4,0.2,0,4.7128,2.422144328051685,0,0,0,0,0,0,0,0,0,1,0,1,0,0,0.339
2001,549.5,27.8,48.4,0.58,0,4.4898,2.4664031782234406,0,0,0,1,0,0,0,0,0,1,0,1,0,0,0.339
2001,588.2,24.4,16.6,0.36,0,2.3988,2.0693912058263346,1,0,0,0,0,0,0,0,0,0,1,1,0,0,0.628
2001,693.2,23.9,16.6,0.64,0,1.2233,2.6789646202071133,1,0,0,1,0,0,0,0,0,0,1,1,0,0,0.628
2001,160.1,24.9,16.6,0.2,0,1.607,2.427454075039915,0,0,0,0,0,0,0,0,0,0,0,0,0,0,0.628
2001,94.8,23.9,16.6,0.2,0,2.3613,2.0831845279586703,0,0,0,1,0,0,0,0,0,1,0,0,0,0,0.628
2001,191.6,31.2,11.2,0.23,1,1.2698,2.2844211223663744,1,0,0,0,0,0,1,0,0,1,0,0,0,0,0.251
2001,210.5,31.2,11.2,0.2,1,1.3609,2.222459048514761,1,0,0,0,0,0,0,0,0,0,1,0,0,0,0.251
2001,179.5,34.0,11.2,0.2,1,2.2222,1.7984040119467235,1,0,0,1,0,0,0,0,0,0,0,0,0,0,0.251
2001,66.1,31.9,11.2,0.2,1,6.4368,1.007957920399979,0,0,0,0,0,0,1,0,0,0,1,0,0,0,0.251
2001,106.8,31.8,11.2,0.2,1,0.8134,2.6925980965432883,0,0,0,0,0,0,0,0,0,0,1,0,0,0,0.251
2001,216.4,32.9,11.2,0.2,1,0.7671,2.747270914255491,0,0,0,1,0,0,0,0,0,1,0,0,0,0,0.251
2001,134.2,32.7,38.9,0.32,1,2.6055,2.768204123921957,1,0,0,0,0,0,1,0,0,0,1,0,0,0,0.239
2001,191.3,29.8,38.9,0.2,0,4.9744,2.1770218700187,1,0,0,0,0,0,0,0,0,0,1,0,0,0,0.239
2001,296.8,32.4,38.9,0.39,1,2.9248,2.6602595372658615,1,0,0,1,0,0,0,0,0,1,0,0,0,0,0.239
2001,120.5,31.7,38.9,0.2,1,7.9065,1.7783364488959144,0,0,0,0,0,0,1,0,0,0,1,0,0,0,0.239
2001,125.7,32.6,38.9,0.2,1,7.4237,1.8309801823813363,0,0,0,0,0,0,0,0,0,0,1,0,0,0,0.239
2001,214.0,33.8,38.9,0.25,1,13.3677,1.3635373739972745,0,0,0,1,0,0,0,0,0,0,1,0,0,0,0.239
2001,68.4,35.5,18.2,0.2,1,1.6382,2.494031557565001,1,0,0,0,0,0,1,0,0,0,1,0,0,0,0.215
2001,226.4,35.0,18.2,0.2,1,2.6453,2.064327903869788,1,0,0,0,0,0,0,0,0,0,1,0,0,0,0.215
2001,209.5,33.4,18.2,0.2,1,1.3084,2.702032128776647,1,0,0,1,0,0,0,0,0,0,1,0,0,0,0.215
2001,70.8,32.5,18.2,0.2,1,3.447,1.8373699804801074,0,0,0,0,0,0,1,0,0,0,1,0,0,0,0.215
2001,100.7,36.0,18.2,0.2,1,4.5729,1.6054298910365616,0,0,0,0,0,0,0,0,0,0,0,0,0,0,0.215
2001,230.4,36.6,18.2,0.2,1,1.584,2.5249283241374862,0,0,0,1,0,0,0,0,0,1,0,0,0,0,0.215
2001,207.2,36.2,44.5,0.2,1,3.5945,2.5937610547000824,1,0,0,0,0,0,1,0,0,1,0,0,0,0,0.216
2001,171.7,37.2,44.5,0.2,1,3.7395,2.5572273113676265,1,0,0,0,0,0,0,0,0,0,1,0,0,0,0.216
2001,133.2,34.5,44.5,0.2,1,5.0511,2.2834022735772717,1,0,0,1,0,0,0,0,0,0,0,0,0,0,0.216
2001,202.8,34.6,44.5,0.38,1,4.1667,2.457877977400081,0,0,0,0,0,0,1,0,0,0,0,0,0,0,0.216
2001,219.3,33.9,44.5,0.2,1,3.4603,2.6290069937617573,0,0,0,0,0,0,0,0,0,1,0,0,0,0,0.216
2001,50.0,36.3,44.5,0.2,1,11.6798,1.57069708411767,0,0,0,1,0,0,0,0,0,1,0,0,0,0,0.216
2001,386.4,21.2,65.6,0.94,0,6.0239,2.4756977107026903,1,0,0,0,0,0,0,0,0,0,0,0,0,0,1.081
2001,446.3,21.6,65.6,1.04,0,12.9389,1.803358605071407,1,0,0,1,0,0,0,0,0,0,0,1,0,0,1.081
2001,531.4,23.4,65.6,0.48,0,7.6014,2.2648832258100344,0,0,0,0,0,0,0,0,0,0,0,1,0,0,1.081
2001,332.2,21.8,65.6,1.44,0,44.6259,0.9042181506398859,0,0,0,1,0,0,0,0,0,0,0,0,0,0,1.081
2001,337.2,25.3,45.0,0.2,0,9.1278,1.780024213009634,1,0,0,0,0,0,0,0,0,1,0,0,0,0,0.34
2001,306.6,28.0,45.0,0.44,0,5.6533,2.192770226986839,1,0,0,1,0,0,0,0,0,0,1,0,0,0,0.34
2001,269.6,25.4,45.0,0.29,0,6.9124,2.0162354657760435,0,0,0,0,0,0,0,0,0,0,0,0,0,0,0.34
2001,300.7,27.6,45.0,0.79,0,8.1522,1.8748743759385615,0,0,0,1,0,0,0,0,0,0,0,0,0,0,0.34
2001,483.4,23.4,24.5,0.43,0,1.6746,2.749192144433385,1,0,0,0,0,0,0,0,0,0,0,1,0,0,0.617
2001,590.2,23.4,24.5,0.8,0,3.4851,2.0831845279586703,1,0,0,1,0,0,0,0,0,1,0,1,0,0,0.617
2001,67.3,23.8,24.5,0.2,0,1.7026,2.733717947850788,0,0,0,0,0,0,0,0,0,0,0,0,0,0,0.617
2001,467.8,22.5,24.5,0.81,0,7.6087,1.4398351280479207,0,0,0,1,0,0,0,0,0,0,1,1,0,0,0.617
2001,956.5,18.1,58.1,1.49,0,5.2579,2.489064659936664,1,0,0,0,0,0,0,0,1,0,1,0,1,0,1.385
2001,634.2,20.4,58.1,0.77,0,16.1389,1.5260563034950492,1,0,0,0,0,0,0,0,0,0,1,1,0,0,1.385
2001,525.0,19.8,58.1,1.6,0,5.5123,2.4458192610799534,1,0,0,1,0,0,0,0,0,0,0,1,0,0,1.385
2001,552.8,18.2,58.1,1.28,0,19.4314,1.3837912309017721,0,0,0,0,0,0,0,0,1,0,1,1,0,0,1.385
2001,480.8,18.4,58.1,0.45,0,7.4871,2.1701959049483,0,0,0,0,0,0,0,0,0,1,0,1,0,0,1.385
2001,116.7,19.8,58.1,0.2,0,16.5057,1.5085119938441398,0,0,0,1,0,0,0,0,0,1,0,0,0,0,1.385
2001,434.1,21.4,72.6,0.39,0,6.2425,2.5360749363624,1,0,0,0,0,0,0,0,0,1,0,1,0,0,1.472
2001,1074.7,22.2,72.6,4.63,0,6.1578,2.548663615590751,1,0,0,1,0,0,0,0,0,1,0,0,0,1,1.472
2001,493.1,22.4,72.6,0.6,0,9.2958,2.175887439948088,0,0,0,0,0,0,0,0,0,0,0,1,0,0,1.472
2001,404.3,21.9,72.6,0.52,0,24.6102,1.3737155789130306,0,0,0,1,0,0,0,0,0,0,1,1,0,0,1.472
2001,1088.7,22.2,66.0,1.15,0,6.1111,2.468099531471619,1,0,0,0,0,0,0,0,0,0,1,0,0,1,1.511
2001,930.4,23.1,66.0,3.2,0,6.6599,2.3896797998449792,1,0,0,1,0,0,0,0,0,0,1,0,1,0,1.511
2001,908.1,23.4,66.0,2.4,0,5.7143,2.529720665577793,1,1,0,0,0,0,0,0,0,0,1,0,1,0,1.511
2001,588.1,23.8,66.0,0.77,0,4.5929,2.7324175575505043,0,0,0,0,0,0,0,0,0,0,0,1,0,0,1.511
2001,539.0,20.9,66.0,1.02,0,7.1351,2.327277705584417,0,0,0,1,0,0,0,0,0,0,0,1,0,0,1.511
2001,333.5,23.1,66.0,0.58,0,7.2928,2.307572634505085,0,1,0,0,0,0,0,0,0,1,0,0,0,0,1.511
2001,527.2,23.8,77.7,0.49,0,5.2607,2.758109400974947,1,0,0,0,0,0,0,0,0,1,0,1,0,0,1.053
2001,907.0,22.6,77.7,2.02,0,5.3734,2.738256043159276,1,0,0,1,0,0,0,0,0,0,1,0,1,0,1.053
2001,548.6,25.2,77.7,0.66,0,12.5121,1.9754689512968577,0,0,0,0,0,0,0,0,0,0,0,1,0,0,1.053
2001,220.6,24.8,77.7,0.29,0,31.9753,1.2325602611778486,0,0,0,1,0,0,0,0,0,0,1,0,0,0,1.053
2001,1367.0,20.9,35.8,0.72,0,13.1136,1.3164082336557241,1,0,0,0,0,0,0,0,0,0,1,0,0,1,1.369
2001,1137.9,20.4,35.8,1.03,0,5.0997,2.081938421878423,1,0,0,1,0,0,0,0,0,0,0,0,0,1,1.369
2001,721.8,19.8,35.8,0.48,0,25.3901,0.8796267475025635,0,0,0,0,0,0,0,0,0,0,1,0,1,0,1.369
2001,731.8,22.0,35.8,0.86,0,4.6253,2.167910189667444,0,0,0,1,0,0,0,0,0,0,1,0,1,0,1.369
2001,436.6,20.0,27.5,0.39,0,2.2449,2.583997552432231,1,0,0,0,0,0,0,0,0,0,1,1,0,0,0.583
2001,357.3,21.4,27.5,0.94,0,6.8408,1.6134299337036377,1,0,0,1,0,0,0,0,0,0,1,0,0,0,0.583
2001,315.5,19.0,27.5,0.2,0,3.1073,2.2874714551839976,0,0,0,0,0,0,0,0,0,1,0,0,0,0,0.583
2001,108.7,21.8,27.5,0.2,0,3.1073,2.2874714551839976,0,0,0,1,0,0,0,0,0,0,1,0,0,0,0.583
2001,394.1,20.7,67.6,0.53,0,13.712,1.780024213009634,1,0,0,0,0,0,0,0,1,0,0,0,0,0,1.391
2001,1015.5,20.9,67.6,1.45,0,5.0485,2.6665335208992764,1,0,0,0,0,0,0,0,0,0,1,0,0,1,1.391
2001,580.8,20.0,67.6,2.49,0,10.5956,1.998773638612381,1,0,0,1,0,0,0,0,0,0,1,1,0,0,1.391
2001,597.2,20.4,67.6,3.78,0,10.4644,2.0095554142156695,0,0,0,0,0,0,0,0,1,0,0,1,0,0,1.391
2001,174.7,20.9,67.6,0.2,0,4.956,2.6837575085331657,0,0,0,0,0,0,0,0,0,1,0,0,0,0,1.391
2001,686.1,17.3,67.6,3.06,0,12.3583,1.8671761085128091,0,0,0,1,0,0,0,0,0,0,0,1,0,0,1.391
2001,714.4,17.9,56.9,0.8,0,4.1869,2.6803363625346943,1,0,0,0,0,0,0,0,0,0,1,0,1,0,1.144
2001,691.7,16.5,56.9,0.52,0,5.5512,2.4203681286504293,1,0,0,1,0,0,0,0,0,0,1,1,0,0,1.144
2001,434.6,17.3,56.9,0.97,0,4.2242,2.6720775406433925,0,0,0,0,0,0,0,0,0,0,0,1,0,0,1.144
2001,698.7,16.1,56.9,2.31,0,3.9323,2.738902664584975,0,0,0,1,0,0,0,0,0,1,0,1,0,0,1.144
2001,1195.1,18.8,59.5,0.2,0,8.6861,2.060513531794317,1,0,0,0,0,0,0,0,0,0,1,0,0,1,1.602
2001,1367.3,20.5,59.5,2.58,0,4.2349,2.711377991194885,1,0,0,1,0,0,0,0,0,0,1,0,0,1,1.602
2001,1070.7,21.7,59.5,4.49,0,10.0507,1.9344157696295783,1,1,0,0,0,0,0,0,0,0,0,0,0,1,1.602
2001,1106.8,20.3,59.5,4.96,0,11.2689,1.8373699804801074,1,0,0,0,0,1,0,0,0,0,0,0,0,1,1.602
2001,698.8,19.4,59.5,0.94,0,5.5712,2.457877977400081,0,0,0,0,0,0,0,0,0,0,0,1,0,0,1.602
2001,991.8,19.7,59.5,1.83,0,5.5816,2.4561641809223462,0,0,0,1,0,0,0,0,0,0,1,0,1,0,1.602
2001,477.8,20.9,59.5,0.33,0,5.8391,2.4150205223238337,0,1,0,0,0,0,0,0,0,0,1,1,0,0,1.602
2001,734.2,19.7,59.5,1.1,0,4.9542,2.565718292524414,0,0,0,0,0,1,0,0,0,0,1,0,1,0,1.602
2001,297.4,28.9,27.8,0.2,0,3.2977,2.2438960966453663,1,0,0,0,0,0,0,0,0,0,1,0,0,0,0.243
2001,307.8,29.3,27.8,0.27,0,2.8749,2.367436065313662,1,0,0,1,0,0,0,0,0,0,1,0,0,0,0.243
2001,215.6,30.3,27.8,0.2,1,7.9202,1.506297153514587,0,0,0,0,0,0,0,0,0,1,0,0,0,0,0.243
2001,55.3,32.2,27.8,0.2,1,2.9925,2.331172549845958,0,0,0,1,0,0,0,0,0,1,0,0,0,0,0.243
2001,161.8,30.5,24.9,0.2,1,2.6073,2.3561258599220753,1,0,0,0,0,0,0,0,0,0,1,0,0,0,0.212
2001,50.0,31.0,24.9,0.2,1,2.2575,2.4874035299865875,1,0,0,1,0,0,0,0,0,1,0,0,0,0,0.212
2001,152.3,31.9,24.9,0.2,1,2.2949,2.47232786758114,0,0,0,0,0,0,0,0,0,0,1,0,0,0,0.212
2001,50.0,30.8,24.9,0.2,1,1.9793,2.60859812213055,0,0,0,1,0,0,0,0,0,1,0,0,0,0,0.212
2002,1163.4,16.8,145.3,9.0,0,35.7002,1.623340817603092,1,0,0,0,0,0,0,0,1,0,0,0,0,1,3.582
2002,946.8,15.9,145.3,3.64,0,10.1113,2.7324175575505043,1,0,0,0,0,0,0,0,0,0,0,0,1,0,3.582
2002,1077.8,18.0,145.3,6.55,0,11.468,2.6152036507358583,1,0,0,1,0,0,0,0,0,0,1,0,0,1,3.582
2002,896.9,17.1,145.3,12.19,0,63.7281,1.1878434223960523,0,0,0,0,0,0,0,0,1,0,0,0,1,0,3.582
2002,1060.5,18.2,145.3,3.02,0,9.9249,2.7498317351171653,0,0,0,0,0,0,0,0,0,1,0,0,0,1,3.582
2002,664.8,17.2,145.3,3.67,0,39.9176,1.534714366238164,0,0,0,1,0,0,0,0,0,1,0,1,0,0,3.582
2002,1092.3,16.9,123.3,9.54,0,40.2941,1.4011829736136414,1,0,0,0,0,0,0,0,1,1,0,0,0,1,4.069
2002,1261.1,18.5,123.3,4.24,0,57.6168,1.144222799920162,1,0,0,0,0,0,0,0,0,0,0,0,0,1,4.069
2002,969.6,16.6,123.3,3.08,0,14.5401,2.2491843162669305,1,0,0,1,0,0,0,0,0,0,0,0,1,0,4.069
2002,932.6,18.1,123.3,10.57,0,17.0539,2.1077860146889784,0,0,0,0,0,0,0,0,1,0,0,0,1,0,4.069
2002,645.8,15.3,123.3,0.76,0,21.5559,1.9050881545350582,0,0,0,0,0,0,0,0,0,0,1,1,0,0,4.069
2002,611.1,17.8,123.3,1.37,0,107.2174,0.7654678421395714,0,0,0,1,0,0,0,0,0,0,1,1,0,0,4.069
2002,1073.8,18.6,81.3,5.52,0,5.5953,2.7427736371605955,1,0,0,0,0,0,0,0,1,0,1,0,0,1,3.973
2002,1165.4,18.6,81.3,2.62,0,6.3565,2.6239436918052106,1,0,0,0,0,0,0,0,0,0,0,0,0,1,3.973
2002,900.1,19.9,81.3,3.95,0,10.4903,2.169053700369523,1,0,0,1,0,0,0,0,0,1,0,0,1,0,3.973
2002,1018.1,19.2,81.3,8.27,0,10.4231,2.174751721484161,1,0,0,0,1,0,0,0,0,0,0,0,0,1,3.973
2002,761.0,17.2,81.3,3.06,0,93.4483,0.6259384308664953,0,0,0,0,0,0,0,0,1,1,0,0,1,0,3.973
2002,469.7,16.6,81.3,1.03,0,6.9547,2.540814281726296,0,0,0,0,0,0,0,0,0,0,0,1,0,0,3.973
2002,426.9,17.9,81.3,1.66,0,9.0233,2.303584593327129,0,0,0,1,0,0,0,0,0,0,0,1,0,0,3.973
2002,274.9,19.7,81.3,0.66,0,8.4864,2.3589654264301534,0,0,0,0,1,0,0,0,0,1,0,0,0,0,3.973
2002,799.1,18.1,141.7,2.7,0,12.4736,2.514465452029545,1,0,0,0,0,0,0,0,0,1,0,0,1,0,2.798
2002,655.7,18.6,141.7,3.8,0,40.4857,1.5040773967762742,1,0,0,1,0,0,0,0,0,0,1,1,0,0,2.798
2002,1102.8,17.6,141.7,10.95,0,72.6667,1.0818051703517284,1,0,0,0,0,0,0,1,0,0,0,0,0,1,2.798
2002,740.7,18.1,141.7,2.71,0,54.7104,1.2781522025001875,0,0,0,0,0,0,0,0,0,0,1,0,1,0,2.798
2002,382.7,18.6,141.7,1.04,0,65.2995,1.1537315878891892,0,0,0,1,0,0,0,0,0,1,0,0,0,0,2.798
2002,969.7,18.6,141.7,5.54,0,10.7593,2.6511270537025893,0,0,0,0,0,0,0,1,0,1,0,0,1,0,2.798
2002,985.4,19.7,120.6,3.26,0,28.9209,1.6428726885203377,1,0,0,0,0,0,0,0,0,0,0,0,1,0,2.502
2002,1285.1,18.2,120.6,5.04,0,28.0465,1.667706820558076,1,0,0,1,0,0,0,0,0,0,0,0,0,1,2.502
2002,610.0,17.7,120.6,1.29,0,8.4159,2.7298116928837226,0,0,0,0,0,0,0,0,0,0,0,1,0,0,2.502
2002,319.5,18.6,120.6,0.61,0,11.2395,2.462149662665384,0,0,0,1,0,0,0,0,0,0,1,0,0,0,2.502
2002,1263.4,17.1,130.2,2.11,0,15.5928,2.2353763433005955,1,0,0,0,0,0,0,0,0,1,0,0,0,1,2.346
2002,1330.7,19.1,130.2,9.95,0,9.2014,2.7180005319553784,1,0,0,1,0,0,0,0,0,0,0,0,0,1,2.346
2002,983.9,19.6,130.2,2.0,0,8.8331,2.756205242989257,0,0,0,0,0,0,0,0,0,0,1,0,1,0,2.346
2002,235.5,18.1,130.2,0.2,0,46.0071,1.3428648031925547,0,0,0,1,0,0,0,0,0,1,0,0,0,0,2.346
2002,1208.1,18.9,97.0,1.62,0,8.5765,2.510411940196362,1,0,0,0,0,0,0,0,0,0,0,0,0,1,2.552
2002,1199.5,18.3,97.0,3.63,0,9.1165,2.454447442303292,1,0,0,1,0,0,0,0,0,0,0,0,0,1,2.552
2002,1388.6,17.3,97.0,1.39,0,7.6801,2.612273245708441,0,0,0,0,0,0,0,0,0,0,0,0,0,1,2.552
2002,1268.1,18.8,97.0,4.22,0,19.6356,1.7817091333745536,0,0,0,1,0,0,0,0,0,0,0,0,0,1,2.552
2002,474.8,16.0,105.6,0.2,0,10.7208,2.3841650799864684,1,0,0,0,0,0,0,0,0,0,1,1,0,0,2.398
2002,1082.5,18.5,105.6,4.51,0,18.6243,1.8976198599275322,1,0,0,1,0,0,0,0,0,0,0,0,0,1,2.398
2002,865.5,17.8,105.6,1.34,0,8.5161,2.5952547069568657,0,0,0,0,0,0,0,0,0,0,0,0,1,0,2.398
2002,889.7,20.1,105.6,4.98,0,14.5856,2.1090003439213802,0,0,0,1,0,0,0,0,0,0,0,0,1,0,2.398
2002,668.1,19.1,75.2,0.78,0,9.7917,2.1610215286722587,1,0,0,0,0,0,0,0,0,1,0,1,0,0,1.579
2002,1282.4,19.5,75.2,3.39,0,18.2082,1.6351056591826783,1,0,0,1,0,0,0,0,0,0,0,0,0,1,1.579
2002,1140.2,18.3,75.2,0.67,0,81.7391,0.6523251860396903,0,0,0,0,0,0,0,0,0,0,1,0,0,1,1.579
2002,1260.9,19.2,75.2,3.49,0,20.4905,1.541159071680806,0,0,0,1,0,0,0,0,0,0,1,0,0,1,1.579
2002,1277.5,19.5,129.9,2.98,0,20.1395,2.0082140323914683,1,0,0,0,0,0,0,0,0,0,0,0,0,1,3.983
2002,1071.8,18.0,129.9,5.05,0,98.4091,0.8415671856782186,1,0,0,1,0,0,0,0,0,1,0,0,0,1,3.983
2002,1416.3,17.8,129.9,8.15,0,9.6294,2.673458756332591,1,0,0,0,0,0,0,1,0,0,0,0,0,1,3.983
2002,874.3,18.3,129.9,6.59,0,19.3304,2.0438143640366846,1,0,0,0,1,0,0,0,0,1,0,0,1,0,3.983
2002,947.2,17.7,129.9,2.9,0,13.0948,2.390595970316759,0,0,0,0,0,0,0,0,0,0,0,0,1,0,3.983
2002,636.6,15.7,129.9,2.33,0,158.4146,0.598836501088704,0,0,0,1,0,0,0,0,0,0,0,1,0,0,3.983
2002,419.0,17.6,129.9,0.2,0,12.4545,2.4362414778067194,0,0,0,0,0,0,0,1,0,0,0,1,0,0,3.983
2002,519.9,18.9,129.9,1.17,0,13.2012,2.3832429960115,0,0,0,0,1,0,0,0,0,1,0,1,0,0,3.983
2002,1256.5,17.9,134.0,3.45,0,13.2805,2.4060438013622756,1,0,0,0,0,0,0,0,0,0,0,0,0,1,2.733
2002,1380.9,17.5,134.0,3.79,0,21.7886,1.9671123567059163,1,0,0,1,0,0,0,0,0,0,0,0,0,1,2.733
2002,1571.7,17.9,134.0,6.48,0,35.2632,1.5686159179138452,1,0,0,0,0,0,0,1,0,0,0,0,0,1,2.733
2002,495.8,17.2,134.0,0.55,0,93.0556,0.8919980393051105,0,0,0,0,0,0,0,0,0,0,0,1,0,0,2.733
2002,864.5,17.5,134.0,2.69,0,12.1487,2.4874035299865875,0,0,0,1,0,0,0,0,0,0,0,0,1,0,2.733
2002,934.1,18.2,134.0,2.93,0,22.408,1.9430489167742813,0,0,0,0,0,0,0,1,0,0,1,0,1,0,2.733
2002,548.6,16.5,53.5,0.79,0,9.7096,1.873339456220478,1,0,0,0,0,0,0,0,0,1,0,1,0,0,1.242
2002,616.8,17.0,53.5,1.62,0,22.479,1.2178757094949273,1,0,0,1,0,0,0,0,0,0,1,1,0,0,1.242
2002,810.0,14.8,53.5,1.11,0,4.9814,2.4630018143999504,1,0,0,0,0,0,0,1,0,0,1,0,1,0,1.242
2002,922.3,16.4,53.5,1.49,0,4.9675,2.4655539212721855,1,0,1,0,0,0,0,0,0,0,0,0,1,0,1.242
2002,425.9,18.3,53.5,1.47,0,15.5977,1.4883995840570443,0,0,0,0,0,0,0,0,0,0,0,1,0,0,1.242
2002,239.5,14.3,53.5,0.2,0,20.1887,1.2947271675944,0,0,0,1,0,0,0,0,0,0,1,0,0,0,1.242
2002,632.0,16.5,53.5,2.16,0,3.9571,2.67552700939665,0,0,0,0,0,0,0,1,0,1,0,1,0,0,1.242
2002,412.2,16.2,53.5,0.83,0,36.3946,0.9042181506398859,0,0,1,0,0,0,0,0,0,0,0,1,0,0,1.242
2002,490.6,17.4,41.0,0.51,0,6.1012,2.0438143640366846,1,0,0,0,0,0,0,0,0,0,1,1,0,0,1.371
2002,875.1,18.3,41.0,2.57,0,11.326,1.5303947050936475,1,0,0,1,0,0,0,0,0,1,0,0,1,0,1.371
2002,698.9,18.6,41.0,1.48,0,3.4195,2.5641798306825083,1,0,0,0,0,0,0,1,0,1,0,1,0,0,1.371
2002,899.9,18.7,41.0,0.86,0,4.0634,2.4060438013622756,1,0,1,0,0,0,0,0,0,0,1,0,1,0,1.371
2002,391.3,18.5,41.0,0.2,0,2.9496,2.7013612129514133,0,0,0,0,0,0,0,0,0,0,1,0,0,0,1.371
2002,345.0,17.6,41.0,0.2,0,7.2824,1.891604804197771,0,0,0,1,0,0,0,0,0,0,1,0,0,0,1.371
2002,550.3,21.1,41.0,0.51,0,4.9279,2.2321626286975,0,0,0,0,0,0,0,1,0,0,1,1,0,0,1.371
2002,316.1,16.1,41.0,0.2,0,4.7841,2.258633205464863,0,0,1,0,0,0,0,0,0,0,0,0,0,0,1.371
2002,809.5,18.6,56.7,0.97,0,3.8415,2.757475084429733,1,0,0,0,0,0,0,0,0,0,1,0,1,0,0.987
2002,607.6,16.8,56.7,0.62,0,9.4816,1.9430489167742813,1,0,0,1,0,0,0,0,0,0,1,1,0,0,0.987
2002,929.3,16.0,56.7,2.26,0,4.1296,2.689886230474539,1,0,1,0,0,0,0,0,0,0,0,0,1,0,0.987
2002,661.9,19.1,56.7,0.65,0,24.3348,1.2029723039923526,0,0,0,0,0,0,0,0,0,0,1,1,0,0,0.987
2002,357.7,17.8,56.7,0.38,0,27.0,1.1314021114911006,0,0,0,1,0,0,0,0,0,0,1,0,0,0,0.987
2002,354.3,16.5,56.7,0.35,0,23.9241,1.2149127443642704,0,0,1,0,0,0,0,0,0,0,0,0,0,0,0.987
2002,1177.1,16.1,41.2,1.08,0,3.3965,2.574899688314705,1,0,0,0,0,0,0,0,0,0,0,0,0,1,1.215
2002,783.7,19.0,41.2,2.31,0,10.4835,1.5953389880545987,1,0,0,1,0,0,0,0,0,1,0,0,1,0,1.215
2002,588.9,18.0,41.2,0.95,0,5.1053,2.2049722641270453,1,0,1,0,0,0,0,0,0,0,1,1,0,0,1.215
2002,784.8,19.8,41.2,1.46,0,3.0294,2.681021528714291,1,0,0,0,0,1,0,0,0,0,1,0,1,0,1.215
2002,635.1,18.9,41.2,0.89,0,12.638,1.449269160281279,0,0,0,0,0,0,0,0,0,0,1,1,0,0,1.215
2002,694.4,18.3,41.2,1.49,0,3.9577,2.4344901638739844,0,0,0,1,0,0,0,0,0,0,1,1,0,0,1.215
2002,608.5,15.9,41.2,1.31,0,50.2439,0.598836501088704,0,0,1,0,0,0,0,0,0,0,0,1,0,0,1.215
2002,463.7,18.1,41.2,0.57,0,2.8771,2.729159164312445,0,0,0,0,0,1,0,0,0,1,0,1,0,0,1.215
2002,732.2,20.6,59.4,2.12,0,7.5573,2.1815467646169897,1,0,0,0,0,0,0,0,0,0,0,0,1,0,1.367
2002,888.4,18.0,59.4,3.26,0,17.0201,1.501852701754163,1,0,0,1,0,0,0,0,0,0,0,0,1,0,1.367
2002,506.2,18.2,59.4,1.15,0,10.3304,1.9095425048844386,1,0,1,0,0,0,0,0,0,0,1,1,0,0,1.367
2002,369.3,18.5,59.4,0.96,0,5.3853,2.4874035299865875,0,0,0,0,0,0,0,0,0,0,1,0,0,0,1.367
2002,165.3,20.0,59.4,0.35,0,7.1653,2.2289385528257473,0,0,0,1,0,0,0,0,0,0,0,0,0,0,1.367
2002,636.5,20.3,59.4,0.9,0,11.5564,1.814824742159051,0,0,1,0,0,0,0,0,0,0,1,1,0,0,1.367
2002,894.3,16.8,58.2,1.28,0,21.6357,1.3056264580524357,1,0,0,0,0,0,0,0,0,0,0,0,1,0,1.854
2002,588.4,18.2,58.2,2.37,0,7.588,2.1598687907924505,1,0,0,1,0,0,0,0,0,1,0,1,0,0,1.854
2002,657.4,15.6,58.2,0.91,0,4.1991,2.698673039289613,1,0,1,0,0,0,0,0,0,0,1,1,0,0,1.854
2002,755.9,15.3,58.2,3.02,0,6.333,2.321406847234633,1,0,0,0,1,0,0,0,0,1,0,0,1,0,1.854
2002,704.6,18.3,58.2,1.2,0,5.9938,2.3711778844596574,0,0,0,0,0,0,0,0,0,1,0,0,1,0,1.854
2002,428.8,18.3,58.2,1.62,0,4.7941,2.5756610130564646,0,0,0,1,0,0,0,0,0,1,0,1,0,0,1.854
2002,482.2,15.8,58.2,0.95,0,11.0436,1.8357763546448294,0,0,1,0,0,0,0,0,0,0,1,1,0,0,1.854
2002,581.7,18.3,58.2,2.42,0,11.5476,1.7984040119467235,0,0,0,0,1,0,0,0,0,0,1,1,0,0,1.854
2002,696.9,18.5,78.0,1.12,0,12.9353,1.9501867058225735,1,0,0,0,0,0,0,0,0,0,1,1,0,0,1.181
2002,643.5,20.4,78.0,2.02,0,12.5,1.979621206397625,1,0,0,1,0,0,0,0,0,1,0,1,0,0,1.181
2002,431.7,19.7,78.0,0.74,0,8.5998,2.309560706730471,0,0,0,0,0,0,0,0,0,1,0,1,0,0,1.181
2002,462.5,21.0,78.0,2.63,0,9.8859,2.1849270495258133,0,0,0,1,0,0,0,0,0,1,0,1,0,0,1.181
2002,1108.6,15.7,157.0,1.65,0,12.9538,2.574137783515943,1,0,0,0,0,0,0,0,0,0,1,0,0,1,3.861
2002,993.0,14.4,157.0,3.02,0,15.2132,2.4265710727750367,1,0,0,1,0,0,0,0,0,0,1,0,1,0,3.861
2002,1106.1,15.3,157.0,15.35,0,14.0304,2.5006159434931803,1,0,0,0,1,0,0,0,0,1,0,0,0,1,3.861
2002,702.2,16.3,157.0,1.67,0,28.9134,1.860974538249528,0,0,0,0,0,0,0,0,0,0,1,0,1,0,3.861
2002,660.6,15.6,157.0,2.88,0,13.3959,2.543175557911976,0,0,0,1,0,0,0,0,0,0,0,1,0,0,3.861
2002,573.2,14.7,157.0,10.83,0,14.5911,2.464703942470481,0,0,0,0,1,0,0,0,0,0,1,1,0,0,3.861
2002,670.9,17.3,40.1,0.45,0,4.4358,2.306577114263583,1,0,0,0,0,0,0,0,0,0,1,1,0,0,0.496
2002,794.8,19.4,40.1,0.26,0,5.7698,2.0731719286662407,1,0,0,1,0,0,0,0,0,1,0,0,1,0,0.496
2002,452.5,20.4,40.1,0.34,0,17.2103,1.2029723039923526,0,0,0,0,0,0,0,0,0,1,0,1,0,0,0.496
2002,606.3,19.8,40.1,1.43,0,7.1864,1.884034745337226,0,0,0,1,0,0,0,0,0,1,0,1,0,0,0.496
2002,1011.3,22.2,47.9,0.69,0,4.0697,2.547098670044448,1,0,0,0,0,0,1,0,0,0,1,0,0,1,0.89
2002,527.8,22.3,47.9,0.22,0,5.4805,2.2762411176544437,1,0,0,0,0,0,0,0,0,0,1,1,0,0,0.89
2002,597.2,21.4,47.9,0.84,0,5.8061,2.224623551524334,1,0,0,1,0,0,0,0,0,0,1,1,0,0,0.89
2002,298.0,22.9,47.9,0.2,0,3.626,2.6539459421090092,0,0,0,0,0,0,1,0,0,0,1,0,0,0,0.89
2002,384.1,21.0,47.9,0.2,0,77.2581,0.4824261492442927,0,0,0,0,0,0,0,0,0,0,1,0,0,0,0.89
2002,254.3,22.8,47.9,0.4,0,9.1238,1.8325814637483102,0,0,0,1,0,0,0,0,0,0,0,0,0,0,0.89
2002,243.4,23.9,7.6,0.2,0,0.7037,2.468099531471619,1,0,0,0,0,0,1,0,0,0,0,0,0,0,0.48
2002,550.6,25.5,7.6,0.2,0,2.6573,1.3506671834767394,1,0,0,0,0,0,0,0,0,0,1,1,0,0,0.48
2002,442.4,25.1,7.6,0.48,0,2.31,1.4562867329399256,1,0,0,1,0,0,0,0,0,0,1,1,0,0,0.48
2002,255.1,22.5,7.6,0.2,0,1.1047,2.064327903869788,0,0,0,0,0,0,1,0,0,0,1,0,0,0,0.48
2002,74.8,24.0,7.6,0.2,0,1.8357,1.6370530794670737,0,0,0,0,0,0,0,0,0,0,0,0,0,0,0.48
2002,317.6,23.4,7.6,0.61,0,0.6979,2.4756977107026903,0,0,0,1,0,0,0,0,0,1,0,0,0,0,0.48
2002,665.7,24.3,28.3,0.46,0,4.4849,1.9892432737616872,1,0,0,0,0,0,1,0,0,0,1,1,0,0,0.455
2002,545.3,23.2,28.3,0.27,0,10.4428,1.3110318766193438,1,0,0,0,0,0,0,0,0,0,0,1,0,0,0.455
2002,518.9,25.8,28.3,0.93,0,2.8702,2.3850863145057892,1,0,0,1,0,0,0,0,0,0,0,1,0,0,0.455
2002,176.2,23.7,28.3,0.2,0,2.1088,2.668616131856803,0,0,0,0,0,0,1,0,0,0,0,0,0,0,0.455
2002,350.4,25.7,28.3,0.22,0,9.7586,1.3609765531356006,0,0,0,0,0,0,0,0,0,0,1,0,0,0,0.455
2002,227.8,22.9,28.3,0.2,0,2.3273,2.5771819258971713,0,0,0,1,0,0,0,0,0,0,0,0,0,0,0.455
2002,1238.9,30.8,28.9,0.2,1,2.2649,2.6217658325051976,1,0,0,0,0,0,0,0,0,0,1,0,0,1,0.266
2002,1036.3,29.1,28.9,0.57,0,4.4462,2.0149030205422647,1,0,0,1,0,0,0,0,0,0,1,0,0,1,0.266
2002,426.0,29.5,28.9,0.2,0,2.0776,2.702032128776647,0,0,0,0,0,0,0,0,0,0,1,1,0,0,0.266
2002,863.7,29.0,28.9,0.2,0,5.2641,1.8702625307159986,0,0,0,1,0,0,0,0,0,0,0,0,1,0,0.266
2002,544.8,28.4,44.7,0.2,0,3.2089,2.703372611551099,1,0,0,0,0,0,0,0,0,0,0,1,0,0,0.661
2002,724.0,27.8,44.7,0.46,0,3.3508,2.663052835171474,1,0,0,1,0,0,0,0,0,0,1,0,1,0,0.661
2002,792.8,29.0,44.7,3.22,0,3.371,2.65745841498615,1,1,0,0,0,0,0,0,0,0,0,0,1,0,0.661
2002,434.3,29.6,44.7,0.2,0,3.9558,2.509599262378372,0,0,0,0,0,0,0,0,0,0,0,1,0,0,0.661
2002,232.4,25.6,44.7,0.2,0,16.9962,1.2892326482767593,0,0,0,1,0,0,0,0,0,0,0,0,0,0,0.661
2002,270.3,26.9,44.7,0.39,0,26.2941,0.9932517730102833,0,1,0,0,0,0,0,0,0,0,1,0,0,0,0.661
2002,1322.5,29.5,19.9,0.23,0,2.3006,2.2669579153508947,1,0,0,0,0,0,0,0,0,0,0,0,0,1,0.678
2002,802.5,27.0,19.9,1.16,0,1.8223,2.4782176616372036,1,0,0,1,0,0,0,0,0,0,0,0,1,0,0.678
2002,830.6,26.7,19.9,1.51,0,1.5819,2.60859812213055,1,1,0,0,0,0,0,0,0,0,1,0,1,0,0.678
2002,577.4,28.8,19.9,0.2,0,1.7456,2.517696472610991,0,0,0,0,0,0,0,0,0,1,0,1,0,0,0.678
2002,494.7,27.5,19.9,0.28,0,1.3293,2.770711962226921,0,0,0,1,0,0,0,0,0,0,1,1,0,0,0.678
2002,859.8,27.1,19.9,1.61,0,5.7514,1.4951487660319727,0,1,0,0,0,0,0,0,0,0,1,0,1,0,0.678
2002,539.3,28.9,18.1,0.2,0,1.7238,2.4423470353692043,1,0,0,0,0,0,0,0,0,0,1,1,0,0,0.341
2002,461.5,30.9,18.1,0.26,1,1.9504,2.330200260027019,1,0,0,1,0,0,0,0,0,0,0,1,0,0,0.341
2002,555.4,28.5,18.1,0.39,0,1.5417,2.5447466501440172,1,0,0,0,0,1,0,0,0,1,0,1,0,0,0.341
2002,315.0,28.6,18.1,0.2,0,5.7098,1.4279160358107101,0,0,0,0,0,0,0,0,0,0,1,0,0,0,0.341
2002,432.7,30.6,18.1,0.2,1,2.7718,2.018895041811802,0,0,0,1,0,0,0,0,0,0,1,1,0,0,0.341
2002,315.6,27.7,18.1,0.72,0,2.837,1.998773638612381,0,0,0,0,0,1,0,0,0,0,0,0,0,0,0.341
2002,652.9,28.3,17.6,0.2,0,1.6762,2.4423470353692043,1,0,0,0,0,0,0,0,0,0,1,1,0,0,0.339
2002,846.7,29.7,17.6,0.71,0,3.659,1.7595805708638197,1,0,0,1,0,0,0,0,0,0,0,0,1,0,0.339
2002,483.6,28.5,17.6,0.2,0,2.5107,2.080690761080268,0,0,0,0,0,0,0,0,0,0,1,1,0,0,0.339
2002,598.3,28.2,17.6,0.6,0,32.0,0.4382549309311553,0,0,0,1,0,0,0,0,0,0,0,1,0,0,0.339
2002,578.8,26.0,8.5,0.3,0,2.862,1.3787660946990992,1,0,0,0,0,0,0,0,0,0,0,1,0,0,0.628
2002,842.7,21.7,8.5,1.3,0,0.8026,2.4501426573516603,1,0,0,1,0,0,0,0,0,0,1,0,1,0,0.628
2002,359.9,23.3,8.5,0.2,0,0.6667,2.6210388241125804,0,0,0,0,0,0,0,0,0,1,0,0,0,0,0.628
2002,192.5,19.5,8.5,0.2,0,0.6735,2.611539300721366,0,0,0,1,0,0,0,0,0,0,1,0,0,0,0.628
2002,234.7,34.2,18.9,0.23,1,1.9149,2.386006701133118,1,0,0,0,0,0,1,0,0,0,0,0,0,0,0.251
2002,160.2,33.3,18.9,0.2,1,1.8121,2.4362414778067194,1,0,0,0,0,0,0,0,0,0,1,0,0,0,0.251
2002,214.6,32.5,18.9,0.2,1,3.0583,1.9712993830601329,1,0,0,1,0,0,0,0,0,0,1,0,0,0,0.251
2002,97.5,32.2,18.9,0.2,1,3.5863,1.8357763546448294,0,0,0,0,0,0,1,0,0,0,1,0,0,0,0.251
2002,78.4,32.5,18.9,0.2,1,2.4674,2.1587147225743437,0,0,0,0,0,0,0,0,0,0,1,0,0,0,0.251
2002,50.0,31.7,18.9,0.2,1,8.1116,1.2029723039923526,0,0,0,1,0,0,0,0,0,0,1,0,0,0,0.251
2002,199.8,29.3,46.0,0.98,0,7.4194,1.9740810260220096,1,0,0,0,0,0,1,0,0,0,1,0,0,0,0.239
2002,215.6,34.6,46.0,0.2,1,7.0769,2.0149030205422647,1,0,0,0,0,0,0,0,0,0,1,0,0,0,0.239
2002,262.8,30.6,46.0,0.37,1,3.4328,2.667228206581955,1,0,0,1,0,0,0,0,0,0,1,0,0,0,0.239
2002,162.9,33.7,46.0,0.33,1,36.5079,0.8153648132841945,0,0,0,0,0,0,1,0,0,0,0,0,0,0,0.239
2002,161.4,33.3,46.0,0.2,1,12.8852,1.5195132049061133,0,0,0,0,0,0,0,0,0,0,1,0,0,0,0.239
2002,163.6,34.6,46.0,0.2,1,3.4049,2.6748380668960965,0,0,0,1,0,0,0,0,0,1,0,0,0,0,0.239
2002,114.8,32.6,15.0,0.2,1,1.2987,2.529720665577793,1,0,0,0,0,0,1,0,0,0,0,0,0,0,0.215
2002,259.1,33.9,15.0,0.2,1,17.6471,0.6151856390902334,1,0,0,0,0,0,0,0,0,1,0,0,0,0,0.215
2002,229.1,31.8,15.0,0.2,1,8.1081,1.0473189942805592,1,0,0,1,0,0,0,0,0,0,1,0,0,0,0.215
2002,50.0,35.2,15.0,0.2,1,1.7626,2.252343876557299,0,0,0,0,0,0,1,0,0,0,0,0,0,0,0.215
2002,254.6,33.2,15.0,0.2,1,1.9455,2.1644717908644115,0,0,0,0,0,0,0,0,0,0,1,0,0,0,0.215
2002,139.3,33.5,15.0,0.2,1,1.3204,2.514465452029545,0,0,0,1,0,0,0,0,0,1,0,0,0,0,0.215
2002,228.9,35.1,21.8,0.2,1,2.8874,2.145931282948669,1,0,0,0,0,0,1,0,0,0,0,0,0,0,0.216
2002,237.4,36.0,21.8,0.2,1,2.3391,2.334083760053417,1,0,0,0,0,0,0,0,0,0,0,0,0,0,0.216
2002,100.5,35.2,21.8,0.2,1,1.6136,2.6748380668960965,1,0,0,1,0,0,0,0,0,1,0,0,0,0,0.216
2002,50.0,36.5,21.8,0.2,1,3.8246,1.9021075263969205,0,0,0,0,0,0,1,0,0,1,0,0,0,0,0.216
2002,128.4,36.9,21.8,0.2,1,1.545,2.715356776284648,0,0,0,0,0,0,0,0,0,0,1,0,0,0,0.216
2002,198.1,33.8,21.8,0.23,1,1.556,2.7087166456453704,0,0,0,1,0,0,0,0,0,0,1,0,0,0,0.216
2002,672.5,22.6,74.3,0.45,0,14.5117,1.8115620965242347,1,0,0,0,0,0,0,0,0,1,0,1,0,0,1.081
2002,600.9,20.7,74.3,3.14,0,26.4413,1.3376291891386096,1,0,0,1,0,0,0,0,0,0,1,1,0,0,1.081
2002,441.1,22.8,74.3,0.91,0,26.6308,1.332366019094335,0,0,0,0,0,0,0,0,0,0,0,1,0,0,1.081
2002,256.6,20.3,74.3,0.23,0,51.5972,0.8919980393051105,0,0,0,1,0,0,0,0,0,0,0,0,0,0,1.081
2002,494.5,27.3,27.3,0.2,0,7.7337,1.5107219394949425,1,0,0,0,0,0,0,0,0,1,0,1,0,0,0.34
2002,531.1,28.7,27.3,0.58,0,2.5466,2.4612967841488667,1,0,0,1,0,0,0,0,0,0,1,1,0,0,0.34
2002,235.1,25.4,27.3,0.2,0,6.3785,1.6639260977181702,0,0,0,0,0,0,0,0,0,0,1,0,0,0,0.34
2002,236.5,26.1,27.3,0.2,0,1.9198,2.7226103524335397,0,0,0,1,0,0,0,0,0,0,0,0,0,0,0.34
2002,786.6,23.7,32.8,0.28,0,2.2237,2.7568403652716422,1,0,0,0,0,0,0,0,0,0,1,0,1,0,0.617
2002,719.9,25.1,32.8,0.85,0,11.9273,1.3217558399823195,1,0,0,1,0,0,0,0,0,1,0,0,1,0,0.617
2002,565.2,24.1,32.8,0.31,0,8.9863,1.536867219599265,0,0,0,0,0,0,0,0,0,0,1,1,0,0,0.617
2002,128.4,22.4,32.8,0.2,0,2.5,2.647592232065096,0,0,0,1,0,0,0,0,0,0,1,0,0,0,0.617
2002,745.5,18.5,82.3,2.66,0,47.2989,1.007957920399979,1,0,0,0,0,0,0,0,1,0,1,0,1,0,1.385
2002,854.8,19.7,82.3,1.45,0,15.1845,1.8594181177018698,1,0,0,0,0,0,0,0,0,1,0,0,1,0,1.385
2002,864.6,17.0,82.3,2.57,0,57.9577,0.883767540168595,1,0,0,1,0,0,0,0,0,0,1,0,1,0,1.385
2002,470.3,19.7,82.3,1.74,0,18.7045,1.6863989535702288,0,0,0,0,0,0,0,0,1,1,0,1,0,0,1.385
2002,315.4,20.2,82.3,0.27,0,6.8242,2.569554123848285,0,0,0,0,0,0,0,0,0,0,1,0,0,0,1.385
2002,287.4,18.6,82.3,0.65,0,44.9727,1.0402767116551463,0,0,0,1,0,0,0,0,0,0,0,0,0,0,1.385
2002,903.7,21.9,65.3,1.35,0,14.3516,1.713797927758343,1,0,0,0,0,0,0,0,0,0,1,0,1,0,1.472
2002,879.3,20.7,65.3,2.62,0,8.0917,2.2049722641270453,1,0,0,1,0,0,0,0,0,0,1,0,1,0,1.472
2002,684.9,21.1,65.3,0.96,0,5.5764,2.542389085201363,0,0,0,0,0,0,0,0,0,1,0,1,0,0,1.472
2002,535.6,23.4,65.3,1.79,0,8.0917,2.2049722641270453,0,0,0,1,0,0,0,0,0,0,1,1,0,0,1.472
2002,986.8,22.3,45.4,0.49,0,4.7539,2.3561258599220753,1,0,0,0,0,0,0,0,0,0,1,0,1,0,1.511
2002,1187.8,23.0,45.4,3.76,0,3.9239,2.531313022602156,1,0,0,1,0,0,0,0,0,1,0,0,0,1,1.511
2002,877.6,22.5,45.4,2.51,0,3.3881,2.667228206581955,1,1,0,0,0,0,0,0,0,0,1,0,1,0,1.511
2002,589.5,21.3,45.4,0.32,0,6.8066,2.0373166153791646,0,0,0,0,0,0,0,0,0,1,0,1,0,0,1.511
2002,473.9,23.6,45.4,0.37,0,5.1416,2.285438934159075,0,0,0,1,0,0,0,0,0,1,0,1,0,0,1.511
2002,650.5,23.9,45.4,1.77,0,38.4746,0.7793248768009976,0,1,0,0,0,0,0,0,0,1,0,1,0,0,1.511
2002,500.4,23.9,52.1,0.34,0,9.4213,1.8764069432883397,1,0,0,0,0,0,0,0,0,0,0,1,0,0,1.053
2002,799.6,25.8,52.1,1.48,0,3.608,2.73696154459663,1,0,0,1,0,0,0,0,0,0,1,0,1,0,1.053
2002,426.5,22.7,52.1,0.25,0,21.0931,1.244154593958768,0,0,0,0,0,0,0,0,0,0,0,1,0,0,1.053
2002,334.9,21.7,52.1,0.36,0,4.627,2.506341930508065,0,0,0,1,0,0,0,0,0,1,0,0,0,0,1.053
2002,916.1,19.9,65.5,1.01,0,12.5239,1.8293763327993617,1,0,0,0,0,0,0,0,0,0,1,0,1,0,1.369
2002,1550.2,20.0,65.5,4.45,0,17.8474,1.541159071680806,1,0,0,1,0,0,0,0,0,0,0,0,0,1,1.369
2002,755.3,20.9,65.5,0.76,0,5.9545,2.4849066497880004,0,0,0,0,0,0,0,0,0,0,0,0,1,0,1.369
2002,667.5,21.6,65.5,3.05,0,4.8627,2.6720775406433925,0,0,0,1,0,0,0,0,0,0,0,1,0,0,1.369
2002,624.8,20.9,33.3,0.54,0,6.5941,1.80005827204275,1,0,0,0,0,0,0,0,0,1,0,1,0,0,0.583
2002,505.4,19.6,33.3,1.09,0,29.469,0.7561219797213337,1,0,0,1,0,0,0,0,0,1,0,1,0,0,0.583
2002,514.3,23.1,33.3,0.32,0,8.7173,1.572773928062509,0,0,0,0,0,0,0,0,0,1,0,1,0,0,0.583
2002,232.5,23.5,33.3,0.2,0,2.9443,2.510411940196362,0,0,0,1,0,0,0,0,0,0,1,0,0,0,0.583
2002,598.1,20.4,50.9,1.37,0,7.7238,2.0268315914075385,1,0,0,0,0,0,0,0,1,0,1,1,0,0,1.391
2002,579.6,19.4,50.9,0.82,0,17.5517,1.3609765531356006,1,0,0,0,0,0,0,0,0,0,1,1,0,0,1.391
2002,1038.9,17.7,50.9,1.08,0,4.8019,2.451005098112319,1,0,0,1,0,0,0,0,0,0,1,0,0,1,1.391
2002,523.7,16.5,50.9,2.64,0,6.534,2.1736147116970854,0,0,0,0,0,0,0,0,1,0,0,1,0,0,1.391
2002,851.0,18.2,50.9,1.39,0,4.6063,2.489064659936664,0,0,0,0,0,0,0,0,0,0,1,0,1,0,1.391
2002,299.8,16.1,50.9,0.29,0,3.5744,2.7239235502585,0,0,0,1,0,0,0,0,0,0,1,0,0,0,1.391
2002,787.5,18.3,58.0,0.71,0,4.3642,2.659559991941776,1,0,0,0,0,0,0,0,0,0,0,0,1,0,1.144
2002,928.1,18.5,58.0,2.27,0,4.134,2.710048203764883,1,0,0,1,0,0,0,0,0,0,1,0,1,0,1.144
2002,777.4,17.9,58.0,1.36,0,10.9434,1.840549633397487,0,0,0,0,0,0,0,0,0,0,1,0,1,0,1.144
2002,403.1,17.2,58.0,0.54,0,5.4769,2.4501426573516603,0,0,0,1,0,0,0,0,0,0,1,1,0,0,1.144
2002,1112.3,19.1,76.6,1.23,0,16.5443,1.728109442151599,1,0,0,0,0,0,0,0,0,0,0,0,0,1,1.602
2002,1219.5,19.8,76.6,4.43,0,18.4578,1.6389967146756448,1,0,0,1,0,0,0,0,0,0,0,0,0,1,1.602
2002,1102.2,19.5,76.6,2.15,0,6.2942,2.5779415157551897,1,1,0,0,0,0,0,0,0,0,1,0,0,1,1.602
2002,719.6,21.5,76.6,2.75,0,5.5068,2.702032128776647,1,0,0,0,0,1,0,0,0,0,1,0,1,0,1.602
2002,637.1,18.4,76.6,0.5,0,46.9939,0.9669838461896731,0,0,0,0,0,0,0,0,0,1,0,1,0,0,1.602
2002,800.9,20.0,76.6,1.39,0,18.6829,1.62924053973028,0,0,0,1,0,0,0,0,0,0,1,0,1,0,1.602
2002,826.6,18.4,76.6,1.18,0,7.4514,2.423031246069913,0,1,0,0,0,0,0,0,0,1,0,0,1,0,1.602
2002,902.8,19.8,76.6,1.05,0,10.7584,2.0943301541735866,0,0,0,0,0,1,0,0,0,1,0,0,1,0,1.602
2002,204.1,31.0,21.5,0.2,1,2.7886,2.1644717908644115,1,0,0,0,0,0,0,0,0,1,0,0,0,0,0.243
2002,235.8,29.5,21.5,0.41,0,1.9963,2.4655539212721855,1,0,0,1,0,0,0,0,0,0,0,0,0,0,0.243
2002,303.1,28.9,21.5,0.2,0,2.6092,2.2235418856535927,0,0,0,0,0,0,0,0,0,1,0,0,0,0,0.243
2002,205.3,30.0,21.5,0.2,0,15.6934,0.8628899551470398,0,0,0,1,0,0,0,0,0,1,0,0,0,0,0.243
2002,355.8,30.4,0.5,0.2,1,0.0545,2.3194422100604686,1,0,0,0,0,0,0,0,0,0,1,0,0,0,0.212
2002,224.0,32.4,0.5,0.2,1,0.0437,2.5209170873110334,1,0,0,1,0,0,0,0,0,0,1,0,0,0,0.212
2002,301.7,30.9,0.5,0.2,1,0.1256,1.6054298910365616,0,0,0,0,0,0,0,0,0,1,0,0,0,0,0.212
2002,263.3,31.9,0.5,0.2,1,0.1312,1.57069708411767,0,0,0,1,0,0,0,0,0,0,1,0,0,0,0.212
2003,404.6,18.7,110.5,0.89,0,9.485,2.5376572151735295,1,0,0,0,0,0,0,0,1,1,0,1,0,0,3.582
2003,580.1,18.4,110.5,1.12,0,9.3644,2.5494451709255714,1,0,0,0,0,0,0,0,0,1,0,1,0,0,3.582
2003,346.3,18.0,110.5,0.68,0,28.4062,1.5871923034867808,1,0,0,1,0,0,0,0,0,0,0,0,0,0,3.582
2003,447.4,16.8,110.5,1.86,0,20.7317,1.8453002361560848,0,0,0,0,0,0,0,0,1,1,0,1,0,0,3.582
2003,534.8,16.0,110.5,1.32,0,7.7544,2.7245795030534206,0,0,0,0,0,0,0,0,0,0,0,1,0,0,3.582
2003,606.3,17.3,110.5,3.23,0,7.9211,2.7047112998366956,0,0,0,1,0,0,0,0,0,0,0,1,0,0,3.582
2003,700.8,14.4,67.3,3.66,0,5.4143,2.5974910105351463,1,0,0,0,0,0,0,0,1,0,0,0,1,0,4.069
2003,492.1,17.8,67.3,0.4,0,12.5326,1.851599469584072,1,0,0,0,0,0,0,0,0,0,0,1,0,0,4.069
2003,550.5,15.3,67.3,1.66,0,5.1729,2.6397713603489157,1,0,0,1,0,0,0,0,0,0,0,1,0,0,4.069
2003,338.1,17.3,67.3,1.0,0,5.3413,2.6100697927420065,0,0,0,0,0,0,0,0,1,0,0,0,0,0,4.069
2003,436.0,17.8,67.3,0.33,0,24.296,1.3270750014599193,0,0,0,0,0,0,0,0,0,0,0,1,0,0,4.069
2003,410.6,18.9,67.3,0.49,0,40.0595,0.9858167945227653,0,0,0,1,0,0,0,0,0,1,0,1,0,0,4.069
2003,410.9,18.9,130.1,0.66,0,11.9358,2.4765384001174837,1,0,0,0,0,0,0,0,1,0,1,1,0,0,3.973
2003,388.0,20.3,130.1,0.6,0,31.274,1.6409365794934714,1,0,0,0,0,0,0,0,0,0,0,0,0,0,3.973
2003,507.3,20.0,130.1,4.0,0,8.8024,2.7587433154177283,1,0,0,1,0,0,0,0,0,0,0,1,0,0,3.973
2003,673.0,19.7,130.1,7.13,0,28.0388,1.7298840655099674,1,0,0,0,1,0,0,0,0,0,0,1,0,0,3.973
2003,318.4,18.2,130.1,1.04,0,13.9443,2.3350522831315472,0,0,0,0,0,0,0,0,1,0,1,0,0,0,3.973
2003,176.8,18.0,130.1,0.25,0,23.3993,1.8809906029559975,0,0,0,0,0,0,0,0,0,1,0,0,0,0,3.973
2003,331.4,18.8,130.1,0.59,0,28.3442,1.7209792871670078,0,0,0,1,0,0,0,0,0,1,0,0,0,0,3.973
2003,278.2,19.0,130.1,1.84,0,60.7944,1.144222799920162,0,0,0,0,1,0,0,0,0,0,0,0,0,0,3.973
2003,584.9,16.7,111.1,0.78,0,12.0368,2.325324579963535,1,0,0,0,0,0,0,0,0,0,0,1,0,0,2.798
2003,646.3,17.6,111.1,3.48,0,26.7067,1.6409365794934714,1,0,0,1,0,0,0,0,0,0,0,1,0,0,2.798
2003,466.9,17.8,111.1,1.37,0,18.7037,1.937301774518713,1,0,0,0,0,0,0,1,0,0,0,1,0,0,2.798
2003,317.7,16.6,111.1,0.34,0,16.1953,2.061786606441115,0,0,0,0,0,0,0,0,0,1,0,0,0,0,2.798
2003,138.3,19.1,111.1,0.34,0,8.9525,2.596000697293587,0,0,0,1,0,0,0,0,0,0,0,0,0,0,2.798
2003,163.1,18.5,111.1,0.23,0,19.3554,1.9080599249242156,0,0,0,0,0,0,0,1,0,0,0,0,0,0,2.798
2003,560.6,19.2,125.0,1.57,0,106.8376,0.7747271675523681,1,0,0,0,0,0,0,0,0,1,0,1,0,0,2.502
2003,499.5,18.2,125.0,0.89,0,19.1131,2.020222182019865,1,0,0,1,0,0,0,0,0,0,0,1,0,0,2.502
2003,397.1,19.6,125.0,0.36,0,22.482,1.8809906029559975,0,0,0,0,0,0,0,0,0,0,1,0,0,0,2.502
2003,380.8,16.2,125.0,0.23,0,14.1084,2.288486168614544,0,0,0,1,0,0,0,0,0,1,0,0,0,0,2.502
2003,840.2,20.1,93.2,0.87,0,11.9949,2.1713368063840917,1,0,0,0,0,0,0,0,0,0,1,0,1,0,2.346
2003,462.0,19.9,93.2,0.55,0,6.5404,2.7245795030534206,1,0,0,1,0,0,0,0,0,1,0,1,0,0,2.346
2003,497.0,20.8,93.2,0.24,0,11.0427,2.244955980157409,0,0,0,0,0,0,0,0,0,0,1,1,0,0,2.346
2003,413.8,20.2,93.2,0.65,0,83.964,0.7466879474879752,0,0,0,1,0,0,0,0,0,0,0,1,0,0,2.346
2003,902.5,18.6,129.9,1.64,0,13.9079,2.336019869080283,1,0,0,0,0,0,0,0,0,0,1,0,1,0,2.552
2003,652.2,18.0,129.9,0.73,0,12.7104,2.4176979000945504,1,0,0,1,0,0,0,0,0,0,0,1,0,0,2.552
2003,571.2,17.5,129.9,0.5,0,49.3916,1.2892326482767593,0,0,0,0,0,0,0,0,0,0,0,1,0,0,2.552
2003,475.2,20.4,129.9,0.9,0,13.6306,2.354228326145884,0,0,0,1,0,0,0,0,0,0,1,1,0,0,2.552
2003,538.7,17.0,113.6,0.2,0,48.1356,1.2119409739751128,1,0,0,0,0,0,0,0,0,0,0,1,0,0,2.398
2003,622.8,18.0,113.6,0.78,0,51.1712,1.169381359556317,1,0,0,1,0,0,0,0,0,1,0,1,0,0,2.398
2003,413.2,16.9,113.6,0.24,0,52.1101,1.1568811967920856,0,0,0,0,0,0,0,0,0,0,0,1,0,0,2.398
2003,644.2,17.9,113.6,0.52,0,12.2282,2.331172549845958,0,0,0,1,0,0,0,0,0,0,1,1,0,0,2.398
2003,642.2,20.6,43.3,0.76,0,8.4736,1.809926773183504,1,0,0,0,0,0,0,0,0,1,0,1,0,0,1.579
2003,544.8,18.4,43.3,0.43,0,25.0289,1.0043016091968684,1,0,0,1,0,0,0,0,0,1,0,1,0,0,1.579
2003,442.6,18.4,43.3,0.2,0,3.0007,2.7363136663750693,0,0,0,0,0,0,0,0,0,0,1,1,0,0,1.579
2003,412.5,17.4,43.3,0.26,0,5.7124,2.149433913499871,0,0,0,1,0,0,0,0,0,0,1,1,0,0,1.579
2003,494.4,19.3,109.4,0.29,0,34.2947,1.4327007339340463,1,0,0,0,0,0,0,0,0,0,1,1,0,0,3.983
2003,502.8,16.3,109.4,0.38,0,10.9073,2.400618833265411,1,0,0,1,0,0,0,0,0,0,0,1,0,0,3.983
2003,750.7,18.0,109.4,2.88,0,14.2078,2.163323025660538,1,0,0,0,0,0,0,1,0,1,0,0,1,0,3.983
2003,672.5,16.4,109.4,7.22,0,9.431,2.533696813957432,1,0,0,0,1,0,0,0,0,0,0,1,0,0,3.983
2003,388.1,17.3,109.4,0.38,0,12.2371,2.2965670206684825,0,0,0,0,0,0,0,0,0,0,0,0,0,0,3.983
2003,230.3,16.8,109.4,0.31,0,10.7996,2.4096441652874536,0,0,0,1,0,0,0,0,0,0,0,0,0,0,3.983
2003,315.7,16.6,109.4,0.49,0,131.8072,0.6043159668533294,0,0,0,0,0,0,0,1,0,1,0,0,0,0,3.983
2003,516.9,17.8,109.4,1.26,0,109.4,0.6931471805599453,0,0,0,0,1,0,0,0,0,1,0,1,0,0,3.983
2003,685.1,17.1,178.8,2.56,0,15.269,2.542389085201363,1,0,0,0,0,0,0,0,0,0,0,1,0,0,2.733
2003,566.8,19.5,178.8,1.16,0,20.2262,2.286455711064162,1,0,0,1,0,0,0,0,0,0,1,1,0,0,2.733
2003,534.1,19.3,178.8,0.95,0,35.336,1.801709800081223,1,0,0,0,0,0,0,1,0,0,0,1,0,0,2.733
2003,501.7,17.8,178.8,0.42,0,19.1435,2.336019869080283,0,0,0,0,0,0,0,0,0,1,0,1,0,0,2.733
2003,522.3,19.1,178.8,1.1,0,16.3736,2.4782176616372036,0,0,0,1,0,0,0,0,0,0,0,1,0,0,2.733
2003,515.4,16.4,178.8,0.94,0,13.4134,2.6623552418400807,0,0,0,0,0,0,0,1,0,0,0,1,0,0,2.733
2003,284.0,16.3,41.9,0.2,0,3.228,2.637627736805664,1,0,0,0,0,0,0,0,0,0,1,0,0,0,1.242
2003,593.0,16.1,41.9,1.25,0,13.5599,1.4085449700547104,1,0,0,1,0,0,0,0,0,0,0,1,0,0,1.242
2003,188.8,15.7,41.9,0.22,0,3.9905,2.4423470353692043,1,0,0,0,0,0,0,1,0,1,0,0,0,0,1.242
2003,553.7,15.3,41.9,1.12,0,15.9924,1.2864740258376797,1,0,1,0,0,0,0,0,0,0,0,1,0,0,1.242
2003,362.6,16.3,41.9,0.2,0,4.3375,2.3664984187376983,0,0,0,0,0,0,0,0,0,1,0,0,0,0,1.242
2003,186.5,16.0,41.9,0.2,0,2.8523,2.753023566744941,0,0,0,1,0,0,0,0,0,0,1,0,0,0,1.242
2003,50.0,17.5,41.9,0.2,0,3.9678,2.4475508632442313,0,0,0,0,0,0,0,1,0,0,1,0,0,0,1.242
2003,238.8,16.2,41.9,0.2,0,2.9383,2.725235025856311,0,0,1,0,0,0,0,0,0,1,0,0,0,0,1.242
2003,471.7,19.6,74.5,0.97,0,12.0746,1.969905654611529,1,0,0,0,0,0,0,0,0,0,0,1,0,0,1.371
2003,460.7,16.8,74.5,0.86,0,33.4081,1.172482137234565,1,0,0,1,0,0,0,0,0,0,0,1,0,0,1.371
2003,483.4,17.8,74.5,3.01,0,15.4244,1.763017000362401,1,0,0,0,0,0,0,1,0,0,0,1,0,0,1.371
2003,559.5,16.8,74.5,0.93,0,6.0767,2.5847519847577165,1,0,1,0,0,0,0,0,0,0,1,1,0,0,1.371
2003,283.1,16.9,74.5,0.2,0,25.3401,1.3711807233098425,0,0,0,0,0,0,0,0,0,0,0,0,0,0,1.371
2003,446.3,17.4,74.5,0.85,0,5.8158,2.6253929674212007,0,0,0,1,0,0,0,0,0,1,0,1,0,0,1.371
2003,276.8,19.5,74.5,0.3,0,12.5,1.9401794743463283,0,0,0,0,0,0,0,1,0,0,1,0,0,0,1.371
2003,218.3,16.3,74.5,0.22,0,27.6952,1.3056264580524357,0,0,1,0,0,0,0,0,0,1,0,0,0,0,1.371
2003,377.8,17.2,46.5,0.2,0,7.3693,1.9892432737616872,1,0,0,0,0,0,0,0,0,0,1,0,0,0,0.987
2003,639.0,16.1,46.5,0.38,0,5.755,2.206074192613202,1,0,0,1,0,0,0,0,0,0,1,1,0,0,0.987
2003,413.6,18.0,46.5,0.91,0,3.2654,2.7239235502585,1,0,1,0,0,0,0,0,0,0,1,1,0,0,0.987
2003,182.0,19.6,46.5,0.2,0,4.5949,2.4087452888224363,0,0,0,0,0,0,0,0,0,0,1,0,0,0,0.987
2003,275.7,17.3,46.5,0.24,0,3.4091,2.6837575085331657,0,0,0,1,0,0,0,0,0,0,1,0,0,0,0.987
2003,239.3,19.6,46.5,0.2,0,3.4292,2.67827804276854,0,0,1,0,0,0,0,0,0,0,1,0,0,0,0.987
2003,487.6,15.0,65.2,0.53,0,5.7801,2.5079719227189963,1,0,0,0,0,0,0,0,0,0,0,1,0,0,1.215
2003,345.8,18.1,65.2,0.54,0,11.9414,1.8656293177945105,1,0,0,1,0,0,0,0,0,1,0,0,0,0,1.215
2003,354.8,19.2,65.2,0.34,0,8.3805,2.1724764076470255,1,0,1,0,0,0,0,0,0,1,0,0,0,0,1.215
2003,482.6,15.2,65.2,0.34,0,7.9126,2.2235418856535927,1,0,0,0,0,1,0,0,0,0,1,1,0,0,1.215
2003,230.0,18.2,65.2,0.2,0,18.1616,1.5238800240724537,0,0,0,0,0,0,0,0,0,0,1,0,0,0,1.215
2003,366.0,17.1,65.2,0.26,0,8.895,2.1198634561787513,0,0,0,1,0,0,0,0,0,0,1,0,0,0,1.215
2003,289.4,19.4,65.2,0.2,0,5.7853,2.50715725872282,0,0,1,0,0,0,0,0,0,0,1,0,0,0,1.215
2003,278.8,19.3,65.2,0.27,0,7.2364,2.303584593327129,0,0,0,0,0,1,0,0,0,1,0,0,0,0,1.215
2003,346.5,21.7,48.9,0.2,0,12.5064,1.5912739418064292,1,0,0,0,0,0,0,0,0,0,1,0,0,0,1.367
2003,290.5,20.2,48.9,0.36,0,24.45,1.0986122886681098,1,0,0,1,0,0,0,0,0,0,0,0,0,0,1.367
2003,384.7,18.9,48.9,0.3,0,3.4705,2.7140322727797574,1,0,1,0,0,0,0,0,0,0,1,0,0,0,1.367
2003,276.7,19.0,48.9,0.21,0,20.1235,1.2325602611778486,0,0,0,0,0,0,0,0,0,0,1,0,0,0,1.367
2003,237.2,20.3,48.9,0.36,0,4.1301,2.552565298261815,0,0,0,1,0,0,0,0,0,0,0,0,0,0,1.367
2003,116.1,20.9,48.9,0.2,0,4.1301,2.552565298261815,0,0,1,0,0,0,0,0,0,0,1,0,0,0,1.367
2003,463.9,19.2,69.0,0.46,0,5.1454,2.667922410011431,1,0,0,0,0,0,0,0,0,0,1,1,0,0,1.854
2003,402.5,17.6,69.0,1.34,0,5.6052,2.58851563240702,1,0,0,1,0,0,0,0,0,0,1,1,0,0,1.854
2003,564.2,15.1,69.0,1.52,0,11.8966,1.916922612182061,1,0,1,0,0,0,0,0,0,0,0,1,0,0,1.854
2003,323.2,15.0,69.0,1.06,0,19.4915,1.5129270120532565,1,0,0,0,1,0,0,0,0,0,1,0,0,0,1.854
2003,256.1,18.6,69.0,0.2,0,14.1104,1.7732559976634952,0,0,0,0,0,0,0,0,0,0,1,0,0,0,1.854
2003,338.7,16.7,69.0,0.2,0,12.5683,1.8702625307159986,0,0,0,1,0,0,0,0,0,0,1,0,0,0,1.854
2003,293.0,19.0,69.0,0.34,0,5.2194,2.6546494243750947,0,0,1,0,0,0,0,0,0,0,0,0,0,0,1.854
2003,305.5,15.4,69.0,1.08,0,7.3718,2.337952236831337,0,0,0,0,1,0,0,0,0,0,1,0,0,0,1.854
2003,393.4,16.7,56.9,0.63,0,5.4294,2.4406063908914204,1,0,0,0,0,0,0,0,0,1,0,0,0,0,1.181
2003,305.5,18.2,56.9,0.3,0,3.9486,2.7350166493320245,1,0,0,1,0,0,0,0,0,0,1,0,0,0,1.181
2003,304.2,21.2,56.9,0.33,0,6.2254,2.316487998163037,0,0,0,0,0,0,0,0,0,0,0,0,0,0,1.181
2003,204.8,20.8,56.9,0.37,0,13.7772,1.6351056591826783,0,0,0,1,0,0,0,0,0,1,0,0,0,0,1.181
2003,468.3,17.7,73.3,0.63,0,67.8704,0.7323678937132266,1,0,0,0,0,0,0,0,0,1,0,1,0,0,3.861
2003,554.6,16.4,73.3,2.09,0,5.3077,2.6953026282797072,1,0,0,1,0,0,0,0,0,0,0,1,0,0,3.861
2003,391.8,14.8,73.3,1.4,0,35.9314,1.1118575154181303,1,0,0,0,1,0,0,0,0,1,0,0,0,0,3.861
2003,160.6,15.4,73.3,0.2,0,6.7808,2.468946630209271,0,0,0,0,0,0,0,0,0,0,0,0,0,0,3.861
2003,362.3,17.2,73.3,0.83,0,34.4131,1.1410330045520618,0,0,0,1,0,0,0,0,0,0,0,0,0,0,3.861
2003,296.5,17.1,73.3,1.03,0,19.5989,1.556037135706985,0,0,0,0,1,0,0,0,0,0,1,0,0,0,3.861
2003,361.6,18.4,26.5,0.2,0,1.982,2.6651427000909336,1,0,0,0,0,0,0,0,0,1,0,0,0,0,0.496
2003,303.0,19.1,26.5,0.26,0,5.7359,1.7263316639055997,1,0,0,1,0,0,0,0,0,0,0,0,0,0,0.496
2003,351.6,20.9,26.5,0.34,0,13.1188,1.1052568313867783,0,0,0,0,0,0,0,0,0,0,0,0,0,0,0.496
2003,146.4,18.8,26.5,0.2,0,2.7068,2.378619779270043,0,0,0,1,0,0,0,0,0,0,0,0,0,0,0.496
2003,353.5,23.5,70.8,0.45,0,15.9459,1.6937790608678513,1,0,0,0,0,0,1,0,0,0,1,0,0,0,0.89
2003,238.4,22.9,70.8,0.2,0,4.8593,2.745345985845907,1,0,0,0,0,0,0,0,0,0,1,0,0,0,0.89
2003,335.8,22.4,70.8,1.17,0,13.2584,1.8468787684491346,1,0,0,1,0,0,0,0,0,0,1,0,0,0,0.89
2003,208.8,22.3,70.8,0.2,0,13.1599,1.8531680973566984,0,0,0,0,0,0,1,0,0,1,0,0,0,0,0.89
2003,191.3,24.4,70.8,0.2,0,9.0653,2.175887439948088,0,0,0,0,0,0,0,0,0,0,1,0,0,0,0.89
2003,185.9,21.2,70.8,0.2,0,5.2251,2.6775909936175015,0,0,0,1,0,0,0,0,0,0,0,0,0,0,0.89
2003,221.7,24.7,15.1,0.2,0,9.2073,0.9707789171582248,1,0,0,0,0,0,1,0,0,1,0,0,0,0,0.48
2003,299.3,25.8,15.1,0.2,0,1.9739,2.157559320943788,1,0,0,0,0,0,0,0,0,0,1,0,0,0,0.48
2003,274.8,23.6,15.1,0.21,0,2.247,2.0438143640366846,1,0,0,1,0,0,0,0,0,0,1,0,0,0,0.48
2003,177.9,26.1,15.1,0.2,0,9.6178,0.9439058989071284,0,0,0,0,0,0,1,0,0,1,0,0,0,0,0.48
2003,87.4,22.8,15.1,0.2,0,9.8052,0.9321640810304452,0,0,0,0,0,0,0,0,0,1,0,0,0,0,0.48
2003,140.5,23.1,15.1,0.2,0,1.4464,2.437115985951652,0,0,0,1,0,0,0,0,0,0,1,0,0,0,0.48
2003,182.5,24.9,15.5,0.2,0,1.254,2.5922651681085,1,0,0,0,0,0,1,0,0,1,0,0,0,0,0.455
2003,166.2,25.8,15.5,0.2,0,1.2166,2.620311286794203,1,0,0,0,0,0,0,0,0,0,1,0,0,0,0.455
2003,237.9,24.0,15.5,0.2,0,4.4928,1.4929040961781488,1,0,0,1,0,0,0,0,0,0,1,0,0,0,0.455
2003,257.1,25.5,15.5,0.2,0,1.0333,2.772588722239781,0,0,0,0,0,0,1,0,0,1,0,0,0,0,0.455
2003,224.4,25.4,15.5,0.2,0,1.3573,2.519308076505333,0,0,0,0,0,0,0,0,0,0,1,0,0,0,0.455
2003,211.4,23.1,15.5,0.21,0,1.8257,2.2502386126218363,0,0,0,1,0,0,0,0,0,0,1,0,0,0,0.455
2003,524.7,28.2,25.6,0.2,0,3.4973,2.1186622548331173,1,0,0,0,0,0,0,0,0,0,1,1,0,0,0.266
2003,385.4,27.0,25.6,0.2,0,2.8732,2.2935443483418965,1,0,0,1,0,0,0,0,0,0,1,0,0,0,0.266
2003,438.1,29.9,25.6,0.2,0,6.1391,1.6428726885203377,0,0,0,0,0,0,0,0,0,0,0,1,0,0,0.266
2003,381.6,27.3,25.6,0.2,0,3.7482,2.057962510002712,0,0,0,1,0,0,0,0,0,0,0,0,0,0,0.266
2003,313.6,27.0,22.8,0.2,0,1.7378,2.647592232065096,1,0,0,0,0,0,0,0,0,1,0,0,0,0,0.661
2003,324.6,26.0,22.8,0.2,0,3.119,2.1174596088673567,1,0,0,1,0,0,0,0,0,0,0,0,0,0,0.661
2003,572.3,26.8,22.8,1.88,0,16.8889,0.8544153281560676,1,1,0,0,0,0,0,0,0,0,1,1,0,0,0.661
2003,79.3,27.6,22.8,0.2,0,2.7603,2.225704048658088,0,0,0,0,0,0,0,0,0,0,0,0,0,0,0.661
2003,178.5,27.5,22.8,0.2,0,8.5075,1.3029127521808397,0,0,0,1,0,0,0,0,0,0,0,0,0,0,0.661
2003,204.6,28.3,22.8,0.2,0,5.8462,1.589235205116581,0,1,0,0,0,0,0,0,0,0,1,0,0,0,0.661
2003,448.3,28.1,39.4,0.2,0,3.2806,2.565718292524414,1,0,0,0,0,0,0,0,0,0,1,1,0,0,0.678
2003,509.5,26.8,39.4,0.88,0,56.2857,0.5306282510621704,1,0,0,1,0,0,0,0,0,1,0,1,0,0,0.678
2003,362.5,26.7,39.4,0.44,0,4.1826,2.343727036325221,1,1,0,0,0,0,0,0,0,1,0,0,0,0,0.678
2003,309.4,26.5,39.4,0.2,0,3.7667,2.4388627112865935,0,0,0,0,0,0,0,0,0,0,1,0,0,0,0.678
2003,234.9,28.3,39.4,0.2,0,3.7958,2.431857428698185,0,0,0,1,0,0,0,0,0,0,1,0,0,0,0.678
2003,306.1,25.9,39.4,0.22,0,3.6995,2.4553061800117097,0,1,0,0,0,0,0,0,0,0,1,0,0,0,0.678
2003,139.6,30.5,29.1,0.2,1,8.0165,1.5325568680981427,1,0,0,0,0,0,0,0,0,0,1,0,0,0,0.341
2003,298.5,29.4,29.1,0.39,0,9.7651,1.3812818192963463,1,0,0,1,0,0,0,0,0,0,0,0,0,0,0.341
2003,239.1,29.0,29.1,0.4,0,5.8788,1.7833912195575383,1,0,0,0,0,1,0,0,0,0,1,0,0,0,0.341
2003,136.4,29.1,29.1,0.2,0,10.2827,1.3428648031925547,0,0,0,0,0,0,0,0,0,0,1,0,0,0,0.341
2003,132.8,29.3,29.1,0.2,0,2.0726,2.7107133185216936,0,0,0,1,0,0,0,0,0,0,1,0,0,0,0.341
2003,64.8,32.4,29.1,0.2,1,8.9264,1.449269160281279,0,0,0,0,0,1,0,0,0,1,0,0,0,0,0.341
2003,464.3,27.7,28.6,0.2,0,3.1394,2.3135250330323798,1,0,0,0,0,0,0,0,0,0,0,1,0,0,0.339
2003,438.5,29.5,28.6,0.37,0,15.8011,1.0331844833456545,1,0,0,1,0,0,0,0,0,0,0,1,0,0,0.339
2003,360.0,30.2,28.6,0.2,1,2.3366,2.5832425505088623,0,0,0,0,0,0,0,0,0,0,1,0,0,0,0.339
2003,187.3,28.6,28.6,0.2,0,1.9364,2.758109400974947,0,0,0,1,0,0,0,0,0,0,1,0,0,0,0.339
2003,374.4,24.3,16.7,0.2,0,1.1654,2.7298116928837226,1,0,0,0,0,0,0,0,0,0,1,0,0,0,0.628
2003,325.8,23.6,16.7,0.35,0,8.9305,1.0543120297715298,1,0,0,1,0,0,0,0,0,0,1,0,0,0,0.628
2003,286.1,24.0,16.7,0.2,0,4.8688,1.4883995840570443,0,0,0,0,0,0,0,0,0,0,1,0,0,0,0.628
2003,85.6,22.8,16.7,0.2,0,2.9768,1.888583653863595,0,0,0,1,0,0,0,0,0,0,0,0,0,0,0.628
2003,129.8,31.8,31.6,0.2,1,53.5593,0.4637340162321401,1,0,0,0,0,0,1,0,0,1,0,0,0,0,0.251
2003,134.4,31.0,31.6,0.2,1,17.1739,1.0438040521731147,1,0,0,0,0,0,0,0,0,0,0,0,0,0,0.251
2003,95.0,32.8,31.6,0.2,1,5.3559,1.9315214116032138,1,0,0,1,0,0,0,0,0,0,0,0,0,0,0.251
2003,149.9,31.3,31.6,0.34,1,2.9178,2.4706386779902956,0,0,0,0,0,0,1,0,0,0,0,0,0,0,0.251
2003,103.4,30.6,31.6,0.2,1,3.4879,2.3085671646715933,0,0,0,0,0,0,0,0,0,0,1,0,0,0,0.251
2003,79.0,32.3,31.6,0.2,1,3.4611,2.315501318260592,0,0,0,1,0,0,0,0,0,0,1,0,0,0,0.251
2003,149.1,32.0,18.8,0.21,1,1.4734,2.6217658325051976,1,0,0,0,0,0,1,0,0,0,1,0,0,0,0.239
2003,104.9,32.5,18.8,0.2,1,4.4444,1.6544112780768316,1,0,0,0,0,0,0,0,0,0,0,0,0,0,0.239
2003,111.4,33.5,18.8,0.2,1,5.7846,1.4469189829363254,1,0,0,1,0,0,0,0,0,0,1,0,0,0,0.239
2003,105.0,32.2,18.8,0.2,1,2.9102,2.0095554142156695,0,0,0,0,0,0,1,0,0,0,1,0,0,0,0.239
2003,123.8,33.3,18.8,0.2,1,1.5563,2.5710843460290524,0,0,0,0,0,0,0,0,0,1,0,0,0,0,0.239
2003,71.6,34.5,18.8,0.2,1,2.0107,2.336986519711378,0,0,0,1,0,0,0,0,0,1,0,0,0,0,0.239
2003,126.5,33.5,39.0,0.2,1,7.0909,1.8718021769015913,1,0,0,0,0,0,1,0,0,1,0,0,0,0,0.215
2003,89.2,33.3,39.0,0.2,1,2.6897,2.740840023925201,1,0,0,0,0,0,0,0,0,0,1,0,0,0,0.215
2003,172.6,35.4,39.0,0.2,1,10.1562,1.5769147207285403,1,0,0,1,0,0,0,0,0,0,1,0,0,0,0.215
2003,93.4,32.9,39.0,0.2,1,3.8806,2.402430427963762,0,0,0,0,0,0,1,0,0,0,1,0,0,0,0.215
2003,50.0,34.9,39.0,0.2,1,4.3382,2.301584592660462,0,0,0,0,0,0,0,0,0,0,1,0,0,0,0.215
2003,103.3,32.6,39.0,0.2,1,2.6052,2.770711962226921,0,0,0,1,0,0,0,0,0,1,0,0,0,0,0.215
2003,125.5,34.1,37.1,0.2,1,10.3922,1.5195132049061133,1,0,0,0,0,0,1,0,0,1,0,0,0,0,0.216
2003,87.5,34.5,37.1,0.2,1,2.8127,2.6525374911719513,1,0,0,0,0,0,0,0,0,0,0,0,0,0,0.216
2003,50.0,36.0,37.1,0.2,1,7.8769,1.742219023667919,1,0,0,1,0,0,0,0,0,0,1,0,0,0,0.216
2003,50.0,37.1,37.1,0.2,1,7.7778,1.7526720805200082,0,0,0,0,0,0,1,0,0,0,1,0,0,0,0.216
2003,112.3,35.4,37.1,0.2,1,22.622,0.9707789171582248,0,0,0,0,0,0,0,0,0,0,0,0,0,0,0.216
2003,97.4,36.1,37.1,0.2,1,2.671,2.7006898466959175,0,0,0,1,0,0,0,0,0,0,1,0,0,0,0.216
2003,258.3,22.4,67.8,0.2,0,11.0604,1.9643112344262046,1,0,0,0,0,0,0,0,0,0,1,0,0,0,1.081
2003,194.6,22.4,67.8,0.32,0,60.5357,0.7514160886839212,1,0,0,1,0,0,0,0,0,0,1,0,0,0,1.081
2003,228.0,21.9,67.8,0.2,0,95.493,0.5364933705145685,0,0,0,0,0,0,0,0,0,0,1,0,0,0,1.081
2003,239.3,23.1,67.8,0.34,0,6.1136,2.492378664626701,0,0,0,1,0,0,0,0,0,0,1,0,0,0,1.081
2003,230.4,27.1,15.9,0.2,0,2.8752,1.8764069432883397,1,0,0,0,0,0,0,0,0,1,0,0,0,0,0.34
2003,242.6,27.4,15.9,0.4,0,2.77,1.9080599249242156,1,0,0,1,0,0,0,0,0,0,0,0,0,0,0.34
2003,141.2,25.0,15.9,0.2,0,4.6491,1.4861396960896067,0,0,0,0,0,0,0,0,0,1,0,0,0,0,0.34
2003,117.4,26.8,15.9,0.2,0,4.4663,1.5173226235262949,0,0,0,1,0,0,0,0,0,0,1,0,0,0,0.34
2003,450.1,20.6,4.2,0.2,0,0.9589,1.682688374173693,1,0,0,0,0,0,0,0,0,0,1,1,0,0,0.617
2003,452.1,23.5,4.2,0.36,0,1.2883,1.449269160281279,1,0,0,1,0,0,0,0,0,0,1,1,0,0,0.617
2003,215.9,23.5,4.2,0.2,0,0.8642,1.7681496035889213,0,0,0,0,0,0,0,0,0,0,1,0,0,0,0.617
2003,193.2,24.4,4.2,0.2,0,0.3794,2.4907230351094403,0,0,0,1,0,0,0,0,0,1,0,0,0,0,0.617
2003,470.6,20.2,46.0,1.27,0,4.5726,2.403334996094189,1,0,0,0,0,0,0,0,1,0,1,1,0,0,1.385
2003,494.4,19.7,46.0,0.75,0,7.9038,1.9198594718553708,1,0,0,0,0,0,0,0,0,0,0,1,0,0,1.385
2003,317.8,21.2,46.0,0.54,0,31.5068,0.9001613499442714,1,0,0,1,0,0,0,0,0,0,0,0,0,0,1.385
2003,244.7,19.7,46.0,0.47,0,10.9005,1.6524974018945473,0,0,0,0,0,0,0,0,1,0,1,0,0,0,1.385
2003,114.4,19.0,46.0,0.2,0,4.2163,2.477378383367209,0,0,0,0,0,0,0,0,0,0,0,0,0,0,1.385
2003,248.9,18.7,46.0,0.24,0,3.8983,2.5494451709255714,0,0,0,1,0,0,0,0,0,0,1,0,0,0,1.385
2003,580.3,22.6,73.2,0.81,0,5.3744,2.6823904543216326,1,0,0,0,0,0,0,0,0,0,0,1,0,0,1.472
2003,387.3,21.8,73.2,0.49,0,135.5556,0.43178241642553783,1,0,0,1,0,0,0,0,0,1,0,0,0,0,1.472
2003,379.9,22.7,73.2,0.2,0,12.6207,1.916922612182061,0,0,0,0,0,0,0,0,0,0,1,0,0,0,1.472
2003,259.5,20.9,73.2,0.29,0,9.773,2.138889000323256,0,0,0,1,0,0,0,0,0,0,1,0,0,0,1.472
2003,472.5,22.6,55.1,0.2,0,33.1928,0.9783261227936076,1,0,0,0,0,0,0,0,0,0,1,1,0,0,1.511
2003,527.8,21.4,55.1,1.52,0,3.987,2.695977619867941,1,0,0,1,0,0,0,0,0,0,0,1,0,0,1.511
2003,433.3,22.8,55.1,0.41,0,4.4615,2.5915163848462583,1,1,0,0,0,0,0,0,0,0,1,1,0,0,1.511
2003,514.7,23.8,55.1,0.41,0,5.3547,2.4239173781615704,0,0,0,0,0,0,0,0,0,0,1,1,0,0,1.511
2003,104.1,23.8,55.1,0.2,0,13.026,1.6544112780768316,0,0,0,1,0,0,0,0,0,0,1,0,0,0,1.511
2003,269.8,22.3,55.1,0.21,0,9.1376,1.9501867058225735,0,1,0,0,0,0,0,0,0,1,0,0,0,0,1.511
2003,495.3,22.1,49.3,0.49,0,5.2169,2.34660197841082,1,0,0,0,0,0,0,0,0,0,0,1,0,0,1.053
2003,312.1,23.9,49.3,0.22,0,3.7865,2.640484881606444,1,0,0,1,0,0,0,0,0,0,1,0,0,0,1.053
2003,302.4,23.3,49.3,0.2,0,7.3254,2.0451088625993306,0,0,0,0,0,0,0,0,0,0,1,0,0,0,1.053
2003,203.6,23.4,49.3,0.2,0,5.1515,2.3580197998821464,0,0,0,1,0,0,0,0,0,1,0,0,0,0,1.053
2003,744.3,22.8,40.5,0.36,0,12.8165,1.425515074273172,1,0,0,0,0,0,0,0,0,0,1,0,1,0,1.369
2003,588.0,22.5,40.5,1.77,0,3.0045,2.6727683869575705,1,0,0,1,0,0,0,0,0,0,1,1,0,0,1.369
2003,330.8,21.5,40.5,0.2,0,3.2016,2.613739521630969,0,0,0,0,0,0,0,0,0,0,0,0,0,0,1.369
2003,366.1,20.2,40.5,0.2,0,2.9412,2.6925980965432883,0,0,0,1,0,0,0,0,0,0,1,0,0,0,1.369
2003,329.0,20.8,18.5,0.28,0,2.4933,2.130609828254235,1,0,0,0,0,0,0,0,0,0,0,0,0,0,0.583
2003,275.7,22.6,18.5,0.48,0,5.7453,1.4398351280479207,1,0,0,1,0,0,0,0,0,0,1,0,0,0,0.583
2003,179.2,22.3,18.5,0.2,0,1.6667,2.4932054526026954,0,0,0,0,0,0,0,0,0,1,0,0,0,0,0.583
2003,134.8,21.6,18.5,0.2,0,12.585,0.9042181506398859,0,0,0,1,0,0,0,0,0,0,1,0,0,0,0.583
2003,423.2,18.7,67.1,1.97,0,8.703,2.1644717908644115,1,0,0,0,0,0,0,0,1,0,0,1,0,0,1.391
2003,421.5,18.6,67.1,0.45,0,18.2834,1.541159071680806,1,0,0,0,0,0,0,0,0,0,1,1,0,0,1.391
2003,390.0,18.5,67.1,0.35,0,104.8437,0.49469624183610705,1,0,0,1,0,0,0,0,0,0,1,0,0,0,1.391
2003,179.6,18.8,67.1,0.27,0,5.2876,2.6166656393003573,0,0,0,0,0,0,0,0,1,0,0,0,0,0,1.391
2003,285.4,18.8,67.1,0.35,0,11.7308,1.9050881545350582,0,0,0,0,0,0,0,0,0,0,0,0,0,0,1.391
2003,220.8,19.0,67.1,0.39,0,5.0,2.668616131856803,0,0,0,1,0,0,0,0,0,0,1,0,0,0,1.391
2003,363.7,18.3,59.0,0.2,0,85.5072,0.5247285289349821,1,0,0,0,0,0,0,0,0,0,1,0,0,0,1.144
2003,393.4,16.0,59.0,0.22,0,4.0802,2.738256043159276,1,0,0,1,0,0,0,0,0,0,0,0,0,0,1.144
2003,379.2,17.4,59.0,0.2,0,9.8497,1.944480556245719,0,0,0,0,0,0,0,0,0,0,1,0,0,0,1.144
2003,377.0,17.3,59.0,0.3,0,4.5455,2.637627736805664,0,0,0,1,0,0,0,0,0,0,1,0,0,0,1.144
2003,599.4,21.2,70.7,1.05,0,14.254,1.7850704810772584,1,0,0,0,0,0,0,0,0,1,0,1,0,0,1.602
2003,508.0,19.6,70.7,2.09,0,59.9153,0.7793248768009976,1,0,0,1,0,0,0,0,0,1,0,1,0,0,1.602
2003,448.1,21.0,70.7,0.6,0,9.2418,2.157559320943788,1,1,0,0,0,0,0,0,0,0,1,1,0,0,1.602
2003,218.6,17.9,70.7,0.2,0,6.0739,2.5368663887187113,1,0,0,0,0,1,0,0,0,0,0,0,0,0,1.602
2003,353.8,17.2,70.7,0.2,0,5.1644,2.6871669901857858,0,0,0,0,0,0,0,0,0,0,1,0,0,0,1.602
2003,339.9,20.9,70.7,0.4,0,9.8743,2.0992441689760155,0,0,0,1,0,0,0,0,0,0,1,0,0,0,1.602
2003,468.6,18.7,70.7,0.52,0,35.0,1.1052568313867783,0,1,0,0,0,0,0,0,0,0,0,1,0,0,1.602
2003,102.1,19.7,70.7,0.2,0,16.5187,1.6639260977181702,0,0,0,0,0,1,0,0,0,0,0,0,0,0,1.602
2003,127.6,29.4,25.8,0.2,0,34.8649,0.5538851132264376,1,0,0,0,0,0,0,0,0,0,1,0,0,0,0.243
2003,177.1,30.9,25.8,0.2,1,4.456,1.9154509415706047,1,0,0,1,0,0,0,0,0,0,0,0,0,0,0.243
2003,124.7,27.6,25.8,0.2,0,1.7575,2.7523860149222616,0,0,0,0,0,0,0,0,0,0,1,0,0,0,0.243
2003,94.3,27.2,25.8,0.2,0,1.7444,2.7593768282675506,0,0,0,1,0,0,0,0,0,0,1,0,0,0,0.243
2003,146.0,30.9,42.9,0.2,1,5.3094,2.206074192613202,1,0,0,0,0,0,0,0,0,1,0,0,0,0,0.212
2003,135.3,31.8,42.9,0.2,1,5.1562,2.2321626286975,1,0,0,1,0,0,0,0,0,0,1,0,0,0,0.212
2003,65.5,33.3,42.9,0.2,1,18.9823,1.1817271953786161,0,0,0,0,0,0,0,0,0,0,1,0,0,0,0.212
2003,72.0,31.4,42.9,0.2,1,3.0775,2.7040421797046714,0,0,0,1,0,0,0,0,0,0,0,0,0,0,0.212
2004,894.5,14.3,71.9,3.59,0,25.3169,1.3454723665996355,1,0,0,0,0,0,0,0,1,1,0,0,1,0,3.582
2004,1086.5,16.4,71.9,1.28,0,7.7229,2.333114298028869,1,0,0,0,0,0,0,0,0,0,0,0,0,1,3.582
2004,975.4,17.5,71.9,2.37,0,4.7997,2.7713379403381286,1,0,0,1,0,0,0,0,0,0,1,0,1,0,3.582
2004,1070.9,17.1,71.9,6.65,0,8.8875,2.2071749081893874,0,0,0,0,0,0,0,0,1,0,0,0,0,1,3.582
2004,1085.3,18.2,71.9,1.64,0,13.9072,1.8196988379172965,0,0,0,0,0,0,0,0,0,0,0,0,0,1,3.582
2004,423.3,15.2,71.9,0.27,0,10.9939,2.020222182019865,0,0,0,1,0,0,0,0,0,0,0,1,0,0,3.582
2004,1743.5,18.0,106.6,8.02,0,16.1515,2.028148247292285,1,0,0,0,0,0,0,0,1,1,0,0,0,1,4.069
2004,1263.4,17.0,106.6,3.05,0,92.6957,0.7654678421395714,1,0,0,0,0,0,0,0,0,0,0,0,0,1,4.069
2004,1291.0,18.1,106.6,4.12,0,42.3016,1.2584609896100056,1,0,0,1,0,0,0,0,0,1,0,0,0,1,4.069
2004,934.1,18.9,106.6,7.37,0,10.7136,2.3933394562625097,0,0,0,0,0,0,0,0,1,0,0,0,1,0,4.069
2004,1577.2,16.8,106.6,4.04,0,13.5279,2.1838015570040787,0,0,0,0,0,0,0,0,0,1,0,0,0,1,4.069
2004,880.4,15.6,106.6,2.91,0,11.6376,2.318458442150336,0,0,0,1,0,0,0,0,0,0,0,0,1,0,4.069
2004,1056.1,17.7,157.8,12.38,0,15.1877,2.432735777459091,1,0,0,0,0,0,0,0,1,0,0,0,0,1,3.973
2004,805.2,19.7,157.8,2.66,0,60.4598,1.2837077723447896,1,0,0,0,0,0,0,0,0,0,1,0,1,0,3.973
2004,1511.9,17.8,157.8,6.56,0,12.1291,2.6397713603489157,1,0,0,1,0,0,0,0,0,0,1,0,0,1,3.973
2004,1276.9,18.4,157.8,21.15,0,79.697,1.091923300517313,1,0,0,0,1,0,0,0,0,0,0,0,0,1,3.973
2004,719.4,17.8,157.8,12.56,0,12.1665,2.6369121732688705,0,0,0,0,0,0,0,0,1,0,0,0,1,0,3.973
2004,581.8,17.2,157.8,2.62,0,28.8483,1.8671761085128091,0,0,0,0,0,0,0,0,0,0,0,1,0,0,3.973
2004,785.1,20.4,157.8,7.75,0,12.767,2.5922651681085,0,0,0,1,0,0,0,0,0,0,0,0,1,0,3.973
2004,631.8,20.8,157.8,5.1,0,13.8664,2.5160822672564502,0,0,0,0,1,0,0,0,0,1,0,1,0,0,3.973
2004,1215.5,17.6,81.0,3.36,0,7.4108,2.4790562361098245,1,0,0,0,0,0,0,0,0,0,0,0,0,1,2.798
2004,1226.9,17.7,81.0,5.08,0,10.8,2.1400661634962708,1,0,0,1,0,0,0,0,0,1,0,0,0,1,2.798
2004,1024.2,19.1,81.0,5.61,0,10.6579,2.151762203259462,1,0,0,0,0,0,0,1,0,0,0,0,0,1,2.798
2004,871.1,17.4,81.0,1.58,0,39.1304,1.1216775615991057,0,0,0,0,0,0,0,0,0,1,0,0,1,0,2.798
2004,975.1,19.4,81.0,3.18,0,5.7816,2.7087166456453704,0,0,0,1,0,0,0,0,0,0,0,0,1,0,2.798
2004,1332.7,18.9,81.0,4.92,0,9.375,2.265921108622454,0,0,0,0,0,0,0,1,0,0,1,0,0,1,2.798
2004,1369.8,19.3,135.8,5.7,0,9.8764,2.691243082785829,1,0,0,0,0,0,0,0,0,0,0,0,0,1,2.502
2004,1605.4,16.5,135.8,4.5,0,11.1311,2.580216829592325,1,0,0,1,0,0,0,0,0,0,1,0,0,1,2.502
2004,848.0,18.9,135.8,1.37,0,9.8406,2.6946271807700692,0,0,0,0,0,0,0,0,0,1,0,0,1,0,2.502
2004,1069.5,18.7,135.8,5.33,0,13.843,2.3804716316511167,0,0,0,1,0,0,0,0,0,1,0,0,0,1,2.502
2004,1586.9,19.0,105.5,2.78,0,11.6575,2.307572634505085,1,0,0,0,0,0,0,0,0,0,0,0,0,1,2.346
2004,1020.1,20.2,105.5,2.39,0,7.6616,2.6925980965432883,1,0,0,1,0,0,0,0,0,1,0,0,0,1,2.346
2004,352.2,20.5,105.5,0.4,0,16.2058,2.0162354657760435,0,0,0,0,0,0,0,0,0,0,0,0,0,0,2.346
2004,599.7,18.4,105.5,1.12,0,10.0957,2.4379897300002487,0,0,0,1,0,0,0,0,0,0,0,1,0,0,2.346
2004,2233.6,18.0,128.0,4.29,0,17.2507,2.130609828254235,1,0,0,0,0,0,0,0,0,0,0,0,0,1,2.552
2004,2195.9,21.4,128.0,7.66,0,14.6958,2.2731562823032334,1,0,0,1,0,0,0,0,0,1,0,0,0,1,2.552
2004,1364.3,20.8,128.0,3.92,0,21.5852,1.9358598132018119,0,0,0,0,0,0,0,0,0,0,0,0,0,1,2.552
2004,1255.2,19.4,128.0,5.28,0,11.3274,2.509599262378372,0,0,0,1,0,0,0,0,0,0,0,0,0,1,2.552
2004,801.1,17.5,98.5,1.47,0,12.2512,2.201659174404085,1,0,0,0,0,0,0,0,0,0,0,0,1,0,2.398
2004,2190.3,18.4,98.5,7.48,0,75.7692,0.832909122935104,1,0,0,1,0,0,0,0,0,1,0,0,0,1,2.398
2004,1399.0,18.5,98.5,3.42,0,16.2273,1.9558604799084813,0,0,0,0,0,0,0,0,0,0,0,0,0,1,2.398
2004,1652.0,19.0,98.5,6.17,0,9.0783,2.47232786758114,0,0,0,1,0,0,0,0,0,0,1,0,0,1,2.398
2004,1515.2,19.0,52.3,1.64,0,3.8972,2.668616131856803,1,0,0,0,0,0,0,0,0,0,0,0,0,1,1.579
2004,1063.1,19.5,52.3,3.24,0,11.3203,1.7263316639055997,1,0,0,1,0,0,0,0,0,0,0,0,0,1,1.579
2004,980.5,20.2,52.3,0.54,0,7.2943,2.1004689088719113,0,0,0,0,0,0,0,0,0,0,1,0,1,0,1.579
2004,837.9,20.6,52.3,2.21,0,4.3802,2.5603232890727545,0,0,0,1,0,0,0,0,0,0,1,0,1,0,1.579
2004,1171.8,16.9,97.6,2.29,0,7.4334,2.6483001966964363,1,0,0,0,0,0,0,0,0,0,0,0,0,1,3.983
2004,1170.5,15.2,97.6,3.66,0,7.625,2.624668592163159,1,0,0,1,0,0,0,0,0,0,0,0,0,1,3.983
2004,1309.9,17.9,97.6,10.46,0,24.2184,1.6154199841116479,1,0,0,0,0,0,0,1,0,0,0,0,0,1,3.983
2004,1160.6,19.8,97.6,1.39,0,12.7916,2.1552445050953364,1,0,0,0,1,0,0,0,0,1,0,0,0,1,3.983
2004,996.6,16.8,97.6,2.46,0,7.5077,2.6390573296152584,0,0,0,0,0,0,0,0,0,0,0,0,1,0,3.983
2004,1300.8,19.3,97.6,4.04,0,8.9377,2.4782176616372036,0,0,0,1,0,0,0,0,0,0,1,0,0,1,3.983
2004,960.7,16.8,97.6,4.35,0,69.2199,0.8796267475025635,0,0,0,0,0,0,0,1,0,0,0,0,1,0,3.983
2004,1443.0,17.7,97.6,12.89,0,16.5705,1.9300710850255671,0,0,0,0,1,0,0,0,0,0,0,0,0,1,3.983
2004,1681.6,17.7,128.6,3.41,0,10.1741,2.613006652415316,1,0,0,0,0,0,0,0,0,1,0,0,0,1,2.733
2004,1861.8,17.7,128.6,6.49,0,16.5722,2.1701959049483,1,0,0,1,0,0,0,0,0,1,0,0,0,1,2.733
2004,1979.7,17.4,128.6,5.18,0,19.6336,2.0215475632609334,1,0,0,0,0,0,0,1,0,0,0,0,0,1,2.733
2004,691.3,16.6,128.6,1.0,0,13.1359,2.378619779270043,0,0,0,0,0,0,0,0,0,0,0,1,0,0,2.733
2004,1071.5,18.8,128.6,3.01,0,45.7651,1.3376291891386096,0,0,0,1,0,0,0,0,0,0,0,0,0,1,2.733
2004,777.7,19.4,128.6,4.01,0,13.3402,2.3646204839134985,0,0,0,0,0,0,0,1,0,0,0,0,1,0,2.733
2004,853.0,15.7,82.6,1.9,0,13.2372,1.979621206397625,1,0,0,0,0,0,0,0,0,0,1,0,1,0,1.242
2004,1002.5,15.0,82.6,1.32,0,24.0816,1.4883995840570443,1,0,0,1,0,0,0,0,0,0,1,0,0,1,1.242
2004,946.0,14.0,82.6,2.67,0,21.9681,1.5602476682433286,1,0,0,0,0,0,0,1,0,0,1,0,1,0,1.242
2004,712.6,17.8,82.6,0.91,0,6.3295,2.642622395779755,1,0,1,0,0,0,0,0,0,0,0,0,1,0,1.242
2004,595.4,17.0,82.6,0.94,0,12.8861,2.0028304393079956,0,0,0,0,0,0,0,0,0,0,1,1,0,0,1.242
2004,823.7,16.1,82.6,1.68,0,20.1956,1.6272778305624314,0,0,0,1,0,0,0,0,0,0,1,0,1,0,1.242
2004,515.1,15.2,82.6,1.17,0,37.8899,1.1568811967920856,0,0,0,0,0,0,0,1,0,0,1,1,0,0,1.242
2004,988.7,14.6,82.6,2.05,0,56.9655,0.8960880245566356,0,0,1,0,0,0,0,0,0,0,1,0,1,0,1.242
2004,1036.3,17.5,74.8,0.48,0,8.4234,2.2905125117597764,1,0,0,0,0,0,0,0,0,0,1,0,0,1,1.371
2004,1660.7,17.3,74.8,2.13,0,5.641,2.65745841498615,1,0,0,1,0,0,0,0,0,0,1,0,0,1,1.371
2004,1273.5,19.4,74.8,2.31,0,17.9376,1.6428726885203377,1,0,0,0,0,0,0,1,0,1,0,0,0,1,1.371
2004,1360.7,18.9,74.8,3.28,0,9.2118,2.21046980408624,1,0,1,0,0,0,0,0,0,0,1,0,0,1,1.371
2004,649.4,17.1,74.8,1.0,0,23.6709,1.425515074273172,0,0,0,0,0,0,0,0,0,0,1,1,0,0,1.371
2004,762.3,18.8,74.8,1.96,0,5.3929,2.6993457604720636,0,0,0,1,0,0,0,0,0,0,1,0,1,0,1.371
2004,912.6,19.1,74.8,3.92,0,8.3575,2.2975725511705014,0,0,0,0,0,0,0,1,0,0,0,0,1,0,1.371
2004,752.2,18.4,74.8,1.49,0,36.3107,1.1184149159642893,0,0,1,0,0,0,0,0,0,0,1,0,1,0,1.371
2004,931.7,18.5,47.1,1.08,0,16.5845,1.3454723665996355,1,0,0,0,0,0,0,0,0,0,1,0,1,0,0.987
2004,1407.1,18.6,47.1,3.82,0,6.9265,2.0541237336955462,1,0,0,1,0,0,0,0,0,1,0,0,0,1,0.987
2004,1163.9,15.7,47.1,1.98,0,4.5419,2.4309783077624445,1,0,1,0,0,0,0,0,0,1,0,0,0,1,0.987
2004,920.5,15.3,47.1,0.92,0,3.5202,2.6658383522929006,0,0,0,0,0,0,0,0,0,0,1,0,1,0,0.987
2004,624.9,18.2,47.1,1.39,0,3.6512,2.631888840136646,0,0,0,1,0,0,0,0,0,0,1,1,0,0,0.987
2004,452.5,17.5,47.1,0.87,0,6.101,2.1656192379208883,0,0,1,0,0,0,0,0,0,1,0,1,0,0,0.987
2004,837.3,19.1,50.1,1.06,0,10.9389,1.7191887763932197,1,0,0,0,0,0,0,0,0,1,0,0,1,0,1.215
2004,1347.8,17.4,50.1,3.21,0,3.9449,2.617395832834079,1,0,0,1,0,0,0,0,0,0,1,0,0,1,1.215
2004,846.2,20.6,50.1,1.54,0,21.9737,1.1878434223960523,1,0,1,0,0,0,0,0,0,0,1,0,1,0,1.215
2004,1036.7,19.2,50.1,1.35,0,5.0301,2.3942522815198695,1,0,0,0,0,1,0,0,0,0,1,0,0,1,1.215
2004,641.6,16.6,50.1,0.84,0,15.045,1.4655675420143985,0,0,0,0,0,0,0,0,0,1,0,1,0,0,1.215
2004,1077.5,20.7,50.1,4.07,0,66.8,0.5596157879354227,0,0,0,1,0,0,0,0,0,0,1,0,0,1,1.215
2004,603.2,16.8,50.1,0.94,0,3.4058,2.75429745226753,0,0,1,0,0,0,0,0,0,1,0,1,0,0,1.215
2004,867.4,17.2,50.1,0.34,0,11.7056,1.6639260977181702,0,0,0,0,0,1,0,0,0,0,1,0,1,0,1.215
2004,793.9,19.3,34.2,1.08,0,2.5371,2.6727683869575705,1,0,0,0,0,0,0,0,0,1,0,0,1,0,1.367
2004,927.6,20.3,34.2,4.15,0,4.9927,2.060513531794317,1,0,0,1,0,0,0,0,0,0,0,0,1,0,1.367
2004,549.4,20.7,34.2,1.16,0,3.6853,2.330200260027019,1,0,1,0,0,0,0,0,0,0,1,1,0,0,1.367
2004,468.1,19.8,34.2,0.72,0,4.5059,2.150598735996164,0,0,0,0,0,0,0,0,0,1,0,1,0,0,1.367
2004,507.5,19.7,34.2,1.59,0,11.25,1.3962446919730587,0,0,0,1,0,0,0,0,0,0,1,1,0,0,1.367
2004,679.1,18.5,34.2,0.2,0,2.4238,2.715356776284648,0,0,1,0,0,0,0,0,0,0,0,1,0,0,1.367
2004,942.1,15.8,81.7,0.82,0,6.0925,2.667922410011431,1,0,0,0,0,0,0,0,0,0,1,0,1,0,1.854
2004,1020.9,17.3,81.7,3.35,0,16.7762,1.7698546338400052,1,0,0,1,0,0,0,0,0,0,0,0,0,1,1.854
2004,1094.8,15.8,81.7,3.58,0,50.1227,0.9669838461896731,1,0,1,0,0,0,0,0,0,0,1,0,0,1,1.854
2004,973.1,18.0,81.7,9.9,0,5.4795,2.7669478423496954,1,0,0,0,1,0,0,0,0,0,0,0,1,0,1.854
2004,798.1,19.6,81.7,1.58,0,97.2619,0.6097655716208943,0,0,0,0,0,0,0,0,0,0,1,0,1,0,1.854
2004,722.0,17.4,81.7,1.82,0,10.5419,2.169053700369523,0,0,0,1,0,0,0,0,0,0,1,0,1,0,1.854
2004,678.4,15.0,81.7,1.26,0,104.7436,0.5766133643039938,0,0,1,0,0,0,0,0,0,0,1,1,0,0,1.854
2004,601.3,17.6,81.7,5.8,0,16.7418,1.7715567619105355,0,0,0,0,1,0,0,0,0,1,0,1,0,0,1.854
2004,1000.0,18.5,63.9,1.19,0,4.6951,2.681706225762608,1,0,0,0,0,0,0,0,0,0,1,0,1,0,1.181
2004,696.7,19.6,63.9,1.59,0,4.3558,2.7517480563679295,1,0,0,1,0,0,0,0,0,0,1,1,0,0,1.181
2004,717.9,18.1,63.9,0.62,0,5.4709,2.5400259490090797,0,0,0,0,0,0,0,0,0,1,0,0,1,0,1.181
2004,233.2,21.0,63.9,0.37,0,6.4092,2.395164274287139,0,0,0,1,0,0,0,0,0,1,0,0,0,0,1.181
2004,1240.0,16.3,120.6,2.64,0,8.3287,2.739548868161581,1,0,0,0,0,0,0,0,0,0,0,0,0,1,3.861
2004,1187.8,16.8,120.6,6.8,0,9.2343,2.643333886382519,1,0,0,1,0,0,0,0,0,1,0,0,0,1,3.861
2004,1411.6,16.3,120.6,28.64,0,31.6535,1.57069708411767,1,0,0,0,1,0,0,0,0,0,0,0,0,1,3.861
2004,576.1,16.5,120.6,0.9,0,10.0166,2.5680215564985067,0,0,0,0,0,0,0,0,0,0,0,1,0,0,3.861
2004,756.9,15.5,120.6,2.56,0,8.529,2.717340248009303,0,0,0,1,0,0,0,0,0,0,1,0,1,0,3.861
2004,886.9,16.1,120.6,15.06,0,9.1991,2.6468837658647226,0,0,0,0,1,0,0,0,0,0,0,0,1,0,3.861
2004,1094.3,20.1,20.3,0.61,0,1.4186,2.7285062096695922,1,0,0,0,0,0,0,0,0,1,0,0,0,1,0.496
2004,678.5,17.1,20.3,0.69,0,4.9633,1.6272778305624314,1,0,0,1,0,0,0,0,0,0,0,1,0,0,0.496
2004,683.7,21.1,20.3,0.51,0,6.4444,1.423108334242607,0,0,0,0,0,0,0,0,0,1,0,1,0,0,0.496
2004,447.0,17.1,20.3,0.36,0,1.3763,2.7568403652716422,0,0,0,1,0,0,0,0,0,0,1,1,0,0,0.496
2004,693.7,23.3,78.9,1.19,0,21.0963,1.556037135706985,1,0,0,0,0,0,1,0,0,1,0,1,0,0,0.89
2004,1045.3,21.9,78.9,0.89,0,6.9454,2.514465452029545,1,0,0,0,0,0,0,0,0,0,1,0,0,1,0.89
2004,797.3,21.6,78.9,2.44,0,7.9058,2.3960754360813845,1,0,0,1,0,0,0,0,0,0,1,0,1,0,0.89
2004,595.5,23.0,78.9,1.01,0,8.4295,2.337952236831337,0,0,0,0,0,0,1,0,0,0,1,1,0,0,0.89
2004,330.7,23.7,78.9,0.34,0,5.7215,2.6939512767227085,0,0,0,0,0,0,0,0,0,0,1,0,0,0,0.89
2004,211.5,22.6,78.9,0.38,0,5.5799,2.717340248009303,0,0,0,1,0,0,0,0,0,1,0,0,0,0,0.89
2004,574.9,22.4,44.9,0.37,0,3.984,2.50715725872282,1,0,0,0,0,0,1,0,0,0,1,1,0,0,0.48
2004,934.8,24.3,44.9,0.37,0,56.125,0.5877866649021191,1,0,0,0,0,0,0,0,0,0,1,0,1,0,0.48
2004,1047.4,25.9,44.9,1.14,0,3.3658,2.663052835171474,1,0,0,1,0,0,0,0,0,0,1,0,0,1,0.48
2004,528.4,26.4,44.9,0.52,0,42.3585,0.7227059828014898,0,0,0,0,0,0,1,0,0,1,0,1,0,0,0.48
2004,387.7,24.3,44.9,0.3,0,9.8899,1.7119945007591924,0,0,0,0,0,0,0,0,0,0,1,0,0,0,0.48
2004,247.2,22.8,44.9,0.44,0,6.0923,2.124653884501384,0,0,0,1,0,0,0,0,0,0,1,0,0,0,0.48
2004,686.7,25.0,29.9,0.49,0,3.4487,2.269028309465203,1,0,0,0,0,0,1,0,0,1,0,1,0,0,0.455
2004,957.8,23.1,29.9,0.45,0,3.8781,2.1644717908644115,1,0,0,0,0,0,0,0,0,1,0,0,1,0,0.455
2004,731.1,25.0,29.9,1.7,0,3.8041,2.1815467646169897,1,0,0,1,0,0,0,0,0,0,0,0,1,0,0.455
2004,629.2,26.4,29.9,1.28,0,6.6004,1.7101878155342434,0,0,0,0,0,0,1,0,0,1,0,1,0,0,0.455
2004,553.4,26.5,29.9,0.22,0,2.392,2.6026896854443837,0,0,0,0,0,0,0,0,0,1,0,1,0,0,0.455
2004,201.2,25.9,29.9,0.2,0,3.8235,2.1770218700187,0,0,0,1,0,0,0,0,0,0,0,0,0,0,0.455
2004,1050.3,29.3,29.8,0.2,0,5.2557,1.8976198599275322,1,0,0,0,0,0,0,0,0,0,1,0,0,1,0.266
2004,1701.8,28.9,29.8,0.43,0,2.8354,2.4432162227337915,1,0,0,1,0,0,0,0,0,0,1,0,0,1,0.266
2004,877.3,30.5,29.8,0.2,1,5.901,1.80005827204275,0,0,0,0,0,0,0,0,0,0,0,0,1,0,0.266
2004,707.7,27.6,29.8,0.44,0,8.3708,1.5173226235262949,0,0,0,1,0,0,0,0,0,0,1,0,1,0,0.266
2004,730.0,27.2,13.6,0.2,0,1.7021,2.196112848483529,1,0,0,0,0,0,0,0,0,0,1,0,1,0,0.661
2004,1037.5,26.4,13.6,0.76,0,0.9208,2.758109400974947,1,0,0,1,0,0,0,0,0,0,1,0,0,1,0.661
2004,1269.1,27.4,13.6,1.94,0,1.0608,2.626116818339524,1,1,0,0,0,0,0,0,0,0,1,0,0,1,0.661
2004,397.5,27.5,13.6,0.2,0,2.9565,1.7227665977411035,0,0,0,0,0,0,0,0,0,1,0,0,0,0,0.661
2004,116.4,28.9,13.6,0.2,0,2.4071,1.8946168546677629,0,0,0,1,0,0,0,0,0,0,1,0,0,0,0.661
2004,304.2,27.8,13.6,0.31,0,1.0941,2.5974910105351463,0,1,0,0,0,0,0,0,0,0,0,0,0,0,0.661
2004,696.0,27.7,20.3,0.22,0,7.1986,1.3402504226184837,1,0,0,0,0,0,0,0,0,0,0,1,0,0,0.678
2004,1453.5,27.6,20.3,0.93,0,1.703,2.558776498354456,1,0,0,1,0,0,0,0,0,1,0,0,0,1,0.678
2004,1200.9,27.6,20.3,3.17,0,12.6875,0.9555114450274363,1,1,0,0,0,0,0,0,0,1,0,0,0,1,0.678
2004,934.3,28.9,20.3,0.2,0,1.7425,2.5376572151735295,0,0,0,0,0,0,0,0,0,1,0,0,1,0,0.678
2004,197.8,26.4,20.3,0.2,0,5.457,1.551808799597464,0,0,0,1,0,0,0,0,0,0,0,0,0,0,0.678
2004,910.3,27.9,20.3,1.65,0,15.7364,0.8285518175661483,0,1,0,0,0,0,0,0,0,1,0,0,1,0,0.678
2004,507.2,29.0,22.7,0.2,0,2.5166,2.3045830956567186,1,0,0,0,0,0,0,0,0,0,1,1,0,0,0.341
2004,915.0,30.8,22.7,0.22,1,4.1123,1.8748743759385615,1,0,0,1,0,0,0,0,0,1,0,0,1,0,0.341
2004,530.1,28.7,22.7,1.01,0,3.1181,2.1138429683971687,1,0,0,0,0,1,0,0,0,0,0,1,0,0,0.341
2004,186.4,30.1,22.7,0.2,1,2.6581,2.255493485460195,0,0,0,0,0,0,0,0,0,0,0,0,0,0,0.341
2004,426.9,30.3,22.7,0.29,1,2.2409,2.4096441652874536,0,0,0,1,0,0,0,0,0,0,0,1,0,0,0.341
2004,726.3,30.4,22.7,0.94,1,3.6146,1.9851308622085946,0,0,0,0,0,1,0,0,0,0,0,0,1,0,0.341
2004,847.9,29.5,36.3,0.2,0,60.5,0.4700036292457356,1,0,0,0,0,0,0,0,0,1,0,0,1,0,0.339
2004,1316.6,29.2,36.3,0.66,0,2.7252,2.6616571615324998,1,0,0,1,0,0,0,0,0,1,0,0,0,1,0.339
2004,659.7,28.3,36.3,0.2,0,5.1562,2.0844290831908747,0,0,0,0,0,0,0,0,0,0,1,1,0,0,0.339
2004,828.4,28.1,36.3,0.59,0,2.8096,2.6333266549062735,0,0,0,1,0,0,0,0,0,0,1,0,1,0,0.339
2004,1134.1,22.9,34.3,0.51,0,6.5209,1.8341801851120072,1,0,0,0,0,0,0,0,0,0,1,0,0,1,0.628
2004,722.1,22.8,34.3,1.13,0,3.5179,2.3749057545736716,1,0,0,1,0,0,0,0,0,0,1,0,1,0,0.628
2004,553.7,23.6,34.3,0.3,0,2.8896,2.554899021608035,0,0,0,0,0,0,0,0,0,1,0,1,0,0,0.628
2004,853.5,24.4,34.3,1.4,0,4.8652,2.0856720914304723,0,0,0,1,0,0,0,0,0,1,0,0,1,0,0.628
2004,456.9,33.0,25.8,0.41,1,3.3077,2.174751721484161,1,0,0,0,0,0,1,0,0,0,1,1,0,0,0.251
2004,212.6,31.0,25.8,0.2,1,3.6805,2.080690761080268,1,0,0,0,0,0,0,0,0,1,0,0,0,0,0.251
2004,123.3,31.8,25.8,0.2,1,3.2824,2.1815467646169897,1,0,0,1,0,0,0,0,0,0,0,0,0,0,0.251
2004,288.0,34.3,25.8,0.3,1,9.6269,1.3029127521808397,0,0,0,0,0,0,1,0,0,0,1,0,0,0,0.251
2004,262.8,31.7,25.8,0.2,1,2.1827,2.551006451492524,0,0,0,0,0,0,0,0,0,0,1,0,0,0,0.251
2004,50.0,30.6,25.8,0.2,1,13.9459,1.0473189942805592,0,0,0,1,0,0,0,0,0,0,1,0,0,0,0.251
2004,306.2,34.4,14.5,0.33,1,1.0845,2.6651427000909336,1,0,0,0,0,0,1,0,0,1,0,0,0,0,0.239
2004,237.0,32.8,14.5,0.2,1,1.3364,2.47232786758114,1,0,0,0,0,0,0,0,0,0,1,0,0,0,0.239
2004,135.2,34.8,14.5,0.2,1,1.4573,2.3933394562625097,1,0,0,1,0,0,0,0,0,1,0,0,0,0,0.239
2004,143.4,32.3,14.5,0.35,1,2.7725,1.8293763327993617,0,0,0,0,0,0,1,0,0,0,0,0,0,0,0.239
2004,123.3,32.9,14.5,0.2,1,1.2532,2.531313022602156,0,0,0,0,0,0,0,0,0,0,1,0,0,0,0.239
2004,205.6,33.1,14.5,0.2,1,1.4078,2.424802725718295,0,0,0,1,0,0,0,0,0,0,1,0,0,0,0.239
2004,334.0,33.4,35.8,0.38,1,3.2516,2.485739636091892,1,0,0,0,0,0,1,0,0,0,1,0,0,0,0.215
2004,266.2,36.6,35.8,0.2,1,2.3946,2.7694588292308535,1,0,0,0,0,0,0,0,0,1,0,0,0,0,0.215
2004,369.1,34.5,35.8,0.22,1,3.0468,2.545531271604435,1,0,0,1,0,0,0,0,0,0,1,0,0,0,0.215
2004,194.6,33.3,35.8,0.31,1,3.1076,2.5273273656719524,0,0,0,0,0,0,1,0,0,0,1,0,0,0,0.215
2004,67.1,33.3,35.8,0.2,1,2.5718,2.702702594775615,0,0,0,0,0,0,0,0,0,0,1,0,0,0,0.215
2004,117.5,35.6,35.8,0.2,1,3.0034,2.558776498354456,0,0,0,1,0,0,0,0,0,1,0,0,0,0,0.215
2004,351.8,34.5,17.8,0.27,1,1.7066,2.4362414778067194,1,0,0,0,0,0,1,0,0,0,1,0,0,0,0.216
2004,258.5,35.1,17.8,0.2,1,1.4206,2.604909442182697,1,0,0,0,0,0,0,0,0,0,1,0,0,0,0.216
2004,158.4,33.9,17.8,0.22,1,6.0339,1.3737155789130306,1,0,0,1,0,0,0,0,0,0,1,0,0,0,0.216
2004,159.7,37.8,17.8,0.2,1,1.3485,2.653241964607215,0,0,0,0,0,0,1,0,0,0,0,0,0,0,0.216
2004,178.2,36.0,17.8,0.2,1,7.3859,1.2267122912954254,0,0,0,0,0,0,0,0,0,1,0,0,0,0,0.216
2004,184.1,33.2,17.8,0.2,1,3.655,1.7698546338400052,0,0,0,1,0,0,0,0,0,0,1,0,0,0,0.216
2004,1024.2,22.7,39.5,1.23,0,7.3557,1.851599469584072,1,0,0,0,0,0,0,0,0,0,0,0,0,1,1.081
2004,691.2,23.6,39.5,1.03,0,3.9859,2.3896797998449792,1,0,0,1,0,0,0,0,0,0,1,1,0,0,1.081
2004,308.1,20.5,39.5,0.32,0,28.2143,0.8754687373538999,0,0,0,0,0,0,0,0,0,0,1,0,0,0,1.081
2004,288.9,20.9,39.5,0.21,0,4.3646,2.307572634505085,0,0,0,1,0,0,0,0,0,1,0,0,0,0,1.081
2004,624.1,23.5,29.7,0.59,0,21.5217,0.8671004876833833,1,0,0,0,0,0,0,0,0,1,0,1,0,0,0.34
2004,593.3,27.4,29.7,0.56,0,2.6805,2.4915511925066687,1,0,0,1,0,0,0,0,0,1,0,1,0,0,0.34
2004,245.8,27.2,29.7,0.2,0,4.6994,1.9906103279732201,0,0,0,0,0,0,0,0,0,0,0,0,0,0,0.34
2004,349.3,25.9,29.7,0.53,0,2.3258,2.6224923127405635,0,0,0,1,0,0,0,0,0,0,0,0,0,0,0.34
2004,933.1,23.5,28.9,0.38,0,6.31,1.7191887763932197,1,0,0,0,0,0,0,0,0,0,0,0,1,0,0.617
2004,1169.6,23.4,28.9,1.77,0,6.0208,1.7578579175523736,1,0,0,1,0,0,0,0,0,0,0,0,0,1,0.617
2004,684.8,21.1,28.9,0.54,0,10.2847,1.3376291891386096,0,0,0,0,0,0,0,0,0,1,0,1,0,0,0.617
2004,694.4,22.4,28.9,1.72,0,8.4503,1.4861396960896067,0,0,0,1,0,0,0,0,0,0,1,1,0,0,0.617
2004,802.2,18.5,72.5,5.1,0,12.0632,1.9473377010464987,1,0,0,0,0,0,0,0,1,0,0,0,1,0,1.385
2004,1090.7,18.8,72.5,1.27,0,27.6718,1.2864740258376797,1,0,0,0,0,0,0,0,0,0,1,0,0,1,1.385
2004,725.5,19.1,72.5,1.82,0,6.0822,2.558776498354456,1,0,0,1,0,0,0,0,0,1,0,0,1,0,1.385
2004,606.6,20.1,72.5,1.53,0,8.7035,2.2332350148592526,0,0,0,0,0,0,0,0,1,1,0,1,0,0,1.385
2004,521.5,16.9,72.5,0.64,0,11.4897,1.9892432737616872,0,0,0,0,0,0,0,0,0,0,1,1,0,0,1.385
2004,614.3,19.9,72.5,1.13,0,28.6561,1.2612978709452054,0,0,0,1,0,0,0,0,0,0,1,1,0,0,1.385
2004,1070.7,20.6,71.0,2.06,0,8.8639,2.1983350716202463,1,0,0,0,0,0,0,0,0,0,0,0,0,1,1.472
2004,635.0,23.0,71.0,2.07,0,47.3333,0.9162907318741551,1,0,0,1,0,0,0,0,0,0,1,1,0,0,1.472
2004,448.7,22.8,71.0,0.2,0,11.2698,1.9878743481543455,0,0,0,0,0,0,0,0,0,0,1,1,0,0,1.472
2004,737.3,24.2,71.0,2.93,0,9.0677,2.178155014615869,0,0,0,1,0,0,0,0,0,0,1,0,1,0,1.472
2004,1615.8,24.5,67.7,1.36,0,4.7475,2.725235025856311,1,0,0,0,0,0,0,0,0,1,0,0,0,1,1.511
2004,699.3,22.5,67.7,1.51,0,5.3688,2.6108048166633746,1,0,0,1,0,0,0,0,0,0,1,1,0,0,1.511
2004,1662.9,22.9,67.7,4.48,0,9.3508,2.1090003439213802,1,1,0,0,0,0,0,0,0,0,0,0,0,1,1.511
2004,850.3,22.7,67.7,0.64,0,9.5487,2.0906287310704004,0,0,0,0,0,0,0,0,0,0,1,0,1,0,1.511
2004,1308.4,22.2,67.7,3.29,0,5.9386,2.517696472610991,0,0,0,1,0,0,0,0,0,0,1,0,0,1,1.511
2004,491.0,24.0,67.7,1.97,0,6.177,2.481567748522486,0,1,0,0,0,0,0,0,0,1,0,1,0,0,1.511
2004,994.7,23.8,47.0,0.62,0,3.2867,2.72785282839839,1,0,0,0,0,0,0,0,0,1,0,0,1,0,1.053
2004,1089.1,22.3,47.0,3.35,0,4.3519,2.468099531471619,1,0,0,1,0,0,0,0,0,0,1,0,0,1,1.053
2004,855.1,22.0,47.0,0.76,0,70.1493,0.5128236264286639,0,0,0,0,0,0,0,0,0,0,0,0,1,0,1.053
2004,528.9,23.0,47.0,0.92,0,4.8907,2.3617969526258915,0,0,0,1,0,0,0,0,0,0,1,1,0,0,1.053
2004,1006.6,21.5,54.1,0.8,0,8.6838,1.9782390361706734,1,0,0,0,0,0,0,0,0,1,0,0,0,1,1.369
2004,1521.0,21.4,54.1,0.91,0,4.1298,2.6461747973841225,1,0,0,1,0,0,0,0,0,1,0,0,0,1,1.369
2004,485.6,21.7,54.1,0.21,0,3.6928,2.750470916986162,0,0,0,0,0,0,0,0,0,0,1,1,0,0,1.369
2004,1050.1,23.2,54.1,0.56,0,5.0608,2.458733775483977,0,0,0,1,0,0,0,0,0,0,1,0,0,1,1.369
2004,825.5,18.7,25.2,0.61,0,1.7847,2.716018370751387,1,0,0,0,0,0,0,0,0,0,0,0,1,0,0.583
2004,796.3,20.5,25.2,1.31,0,2.1053,2.5626389983283526,1,0,0,1,0,0,0,0,0,0,1,0,1,0,0.583
2004,508.3,22.8,25.2,0.36,0,2.242,2.50470927708418,0,0,0,0,0,0,0,0,0,0,1,1,0,0,0.583
2004,505.5,21.9,25.2,1.29,0,2.4277,2.431857428698185,0,0,0,1,0,0,0,0,0,0,1,1,0,0,0.583
2004,1540.9,17.2,46.8,3.99,0,16.4211,1.3480731482996928,1,0,0,0,0,0,0,0,1,0,1,0,0,1,1.391
2004,1090.0,20.3,46.8,1.56,0,10.5405,1.6937790608678513,1,0,0,0,0,0,0,0,0,0,0,0,0,1,1.391
2004,889.8,16.6,46.8,2.4,0,8.3422,1.888583653863595,1,0,0,1,0,0,0,0,0,0,0,0,1,0,1.391
2004,992.2,18.5,46.8,2.23,0,3.331,2.711377991194885,0,0,0,0,0,0,0,0,1,0,1,0,1,0,1.391
2004,886.6,17.1,46.8,0.8,0,12.6146,1.5496879080283263,0,0,0,0,0,0,0,0,0,0,1,0,1,0,1.391
2004,866.6,17.2,46.8,1.77,0,5.2,2.302585092994046,0,0,0,1,0,0,0,0,0,0,1,0,1,0,1.391
2004,614.6,19.0,59.9,0.48,0,105.0877,0.4510756193602166,1,0,0,0,0,0,0,0,0,0,1,1,0,0,1.144
2004,853.9,19.5,59.9,1.89,0,32.0321,1.0543120297715298,1,0,0,1,0,0,0,0,0,0,1,0,1,0,1.144
2004,538.6,17.1,59.9,0.95,0,23.8645,1.2556160374777743,0,0,0,0,0,0,0,0,0,0,0,1,0,0,1.144
2004,733.5,16.4,59.9,2.51,0,7.749,2.166765369851511,0,0,0,1,0,0,0,0,0,0,0,0,1,0,1.144
2004,1141.8,17.9,52.4,1.24,0,7.7286,2.0515563381903004,1,0,0,0,0,0,0,0,0,0,1,0,0,1,1.602
2004,1555.5,20.4,52.4,0.84,0,5.1933,2.4060438013622756,1,0,0,1,0,0,0,0,0,1,0,0,0,1,1.602
2004,1499.0,20.2,52.4,2.12,0,3.6063,2.7427736371605955,1,1,0,0,0,0,0,0,0,0,1,0,0,1,1.602
2004,1235.4,19.9,52.4,3.37,0,21.2146,1.244154593958768,1,0,0,0,0,1,0,0,0,0,0,0,0,1,1.602
2004,794.4,19.1,52.4,1.0,0,4.6372,2.509599262378372,0,0,0,0,0,0,0,0,0,0,0,0,1,0,1.602
2004,697.2,20.6,52.4,1.1,0,6.6245,2.187174241482718,0,0,0,1,0,0,0,0,0,1,0,1,0,0,1.602
2004,845.5,19.5,52.4,1.69,0,21.6529,1.2296405510745139,0,1,0,0,0,0,0,0,0,1,0,0,1,0,1.602
2004,1218.6,18.3,52.4,1.78,0,3.6113,2.7414849771884473,0,0,0,0,0,1,0,0,0,0,1,0,0,1,1.602
2004,352.4,29.1,28.6,0.2,0,2.007,2.7245795030534206,1,0,0,0,0,0,0,0,0,0,1,0,0,0,0.243
2004,498.8,30.0,28.6,0.6,0,3.2574,2.280339484046726,1,0,0,1,0,0,0,0,0,0,1,1,0,0,0.243
2004,220.2,29.7,28.6,0.2,0,5.5426,1.8180767775454285,0,0,0,0,0,0,0,0,0,0,1,0,0,0,0.243
2004,250.7,30.4,28.6,0.2,1,1.9285,2.761906873892921,0,0,0,1,0,0,0,0,0,0,1,0,0,0,0.243
2004,301.0,31.5,13.0,0.2,1,6.6667,1.0818051703517284,1,0,0,0,0,0,0,0,0,0,1,0,0,0,0.212
2004,337.9,31.5,13.0,0.22,1,1.5205,2.256541154492639,1,0,0,1,0,0,0,0,0,0,1,0,0,0,0.212
2004,322.3,29.5,13.0,0.2,0,4.9808,1.2837077723447896,0,0,0,0,0,0,0,0,0,0,1,0,0,0,0.212
2004,271.5,31.9,13.0,0.2,1,1.3472,2.365559892155434,0,0,0,1,0,0,0,0,0,0,1,0,0,0,0.212
2005,1196.9,19.4,88.1,8.41,0,6.1351,2.731766727719526,1,0,0,0,0,0,0,0,1,1,0,0,0,1,3.582
2005,1095.2,18.3,88.1,5.19,0,9.9887,2.2844211223663744,1,0,0,0,0,0,0,0,0,0,0,0,0,1,3.582
2005,1221.6,17.6,88.1,2.86,0,31.2411,1.3402504226184837,1,0,0,1,0,0,0,0,0,1,0,0,0,1,3.582
2005,601.1,18.2,88.1,2.03,0,10.2086,2.2648832258100344,0,0,0,0,0,0,0,0,1,0,0,1,0,0,3.582
2005,336.6,16.7,88.1,0.31,0,6.5599,2.6693093727857793,0,0,0,0,0,0,0,0,0,0,0,0,0,0,3.582
2005,1095.1,17.4,88.1,4.54,0,5.9088,2.7669478423496954,0,0,0,1,0,0,0,0,0,0,0,0,0,1,3.582
2005,1127.2,17.0,124.5,7.03,0,10.7143,2.5352828571130672,1,0,0,0,0,0,0,0,1,0,0,0,0,1,4.069
2005,1145.4,17.0,124.5,1.28,0,14.7687,2.2438960966453663,1,0,0,0,0,0,0,0,0,1,0,0,0,1,4.069
2005,1344.2,15.9,124.5,5.44,0,9.8497,2.613006652415316,1,0,0,1,0,0,0,0,0,0,1,0,0,1,4.069
2005,695.1,17.9,124.5,3.84,0,19.1834,2.0135687975291283,0,0,0,0,0,0,0,0,1,0,0,1,0,0,4.069
2005,878.1,17.6,124.5,0.27,0,10.0484,2.5945081597030812,0,0,0,0,0,0,0,0,0,0,0,0,1,0,4.069
2005,459.2,16.9,124.5,0.92,0,10.3234,2.569554123848285,0,0,0,1,0,0,0,0,0,0,1,1,0,0,4.069
2005,962.3,17.7,75.8,7.89,0,5.5288,2.688527534613346,1,0,0,0,0,0,0,0,1,1,0,0,1,0,3.973
2005,1197.5,22.2,75.8,2.44,0,49.2208,0.9321640810304452,1,0,0,0,0,0,0,0,0,0,0,0,0,1,3.973
2005,1362.6,18.4,75.8,4.52,0,5.6399,2.67000213346468,1,0,0,1,0,0,0,0,0,1,0,0,0,1,3.973
2005,909.0,18.6,75.8,6.29,0,9.8442,2.163323025660538,1,0,0,0,1,0,0,0,0,1,0,0,1,0,3.973
2005,1078.8,17.8,75.8,7.49,0,14.5211,1.827769906751088,0,0,0,0,0,0,0,0,1,0,0,0,0,1,3.973
2005,565.3,19.1,75.8,1.79,0,11.8623,2.0001277349601105,0,0,0,0,0,0,0,0,0,0,0,1,0,0,3.973
2005,582.8,19.4,75.8,2.14,0,5.323,2.7239235502585,0,0,0,1,0,0,0,0,0,0,0,1,0,0,3.973
2005,952.8,19.9,75.8,8.5,0,6.4897,2.5400259490090797,0,0,0,0,1,0,0,0,0,0,0,0,1,0,3.973
2005,1418.2,16.9,94.5,3.73,0,22.7163,1.6409365794934714,1,0,0,0,0,0,0,0,0,1,0,0,0,1,2.798
2005,1735.8,17.0,94.5,5.5,0,11.6523,2.209372711271867,1,0,0,1,0,0,0,0,0,1,0,0,0,1,2.798
2005,1163.6,17.2,94.5,5.49,0,7.9545,2.5556757206762075,1,0,0,0,0,0,0,1,0,0,0,0,0,1,2.798
2005,825.0,17.3,94.5,0.9,0,6.7693,2.7053799725463312,0,0,0,0,0,0,0,0,0,0,1,0,1,0,2.798
2005,578.1,15.4,94.5,0.99,0,9.633,2.3804716316511167,0,0,0,1,0,0,0,0,0,0,1,1,0,0,2.798
2005,968.2,18.5,94.5,4.49,0,14.0,2.0476928433652555,0,0,0,0,0,0,0,1,0,1,0,0,1,0,2.798
2005,1277.2,19.9,155.1,4.74,0,11.0865,2.7073833121145063,1,0,0,0,0,0,0,0,0,1,0,0,0,1,2.502
2005,1494.5,15.9,155.1,9.47,0,26.5128,1.9242486522741338,1,0,0,1,0,0,0,0,0,0,0,0,0,1,2.502
2005,460.5,18.3,155.1,0.32,0,19.7078,2.1826747963214883,0,0,0,0,0,0,0,0,0,0,0,1,0,0,2.502
2005,973.7,19.3,155.1,7.29,0,11.9954,2.6340447877917144,0,0,0,1,0,0,0,0,0,0,0,0,1,0,2.502
2005,1204.5,17.4,108.6,3.2,0,11.093,2.378619779270043,1,0,0,0,0,0,0,0,0,0,0,0,0,1,2.346
2005,1537.3,19.2,108.6,7.12,0,27.4937,1.599387576580599,1,0,0,1,0,0,0,0,0,0,0,0,0,1,2.346
2005,1221.7,19.8,108.6,2.05,0,15.9941,2.052840859882657,0,0,0,0,0,0,0,0,0,1,0,0,0,1,2.346
2005,1111.6,19.4,108.6,3.31,0,15.4701,2.081938421878423,0,0,0,1,0,0,0,0,0,1,0,0,0,1,2.346
2005,1363.4,18.3,130.5,1.37,0,13.024,2.3997118037247684,1,0,0,0,0,0,0,0,0,0,0,0,0,1,2.552
2005,1759.1,16.8,130.5,2.74,0,10.132,2.6304489550786583,1,0,0,1,0,0,0,0,0,1,0,0,0,1,2.552
2005,1392.0,18.6,130.5,2.64,0,12.8193,2.414126467726953,0,0,0,0,0,0,0,0,0,0,0,0,0,1,2.552
2005,1268.0,17.4,130.5,5.68,0,14.7792,2.285438934159075,0,0,0,1,0,0,0,0,0,0,0,0,0,1,2.552
2005,1804.5,17.6,109.1,1.15,0,13.6205,2.1983350716202463,1,0,0,0,0,0,0,0,0,0,1,0,0,1,2.398
2005,1545.5,20.2,109.1,5.8,0,61.6384,1.0188473201992472,1,0,0,1,0,0,0,0,0,0,1,0,0,1,2.398
2005,1086.0,17.9,109.1,2.12,0,10.2828,2.4518667957098,0,0,0,0,0,0,0,0,0,0,0,0,0,1,2.398
2005,916.0,18.1,109.1,2.45,0,11.833,2.3243465847755584,0,0,0,1,0,0,0,0,0,0,0,0,1,0,2.398
2005,962.0,19.7,42.8,0.78,0,3.2647,2.6468837658647226,1,0,0,0,0,0,0,0,0,0,1,0,1,0,1.579
2005,1173.5,19.5,42.8,2.19,0,6.3407,2.0476928433652555,1,0,0,1,0,0,0,0,0,0,1,0,0,1,1.579
2005,738.1,19.6,42.8,0.56,0,3.1082,2.6925980965432883,0,0,0,0,0,0,0,0,0,0,1,0,1,0,1.579
2005,547.2,20.9,42.8,0.43,0,3.7185,2.5265283244788197,0,0,0,1,0,0,0,0,0,1,0,1,0,0,1.579
2005,1315.9,18.9,94.3,1.36,0,6.5079,2.740194654428777,1,0,0,0,0,0,0,0,0,0,1,0,0,1,3.983
2005,1893.0,16.4,94.3,7.56,0,35.1866,1.3029127521808397,1,0,0,1,0,0,0,0,0,0,0,0,0,1,3.983
2005,890.7,17.1,94.3,3.55,0,11.2799,2.2364452904895007,1,0,0,0,0,0,0,1,0,1,0,0,1,0,3.983
2005,1186.7,16.6,94.3,11.73,0,13.338,2.0881534822818573,1,0,0,0,1,0,0,0,0,0,0,0,0,1,3.983
2005,790.7,16.7,94.3,1.46,0,20.2796,1.7316555451583497,0,0,0,0,0,0,0,0,0,0,0,0,1,0,3.983
2005,1462.3,16.0,94.3,3.45,0,7.5199,2.605648267484129,0,0,0,1,0,0,0,0,0,0,0,0,0,1,3.983
2005,559.5,17.5,94.3,3.54,0,101.3978,0.6575200029167941,0,0,0,0,0,0,0,1,0,0,0,1,0,0,3.983
2005,1138.0,17.7,94.3,14.78,0,24.4301,1.5810384379124023,0,0,0,0,1,0,0,0,0,0,0,0,0,1,3.983
2005,796.7,18.3,109.1,0.76,0,14.7233,2.1294214739848565,1,0,0,0,0,0,0,0,0,0,0,0,1,0,2.733
2005,1903.5,16.9,109.1,4.74,0,14.7632,2.127040520479115,1,0,0,1,0,0,0,0,0,0,0,0,0,1,2.733
2005,1642.9,17.6,109.1,8.05,0,32.1829,1.4793292270870801,1,0,0,0,0,0,0,1,0,0,0,0,0,1,2.733
2005,1061.0,17.7,109.1,2.48,0,9.7498,2.5006159434931803,0,0,0,0,0,0,0,0,0,1,0,0,0,1,2.733
2005,999.1,18.1,109.1,2.97,0,22.4486,1.7681496035889213,0,0,0,1,0,0,0,0,0,1,0,0,1,0,2.733
2005,1114.7,18.0,109.1,4.97,0,12.8656,2.2491843162669305,0,0,0,0,0,0,0,1,0,0,0,0,0,1,2.733
2005,1139.1,15.6,49.9,1.02,0,15.9936,1.415853163361435,1,0,0,0,0,0,0,0,0,0,1,0,0,1,1.242
2005,1099.1,15.9,49.9,1.5,0,5.7225,2.2741856184723477,1,0,0,1,0,0,0,0,0,0,1,0,0,1,1.242
2005,956.8,14.9,49.9,1.04,0,9.5962,1.824549292051046,1,0,0,0,0,0,0,1,0,1,0,0,1,0,1.242
2005,1263.1,15.6,49.9,2.66,0,4.1308,2.5710843460290524,1,0,1,0,0,0,0,0,0,1,0,0,0,1,1.242
2005,571.4,14.1,49.9,0.42,0,13.3067,1.55814461804655,0,0,0,0,0,0,0,0,0,0,1,1,0,0,1.242
2005,581.7,15.9,49.9,1.41,0,3.7294,2.6658383522929006,0,0,0,1,0,0,0,0,0,0,0,1,0,0,1.242
2005,793.6,15.9,49.9,2.25,0,6.3648,2.179286876649552,0,0,0,0,0,0,0,1,0,1,0,0,1,0,1.242
2005,605.5,16.2,49.9,0.75,0,36.4234,0.8628899551470398,0,0,1,0,0,0,0,0,0,0,1,1,0,0,1.242
2005,1228.0,17.0,46.8,1.2,0,7.6596,1.9615022438151495,1,0,0,0,0,0,0,0,0,1,0,0,0,1,1.371
2005,1239.8,17.6,46.8,1.75,0,8.0412,1.9198594718553708,1,0,0,1,0,0,0,0,0,0,1,0,0,1,1.371
2005,800.8,19.2,46.8,2.94,0,8.4477,1.8779371654691073,1,0,0,0,0,0,0,1,0,0,1,0,1,0,1.371
2005,678.0,17.0,46.8,1.41,0,4.2662,2.482403519569882,1,0,1,0,0,0,0,0,0,1,0,1,0,0,1.371
2005,557.4,20.7,46.8,0.8,0,5.6865,2.222459048514761,0,0,0,0,0,0,0,0,0,0,0,1,0,0,1.371
2005,416.8,20.2,46.8,0.47,0,3.7681,2.5967461315435356,0,0,0,1,0,0,0,0,0,0,0,1,0,0,1.371
2005,548.1,16.0,46.8,0.89,0,4.8903,2.3580197998821464,0,0,0,0,0,0,0,1,0,1,0,1,0,0,1.371
2005,340.4,19.3,46.8,0.2,0,4.2468,2.4865719291070616,0,0,1,0,0,0,0,0,0,0,1,0,0,0,1.371
2005,1018.7,16.6,43.5,0.64,0,5.4511,2.194999882314108,1,0,0,0,0,0,0,0,0,0,1,0,0,1,0.987
2005,1304.1,17.9,43.5,1.64,0,3.0591,2.7226103524335397,1,0,0,1,0,0,0,0,0,0,0,0,0,1,0.987
2005,759.6,19.0,43.5,1.51,0,3.8394,2.512035317176253,1,0,1,0,0,0,0,0,0,0,1,0,1,0,0.987
2005,689.8,18.3,43.5,1.09,0,3.48,2.6026896854443837,0,0,0,0,0,0,0,0,0,0,0,1,0,0,0.987
2005,859.9,16.9,43.5,1.35,0,37.1795,0.7747271675523681,0,0,0,1,0,0,0,0,0,0,1,0,1,0,0.987
2005,772.1,15.8,43.5,0.87,0,4.1667,2.437115985951652,0,0,1,0,0,0,0,0,0,0,1,0,1,0,0.987
2005,1086.7,18.7,78.7,2.07,0,16.294,1.763017000362401,1,0,0,0,0,0,0,0,0,0,1,0,0,1,1.215
2005,893.2,17.7,78.7,3.08,0,31.3546,1.2556160374777743,1,0,0,1,0,0,0,0,0,0,1,0,1,0,1.215
2005,1026.6,18.3,78.7,2.75,0,5.5267,2.7239235502585,1,0,1,0,0,0,0,0,0,0,0,0,0,1,1.215
2005,895.2,17.0,78.7,1.72,0,16.2603,1.7647307968401356,1,0,0,0,0,1,0,0,0,1,0,0,1,0,1.215
2005,614.0,17.0,78.7,1.35,0,18.2176,1.6714733033535532,0,0,0,0,0,0,0,0,0,0,0,1,0,0,1.215
2005,583.5,18.0,78.7,2.29,0,8.9943,2.277267285009756,0,0,0,1,0,0,0,0,0,0,1,1,0,0,1.215
2005,927.0,17.2,78.7,2.88,0,8.3017,2.349468678892896,0,0,1,0,0,0,0,0,0,0,1,0,1,0,1.215
2005,869.8,19.5,78.7,2.63,0,5.9084,2.6616571615324998,0,0,0,0,0,1,0,0,0,0,0,0,1,0,1.215
2005,803.0,17.8,47.4,1.45,0,7.0222,2.0476928433652555,1,0,0,0,0,0,0,0,0,1,0,0,1,0,1.367
2005,639.4,21.1,47.4,4.27,0,7.7325,1.9643112344262046,1,0,0,1,0,0,0,0,0,0,0,1,0,0,1.367
2005,1074.7,20.1,47.4,2.07,0,3.3833,2.7087166456453704,1,0,1,0,0,0,0,0,0,0,1,0,0,1,1.367
2005,417.1,19.3,47.4,0.83,0,5.9029,2.200552367428894,0,0,0,0,0,0,0,0,0,0,1,1,0,0,1.367
2005,653.6,19.4,47.4,1.4,0,15.4902,1.4011829736136414,0,0,0,1,0,0,0,0,0,0,1,1,0,0,1.367
2005,965.0,22.0,47.4,2.68,0,4.3808,2.469793011977952,0,0,1,0,0,0,0,0,0,0,0,0,1,0,1.367
2005,503.2,17.6,56.4,0.58,0,13.995,1.6154199841116479,1,0,0,0,0,0,0,0,0,0,1,1,0,0,1.854
2005,831.7,17.3,56.4,1.89,0,8.7578,2.0068708488450007,1,0,0,1,0,0,0,0,0,0,1,0,1,0,1.854
2005,735.4,16.2,56.4,1.29,0,3.8577,2.7485521444115397,1,0,1,0,0,0,0,0,0,1,0,0,1,0,1.854
2005,909.1,19.1,56.4,5.02,0,4.1288,2.6851226964585053,1,0,0,0,1,0,0,0,0,0,1,0,1,0,1.854
2005,650.9,17.7,56.4,1.09,0,11.3481,1.7867469274045107,0,0,0,0,0,0,0,0,0,0,1,1,0,0,1.854
2005,1387.6,15.9,56.4,1.97,0,7.9213,2.0943301541735866,0,0,0,1,0,0,0,0,0,0,1,0,0,1,1.854
2005,336.1,18.0,56.4,0.28,0,15.8873,1.5151272329628591,0,0,1,0,0,0,0,0,0,0,1,0,0,0,1.854
2005,817.3,16.0,56.4,7.62,0,6.8447,2.2235418856535927,0,0,0,0,1,0,0,0,0,1,0,0,1,0,1.854
2005,567.8,21.3,74.4,0.7,0,5.0169,2.761906873892921,1,0,0,0,0,0,0,0,0,0,1,1,0,0,1.181
2005,1010.5,20.7,74.4,6.02,0,13.4054,1.8794650496471605,1,0,0,1,0,0,0,0,0,0,0,0,0,1,1.181
2005,759.0,19.7,74.4,0.81,0,7.9233,2.340843805111136,0,0,0,0,0,0,0,0,0,0,1,0,1,0,1.181
2005,281.3,19.0,74.4,0.2,0,11.5708,2.005525858729668,0,0,0,1,0,0,0,0,0,0,0,0,0,0,1.181
2005,1260.3,14.3,81.6,1.3,0,11.2088,2.1138429683971687,1,0,0,0,0,0,0,0,0,0,1,0,0,1,3.861
2005,1193.3,14.7,81.6,4.53,0,50.3704,0.9631743177730056,1,0,0,1,0,0,0,0,0,0,0,0,0,1,3.861
2005,1410.9,15.6,81.6,13.66,0,9.1275,2.2965670206684825,1,0,0,0,1,0,0,0,0,0,0,0,0,1,3.861
2005,808.7,16.5,81.6,1.09,0,24.878,1.4539530095937052,0,0,0,0,0,0,0,0,0,0,0,0,1,0,3.861
2005,412.9,13.9,81.6,0.33,0,8.6167,2.3485140248824456,0,0,0,1,0,0,0,0,0,1,0,1,0,0,3.861
2005,193.9,15.5,81.6,0.59,0,8.16,2.3978952727983707,0,0,0,0,1,0,0,0,0,0,0,0,0,0,3.861
2005,803.2,17.0,30.9,0.31,0,3.7637,2.2202898502672155,1,0,0,0,0,0,0,0,0,1,0,0,1,0,0.496
2005,562.4,17.5,30.9,0.39,0,3.8966,2.189416394888408,1,0,0,1,0,0,0,0,0,0,0,1,0,0,0.496
2005,446.9,18.7,30.9,0.2,0,22.8889,0.8544153281560676,0,0,0,0,0,0,0,0,0,0,1,1,0,0,0.496
2005,399.2,19.4,30.9,0.65,0,22.0714,0.8754687373538999,0,0,0,1,0,0,0,0,0,0,1,0,0,0,0.496
2005,984.3,23.3,72.6,1.61,0,6.5761,2.488234439880675,1,0,0,0,0,0,1,0,0,0,0,0,1,0,0.89
2005,581.1,22.3,72.6,0.94,0,40.5587,1.0260415958332743,1,0,0,0,0,0,0,0,0,1,0,1,0,0,0.89
2005,609.4,22.3,72.6,1.87,0,44.2683,0.9707789171582248,1,0,0,1,0,0,0,0,0,0,1,1,0,0,0.89
2005,346.3,21.5,72.6,0.53,0,30.1245,1.2267122912954254,0,0,0,0,0,0,1,0,0,1,0,0,0,0,0.89
2005,465.9,21.8,72.6,0.71,0,34.5714,1.1314021114911006,0,0,0,0,0,0,0,0,0,1,0,1,0,0,0.89
2005,406.8,23.7,72.6,1.26,0,10.1255,2.1004689088719113,0,0,0,1,0,0,0,0,0,0,0,1,0,0,0.89
2005,390.7,25.2,21.5,0.5,0,1.5401,2.7053799725463312,1,0,0,0,0,0,1,0,0,0,1,0,0,0,0.48
2005,529.6,23.3,21.5,0.31,0,2.2608,2.3523271848888596,1,0,0,0,0,0,0,0,0,0,1,1,0,0,0.48
2005,592.9,25.9,21.5,0.68,0,2.5264,2.252343876557299,1,0,0,1,0,0,0,0,0,1,0,1,0,0,0.48
2005,298.3,25.3,21.5,0.22,0,1.4828,2.740840023925201,0,0,0,0,0,0,1,0,0,0,1,0,0,0,0.48
2005,317.8,24.6,21.5,0.2,0,2.3044,2.3350522831315472,0,0,0,0,0,0,0,0,0,1,0,0,0,0,0.48
2005,614.8,22.6,21.5,1.28,0,2.3472,2.318458442150336,0,0,0,1,0,0,0,0,0,0,1,1,0,0,0.48
2005,658.6,24.7,14.6,0.56,0,0.9838,2.7625383863862796,1,0,0,0,0,0,1,0,0,0,1,1,0,0,0.455
2005,702.8,25.1,14.6,0.29,0,3.2662,1.6992786164338898,1,0,0,0,0,0,0,0,0,0,0,0,1,0,0.455
2005,1076.6,26.6,14.6,0.93,0,1.5499,2.343727036325221,1,0,0,1,0,0,0,0,0,1,0,0,0,1,0.455
2005,501.5,23.0,14.6,0.39,0,2.3175,1.9878743481543455,0,0,0,0,0,0,1,0,0,0,0,1,0,0,0.455
2005,191.2,25.4,14.6,0.2,0,1.6044,2.312535423847214,0,0,0,0,0,0,0,0,0,0,0,0,0,0,0.455
2005,683.9,23.7,14.6,1.03,0,2.7138,1.8531680973566984,0,0,0,1,0,0,0,0,0,1,0,1,0,0,0.455
2005,1139.1,29.0,16.4,0.2,0,1.7597,2.334083760053417,1,0,0,0,0,0,0,0,0,1,0,0,0,1,0.266
2005,1660.7,31.9,16.4,0.31,1,2.2466,2.1162555148025524,1,0,0,1,0,0,0,0,0,0,1,0,0,1,0.266
2005,772.1,30.1,16.4,0.2,1,2.0449,2.199444334074532,0,0,0,0,0,0,0,0,0,1,0,0,1,0,0.266
2005,1040.8,27.1,16.4,0.48,0,9.7619,0.9858167945227653,0,0,0,1,0,0,0,0,0,0,1,0,0,1,0.266
2005,965.6,28.5,22.7,0.2,0,2.1097,2.464703942470481,1,0,0,0,0,0,0,0,0,0,1,0,1,0,0.661
2005,835.7,27.2,22.7,0.8,0,2.7683,2.2192034840549946,1,0,0,1,0,0,0,0,0,0,1,0,1,0,0.661
2005,765.5,27.8,22.7,2.94,0,2.0286,2.5006159434931803,1,1,0,0,0,0,0,0,0,1,0,0,1,0,0.661
2005,433.9,27.5,22.7,0.2,0,2.7024,2.2407096892759584,0,0,0,0,0,0,0,0,0,0,0,1,0,0,0.661
2005,798.4,27.5,22.7,0.67,0,5.5097,1.6331544390514163,0,0,0,1,0,0,0,0,0,0,1,0,1,0,0.661
2005,777.4,25.9,22.7,1.89,0,1.6214,2.70805020110221,0,1,0,0,0,0,0,0,0,1,0,0,1,0,0.661
2005,954.9,26.3,32.7,0.27,0,3.1382,2.435366204227864,1,0,0,0,0,0,0,0,0,0,1,0,1,0,0.678
2005,953.7,26.3,32.7,1.41,0,9.8792,1.4609379041156565,1,0,0,1,0,0,0,0,0,0,0,0,1,0,0.678
2005,1030.0,26.9,32.7,3.36,0,3.3164,2.3850863145057892,1,1,0,0,0,0,0,0,0,1,0,0,0,1,0.678
2005,278.9,24.9,32.7,0.2,0,8.4278,1.5851452198650557,0,0,0,0,0,0,0,0,0,0,1,0,0,0,0.678
2005,133.4,29.7,32.7,0.2,0,3.0028,2.4756977107026903,0,0,0,1,0,0,0,0,0,0,1,0,0,0,0.678
2005,804.4,27.9,32.7,1.91,0,2.4097,2.6789646202071133,0,1,0,0,0,0,0,0,0,0,1,0,1,0,0.678
2005,461.4,29.6,36.0,0.2,0,17.561,1.1151415906193203,1,0,0,0,0,0,0,0,0,1,0,1,0,0,0.341
2005,663.0,31.6,36.0,0.33,1,5.0491,2.0955609235597192,1,0,0,1,0,0,0,0,0,1,0,1,0,0,0.341
2005,563.1,29.5,36.0,1.18,0,11.0429,1.449269160281279,1,0,0,0,0,1,0,0,0,0,0,1,0,0,0.341
2005,369.2,27.9,36.0,0.2,0,3.1662,2.5152741864043966,0,0,0,0,0,0,0,0,0,0,1,0,0,0,0.341
2005,178.7,29.1,36.0,0.2,0,6.175,1.9213246735826988,0,0,0,1,0,0,0,0,0,0,1,0,0,0,0.341
2005,257.2,28.6,36.0,0.48,0,5.5385,2.0149030205422647,0,0,0,0,0,1,0,0,0,0,1,0,0,0,0.341
2005,561.4,27.1,31.7,0.2,0,11.1228,1.3480731482996928,1,0,0,0,0,0,0,0,0,1,0,1,0,0,0.339
2005,1017.8,31.2,31.7,0.26,1,2.8688,2.489064659936664,1,0,0,1,0,0,0,0,0,0,1,0,0,1,0.339
2005,1249.8,29.6,31.7,0.25,0,3.2918,2.363680192353857,0,0,0,0,0,0,0,0,0,1,0,0,0,1,0.339
2005,314.2,28.5,31.7,0.2,0,3.8611,2.2202898502672155,0,0,0,1,0,0,0,0,0,0,0,0,0,0,0.339
2005,781.7,25.8,40.2,0.2,0,8.535,1.742219023667919,1,0,0,0,0,0,0,0,0,0,1,0,1,0,0.628
2005,566.4,22.3,40.2,1.89,0,3.9921,2.4042387467205457,1,0,0,1,0,0,0,0,0,0,0,1,0,0,0.628
2005,82.0,25.1,40.2,0.2,0,6.2229,2.0095554142156695,0,0,0,0,0,0,0,0,0,0,0,0,0,0,0.628
2005,564.9,22.9,40.2,1.26,0,10.0752,1.6074359097634274,0,0,0,1,0,0,0,0,0,0,1,1,0,0,0.628
2005,250.1,33.1,15.0,0.34,1,1.472,2.4150205223238337,1,0,0,0,0,0,1,0,0,0,1,0,0,0,0.251
2005,278.0,30.5,15.0,0.2,1,1.5416,2.373043556642607,1,0,0,0,0,0,0,0,0,0,1,0,0,0,0.251
2005,401.7,31.9,15.0,0.39,1,2.1097,2.0930978681273213,1,0,0,1,0,0,0,0,0,0,1,1,0,0,0.251
2005,279.7,34.5,15.0,0.26,1,10.274,0.9001613499442714,0,0,0,0,0,0,1,0,0,0,0,0,0,0,0.251
2005,241.8,31.1,15.0,0.2,1,1.8204,2.2235418856535927,0,0,0,0,0,0,0,0,0,0,1,0,0,0,0.251
2005,249.5,33.2,15.0,0.2,1,4.2017,1.5195132049061133,0,0,0,1,0,0,0,0,0,1,0,0,0,0,0.251
2005,288.1,32.9,26.2,0.43,1,2.9405,2.2935443483418965,1,0,0,0,0,0,1,0,0,0,0,0,0,0,0.239
2005,366.5,33.5,26.2,0.2,1,6.8229,1.5769147207285403,1,0,0,0,0,0,0,0,0,0,1,0,0,0,0.239
2005,319.1,32.8,26.2,0.38,1,3.199,2.2181159363675955,1,0,0,1,0,0,0,0,0,0,1,0,0,0,0.239
2005,239.4,33.9,26.2,0.29,1,1.8412,2.7232671669070703,0,0,0,0,0,0,1,0,0,1,0,0,0,0,0.239
2005,225.3,34.3,26.2,0.2,1,13.1,1.0986122886681098,0,0,0,0,0,0,0,0,0,0,1,0,0,0,0.239
2005,82.4,34.2,26.2,0.2,1,1.8438,2.7219531062712017,0,0,0,1,0,0,0,0,0,1,0,0,0,0,0.239
2005,201.3,33.3,10.0,0.25,1,1.2136,2.2235418856535927,1,0,0,0,0,0,1,0,0,1,0,0,0,0,0.215
2005,190.3,35.3,10.0,0.2,1,1.1521,2.2700619012884857,1,0,0,0,0,0,0,0,0,0,1,0,0,0,0.215
2005,308.4,32.6,10.0,0.31,1,0.7657,2.643333886382519,1,0,0,1,0,0,0,0,0,0,0,0,0,0,0.215
2005,84.5,35.1,10.0,0.2,1,1.4306,2.0781907597781832,0,0,0,0,0,0,1,0,0,0,1,0,0,0,0.215
2005,55.1,33.7,10.0,0.2,1,1.1038,2.3085671646715933,0,0,0,0,0,0,0,0,0,0,1,0,0,0,0.215
2005,151.2,33.7,10.0,0.2,1,10.6383,0.6626879730752367,0,0,0,1,0,0,0,0,0,0,1,0,0,0,0.215
2005,149.2,35.1,19.8,0.2,1,4.1079,1.7613002617433464,1,0,0,0,0,0,1,0,0,0,0,0,0,0,0.216
2005,351.1,34.9,19.8,0.2,1,21.2903,0.6575200029167941,1,0,0,0,0,0,0,0,0,0,1,0,0,0,0.216
2005,132.1,37.3,19.8,0.2,1,1.9279,2.422144328051685,1,0,0,1,0,0,0,0,0,0,0,0,0,0,0.216
2005,285.5,35.8,19.8,0.2,1,1.8574,2.4561641809223462,0,0,0,0,0,0,1,0,0,0,1,0,0,0,0.216
2005,93.4,35.5,19.8,0.2,1,1.8929,2.4388627112865935,0,0,0,0,0,0,0,0,0,0,1,0,0,0,0.216
2005,134.2,34.9,19.8,0.2,1,2.8737,2.065596134857783,0,0,0,1,0,0,0,0,0,1,0,0,0,0,0.216
2005,854.6,19.3,72.5,1.62,0,18.8312,1.5789787049493917,1,0,0,0,0,0,0,0,0,1,0,0,1,0,1.081
2005,604.1,20.7,72.5,2.69,0,5.1382,2.715356776284648,1,0,0,1,0,0,0,0,0,1,0,1,0,0,1.081
2005,417.6,23.0,72.5,0.54,0,4.9828,2.744060638625243,0,0,0,0,0,0,0,0,0,0,0,1,0,0,1.081
2005,747.5,23.5,72.5,4.42,0,5.3943,2.67000213346468,0,0,0,1,0,0,0,0,0,0,0,0,1,0,1.081
2005,525.9,27.6,28.9,0.2,0,2.9016,2.3942522815198695,1,0,0,0,0,0,0,0,0,0,1,1,0,0,0.34
2005,399.5,24.5,28.9,0.67,0,2.0111,2.7324175575505043,1,0,0,1,0,0,0,0,0,0,1,0,0,0,0.34
2005,256.3,27.7,28.9,0.2,0,2.0821,2.700018029404946,0,0,0,0,0,0,0,0,0,1,0,0,0,0,0.34
2005,365.2,27.7,28.9,0.4,0,2.8671,2.405141681319138,0,0,0,1,0,0,0,0,0,0,1,0,0,0,0.34
2005,613.0,23.9,45.0,0.3,0,3.6437,2.5915163848462583,1,0,0,0,0,0,0,0,0,0,1,1,0,0,0.617
2005,864.3,22.5,45.0,2.85,0,3.7406,2.567254391136754,1,0,0,1,0,0,0,0,0,0,1,0,1,0,0.617
2005,326.5,21.7,45.0,0.33,0,40.5405,0.7466879474879752,0,0,0,0,0,0,0,0,0,0,1,0,0,0,0.617
2005,460.3,21.7,45.0,1.47,0,6.0322,2.135349173618132,0,0,0,1,0,0,0,0,0,1,0,1,0,0,0.617
2005,1103.2,18.0,63.5,3.98,0,18.4593,1.4906543764441333,1,0,0,0,0,0,0,0,1,1,0,0,0,1,1.385
2005,816.5,17.9,63.5,0.37,0,4.6898,2.6769034721053733,1,0,0,0,0,0,0,0,0,0,1,0,1,0,1.385
2005,1058.9,18.8,63.5,3.03,0,57.2072,0.7466879474879752,1,0,0,1,0,0,0,0,0,0,0,0,0,1,1.385
2005,566.0,20.3,63.5,2.02,0,5.9125,2.4630018143999504,0,0,0,0,0,0,0,0,1,0,0,1,0,0,1.385
2005,530.5,19.2,63.5,1.12,0,5.0357,2.6108048166633746,0,0,0,0,0,0,0,0,0,0,1,1,0,0,1.385
2005,280.3,19.5,63.5,0.46,0,5.7053,2.495681722955959,0,0,0,1,0,0,0,0,0,0,0,0,0,0,1.385
2005,1120.0,21.0,85.3,1.56,0,11.1649,2.1564025828159643,1,0,0,0,0,0,0,0,0,0,1,0,0,1,1.472
2005,1377.3,22.4,85.3,7.15,0,12.048,2.089391872533004,1,0,0,1,0,0,0,0,0,1,0,0,0,1,1.472
2005,50.0,23.1,85.3,0.2,0,18.8717,1.7083778602890038,0,0,0,0,0,0,0,0,0,0,1,0,0,0,1.472
2005,1283.3,23.0,85.3,3.76,0,9.4883,2.301584592660462,0,0,0,1,0,0,0,0,0,0,1,0,0,1,1.472
2005,1350.0,22.5,32.1,0.72,0,24.1353,0.8458682675776092,1,0,0,0,0,0,0,0,0,0,0,0,0,1,1.511
2005,1158.4,23.7,32.1,1.81,0,17.3514,1.0473189942805592,1,0,0,1,0,0,0,0,0,0,1,0,0,1,1.511
2005,1173.7,20.5,32.1,2.47,0,4.4154,2.1126345090356,1,1,0,0,0,0,0,0,0,0,0,0,0,1,1.511
2005,359.5,24.0,32.1,0.2,0,16.3776,1.085189268335969,0,0,0,0,0,0,0,0,0,0,1,0,0,0,1.511
2005,540.6,23.1,32.1,1.04,0,10.4221,1.4060969884160703,0,0,0,1,0,0,0,0,0,0,1,1,0,0,1.511
2005,469.5,21.3,32.1,0.33,0,4.8489,2.030776369698555,0,1,0,0,0,0,0,0,0,1,0,1,0,0,1.511
2005,1068.3,24.0,64.9,0.81,0,9.5161,2.05668455455722,1,0,0,0,0,0,0,0,0,0,1,0,0,1,1.053
2005,1509.3,23.3,64.9,2.69,0,4.9808,2.6411978941143697,1,0,0,1,0,0,0,0,0,0,1,0,0,1,1.053
2005,578.7,26.3,64.9,0.33,0,9.6866,2.0412203288596382,0,0,0,0,0,0,0,0,0,0,1,1,0,0,1.053
2005,1150.9,23.1,64.9,2.75,0,5.7946,2.501435951739211,0,0,0,1,0,0,0,0,0,1,0,0,0,1,1.053
2005,1192.5,20.1,70.1,1.43,0,5.4595,2.6275629501895237,1,0,0,0,0,0,0,0,0,0,1,0,0,1,1.369
2005,1482.2,22.1,70.1,2.06,0,33.7019,1.1249295969854831,1,0,0,1,0,0,0,0,0,0,1,0,0,1,1.369
2005,649.9,21.8,70.1,0.52,0,7.0808,2.388762789235098,0,0,0,0,0,0,0,0,0,0,1,1,0,0,1.369
2005,970.5,21.8,70.1,2.98,0,10.5891,2.030776369698555,0,0,0,1,0,0,0,0,0,0,1,0,1,0,1.369
2005,774.1,22.7,34.3,0.59,0,15.177,1.1817271953786161,1,0,0,0,0,0,0,0,0,0,1,0,1,0,0.583
2005,354.1,21.8,34.3,1.06,0,45.7333,0.5596157879354227,1,0,0,1,0,0,0,0,0,0,1,0,0,0,0.583
2005,329.6,21.0,34.3,0.27,0,7.2516,1.7457155307266483,0,0,0,0,0,0,0,0,0,0,1,0,0,0,0.583
2005,50.0,20.6,34.3,0.2,0,31.1818,0.7419373447293773,0,0,0,1,0,0,0,0,0,1,0,0,0,0,0.583
2005,859.8,18.3,66.7,5.72,0,28.75,1.199964782928397,1,0,0,0,0,0,0,0,1,0,1,0,1,0,1.391
2005,1404.9,18.4,66.7,1.4,0,16.7168,1.6074359097634274,1,0,0,0,0,0,0,0,0,0,1,0,0,1,1.391
2005,1073.6,17.7,66.7,2.77,0,7.1413,2.336019869080283,1,0,0,1,0,0,0,0,0,0,1,0,0,1,1.391
2005,668.0,16.3,66.7,3.51,0,21.8689,1.3987168811184478,0,0,0,0,0,0,0,0,1,0,1,1,0,0,1.391
2005,859.6,19.5,66.7,1.29,0,23.8214,1.33500106673234,0,0,0,0,0,0,0,0,0,0,0,0,1,0,1.391
2005,377.7,17.5,66.7,0.2,0,5.0838,2.647592232065096,0,0,0,1,0,0,0,0,0,0,1,0,0,0,1.391
2005,841.6,15.9,68.4,1.16,0,6.4407,2.4527277514237653,1,0,0,0,0,0,0,0,0,0,0,0,1,0,1.144
2005,990.1,19.4,68.4,4.08,0,8.241,2.2300144001592104,1,0,0,1,0,0,0,0,0,0,1,0,1,0,1.144
2005,1066.0,16.0,68.4,1.28,0,9.9419,2.064327903869788,0,0,0,0,0,0,0,0,0,0,1,0,0,1,1.144
2005,1019.7,16.9,68.4,1.72,0,23.9161,1.3506671834767394,0,0,0,1,0,0,0,0,0,0,1,0,0,1,1.144
2005,1183.1,22.4,49.6,1.28,0,7.5841,2.020222182019865,1,0,0,0,0,0,0,0,0,0,1,0,0,1,1.602
2005,1344.1,21.2,49.6,3.72,0,3.3333,2.7650604558189897,1,0,0,1,0,0,0,0,0,1,0,0,0,1,1.602
2005,1576.0,21.0,49.6,3.62,0,11.6432,1.6601310267496185,1,1,0,0,0,0,0,0,0,0,1,0,0,1,1.602
2005,1165.5,20.5,49.6,1.75,0,8.1178,1.9615022438151495,1,0,0,0,0,1,0,0,0,0,1,0,0,1,1.602
2005,406.0,21.1,49.6,0.2,0,7.7259,2.004179057179289,0,0,0,0,0,0,0,0,0,0,1,1,0,0,1.602
2005,733.0,18.1,49.6,1.49,0,9.6686,1.81319474994812,0,0,0,1,0,0,0,0,0,0,1,0,1,0,1.602
2005,644.5,20.2,49.6,1.25,0,6.3104,2.1815467646169897,0,1,0,0,0,0,0,0,0,1,0,1,0,0,1.602
2005,695.3,20.7,49.6,1.51,0,19.6825,1.2584609896100056,0,0,0,0,0,1,0,0,0,0,1,1,0,0,1.602
2005,451.1,31.4,36.9,0.2,1,9.202,1.6114359150967734,1,0,0,0,0,0,0,0,0,0,1,1,0,0,0.243
2005,408.0,31.4,36.9,0.87,1,6.5658,1.890095369948917,1,0,0,1,0,0,0,0,0,0,0,1,0,0,0.243
2005,351.6,28.9,36.9,0.2,0,18.0882,1.1118575154181303,0,0,0,0,0,0,0,0,0,1,0,0,0,0,0.243
2005,496.4,30.0,36.9,0.79,0,4.5953,2.200552367428894,0,0,0,1,0,0,0,0,0,0,0,1,0,0,0.243
2005,265.7,30.1,30.0,0.2,1,2.0325,2.757475084429733,1,0,0,0,0,0,0,0,0,0,1,0,0,0,0.212
2005,405.1,31.0,30.0,0.37,1,5.0934,1.9300710850255671,1,0,0,1,0,0,0,0,0,0,0,1,0,0,0.212
2005,212.1,31.3,30.0,0.2,1,8.9286,1.4724720573609429,0,0,0,0,0,0,0,0,0,0,1,0,0,0,0.212
2005,137.0,30.9,30.0,0.2,1,48.3871,0.4824261492442927,0,0,0,1,0,0,0,0,0,0,0,0,0,0,0.212
2006,945.0,17.8,126.6,9.54,0,52.5311,1.2267122912954254,1,0,0,0,0,0,0,0,1,0,1,0,1,0,3.582
2006,691.8,16.1,126.6,1.85,0,10.4888,2.570319527636131,1,0,0,0,0,0,0,0,0,0,0,1,0,0,3.582
2006,1078.1,17.6,126.6,6.29,0,9.4196,2.67000213346468,1,0,0,1,0,0,0,0,0,0,0,0,0,1,3.582
2006,348.3,18.1,126.6,0.79,0,53.8723,1.208960345836975,0,0,0,0,0,0,0,0,1,0,0,0,0,0,3.582
2006,815.4,16.8,126.6,2.5,0,13.3827,2.347558458636777,0,0,0,0,0,0,0,0,0,0,0,0,1,0,3.582
2006,901.7,17.7,126.6,5.45,0,59.4366,1.1410330045520618,0,0,0,1,0,0,0,0,0,0,0,0,1,0,3.582
2006,1494.7,20.3,63.4,6.7,0,7.3979,2.258633205464863,1,0,0,0,0,0,0,0,1,0,0,0,0,1,4.069
2006,1139.7,17.9,63.4,2.44,0,14.4419,1.6845453849209058,1,0,0,0,0,0,0,0,0,0,0,0,0,1,4.069
2006,1582.3,16.7,63.4,5.54,0,28.4305,1.172482137234565,1,0,0,1,0,0,0,0,0,0,0,0,0,1,4.069
2006,918.0,15.3,63.4,4.58,0,11.162,1.8991179875485542,0,0,0,0,0,0,0,0,1,1,0,0,1,0,4.069
2006,360.8,18.7,63.4,0.2,0,6.8245,2.331172549845958,0,0,0,0,0,0,0,0,0,1,0,0,0,0,4.069
2006,761.4,17.1,63.4,1.71,0,8.9548,2.089391872533004,0,0,0,1,0,0,0,0,0,0,1,0,1,0,4.069
2006,808.9,19.7,132.5,4.39,0,22.2689,1.9387416595767009,1,0,0,0,0,0,0,0,1,0,0,0,1,0,3.973
2006,863.4,19.0,132.5,5.63,0,15.0057,2.285438934159075,1,0,0,0,0,0,0,0,0,0,0,0,1,0,3.973
2006,1266.2,17.3,132.5,8.84,0,24.7664,1.8484548129046001,1,0,0,1,0,0,0,0,0,0,0,0,0,1,3.973
2006,1226.9,20.1,132.5,10.74,0,16.0024,2.2278615467981093,1,0,0,0,1,0,0,0,0,1,0,0,0,1,3.973
2006,950.0,17.7,132.5,7.96,0,13.6037,2.3739750890807185,0,0,0,0,0,0,0,0,1,1,0,0,1,0,3.973
2006,545.4,18.8,132.5,2.19,0,35.7143,1.5496879080283263,0,0,0,0,0,0,0,0,0,0,0,1,0,0,3.973
2006,514.5,17.4,132.5,4.91,0,9.7283,2.6823904543216326,0,0,0,1,0,0,0,0,0,0,0,1,0,0,3.973
2006,725.8,19.9,132.5,8.7,0,10.0151,2.655352412101761,0,0,0,0,1,0,0,0,0,0,0,0,1,0,3.973
2006,977.1,15.7,124.7,1.79,0,17.9167,2.0744289998562917,1,0,0,0,0,0,0,0,0,0,0,0,1,0,2.798
2006,1309.1,15.7,124.7,2.18,0,12.9357,2.3646204839134985,1,0,0,1,0,0,0,0,0,0,1,0,0,1,2.798
2006,1306.0,20.0,124.7,5.05,0,8.6477,2.7356653681351832,1,0,0,0,0,0,0,1,0,1,0,0,0,1,2.798
2006,948.5,20.7,124.7,1.48,0,80.4516,0.9360933591703349,0,0,0,0,0,0,0,0,0,0,0,0,1,0,2.798
2006,565.0,18.5,124.7,4.08,0,16.9891,2.1210632163706555,0,0,0,1,0,0,0,0,0,0,1,1,0,0,2.798
2006,835.8,15.5,124.7,6.49,0,81.5033,0.9282193027394289,0,0,0,0,0,0,0,1,0,0,0,0,1,0,2.798
2006,1416.6,16.3,98.4,1.32,0,16.0522,1.9643112344262046,1,0,0,0,0,0,0,0,0,0,0,0,0,1,2.502
2006,1325.5,19.0,98.4,5.36,0,6.6531,2.7593768282675506,1,0,0,1,0,0,0,0,0,0,0,0,0,1,2.502
2006,471.3,16.8,98.4,0.29,0,6.8144,2.73696154459663,0,0,0,0,0,0,0,0,0,0,1,1,0,0,2.502
2006,1250.2,19.0,98.4,6.8,0,10.3688,2.3504224224082058,0,0,0,1,0,0,0,0,0,0,0,0,0,1,2.502
2006,1926.5,19.0,169.6,5.99,0,23.8202,2.0943301541735866,1,0,0,0,0,0,0,0,0,0,0,0,0,1,2.346
2006,1483.2,17.6,169.6,5.45,0,17.9471,2.34660197841082,1,0,0,1,0,0,0,0,0,1,0,0,0,1,2.346
2006,1037.2,19.6,169.6,3.84,0,17.5207,2.3683728335320486,0,0,0,0,0,0,0,0,0,0,0,0,0,1,2.346
2006,1213.0,19.5,169.6,2.65,0,17.5751,2.365559892155434,0,0,0,1,0,0,0,0,0,0,0,0,0,1,2.346
2006,1554.1,19.0,101.2,2.16,0,180.7143,0.44468582126144574,1,0,0,0,0,0,0,0,0,1,0,0,0,1,2.552
2006,1057.2,17.0,101.2,1.66,0,7.1977,2.7120422223717475,1,0,0,1,0,0,0,0,0,1,0,0,0,1,2.552
2006,1149.0,20.1,101.2,0.89,0,7.3069,2.6979998652487085,0,0,0,0,0,0,0,0,0,1,0,0,0,1,2.552
2006,893.7,18.8,101.2,1.76,0,11.7265,2.2648832258100344,0,0,0,1,0,0,0,0,0,1,0,0,1,0,2.552
2006,1781.0,18.2,91.1,1.37,0,15.8988,1.9065751436566365,1,0,0,0,0,0,0,0,0,1,0,0,0,1,2.398
2006,2144.0,20.3,91.1,4.83,0,165.6364,0.4382549309311553,1,0,0,1,0,0,0,0,0,1,0,0,0,1,2.398
2006,876.5,18.4,91.1,1.08,0,7.1507,2.620311286794203,0,0,0,0,0,0,0,0,0,0,0,0,1,0,2.398
2006,1104.9,19.1,91.1,3.14,0,8.2743,2.485739636091892,0,0,0,1,0,0,0,0,0,1,0,0,0,1,2.398
2006,1257.1,21.4,57.8,1.19,0,9.1456,1.9906103279732201,1,0,0,0,0,0,0,0,0,0,1,0,0,1,1.579
2006,1354.0,20.0,57.8,4.6,0,4.0223,2.7324175575505043,1,0,0,1,0,0,0,0,0,0,0,0,0,1,1.579
2006,1559.1,17.7,57.8,1.3,0,3.8923,2.7631695003232895,0,0,0,0,0,0,0,0,0,1,0,0,0,1,1.579
2006,1449.3,20.2,57.8,3.46,0,4.8653,2.5556757206762075,0,0,0,1,0,0,0,0,0,0,1,0,0,1,1.579
2006,1271.2,19.7,50.0,1.55,0,8.8183,1.8976198599275322,1,0,0,0,0,0,0,0,0,0,1,0,0,1,3.983
2006,1571.1,17.5,50.0,4.02,0,13.1579,1.5686159179138452,1,0,0,1,0,0,0,0,0,1,0,0,0,1,3.983
2006,1110.0,16.9,50.0,3.06,0,4.0984,2.580216829592325,1,0,0,0,0,0,0,1,0,0,0,0,0,1,3.983
2006,1355.5,19.0,50.0,7.24,0,5.618,2.2925347571405443,1,0,0,0,1,0,0,0,0,0,0,0,0,1,3.983
2006,511.8,17.3,50.0,0.22,0,4.8591,2.4239173781615704,0,0,0,0,0,0,0,0,0,0,0,1,0,0,3.983
2006,560.9,19.1,50.0,1.34,0,12.0192,1.6409365794934714,0,0,0,1,0,0,0,0,0,0,0,1,0,0,3.983
2006,934.1,17.7,50.0,1.75,0,9.6899,1.8180767775454285,0,0,0,0,0,0,0,1,0,1,0,0,1,0,3.983
2006,1052.9,17.3,50.0,5.98,0,10.0806,1.7850704810772584,0,0,0,0,1,0,0,0,0,1,0,0,0,1,3.983
2006,1603.3,18.4,141.5,4.42,0,12.1564,2.5368663887187113,1,0,0,0,0,0,0,0,0,1,0,0,0,1,2.733
2006,1605.8,17.1,141.5,5.83,0,9.9788,2.719978771967484,1,0,0,1,0,0,0,0,0,0,0,0,0,1,2.733
2006,2289.0,17.8,141.5,9.95,0,58.4711,1.2296405510745139,1,0,0,0,0,0,0,1,0,0,1,0,0,1,2.733
2006,803.8,16.8,141.5,1.52,0,23.7416,1.9401794743463283,0,0,0,0,0,0,0,0,0,0,0,0,1,0,2.733
2006,588.4,18.1,141.5,1.06,0,12.0119,2.5478814489493886,0,0,0,1,0,0,0,0,0,0,0,1,0,0,2.733
2006,1101.2,16.5,141.5,5.39,0,13.7914,2.421256622711544,0,0,0,0,0,0,0,1,0,1,0,0,0,1,2.733
2006,1501.1,15.1,70.2,0.73,0,6.5363,2.4630018143999504,1,0,0,0,0,0,0,0,0,0,1,0,0,1,1.242
2006,1005.0,15.7,70.2,1.54,0,27.6378,1.264126727145683,1,0,0,1,0,0,0,0,0,0,0,0,0,1,1.242
2006,1195.3,13.9,70.2,2.06,0,9.5902,2.1186622548331173,1,0,0,0,0,0,0,1,0,0,1,0,0,1,1.242
2006,969.3,16.7,70.2,3.82,0,16.5957,1.6544112780768316,1,0,1,0,0,0,0,0,0,0,1,0,1,0,1.242
2006,747.3,15.9,70.2,0.33,0,118.9831,0.4637340162321401,0,0,0,0,0,0,0,0,0,0,1,0,1,0,1.242
2006,789.8,15.1,70.2,1.37,0,15.3947,1.715598108262491,0,0,0,1,0,0,0,0,0,1,0,0,1,0,1.242
2006,624.0,17.2,70.2,1.58,0,20.1724,1.4996230464268938,0,0,0,0,0,0,0,1,0,0,1,1,0,0,1.242
2006,802.6,15.6,70.2,2.44,0,13.1215,1.8484548129046001,0,0,1,0,0,0,0,0,0,0,0,0,1,0,1.242
2006,1260.0,18.2,88.8,3.02,0,7.8933,2.505525936990736,1,0,0,0,0,0,0,0,0,0,0,0,0,1,1.371
2006,810.5,18.2,88.8,3.32,0,7.1613,2.5952547069568657,1,0,0,1,0,0,0,0,0,0,1,0,1,0,1.371
2006,1145.2,17.4,88.8,4.05,0,10.0226,2.288486168614544,1,0,0,0,0,0,0,1,0,1,0,0,0,1,1.371
2006,1006.8,17.8,88.8,2.25,0,58.8079,0.9202827531436926,1,0,1,0,0,0,0,0,0,0,1,0,0,1,1.371
2006,612.7,16.6,88.8,0.76,0,10.2069,2.272125885509337,0,0,0,0,0,0,0,0,0,0,1,1,0,0,1.371
2006,697.7,17.7,88.8,1.97,0,23.807,1.5539252025038417,0,0,0,1,0,0,0,0,0,0,1,1,0,0,1.371
2006,679.1,19.2,88.8,2.74,0,7.5127,2.551006451492524,0,0,0,0,0,0,0,1,0,0,1,1,0,0,1.371
2006,1026.4,18.2,88.8,3.46,0,14.7754,1.9473377010464987,0,0,1,0,0,0,0,0,0,1,0,0,0,1,1.371
2006,1109.4,19.0,52.5,1.23,0,13.7435,1.572773928062509,1,0,0,0,0,0,0,0,0,0,0,0,0,1,0.987
2006,1186.3,16.4,52.5,2.25,0,5.107,2.423031246069913,1,0,0,1,0,0,0,0,0,1,0,0,0,1,0.987
2006,1226.1,15.5,52.5,2.41,0,7.2314,2.1114245875328868,1,0,1,0,0,0,0,0,0,0,0,0,0,1,0.987
2006,406.9,19.7,52.5,0.7,0,4.6833,2.502255288122613,0,0,0,0,0,0,0,0,0,1,0,1,0,0,0.987
2006,350.5,18.1,52.5,0.43,0,8.0645,2.0162354657760435,0,0,0,1,0,0,0,0,0,1,0,0,0,0,0.987
2006,502.6,18.0,52.5,1.06,0,4.3388,2.5726122302071057,0,0,1,0,0,0,0,0,0,1,0,1,0,0,0.987
2006,954.7,19.5,71.3,2.22,0,8.2523,2.265921108622454,1,0,0,0,0,0,0,0,0,0,1,0,1,0,1.215
2006,813.6,20.6,71.3,2.95,0,21.3473,1.4678743481123135,1,0,0,1,0,0,0,0,0,1,0,0,1,0,1.215
2006,868.2,16.1,71.3,2.47,0,12.2931,1.916922612182061,1,0,1,0,0,0,0,0,0,1,0,0,1,0,1.215
2006,764.5,19.0,71.3,1.75,0,8.9798,2.190535589185423,1,0,0,0,0,1,0,0,0,1,0,0,1,0,1.215
2006,552.3,18.5,71.3,0.48,0,6.6326,2.463853240590168,0,0,0,0,0,0,0,0,0,0,1,1,0,0,1.215
2006,530.9,18.1,71.3,1.75,0,72.7551,0.6830968447064438,0,0,0,1,0,0,0,0,0,0,1,1,0,0,1.215
2006,923.1,17.9,71.3,1.73,0,7.7081,2.327277705584417,0,0,1,0,0,0,0,0,0,0,1,0,1,0,1.215
2006,372.6,18.5,71.3,0.39,0,5.2504,2.6796507265805123,0,0,0,0,0,1,0,0,0,1,0,0,0,0,1.215
2006,778.6,18.2,57.6,2.15,0,7.7733,2.1294214739848565,1,0,0,0,0,0,0,0,0,0,0,0,1,0,1.367
2006,1156.9,19.4,57.6,2.28,0,15.7808,1.536867219599265,1,0,0,1,0,0,0,0,0,0,1,0,0,1,1.367
2006,668.7,19.0,57.6,2.77,0,9.7133,1.9358598132018119,1,0,1,0,0,0,0,0,0,0,1,1,0,0,1.367
2006,615.0,19.7,57.6,0.96,0,4.6602,2.5922651681085,0,0,0,0,0,0,0,0,0,0,0,1,0,0,1.367
2006,874.2,17.9,57.6,3.44,0,4.5642,2.611539300721366,0,0,0,1,0,0,0,0,0,0,0,0,1,0,1.367
2006,691.5,20.8,57.6,2.77,0,8.7009,2.030776369698555,0,0,1,0,0,0,0,0,0,0,0,1,0,0,1.367
2006,1231.7,17.8,53.3,1.9,0,20.1132,1.2947271675944,1,0,0,0,0,0,0,0,0,1,0,0,0,1,1.854
2006,944.8,16.4,53.3,0.96,0,29.6111,1.0296194171811581,1,0,0,1,0,0,0,0,0,1,0,0,1,0,1.854
2006,844.5,18.3,53.3,1.67,0,13.6667,1.589235205116581,1,0,1,0,0,0,0,0,0,0,0,0,1,0,1.854
2006,1063.5,17.4,53.3,8.73,0,7.8382,2.0541237336955462,1,0,0,0,1,0,0,0,0,0,1,0,0,1,1.854
2006,511.9,19.6,53.3,0.77,0,4.0196,2.65745841498615,0,0,0,0,0,0,0,0,0,0,0,1,0,0,1.854
2006,578.5,19.9,53.3,2.01,0,4.405,2.5726122302071057,0,0,0,1,0,0,0,0,0,0,1,1,0,0,1.854
2006,837.1,18.9,53.3,2.17,0,3.6886,2.7376090033437546,0,0,1,0,0,0,0,0,0,0,1,0,1,0,1.854
2006,281.5,18.6,53.3,0.59,0,45.5556,0.7747271675523681,0,0,0,0,1,0,0,0,0,0,0,0,0,0,1.854
2006,1049.5,21.6,55.8,0.58,0,16.3158,1.4861396960896067,1,0,0,0,0,0,0,0,0,0,1,0,0,1,1.181
2006,481.7,22.0,55.8,1.44,0,6.8804,2.209372711271867,1,0,0,1,0,0,0,0,0,1,0,1,0,0,1.181
2006,401.2,21.6,55.8,0.6,0,15.2044,1.541159071680806,0,0,0,0,0,0,0,0,0,0,0,1,0,0,1.181
2006,292.6,21.0,55.8,0.4,0,9.2079,1.9544450515051506,0,0,0,1,0,0,0,0,0,0,1,0,0,0,1.181
2006,1369.5,17.2,87.8,3.21,0,11.329,2.169053700369523,1,0,0,0,0,0,0,0,0,0,1,0,0,1,3.861
2006,1186.4,17.1,87.8,4.51,0,31.8116,1.324418957401803,1,0,0,1,0,0,0,0,0,0,1,0,0,1,3.861
2006,962.3,14.8,87.8,4.97,0,7.6281,2.5265283244788197,1,0,0,0,1,0,0,0,0,1,0,0,1,0,3.861
2006,800.9,15.5,87.8,1.77,0,7.8253,2.503073953743449,0,0,0,0,0,0,0,0,0,0,0,0,1,0,3.861
2006,1016.8,16.5,87.8,2.24,0,17.1484,1.8115620965242347,0,0,0,1,0,0,0,0,0,0,0,0,0,1,3.861
2006,452.9,13.6,87.8,5.03,0,15.06,1.9213246735826988,0,0,0,0,1,0,0,0,0,0,0,1,0,0,3.861
2006,1063.6,17.9,31.6,0.59,0,39.0123,0.5933268452777344,1,0,0,0,0,0,0,0,0,0,1,0,0,1,0.496
2006,751.1,18.7,31.6,1.18,0,3.4199,2.3263016196113617,1,0,0,1,0,0,0,0,0,0,0,0,1,0,0.496
2006,535.4,20.7,31.6,0.52,0,14.6977,1.1474024528375417,0,0,0,0,0,0,0,0,0,1,0,1,0,0,0.496
2006,419.4,19.0,31.6,0.63,0,2.3032,2.6892071133007303,0,0,0,1,0,0,0,0,0,0,1,1,0,0,0.496
2006,932.1,22.4,73.5,1.07,0,27.5281,1.3001916620664788,1,0,0,0,0,0,1,0,0,0,1,0,1,0,0.89
2006,887.2,24.2,73.5,1.34,0,6.6576,2.488234439880675,1,0,0,0,0,0,0,0,0,0,1,0,1,0,0.89
2006,1003.5,22.8,73.5,3.0,0,17.3349,1.6563214983329508,1,0,0,1,0,0,0,0,0,1,0,0,0,1,0.89
2006,120.8,21.1,73.5,0.2,0,10.1801,2.1065702090680882,0,0,0,0,0,0,1,0,0,0,0,0,0,0,0.89
2006,622.3,22.9,73.5,0.45,0,9.9593,2.1258479144939915,0,0,0,0,0,0,0,0,0,0,1,1,0,0,0.89
2006,397.9,22.8,73.5,1.22,0,6.1455,2.561867690924129,0,0,0,1,0,0,0,0,0,0,1,0,0,0,0.89
2006,787.5,20.8,15.8,0.5,0,1.8877,2.2375130962503307,1,0,0,0,0,0,1,0,0,0,1,0,1,0,0.48
2006,610.9,22.3,15.8,0.37,0,2.0361,2.1701959049483,1,0,0,0,0,0,0,0,0,0,1,1,0,0,0.48
2006,643.1,20.9,15.8,0.76,0,8.5405,1.0473189942805592,1,0,0,1,0,0,0,0,0,1,0,1,0,0,0.48
2006,502.1,25.2,15.8,0.38,0,1.059,2.767576180416237,0,0,0,0,0,0,1,0,0,1,0,1,0,0,0.48
2006,449.6,23.7,15.8,0.21,0,1.2825,2.589266665112243,0,0,0,0,0,0,0,0,0,0,0,1,0,0,0.48
2006,291.5,25.0,15.8,0.76,0,2.1733,2.1126345090356,0,0,0,1,0,0,0,0,0,0,1,0,0,0,0.48
2006,990.9,24.7,18.4,0.74,0,4.7917,1.5769147207285403,1,0,0,0,0,0,1,0,0,1,0,0,1,0,0.455
2006,684.8,24.8,18.4,0.3,0,6.6426,1.3270750014599193,1,0,0,0,0,0,0,0,0,0,1,1,0,0,0.455
2006,536.6,23.4,18.4,1.01,0,1.84,2.3978952727983707,1,0,0,1,0,0,0,0,0,0,1,1,0,0,0.455
2006,400.7,25.5,18.4,0.36,0,4.0889,1.7047480922384253,0,0,0,0,0,0,1,0,0,0,1,1,0,0,0.455
2006,579.3,23.7,18.4,0.33,0,1.987,2.3282528397426234,0,0,0,0,0,0,0,0,0,0,1,1,0,0,0.455
2006,639.0,22.0,18.4,1.26,0,1.9616,2.3398808777377424,0,0,0,1,0,0,0,0,0,0,1,1,0,0,0.455
2006,838.1,27.4,22.4,0.2,0,7.9433,1.3402504226184837,1,0,0,0,0,0,0,0,0,0,0,0,1,0,0.266
2006,1015.1,27.5,22.4,0.25,0,6.4183,1.501852701754163,1,0,0,1,0,0,0,0,0,1,0,0,0,1,0.266
2006,534.8,28.1,22.4,0.2,0,2.5513,2.280339484046726,0,0,0,0,0,0,0,0,0,1,0,1,0,0,0.266
2006,619.2,28.0,22.4,0.36,0,9.697,1.1969481893889715,0,0,0,1,0,0,0,0,0,0,0,1,0,0,0.266
2006,542.3,28.7,39.4,0.2,0,9.3144,1.6544112780768316,1,0,0,0,0,0,0,0,0,0,1,1,0,0,0.661
2006,571.7,27.7,39.4,0.41,0,17.5111,1.1786549963416462,1,0,0,1,0,0,0,0,0,1,0,1,0,0,0.661
2006,1127.5,25.4,39.4,2.91,0,20.7368,1.0647107369924282,1,1,0,0,0,0,0,0,0,0,1,0,0,1,0.661
2006,584.0,27.9,39.4,0.2,0,2.9602,2.6609585935683597,0,0,0,0,0,0,0,0,0,0,0,1,0,0,0.661
2006,320.2,29.1,39.4,0.2,0,3.1929,2.590767040487478,0,0,0,1,0,0,0,0,0,0,0,0,0,0,0.661
2006,835.9,28.8,39.4,1.83,0,21.8889,1.0296194171811581,0,1,0,0,0,0,0,0,0,0,1,0,1,0,0.661
2006,1233.4,26.5,22.9,0.29,0,6.274,1.536867219599265,1,0,0,0,0,0,0,0,0,1,0,0,0,1,0.678
2006,1256.2,28.2,22.9,1.69,0,1.8291,2.604170070614818,1,0,0,1,0,0,0,0,0,0,0,0,0,1,0.678
2006,819.1,29.6,22.9,0.89,0,27.9268,0.598836501088704,1,1,0,0,0,0,0,0,0,0,1,0,1,0,0.678
2006,591.1,28.3,22.9,0.2,0,1.8423,2.5974910105351463,0,0,0,0,0,0,0,0,0,0,1,1,0,0,0.678
2006,609.8,25.1,22.9,0.58,0,4.2018,1.864080130807681,0,0,0,1,0,0,0,0,0,0,1,1,0,0,0.678
2006,984.8,26.8,22.9,2.18,0,6.7155,1.4838746894587547,0,1,0,0,0,0,0,0,0,0,1,0,1,0,0.678
2006,1063.5,28.9,30.4,0.2,0,3.8579,2.1838015570040787,1,0,0,0,0,0,0,0,0,0,1,0,0,1,0.341
2006,395.5,29.7,30.4,0.4,0,5.6506,1.8531680973566984,1,0,0,1,0,0,0,0,0,1,0,0,0,0,0.341
2006,662.1,28.8,30.4,1.27,0,2.8174,2.4672517145492794,1,0,0,0,0,1,0,0,0,0,1,1,0,0,0.341
2006,272.7,27.3,30.4,0.2,0,2.8652,2.4518667957098,0,0,0,0,0,0,0,0,0,0,1,0,0,0,0.341
2006,140.3,29.6,30.4,0.2,0,6.2041,1.7749523509116738,0,0,0,1,0,0,0,0,0,1,0,0,0,0,0.341
2006,98.8,29.9,30.4,0.2,0,4.864,1.9810014688665833,0,0,0,0,0,1,0,0,0,0,0,0,0,0,0.341
2006,889.8,29.4,42.9,0.2,0,3.0254,2.719978771967484,1,0,0,0,0,0,0,0,0,0,1,0,1,0,0.339
2006,996.7,27.3,42.9,0.65,0,4.663,2.322387720290225,1,0,0,1,0,0,0,0,0,1,0,0,1,0,0.339
2006,458.3,31.9,42.9,0.2,1,6.9194,1.9740810260220096,0,0,0,0,0,0,0,0,0,1,0,1,0,0,0.339
2006,958.9,25.4,42.9,1.02,0,3.1177,2.6919208191723265,0,0,0,1,0,0,0,0,0,0,1,0,1,0,0.339
2006,735.8,22.7,36.7,0.75,0,11.8006,1.413423028508143,1,0,0,0,0,0,0,0,0,0,0,0,1,0,0.628
2006,1066.9,23.8,36.7,1.88,0,3.3183,2.4898941912990393,1,0,0,1,0,0,0,0,0,1,0,0,0,1,0.628
2006,637.6,22.5,36.7,0.65,0,4.4811,2.2181159363675955,0,0,0,0,0,0,0,0,0,0,1,1,0,0,0.628
2006,826.4,24.4,36.7,2.71,0,5.1473,2.0955609235597192,0,0,0,1,0,0,0,0,0,0,0,0,1,0,0.628
2006,409.4,31.4,12.5,0.37,1,0.844,2.7606426512213806,1,0,0,0,0,0,1,0,0,0,1,1,0,0,0.251
2006,335.8,30.2,12.5,0.2,1,17.8571,0.5306282510621704,1,0,0,0,0,0,0,0,0,0,1,0,0,0,0.251
2006,391.2,31.8,12.5,0.2,1,0.9773,2.6239436918052106,1,0,0,1,0,0,0,0,0,0,1,0,0,0,0.251
2006,219.5,32.1,12.5,0.31,1,1.6129,2.169053700369523,0,0,0,0,0,0,1,0,0,1,0,0,0,0,0.251
2006,80.2,31.9,12.5,0.2,1,0.8406,2.7644305345383176,0,0,0,0,0,0,0,0,0,0,1,0,0,0,0.251
2006,222.6,33.4,12.5,0.2,1,0.8344,2.7713379403381286,0,0,0,1,0,0,0,0,0,0,1,0,0,0,0.251
2006,257.8,33.6,38.2,0.43,1,3.9422,2.3693087250369538,1,0,0,0,0,0,1,0,0,0,0,0,0,0,0.239
2006,205.0,35.0,38.2,0.2,1,10.3243,1.547562508716013,1,0,0,0,0,0,0,0,0,1,0,0,0,0,0.239
2006,189.8,32.9,38.2,0.2,1,3.457,2.489064659936664,1,0,0,1,0,0,0,0,0,0,1,0,0,0,0.239
2006,167.0,34.2,38.2,0.45,1,5.9875,1.998773638612381,0,0,0,0,0,0,1,0,0,0,0,0,0,0,0.239
2006,205.0,33.3,38.2,0.2,1,3.426,2.4973291697865574,0,0,0,0,0,0,0,0,0,1,0,0,0,0,0.239
2006,222.8,35.3,38.2,0.22,1,12.5658,1.3962446919730587,0,0,0,1,0,0,0,0,0,0,1,0,0,0,0.239
2006,150.4,33.3,12.2,0.2,1,0.9457,2.631888840136646,1,0,0,0,0,0,1,0,0,0,1,0,0,0,0.215
2006,308.9,34.9,12.2,0.2,1,1.8683,2.018895041811802,1,0,0,0,0,0,0,0,0,1,0,0,0,0,0.215
2006,233.1,33.5,12.2,0.25,1,1.8541,2.0255131996542803,1,0,0,1,0,0,0,0,0,1,0,0,0,0,0.215
2006,110.6,35.3,12.2,0.2,1,1.3348,2.316487998163037,0,0,0,0,0,0,1,0,0,0,1,0,0,0,0.215
2006,171.1,34.0,12.2,0.2,1,3.7195,1.4539530095937052,0,0,0,0,0,0,0,0,0,0,1,0,0,0,0.215
2006,87.3,35.6,12.2,0.2,1,0.8227,2.761906873892921,0,0,0,1,0,0,0,0,0,0,0,0,0,0,0.215
2006,285.0,35.2,6.7,0.21,1,0.5852,2.5217206229107165,1,0,0,0,0,0,1,0,0,0,1,0,0,0,0.216
2006,122.5,33.9,6.7,0.2,1,9.4366,0.5364933705145685,1,0,0,0,0,0,0,0,0,1,0,0,0,0,0.216
2006,235.6,34.5,6.7,0.28,1,2.5769,1.2809338454620642,1,0,0,1,0,0,0,0,0,1,0,0,0,0,0.216
2006,211.3,35.4,6.7,0.2,1,0.8449,2.189416394888408,0,0,0,0,0,0,1,0,0,1,0,0,0,0,0.216
2006,194.8,34.1,6.7,0.2,1,7.5281,0.636576829071551,0,0,0,0,0,0,0,0,0,0,1,0,0,0,0.216
2006,107.5,32.7,6.7,0.2,1,0.7143,2.3398808777377424,0,0,0,1,0,0,0,0,0,1,0,0,0,0,0.216
2006,939.6,22.2,61.1,0.83,0,18.4592,1.4609379041156565,1,0,0,0,0,0,0,0,0,1,0,0,1,0,1.081
2006,693.1,21.5,61.1,2.1,0,12.3684,1.7817091333745536,1,0,0,1,0,0,0,0,0,0,1,1,0,0,1.081
2006,374.9,21.2,61.1,0.71,0,7.3792,2.2278615467981093,0,0,0,0,0,0,0,0,0,0,1,0,0,0,1.081
2006,184.7,22.7,61.1,0.39,0,72.7381,0.6097655716208943,0,0,0,1,0,0,0,0,0,0,1,0,0,0,1.081
2006,424.3,25.4,7.6,0.2,0,5.0,0.9242589015233319,1,0,0,0,0,0,0,0,0,0,0,1,0,0,0.34
2006,233.9,27.9,7.6,0.27,0,0.5878,2.6340447877917144,1,0,0,1,0,0,0,0,0,1,0,0,0,0,0.34
2006,394.0,24.7,7.6,0.2,0,0.7958,2.3561258599220753,0,0,0,0,0,0,0,0,0,1,0,0,0,0,0.34
2006,315.8,28.0,7.6,0.25,0,0.7183,2.449279472144849,0,0,0,1,0,0,0,0,0,0,0,0,0,0,0.34
2006,928.7,23.7,23.3,0.76,0,18.062,0.8285518175661483,1,0,0,0,0,0,0,0,0,0,0,0,1,0,0.617
2006,910.5,23.9,23.3,2.09,0,4.7844,1.7698546338400052,1,0,0,1,0,0,0,0,0,0,0,0,1,0,0.617
2006,822.5,23.3,23.3,0.48,0,2.9531,2.1849270495258133,0,0,0,0,0,0,0,0,0,0,1,0,1,0,0.617
2006,495.8,24.0,23.3,0.94,0,4.4466,1.8309801823813363,0,0,0,1,0,0,0,0,0,0,0,1,0,0,0.617
2006,1000.0,16.8,77.7,8.55,0,133.9655,0.4574248470388754,1,0,0,0,0,0,0,0,1,0,0,0,1,0,1.385
2006,544.4,20.3,77.7,1.14,0,11.9907,2.012232791986386,1,0,0,0,0,0,0,0,0,1,0,1,0,0,1.385
2006,811.1,19.5,77.7,2.07,0,33.6364,1.1969481893889715,1,0,0,1,0,0,0,0,0,0,0,0,1,0,1.385
2006,509.4,20.4,77.7,0.97,0,9.0559,2.259677591982769,0,0,0,0,0,0,0,0,1,0,1,1,0,0,1.385
2006,313.0,18.9,77.7,0.27,0,19.771,1.5953389880545987,0,0,0,0,0,0,0,0,0,0,0,0,0,0,1.385
2006,442.8,18.6,77.7,1.78,0,6.3017,2.5900171341906173,0,0,0,1,0,0,0,0,0,0,1,1,0,0,1.385
2006,1043.2,25.0,54.1,0.71,0,4.9862,2.47232786758114,1,0,0,0,0,0,0,0,0,0,1,0,0,1,1.472
2006,1088.3,21.5,54.1,3.59,0,4.7003,2.5265283244788197,1,0,0,1,0,0,0,0,0,0,0,0,0,1,1.472
2006,887.4,22.0,54.1,1.01,0,10.444,1.8213182714695995,0,0,0,0,0,0,0,0,0,0,0,0,1,0,1.472
2006,835.6,22.4,54.1,2.07,0,14.6612,1.5454325824581878,0,0,0,1,0,0,0,0,0,0,1,0,1,0,1.472
2006,1332.0,22.0,54.4,3.08,0,3.6364,2.7700855920216627,1,0,0,0,0,0,0,0,0,0,0,0,0,1,1.511
2006,1536.4,24.5,54.4,1.84,0,10.3226,1.8357763546448294,1,0,0,1,0,0,0,0,0,0,1,0,0,1,1.511
2006,1252.5,22.6,54.4,2.37,0,7.9649,2.057962510002712,1,1,0,0,0,0,0,0,0,0,1,0,0,1,1.511
2006,701.3,22.2,54.4,0.48,0,8.5,2.0014800002101243,0,0,0,0,0,0,0,0,0,0,1,0,1,0,1.511
2006,948.7,24.0,54.4,3.25,0,6.2818,2.2679936482244267,0,0,0,1,0,0,0,0,0,0,0,0,1,0,1.511
2006,1115.1,24.6,54.4,5.33,0,4.8965,2.494031557565001,0,1,0,0,0,0,0,0,0,0,0,0,0,1,1.511
2006,666.4,24.1,67.8,0.43,0,6.9043,2.3813962734183356,1,0,0,0,0,0,0,0,0,0,1,1,0,0,1.053
2006,1098.2,23.5,67.8,3.02,0,25.4887,1.297463147413275,1,0,0,1,0,0,0,0,0,0,1,0,0,1,1.053
2006,924.7,24.2,67.8,0.98,0,17.0781,1.6034198401085376,0,0,0,0,0,0,0,0,0,0,0,0,1,0,1.053
2006,1073.8,23.4,67.8,4.48,0,6.9969,2.3693087250369538,0,0,0,1,0,0,0,0,0,0,1,0,0,1,1.053
2006,1237.1,21.9,45.8,0.37,0,3.8423,2.558776498354456,1,0,0,0,0,0,0,0,0,0,1,0,0,1,1.369
2006,1198.9,19.9,45.8,1.19,0,5.925,2.166765369851511,1,0,0,1,0,0,0,0,0,0,1,0,0,1,1.369
2006,1170.0,22.2,45.8,0.55,0,4.5302,2.4078456036515385,0,0,0,0,0,0,0,0,0,0,1,0,0,1,1.369
2006,1184.9,22.7,45.8,4.34,0,3.7055,2.5922651681085,0,0,0,1,0,0,0,0,0,0,0,0,0,1,1.369
2006,654.3,20.8,36.5,0.69,0,34.7619,0.7178397931503169,1,0,0,0,0,0,0,0,0,0,1,1,0,0,0.583
2006,557.6,21.6,36.5,1.06,0,2.9555,2.5915163848462583,1,0,0,1,0,0,0,0,0,0,1,1,0,0,0.583
2006,385.3,19.9,36.5,0.42,0,2.4898,2.751109690562657,0,0,0,0,0,0,0,0,0,0,1,0,0,0,0.583
2006,455.3,19.6,36.5,0.74,0,3.1357,2.5368663887187113,0,0,0,1,0,0,0,0,0,0,1,1,0,0,0.583
2006,1126.7,20.7,73.0,2.31,0,16.4414,1.6937790608678513,1,0,0,0,0,0,0,0,1,0,1,0,0,1,1.391
2006,1020.2,18.0,73.0,1.41,0,9.8649,2.128231705849268,1,0,0,0,0,0,0,0,0,0,0,0,0,1,1.391
2006,1335.0,17.5,73.0,2.45,0,6.3867,2.5201129055226197,1,0,0,1,0,0,0,0,0,1,0,0,0,1,1.391
2006,111.9,16.3,73.0,0.2,0,13.7218,1.843719208158766,0,0,0,0,0,0,0,0,1,1,0,0,0,0,1.391
2006,310.5,18.9,73.0,0.25,0,6.2234,2.543961412569315,0,0,0,0,0,0,0,0,0,1,0,0,0,0,1.391
2006,384.9,19.0,73.0,0.68,0,8.2673,2.285438934159075,0,0,0,1,0,0,0,0,0,0,1,0,0,0,1.391
2006,920.5,14.3,63.6,0.49,0,75.7143,0.6097655716208943,1,0,0,0,0,0,0,0,0,1,0,0,1,0,1.144
2006,935.3,16.9,63.6,2.03,0,14.1333,1.7047480922384253,1,0,0,1,0,0,0,0,0,0,0,0,1,0,1.144
2006,759.7,17.6,63.6,0.9,0,4.9688,2.624668592163159,0,0,0,0,0,0,0,0,0,0,1,0,1,0,1.144
2006,928.3,15.9,63.6,0.78,0,21.3423,1.3812818192963463,0,0,0,1,0,0,0,0,0,1,0,0,1,0,1.144
2006,1423.2,19.8,52.4,1.03,0,9.6679,1.8594181177018698,1,0,0,0,0,0,0,0,0,0,1,0,0,1,1.602
2006,1367.1,20.5,52.4,1.76,0,10.9623,1.7544036826842861,1,0,0,1,0,0,0,0,0,0,1,0,0,1,1.602
2006,1246.2,19.5,52.4,2.49,0,4.081,2.6275629501895237,1,1,0,0,0,0,0,0,0,1,0,0,0,1,1.602
2006,870.6,20.0,52.4,2.25,0,3.8558,2.6803363625346943,1,0,0,0,0,1,0,0,0,1,0,0,1,0,1.602
2006,630.1,19.3,52.4,0.92,0,15.6886,1.4678743481123135,0,0,0,0,0,0,0,0,0,0,0,1,0,0,1.602
2006,653.6,17.9,52.4,1.62,0,3.6798,2.7239235502585,0,0,0,1,0,0,0,0,0,0,1,1,0,0,1.602
2006,780.3,19.9,52.4,1.99,0,7.763,2.0476928433652555,0,1,0,0,0,0,0,0,0,0,1,0,1,0,1.602
2006,810.2,18.4,52.4,0.84,0,4.0874,2.626116818339524,0,0,0,0,0,1,0,0,0,1,0,0,1,0,1.602
2006,251.3,29.6,17.5,0.2,0,5.627,1.413423028508143,1,0,0,0,0,0,0,0,0,0,0,0,0,0,0.243
2006,541.5,29.8,17.5,0.34,0,1.1905,2.7536607123542622,1,0,0,1,0,0,0,0,0,1,0,1,0,0,0.243
2006,419.5,29.0,17.5,0.2,0,2.6042,2.0438143640366846,0,0,0,0,0,0,0,0,0,0,1,1,0,0,0.243
2006,212.3,31.7,17.5,0.2,1,1.709,2.419478844465545,0,0,0,1,0,0,0,0,0,0,1,0,0,0,0.243
2006,584.1,31.6,13.7,0.2,1,1.8614,2.1234584270966104,1,0,0,0,0,0,0,0,0,0,1,1,0,0,0.212
2006,50.0,33.1,13.7,0.2,1,1.4153,2.3683728335320486,1,0,0,1,0,0,0,0,0,1,0,0,0,0,0.212
2006,297.0,33.2,13.7,0.2,1,1.5411,2.2915241456346207,0,0,0,0,0,0,0,0,0,0,1,0,0,0,0.212
2006,181.8,30.9,13.7,0.2,1,3.0717,1.6974487897568136,0,0,0,1,0,0,0,0,0,1,0,0,0,0,0.212
2007,999.2,18.9,74.9,5.85,0,5.1231,2.7485521444115397,1,0,0,0,0,0,0,0,1,0,0,0,1,0,3.582
2007,817.2,16.3,74.9,1.39,0,82.3077,0.6471032420585384,1,0,0,0,0,0,0,0,0,0,0,0,1,0,3.582
2007,1102.9,18.5,74.9,6.14,0,9.2928,2.203869120054888,1,0,0,1,0,0,0,0,0,1,0,0,0,1,3.582
2007,852.9,18.8,74.9,2.93,0,5.0883,2.7549337870010606,0,0,0,0,0,0,0,0,1,1,0,0,1,0,3.582
2007,425.8,18.0,74.9,0.22,0,5.2672,2.7226103524335397,0,0,0,0,0,0,0,0,0,0,0,1,0,0,3.582
2007,614.4,18.3,74.9,3.94,0,13.8447,1.8578592709325787,0,0,0,1,0,0,0,0,0,0,0,1,0,0,3.582
2007,948.7,16.6,118.0,7.44,0,21.1849,1.8825138324965192,1,0,0,0,0,0,0,0,1,1,0,0,1,0,4.069
2007,1006.5,16.0,118.0,1.76,0,7.8719,2.771963526845863,1,0,0,0,0,0,0,0,0,0,0,0,0,1,4.069
2007,816.6,17.3,118.0,5.31,0,8.7214,2.6762154775821916,1,0,0,1,0,0,0,0,0,0,0,0,1,0,4.069
2007,589.3,17.7,118.0,5.79,0,8.5076,2.6993457604720636,0,0,0,0,0,0,0,0,1,0,1,1,0,0,4.069
2007,778.9,16.5,118.0,1.23,0,26.2222,1.7047480922384253,0,0,0,0,0,0,0,0,0,0,1,0,1,0,4.069
2007,759.8,17.5,118.0,1.2,0,11.059,2.4570214462984645,0,0,0,1,0,0,0,0,0,0,0,0,1,0,4.069
2007,966.5,18.0,122.0,5.1,0,11.6858,2.437115985951652,1,0,0,0,0,0,0,0,1,1,0,0,1,0,3.973
2007,874.0,20.6,122.0,2.34,0,15.6812,2.1724764076470255,1,0,0,0,0,0,0,0,0,0,0,0,1,0,3.973
2007,640.6,19.0,122.0,4.44,0,12.3984,2.3832429960115,1,0,0,1,0,0,0,0,0,0,0,1,0,0,3.973
2007,859.3,20.0,122.0,5.74,0,10.9221,2.498973906999436,1,0,0,0,1,0,0,0,0,0,0,0,1,0,3.973
2007,650.9,18.9,122.0,4.39,0,26.4642,1.724550719534605,0,0,0,0,0,0,0,0,1,1,0,1,0,0,3.973
2007,580.5,18.4,122.0,1.86,0,13.5857,2.300583090323373,0,0,0,0,0,0,0,0,0,0,0,1,0,0,3.973
2007,537.7,17.6,122.0,3.76,0,16.7123,2.1162555148025524,0,0,0,1,0,0,0,0,0,0,0,1,0,0,3.973
2007,739.8,17.7,122.0,10.28,0,8.7019,2.7093826463359885,0,0,0,0,1,0,0,0,0,0,0,0,1,0,3.973
2007,870.3,18.9,91.8,2.18,0,14.9755,1.9643112344262046,1,0,0,0,0,0,0,0,0,1,0,0,1,0,2.798
2007,479.5,19.4,91.8,0.78,0,7.8731,2.5384474167160302,1,0,0,1,0,0,0,0,0,1,0,1,0,0,2.798
2007,1127.8,17.5,91.8,8.15,0,67.0073,0.8628899551470398,1,0,0,0,0,0,0,1,0,0,0,0,0,1,2.798
2007,492.5,19.6,91.8,0.37,0,8.2332,2.4973291697865574,0,0,0,0,0,0,0,0,0,1,0,1,0,0,2.798
2007,440.9,19.0,91.8,0.96,0,7.5123,2.5817308344235403,0,0,0,1,0,0,0,0,0,0,0,1,0,0,2.798
2007,626.4,19.5,91.8,2.26,0,8.6116,2.4561641809223462,0,0,0,0,0,0,0,1,0,0,0,1,0,0,2.798
2007,1094.6,19.1,130.3,2.06,0,18.3006,2.0943301541735866,1,0,0,0,0,0,0,0,0,1,0,0,0,1,2.502
2007,1264.0,17.8,130.3,4.83,0,27.1458,1.7578579175523736,1,0,0,1,0,0,0,0,0,1,0,0,0,1,2.502
2007,961.4,19.0,130.3,2.21,0,63.8725,1.1118575154181303,0,0,0,0,0,0,0,0,0,1,0,0,1,0,2.502
2007,781.9,19.4,130.3,6.23,0,35.2162,1.547562508716013,0,0,0,1,0,0,0,0,0,0,0,0,1,0,2.502
2007,1243.2,19.1,42.7,1.36,0,5.9637,2.0992441689760155,1,0,0,0,0,0,0,0,0,1,0,0,0,1,2.346
2007,1021.8,19.7,42.7,4.36,0,4.4759,2.355177543113216,1,0,0,1,0,0,0,0,0,0,0,0,0,1,2.346
2007,1183.6,19.3,42.7,0.75,0,33.622,0.8197798314933114,0,0,0,0,0,0,0,0,0,0,1,0,0,1,2.346
2007,977.6,21.1,42.7,1.37,0,11.6667,1.5390154481375546,0,0,0,1,0,0,0,0,0,1,0,0,1,0,2.346
2007,1653.4,19.7,99.7,2.26,0,155.7812,0.49469624183610705,1,0,0,0,0,0,0,0,0,0,0,0,0,1,2.552
2007,1402.0,20.6,99.7,6.18,0,6.972,2.72785282839839,1,0,0,1,0,0,0,0,0,1,0,0,0,1,2.552
2007,1063.5,16.2,99.7,1.19,0,10.7784,2.327277705584417,0,0,0,0,0,0,0,0,0,0,0,0,0,1,2.552
2007,838.8,19.3,99.7,3.29,0,8.9901,2.492378664626701,0,0,0,1,0,0,0,0,0,0,0,0,1,0,2.552
2007,2084.8,18.6,102.2,2.3,0,34.6441,1.3737155789130306,1,0,0,0,0,0,0,0,0,0,1,0,0,1,2.398
2007,1788.4,19.4,102.2,7.91,0,27.3995,1.5539252025038417,1,0,0,1,0,0,0,0,0,1,0,0,0,1,2.398
2007,1281.3,17.4,102.2,0.36,0,10.3651,2.3850863145057892,0,0,0,0,0,0,0,0,0,1,0,0,0,1,2.398
2007,640.7,18.3,102.2,0.76,0,44.2424,1.1969481893889715,0,0,0,1,0,0,0,0,0,0,0,1,0,0,2.398
2007,1217.3,20.9,61.6,1.97,0,7.0481,2.2762411176544437,1,0,0,0,0,0,0,0,0,0,0,0,0,1,1.579
2007,1011.8,20.9,61.6,3.32,0,10.0818,1.9615022438151495,1,0,0,1,0,0,0,0,0,1,0,0,0,1,1.579
2007,1289.2,19.2,61.6,1.19,0,59.2308,0.712949807856125,0,0,0,0,0,0,0,0,0,0,1,0,0,1,1.579
2007,706.0,18.7,61.6,1.15,0,16.2963,1.5644405465033644,0,0,0,1,0,0,0,0,0,0,1,0,1,0,1.579
2007,1140.4,16.0,108.7,1.27,0,10.6569,2.4159137783010487,1,0,0,0,0,0,0,0,0,0,0,0,0,1,3.983
2007,1342.2,17.5,108.7,6.49,0,14.7891,2.122261538862764,1,0,0,1,0,0,0,0,0,0,0,0,0,1,3.983
2007,1039.5,17.3,108.7,3.28,0,10.8159,2.402430427963762,1,0,0,0,0,0,0,1,0,0,0,0,0,1,3.983
2007,1093.2,16.5,108.7,15.35,0,13.5536,2.199444334074532,1,0,0,0,1,0,0,0,0,1,0,0,0,1,3.983
2007,697.6,17.8,108.7,1.1,0,14.9725,2.1114245875328868,0,0,0,0,0,0,0,0,0,0,1,1,0,0,3.983
2007,1084.6,17.6,108.7,3.32,0,11.002,2.3869262414277967,0,0,0,1,0,0,0,0,0,0,1,0,0,1,3.983
2007,856.9,19.2,108.7,2.1,0,155.2857,0.5306282510621704,0,0,0,0,0,0,0,1,0,0,1,0,1,0,3.983
2007,1152.9,17.1,108.7,13.42,0,9.2119,2.5494451709255714,0,0,0,0,1,0,0,0,0,0,0,0,0,1,3.983
2007,1287.6,17.5,109.1,1.44,0,13.0659,2.2353763433005955,1,0,0,0,0,0,0,0,0,0,0,0,0,1,2.733
2007,1236.5,16.5,109.1,4.08,0,9.2458,2.5494451709255714,1,0,0,1,0,0,0,0,0,0,1,0,0,1,2.733
2007,1259.6,19.4,109.1,2.93,0,15.5413,2.081938421878423,1,0,0,0,0,0,0,1,0,0,1,0,0,1,2.733
2007,859.0,17.3,109.1,0.75,0,10.8882,2.3997118037247684,0,0,0,0,0,0,0,0,0,0,1,0,1,0,2.733
2007,1248.4,16.4,109.1,3.28,0,10.9648,2.3933394562625097,0,0,0,1,0,0,0,0,0,1,0,0,0,1,2.733
2007,622.2,19.1,109.1,1.05,0,16.4555,2.0320878452963655,0,0,0,0,0,0,0,1,0,0,0,1,0,0,2.733
2007,1336.1,15.1,69.1,1.18,0,6.8484,2.4060438013622756,1,0,0,0,0,0,0,0,0,0,1,0,0,1,1.242
2007,789.0,15.3,69.1,1.56,0,6.9517,2.392425796993835,1,0,0,1,0,0,0,0,0,0,1,0,1,0,1.242
2007,721.5,15.8,69.1,1.63,0,33.0622,1.128171090909654,1,0,0,0,0,0,0,1,0,0,1,0,1,0,1.242
2007,985.9,16.9,69.1,2.24,0,10.2827,2.0438143640366846,1,0,1,0,0,0,0,0,0,1,0,0,1,0,1.242
2007,328.9,16.5,69.1,0.2,0,19.9711,1.4951487660319727,0,0,0,0,0,0,0,0,0,0,1,0,0,0,1.242
2007,456.9,16.6,69.1,1.1,0,6.299,2.482403519569882,0,0,0,1,0,0,0,0,0,0,1,1,0,0,1.242
2007,233.1,18.2,69.1,0.2,0,11.1632,1.9726911717329554,0,0,0,0,0,0,0,1,0,1,0,0,0,0,1.242
2007,527.3,14.9,69.1,0.79,0,5.846,2.551006451492524,0,0,1,0,0,0,0,0,0,1,0,1,0,0,1.242
2007,847.5,18.1,52.1,1.42,0,10.7867,1.763017000362401,1,0,0,0,0,0,0,0,0,0,1,0,1,0,1.371
2007,756.4,17.6,52.1,1.11,0,5.3001,2.382320061012899,1,0,0,1,0,0,0,0,0,1,0,0,1,0,1.371
2007,1166.9,16.8,52.1,3.48,0,5.7316,2.3115448343655176,1,0,0,0,0,0,0,1,0,1,0,0,0,1,1.371
2007,1028.1,17.8,52.1,1.92,0,4.2016,2.5952547069568657,1,0,1,0,0,0,0,0,0,0,1,0,0,1,1.371
2007,360.0,17.8,52.1,0.2,0,4.1747,2.601207105484161,0,0,0,0,0,0,0,0,0,0,1,0,0,0,1.371
2007,497.3,19.8,52.1,1.97,0,5.399,2.365559892155434,0,0,0,1,0,0,0,0,0,0,1,1,0,0,1.371
2007,535.9,17.7,52.1,1.95,0,68.5526,0.5653138090500605,0,0,0,0,0,0,0,1,0,0,1,1,0,0,1.371
2007,837.3,19.0,52.1,0.93,0,12.1729,1.6639260977181702,0,0,1,0,0,0,0,0,0,0,1,0,1,0,1.371
2007,842.2,20.1,73.2,1.16,0,44.908,0.9669838461896731,1,0,0,0,0,0,0,0,0,0,0,0,1,0,0.987
2007,637.7,17.0,73.2,1.25,0,24.7297,1.3762440252663892,1,0,0,1,0,0,0,0,0,0,1,1,0,0,0.987
2007,576.2,18.9,73.2,0.62,0,11.8065,1.9740810260220096,1,0,1,0,0,0,0,0,0,0,1,1,0,0,0.987
2007,594.4,18.1,73.2,1.09,0,7.4164,2.386006701133118,0,0,0,0,0,0,0,0,0,0,1,1,0,0,0.987
2007,609.1,16.7,73.2,1.47,0,6.3487,2.528125768907977,0,0,0,1,0,0,0,0,0,1,0,1,0,0,0.987
2007,471.2,18.4,73.2,0.68,0,15.2818,1.7561322915849038,0,0,1,0,0,0,0,0,0,0,1,1,0,0,0.987
2007,680.7,17.8,60.4,0.67,0,5.6238,2.4630018143999504,1,0,0,0,0,0,0,0,0,0,1,1,0,0,1.215
2007,914.0,18.6,60.4,1.97,0,4.9106,2.5877640352277083,1,0,0,1,0,0,0,0,0,0,1,0,1,0,1.215
2007,1113.4,18.2,60.4,3.25,0,14.6602,1.6331544390514163,1,0,1,0,0,0,0,0,0,0,0,0,0,1,1.215
2007,830.2,17.7,60.4,1.08,0,37.284,0.9631743177730056,1,0,0,0,0,1,0,0,0,0,1,0,1,0,1.215
2007,321.6,18.7,60.4,0.34,0,4.9266,2.5847519847577165,0,0,0,0,0,0,0,0,0,0,0,0,0,0,1.215
2007,588.7,16.5,60.4,1.12,0,6.9425,2.272125885509337,0,0,0,1,0,0,0,0,0,1,0,1,0,0,1.215
2007,537.3,17.1,60.4,0.8,0,16.7778,1.5260563034950492,0,0,1,0,0,0,0,0,0,0,1,1,0,0,1.215
2007,373.5,17.5,60.4,0.26,0,5.6714,2.4553061800117097,0,0,0,0,0,1,0,0,0,0,1,0,0,0,1.215
2007,929.3,20.8,79.6,2.06,0,17.0085,1.7369512327330598,1,0,0,0,0,0,0,0,0,0,0,0,1,0,1.367
2007,792.0,19.3,79.6,3.82,0,6.2382,2.6217658325051976,1,0,0,1,0,0,0,0,0,0,0,0,1,0,1.367
2007,780.0,20.7,79.6,2.22,0,84.6809,0.6626879730752367,1,0,1,0,0,0,0,0,0,0,1,0,1,0,1.367
2007,571.1,20.6,79.6,1.41,0,15.1044,1.8357763546448294,0,0,0,0,0,0,0,0,0,0,1,1,0,0,1.367
2007,489.7,19.3,79.6,1.89,0,90.4545,0.6312717768418579,0,0,0,1,0,0,0,0,0,1,0,1,0,0,1.367
2007,456.3,20.5,79.6,1.26,0,32.8926,1.2296405510745139,0,0,1,0,0,0,0,0,0,0,1,1,0,0,1.367
2007,862.9,18.0,65.9,2.85,0,13.2596,1.7867469274045107,1,0,0,0,0,0,0,0,0,0,0,0,1,0,1.854
2007,770.8,17.1,65.9,2.33,0,4.5669,2.7363136663750693,1,0,0,1,0,0,0,0,0,0,1,0,1,0,1.854
2007,1104.2,16.7,65.9,3.51,0,12.3408,1.8468787684491346,1,0,1,0,0,0,0,0,0,0,1,0,0,1,1.854
2007,641.3,17.3,65.9,3.1,0,18.1543,1.5325568680981427,1,0,0,0,1,0,0,0,0,0,1,1,0,0,1.854
2007,370.6,16.5,65.9,0.23,0,6.4418,2.418588768750352,0,0,0,0,0,0,0,0,0,0,1,0,0,0,1.854
2007,680.3,17.2,65.9,1.66,0,4.8385,2.6823904543216326,0,0,0,1,0,0,0,0,0,1,0,1,0,0,1.854
2007,435.5,17.5,65.9,0.87,0,41.7089,0.9477893989335261,0,0,1,0,0,0,0,0,0,0,1,1,0,0,1.854
2007,312.4,14.5,65.9,0.73,0,6.0793,2.4714836294558595,0,0,0,0,1,0,0,0,0,0,1,0,0,0,1.854
2007,363.9,19.1,71.6,0.33,0,9.4087,2.152924318439639,1,0,0,0,0,0,0,0,0,0,1,0,0,0,1.181
2007,789.7,22.4,71.6,5.57,0,10.3319,2.0706530356467567,1,0,0,1,0,0,0,0,0,1,0,0,1,0,1.181
2007,446.0,19.7,71.6,0.43,0,77.8261,0.6523251860396903,0,0,0,0,0,0,0,0,0,0,1,1,0,0,1.181
2007,798.6,18.8,71.6,2.67,0,5.416,2.6546494243750947,0,0,0,1,0,0,0,0,0,1,0,0,1,0,1.181
2007,904.1,16.2,64.6,1.46,0,4.5525,2.7206373166076814,1,0,0,0,0,0,0,0,0,0,0,0,1,0,3.861
2007,1104.9,16.3,64.6,3.48,0,8.0851,2.196112848483529,1,0,0,1,0,0,0,0,0,0,0,0,0,1,3.861
2007,622.4,15.2,64.6,4.94,0,8.935,2.1077860146889784,1,0,0,0,1,0,0,0,0,1,0,1,0,0,3.861
2007,603.6,16.3,64.6,0.58,0,7.4855,2.2648832258100344,0,0,0,0,0,0,0,0,0,0,1,1,0,0,3.861
2007,1075.6,16.0,64.6,2.12,0,7.5644,2.255493485460195,0,0,0,1,0,0,0,0,0,1,0,0,0,1,3.861
2007,776.8,14.5,64.6,6.87,0,5.5546,2.5360749363624,0,0,0,0,1,0,0,0,0,0,0,0,1,0,3.861
2007,471.8,21.7,23.7,0.36,0,2.3489,2.4060438013622756,1,0,0,0,0,0,0,0,0,1,0,1,0,0,0.496
2007,774.7,21.0,23.7,1.52,0,5.4861,1.6714733033535532,1,0,0,1,0,0,0,0,0,1,0,0,1,0,0.496
2007,650.9,16.6,23.7,0.23,0,10.5333,1.1786549963416462,0,0,0,0,0,0,0,0,0,0,1,1,0,0,0.496
2007,154.0,16.9,23.7,0.2,0,2.4433,2.3702437414678603,0,0,0,1,0,0,0,0,0,0,1,0,0,0,0.496
2007,683.1,23.5,65.5,1.13,0,43.3775,0.9202827531436926,1,0,0,0,0,0,1,0,0,0,1,1,0,0,0.89
2007,486.5,23.9,65.5,0.4,0,4.9285,2.659559991941776,1,0,0,0,0,0,0,0,0,0,1,1,0,0,0.89
2007,928.1,21.1,65.5,3.01,0,14.9886,1.6808279085207734,1,0,0,1,0,0,0,0,0,0,1,0,1,0,0.89
2007,682.3,24.3,65.5,0.35,0,8.4082,2.1736147116970854,0,0,0,0,0,0,1,0,0,0,1,1,0,0,0.89
2007,559.3,23.7,65.5,0.61,0,14.1775,1.7263316639055997,0,0,0,0,0,0,0,0,0,1,0,1,0,0,0.89
2007,299.1,22.9,65.5,0.36,0,4.8411,2.6762154775821916,0,0,0,1,0,0,0,0,0,0,1,0,0,0,0.89
2007,367.9,22.1,16.4,0.36,0,6.9198,1.2149127443642704,1,0,0,0,0,0,1,0,0,1,0,0,0,0,0.48
2007,878.2,23.7,16.4,0.4,0,12.1481,0.8544153281560676,1,0,0,0,0,0,0,0,0,0,1,0,1,0,0.48
2007,894.3,26.2,16.4,1.45,0,19.759,0.6043159668533294,1,0,0,1,0,0,0,0,0,0,0,0,1,0,0.48
2007,615.5,24.1,16.4,0.43,0,1.2985,2.612273245708441,0,0,0,0,0,0,1,0,0,0,0,1,0,0,0.48
2007,577.7,25.0,16.4,0.33,0,2.1189,2.167910189667444,0,0,0,0,0,0,0,0,0,0,0,1,0,0,0.48
2007,242.3,24.7,16.4,0.2,0,23.4286,0.5306282510621704,0,0,0,1,0,0,0,0,0,0,0,0,0,0,0.48
2007,619.8,24.0,22.8,0.49,0,9.3443,1.235471471385307,1,0,0,0,0,0,1,0,0,0,0,1,0,0,0.455
2007,371.4,24.7,22.8,0.2,0,5.6158,1.6213664832993742,1,0,0,0,0,0,0,0,0,0,1,0,0,0,0.455
2007,683.3,23.7,22.8,1.63,0,9.0837,1.2556160374777743,1,0,0,1,0,0,0,0,0,1,0,1,0,0,0.455
2007,350.5,24.7,22.8,0.4,0,1.6691,2.6851226964585053,0,0,0,0,0,0,1,0,0,0,0,0,0,0,0.455
2007,122.3,26.1,22.8,0.2,0,10.2242,1.172482137234565,0,0,0,0,0,0,0,0,0,0,1,0,0,0,0.455
2007,654.7,23.5,22.8,0.87,0,1.9338,2.548663615590751,0,0,0,1,0,0,0,0,0,0,1,1,0,0,0.455
2007,757.6,28.4,31.7,0.2,0,4.9609,2.0001277349601105,1,0,0,0,0,0,0,0,0,0,1,0,1,0,0.266
2007,876.3,30.5,31.7,0.3,1,3.9924,2.190535589185423,1,0,0,1,0,0,0,0,0,1,0,0,1,0,0.266
2007,474.5,30.4,31.7,0.2,1,2.8818,2.4849066497880004,0,0,0,0,0,0,0,0,0,1,0,1,0,0,0.266
2007,853.8,27.6,31.7,0.5,0,2.9765,2.4553061800117097,0,0,0,1,0,0,0,0,0,0,1,0,1,0,0.266
2007,759.7,28.1,16.9,0.2,0,1.1986,2.714694743820879,1,0,0,0,0,0,0,0,0,1,0,0,1,0,0.661
2007,887.6,28.6,16.9,0.43,0,6.6016,1.269760544863939,1,0,0,1,0,0,0,0,0,0,1,0,1,0,0.661
2007,703.6,28.3,16.9,1.75,0,3.5881,1.742219023667919,1,1,0,0,0,0,0,0,0,0,1,0,1,0,0.661
2007,499.8,27.4,16.9,0.2,0,1.1893,2.7219531062712017,0,0,0,0,0,0,0,0,0,1,0,1,0,0,0.661
2007,392.4,26.8,16.9,0.44,0,15.2252,0.7466879474879752,0,0,0,1,0,0,0,0,0,0,1,0,0,0,0.661
2007,485.5,25.8,16.9,0.93,0,1.2193,2.698673039289613,0,1,0,0,0,0,0,0,0,0,1,1,0,0,0.661
2007,1095.8,26.6,39.7,0.27,0,4.8238,2.222459048514761,1,0,0,0,0,0,0,0,0,0,1,0,0,1,0.678
2007,1003.7,25.7,39.7,1.31,0,3.5605,2.4973291697865574,1,0,0,1,0,0,0,0,0,0,1,0,0,1,0.678
2007,792.5,28.0,39.7,1.51,0,15.1527,1.2864740258376797,1,1,0,0,0,0,0,0,0,0,1,0,1,0,0.678
2007,752.5,27.9,39.7,0.2,0,3.6025,2.4865719291070616,0,0,0,0,0,0,0,0,0,0,1,0,1,0,0.678
2007,271.1,27.5,39.7,0.2,0,10.9066,1.534714366238164,0,0,0,1,0,0,0,0,0,0,0,0,0,0,0.678
2007,568.6,27.0,39.7,1.76,0,6.6388,1.9430489167742813,0,1,0,0,0,0,0,0,0,1,0,1,0,0,0.678
2007,283.3,29.4,35.1,0.2,0,27.2093,0.8285518175661483,1,0,0,0,0,0,0,0,0,1,0,0,0,0,0.341
2007,692.7,27.5,35.1,0.75,0,2.6672,2.6504210882655737,1,0,0,1,0,0,0,0,0,0,1,1,0,0,0.341
2007,374.2,27.5,35.1,0.72,0,2.4771,2.719319793360441,1,0,0,0,0,1,0,0,0,0,0,0,0,0,0.341
2007,98.7,29.4,35.1,0.2,0,11.4706,1.4011829736136414,0,0,0,0,0,0,0,0,0,0,1,0,0,0,0.341
2007,432.6,29.3,35.1,0.38,0,8.3571,1.6486586255873816,0,0,0,1,0,0,0,0,0,0,1,1,0,0,0.341
2007,300.6,28.7,35.1,0.54,0,4.3387,2.2071749081893874,0,0,0,0,0,1,0,0,0,0,1,0,0,0,0.341
2007,1177.3,28.8,26.1,0.24,0,3.1257,2.2353763433005955,1,0,0,0,0,0,0,0,0,0,0,0,0,1,0.339
2007,939.1,25.9,26.1,1.06,0,14.5,1.0296194171811581,1,0,0,1,0,0,0,0,0,0,1,0,1,0,0.339
2007,853.9,28.1,26.1,0.2,0,2.6284,2.391511302188447,0,0,0,0,0,0,0,0,0,0,1,0,1,0,0.339
2007,651.1,27.3,26.1,0.68,0,4.8694,1.8500283773520307,0,0,0,1,0,0,0,0,0,0,0,1,0,0,0.339
2007,870.5,23.8,30.5,0.26,0,3.7983,2.200552367428894,1,0,0,0,0,0,0,0,0,0,1,0,1,0,0.628
2007,1011.8,23.0,30.5,2.83,0,9.1045,1.4701758451005926,1,0,0,1,0,0,0,0,0,0,0,0,0,1,0.628
2007,406.8,22.5,30.5,0.33,0,3.0653,2.3933394562625097,0,0,0,0,0,0,0,0,0,1,0,1,0,0,0.628
2007,368.8,27.7,30.5,0.54,0,2.339,2.641910398597665,0,0,0,1,0,0,0,0,0,0,1,0,0,0,0.628
2007,250.0,33.6,18.7,0.2,1,5.7895,1.4422019930581866,1,0,0,0,0,0,1,0,0,0,1,0,0,0,0.251
2007,302.6,31.4,18.7,0.2,1,3.2186,1.918392120161421,1,0,0,0,0,0,0,0,0,0,1,0,0,0,0.251
2007,154.8,30.8,18.7,0.2,1,1.5265,2.583997552432231,1,0,0,1,0,0,0,0,0,1,0,0,0,0,0.251
2007,277.9,30.6,18.7,0.62,1,2.2209,2.2428350885882717,0,0,0,0,0,0,1,0,0,1,0,0,0,0,0.251
2007,210.0,35.2,18.7,0.2,1,1.4092,2.658159431488745,0,0,0,0,0,0,0,0,0,0,1,0,0,0,0.251
2007,109.9,31.3,18.7,0.2,1,1.5105,2.5937610547000824,0,0,0,1,0,0,0,0,0,0,0,0,0,0,0.251
2007,217.1,34.2,14.7,0.2,1,2.3825,1.969905654611529,1,0,0,0,0,0,1,0,0,0,0,0,0,0,0.239
2007,243.4,34.9,14.7,0.2,1,2.6203,1.888583653863595,1,0,0,0,0,0,0,0,0,0,1,0,0,0,0.239
2007,286.9,33.1,14.7,0.33,1,2.1151,2.0731719286662407,1,0,0,1,0,0,0,0,0,0,0,0,0,0,0.239
2007,133.9,33.1,14.7,0.2,1,1.0987,2.6658383522929006,0,0,0,0,0,0,1,0,0,0,1,0,0,0,0.239
2007,203.8,31.9,14.7,0.2,1,1.0258,2.7298116928837226,0,0,0,0,0,0,0,0,0,0,0,0,0,0,0.239
2007,255.3,31.0,14.7,0.2,1,1.5875,2.3282528397426234,0,0,0,1,0,0,0,0,0,0,0,0,0,0,0.239
2007,252.5,34.1,23.7,0.28,1,3.2871,2.105352923464337,1,0,0,0,0,0,1,0,0,0,1,0,0,0,0.215
2007,295.2,35.5,23.7,0.2,1,2.9295,2.2071749081893874,1,0,0,0,0,0,0,0,0,0,1,0,0,0,0.215
2007,68.3,36.4,23.7,0.2,1,6.0614,1.5912739418064292,1,0,0,1,0,0,0,0,0,0,1,0,0,0,0.215
2007,100.3,34.7,23.7,0.2,1,2.9115,2.2126603854660587,0,0,0,0,0,0,1,0,0,0,1,0,0,0,0.215
2007,96.9,35.6,23.7,0.2,1,5.5765,1.6582280766035324,0,0,0,0,0,0,0,0,0,0,1,0,0,0,0.215
2007,322.4,34.8,23.7,0.2,1,1.7941,2.6539459421090092,0,0,0,1,0,0,0,0,0,0,1,0,0,0,0.215
2007,199.2,33.5,25.3,0.22,1,6.8564,1.5454325824581878,1,0,0,0,0,0,1,0,0,0,1,0,0,0,0.216
2007,221.6,35.6,25.3,0.2,1,1.8033,2.710048203764883,1,0,0,0,0,0,0,0,0,0,0,0,0,0,0.216
2007,307.8,34.0,25.3,0.42,1,2.2509,2.50470927708418,1,0,0,1,0,0,0,0,0,1,0,0,0,0,0.216
2007,50.0,35.6,25.3,0.2,1,1.9921,2.617395832834079,0,0,0,0,0,0,1,0,0,0,0,0,0,0,0.216
2007,135.2,35.9,25.3,0.2,1,32.4359,0.5766133643039938,0,0,0,0,0,0,0,0,0,0,0,0,0,0,0.216
2007,63.9,37.5,25.3,0.2,1,2.8881,2.278292400425001,0,0,0,1,0,0,0,0,0,0,1,0,0,0,0.216
2007,742.4,24.3,71.9,0.69,0,20.0279,1.5238800240724537,1,0,0,0,0,0,0,0,0,0,1,0,1,0,1.081
2007,575.8,21.0,71.9,3.92,0,15.6304,1.7227665977411035,1,0,0,1,0,0,0,0,0,0,0,1,0,0,1.081
2007,647.0,22.1,71.9,0.75,0,14.043,1.8115620965242347,0,0,0,0,0,0,0,0,0,0,1,1,0,0,1.081
2007,700.7,21.6,71.9,3.49,0,15.9424,1.706564623164823,0,0,0,1,0,0,0,0,0,0,0,0,1,0,1.081
2007,628.7,26.6,29.3,0.33,0,7.3434,1.6074359097634274,1,0,0,0,0,0,0,0,0,0,0,1,0,0,0.34
2007,459.0,24.6,29.3,0.48,0,6.1297,1.7544036826842861,1,0,0,1,0,0,0,0,0,1,0,1,0,0,0.34
2007,248.7,25.7,29.3,0.2,0,23.254,0.8153648132841945,0,0,0,0,0,0,0,0,0,0,1,0,0,0,0.34
2007,268.9,25.4,29.3,0.42,0,2.718,2.4664031782234406,0,0,0,1,0,0,0,0,0,0,1,0,0,0,0.34
2007,625.8,23.5,13.2,0.31,0,1.2313,2.4612967841488667,1,0,0,0,0,0,0,0,0,0,1,1,0,0,0.617
2007,546.8,23.0,13.2,0.8,0,1.3442,2.3813962734183356,1,0,0,1,0,0,0,0,0,0,0,1,0,0,0.617
2007,359.9,24.5,13.2,0.2,0,1.3387,2.3850863145057892,0,0,0,0,0,0,0,0,0,0,1,0,0,0,0.617
2007,410.3,21.9,13.2,0.5,0,2.0122,2.0228711901914416,0,0,0,1,0,0,0,0,0,0,1,1,0,0,0.617
2007,915.8,19.4,54.2,1.83,0,47.9646,0.7561219797213337,1,0,0,0,0,0,0,0,1,0,1,0,1,0,1.385
2007,960.2,18.4,54.2,0.74,0,4.3816,2.5930133911138515,1,0,0,0,0,0,0,0,0,0,1,0,1,0,1.385
2007,447.0,20.4,54.2,1.37,0,23.5652,1.1939224684724346,1,0,0,1,0,0,0,0,0,0,1,1,0,0,1.385
2007,609.2,19.9,54.2,1.81,0,18.1879,1.3812818192963463,0,0,0,0,0,0,0,0,1,1,0,1,0,0,1.385
2007,477.6,21.5,54.2,0.65,0,5.0988,2.453587966530573,0,0,0,0,0,0,0,0,0,0,0,1,0,0,1.385
2007,508.7,20.9,54.2,2.99,0,9.7482,1.8809906029559975,0,0,0,1,0,0,0,0,0,0,0,1,0,0,1.385
2007,1043.9,25.1,44.1,0.72,0,9.403,1.7387102481382397,1,0,0,0,0,0,0,0,0,0,1,0,0,1,1.472
2007,851.4,21.4,44.1,2.74,0,15.4196,1.3506671834767394,1,0,0,1,0,0,0,0,0,1,0,0,1,0,1.472
2007,882.3,23.0,44.1,0.28,0,18.6864,1.2119409739751128,0,0,0,0,0,0,0,0,0,0,1,0,1,0,1.472
2007,674.8,23.4,44.1,1.81,0,3.5422,2.598979106047848,0,0,0,1,0,0,0,0,0,1,0,1,0,0,1.472
2007,1063.4,24.2,56.2,0.92,0,22.753,1.244154593958768,1,0,0,0,0,0,0,0,0,0,0,0,0,1,1.511
2007,1036.4,22.8,56.2,3.4,0,8.6862,2.010894999144726,1,0,0,1,0,0,0,0,0,0,1,0,0,1,1.511
2007,772.0,22.1,56.2,1.1,0,5.3069,2.4501426573516603,1,1,0,0,0,0,0,0,0,1,0,0,1,0,1.511
2007,426.2,23.2,56.2,0.22,0,4.496,2.6026896854443837,0,0,0,0,0,0,0,0,0,0,1,1,0,0,1.511
2007,120.2,22.9,56.2,0.2,0,4.5323,2.5952547069568657,0,0,0,1,0,0,0,0,0,0,0,0,0,0,1.511
2007,714.9,21.7,56.2,2.61,0,4.0666,2.695977619867941,0,1,0,0,0,0,0,0,0,1,0,0,1,0,1.511
2007,1070.8,23.4,82.8,0.87,0,10.7532,2.163323025660538,1,0,0,0,0,0,0,0,0,1,0,0,0,1,1.053
2007,1114.8,23.6,82.8,5.42,0,43.125,1.0715836162801904,1,0,0,1,0,0,0,0,0,0,0,0,0,1,1.053
2007,720.6,23.8,82.8,0.91,0,7.7674,2.4561641809223462,0,0,0,0,0,0,0,0,0,1,0,0,1,0,1.053
2007,640.5,23.0,82.8,1.33,0,21.0687,1.5953389880545987,0,0,0,1,0,0,0,0,0,0,0,1,0,0,1.053
2007,970.4,20.7,46.3,1.1,0,58.6076,0.5822156198526637,1,0,0,0,0,0,0,0,0,0,1,0,1,0,1.369
2007,1168.3,21.6,46.3,2.52,0,4.1749,2.492378664626701,1,0,0,1,0,0,0,0,0,0,1,0,0,1,1.369
2007,729.1,21.2,46.3,0.62,0,4.672,2.3896797998449792,0,0,0,0,0,0,0,0,0,0,1,0,1,0,1.369
2007,1096.7,21.6,46.3,2.06,0,3.792,2.580974118534234,0,0,0,1,0,0,0,0,0,0,1,0,0,1,1.369
2007,691.5,21.1,17.6,0.39,0,1.2894,2.6844403354630764,1,0,0,0,0,0,0,0,0,0,1,1,0,0,0.583
2007,604.7,22.1,17.6,1.07,0,3.2294,1.864080130807681,1,0,0,1,0,0,0,0,0,0,0,1,0,0,0.583
2007,411.9,23.0,17.6,0.21,0,1.673,2.444084655267745,0,0,0,0,0,0,0,0,0,0,0,1,0,0,0.583
2007,502.8,22.6,17.6,1.1,0,2.372,2.130609828254235,0,0,0,1,0,0,0,0,0,0,1,1,0,0,0.583
2007,1007.2,19.5,70.6,3.62,0,31.3778,1.1786549963416462,1,0,0,0,0,0,0,0,1,0,1,0,0,1,1.391
2007,799.5,18.9,70.6,1.51,0,80.2273,0.6312717768418579,1,0,0,0,0,0,0,0,0,0,1,0,1,0,1.391
2007,716.4,16.2,70.6,1.43,0,5.0501,2.7067159780890733,1,0,0,1,0,0,0,0,0,0,1,0,1,0,1.391
2007,376.0,18.1,70.6,0.83,0,8.8805,2.191653532286764,0,0,0,0,0,0,0,0,1,1,0,0,0,0,1.391
2007,612.1,16.9,70.6,0.67,0,7.2559,2.373043556642607,0,0,0,0,0,0,0,0,0,0,0,1,0,0,1.391
2007,363.7,18.1,70.6,0.45,0,9.1214,2.167910189667444,0,0,0,1,0,0,0,0,0,0,0,0,0,0,1.391
2007,1098.4,17.1,75.1,1.16,0,37.3632,1.1019400787607843,1,0,0,0,0,0,0,0,0,0,1,0,0,1,1.144
2007,656.7,16.2,75.1,2.05,0,5.6424,2.6609585935683597,1,0,0,1,0,0,0,0,0,0,1,1,0,0,1.144
2007,547.6,16.9,75.1,0.78,0,15.0501,1.7900914121273581,0,0,0,0,0,0,0,0,0,0,0,1,0,0,1.144
2007,660.4,17.4,75.1,2.84,0,12.4751,1.9487632180377197,0,0,0,1,0,0,0,0,0,1,0,1,0,0,1.144
2007,1227.0,21.3,77.5,1.28,0,7.598,2.4159137783010487,1,0,0,0,0,0,0,0,0,0,1,0,0,1,1.602
2007,1188.7,21.1,77.5,2.99,0,12.0529,2.005525858729668,1,0,0,1,0,0,0,0,0,1,0,0,0,1,1.602
2007,677.7,18.8,77.5,0.75,0,16.7026,1.7298840655099674,1,1,0,0,0,0,0,0,0,1,0,1,0,0,1.602
2007,1069.0,21.7,77.5,3.08,0,6.3214,2.5847519847577165,1,0,0,0,0,1,0,0,0,0,1,0,0,1,1.602
2007,527.1,21.4,77.5,0.68,0,8.4056,2.3243465847755584,0,0,0,0,0,0,0,0,0,0,0,1,0,0,1.602
2007,1074.7,19.2,77.5,3.73,0,86.1111,0.6418538861723948,0,0,0,1,0,0,0,0,0,0,1,0,0,1,1.602
2007,781.8,17.8,77.5,0.97,0,22.017,1.5085119938441398,0,1,0,0,0,0,0,0,0,0,1,0,1,0,1.602
2007,943.7,18.4,77.5,1.93,0,22.0798,1.506297153514587,0,0,0,0,0,1,0,0,0,0,1,0,1,0,1.602
2007,517.5,28.7,14.4,0.2,0,2.243,2.004179057179289,1,0,0,0,0,0,0,0,0,0,1,1,0,0,0.243
2007,369.1,30.5,14.4,0.24,1,1.2081,2.558776498354456,1,0,0,1,0,0,0,0,0,0,1,0,0,0,0.243
2007,227.2,31.0,14.4,0.2,1,2.3226,1.9740810260220096,0,0,0,0,0,0,0,0,0,1,0,0,0,0,0.243
2007,241.6,30.2,14.4,0.2,1,2.392,1.9487632180377197,0,0,0,1,0,0,0,0,0,0,1,0,0,0,0.243
2007,323.9,29.8,34.9,0.2,0,2.7987,2.6004649904222727,1,0,0,0,0,0,0,0,0,0,1,0,0,0,0.212
2007,290.5,32.2,34.9,0.2,1,5.7307,1.958685340544036,1,0,0,1,0,0,0,0,0,0,0,0,0,0,0.212
2007,164.9,31.9,34.9,0.2,1,7.587,1.7227665977411035,0,0,0,0,0,0,0,0,0,1,0,0,0,0,0.212
2007,282.5,32.9,34.9,0.3,1,4.7226,2.127040520479115,0,0,0,1,0,0,0,0,0,0,1,0,0,0,0.212
2008,836.2,16.0,118.8,5.94,0,11.197,2.4518667957098,1,0,0,0,0,0,0,0,1,0,1,0,1,0,3.582
2008,579.3,17.7,118.8,1.79,0,17.1182,2.0719132752590443,1,0,0,0,0,0,0,0,0,0,0,1,0,0,3.582
2008,876.6,18.3,118.8,4.44,0,8.7225,2.6823904543216326,1,0,0,1,0,0,0,0,0,0,0,0,1,0,3.582
2008,748.1,16.0,118.8,3.92,0,7.9306,2.7713379403381286,0,0,0,0,0,0,0,0,1,1,0,0,1,0,3.582
2008,587.0,19.2,118.8,2.92,0,11.197,2.4518667957098,0,0,0,0,0,0,0,0,0,0,0,1,0,0,3.582
2008,346.4,16.8,118.8,1.0,0,141.4286,0.6097655716208943,0,0,0,1,0,0,0,0,0,1,0,0,0,0,3.582
2008,1425.3,18.0,92.8,13.75,0,20.0,1.7298840655099674,1,0,0,0,0,0,0,0,1,0,0,0,0,1,4.069
2008,980.6,16.4,92.8,0.73,0,23.3753,1.6034198401085376,1,0,0,0,0,0,0,0,0,0,1,0,1,0,4.069
2008,1041.4,18.8,92.8,6.43,0,10.0433,2.3263016196113617,1,0,0,1,0,0,0,0,0,0,0,0,0,1,4.069
2008,485.7,18.3,92.8,1.6,0,11.0345,2.2417729535972883,0,0,0,0,0,0,0,0,1,0,0,1,0,0,4.069
2008,584.9,19.9,92.8,1.45,0,21.784,1.6601310267496185,0,0,0,0,0,0,0,0,0,0,1,1,0,0,4.069
2008,1047.4,16.9,92.8,3.48,0,61.457,0.9202827531436926,0,0,0,1,0,0,0,0,0,0,0,0,0,1,4.069
2008,587.2,19.9,103.5,2.55,0,29.1549,1.5151272329628591,1,0,0,0,0,0,0,0,1,0,1,1,0,0,3.973
2008,871.2,18.3,103.5,2.52,0,7.9861,2.6361960973342264,1,0,0,0,0,0,0,0,0,0,0,0,1,0,3.973
2008,527.2,19.3,103.5,2.29,0,11.6949,2.2874714551839976,1,0,0,1,0,0,0,0,0,0,0,1,0,0,3.973
2008,770.6,16.1,103.5,10.03,0,52.0101,1.095273387402595,1,0,0,0,1,0,0,0,0,0,1,0,1,0,3.973
2008,353.6,21.3,103.5,1.03,0,26.7442,1.5830939370944985,0,0,0,0,0,0,0,0,1,0,0,0,0,0,3.973
2008,338.2,19.0,103.5,0.47,0,23.5763,1.6845453849209058,0,0,0,0,0,0,0,0,0,0,0,0,0,0,3.973
2008,574.2,19.4,103.5,3.04,0,15.494,2.038619547159581,0,0,0,1,0,0,0,0,0,0,1,1,0,0,3.973
2008,677.5,19.7,103.5,3.48,0,172.5,0.4700036292457356,0,0,0,0,1,0,0,0,0,0,0,1,0,0,3.973
2008,1017.3,15.3,103.6,1.88,0,13.9623,2.130609828254235,1,0,0,0,0,0,0,0,0,0,0,0,0,1,2.798
2008,1057.2,16.4,103.6,1.84,0,51.0345,1.1085626195212777,1,0,0,1,0,0,0,0,0,0,0,0,0,1,2.798
2008,656.2,18.5,103.6,2.99,0,7.5236,2.6925980965432883,1,0,0,0,0,0,0,1,0,0,0,1,0,0,2.798
2008,563.1,17.9,103.6,0.52,0,20.8451,1.7867469274045107,0,0,0,0,0,0,0,0,0,1,0,1,0,0,2.798
2008,560.3,17.7,103.6,4.01,0,51.5423,1.1019400787607843,0,0,0,1,0,0,0,0,0,0,0,1,0,0,2.798
2008,465.0,18.8,103.6,0.82,0,13.385,2.167910189667444,0,0,0,0,0,0,0,1,0,0,0,1,0,0,2.798
2008,1187.3,17.7,131.7,2.92,0,13.9513,2.3456445824544927,1,0,0,0,0,0,0,0,0,0,0,0,0,1,2.502
2008,939.3,19.5,131.7,6.76,0,40.9006,1.4398351280479207,1,0,0,1,0,0,0,0,0,0,0,0,1,0,2.502
2008,662.0,18.2,131.7,1.34,0,9.6909,2.6803363625346943,0,0,0,0,0,0,0,0,0,1,0,1,0,0,2.502
2008,595.6,20.0,131.7,2.55,0,16.566,2.191653532286764,0,0,0,1,0,0,0,0,0,0,1,1,0,0,2.502
2008,1221.6,19.7,88.8,2.23,0,11.0585,2.200552367428894,1,0,0,0,0,0,0,0,0,0,0,0,0,1,2.346
2008,1262.2,17.2,88.8,2.37,0,10.0113,2.28949985344539,1,0,0,1,0,0,0,0,0,0,1,0,0,1,2.346
2008,1020.7,19.0,88.8,1.44,0,20.8451,1.6601310267496185,0,0,0,0,0,0,0,0,0,1,0,0,0,1,2.346
2008,621.2,20.3,88.8,2.48,0,32.2909,1.3217558399823195,0,0,0,1,0,0,0,0,0,0,0,1,0,0,2.346
2008,961.5,18.9,109.6,2.7,0,43.1496,1.264126727145683,1,0,0,0,0,0,0,0,0,0,0,0,1,0,2.552
2008,989.4,18.7,109.6,2.82,0,27.4687,1.6074359097634274,1,0,0,1,0,0,0,0,0,0,0,0,1,0,2.552
2008,1293.7,20.9,109.6,1.25,0,39.1429,1.33500106673234,0,0,0,0,0,0,0,0,0,0,1,0,0,1,2.552
2008,704.7,16.4,109.6,3.0,0,9.2101,2.5572273113676265,0,0,0,1,0,0,0,0,0,0,0,0,1,0,2.552
2008,1215.5,19.5,117.1,2.13,0,19.747,1.9358598132018119,1,0,0,0,0,0,0,0,0,0,0,0,0,1,2.398
2008,1480.8,21.0,117.1,6.89,0,39.9659,1.3686394258811698,1,0,0,1,0,0,0,0,0,0,0,0,0,1,2.398
2008,927.6,18.0,117.1,1.39,0,14.804,2.187174241482718,0,0,0,0,0,0,0,0,0,0,0,0,1,0,2.398
2008,714.2,16.0,117.1,2.15,0,22.3473,1.8309801823813363,0,0,0,1,0,0,0,0,0,0,0,0,1,0,2.398
2008,1130.4,16.8,49.0,0.63,0,4.6226,2.451005098112319,1,0,0,0,0,0,0,0,0,0,1,0,0,1,1.579
2008,1421.4,20.3,49.0,2.44,0,5.0102,2.377692565480851,1,0,0,1,0,0,0,0,0,0,0,0,0,1,1.579
2008,854.3,18.4,49.0,0.52,0,22.7907,1.1474024528375417,0,0,0,0,0,0,0,0,0,0,1,0,1,0,1.579
2008,1308.8,18.6,49.0,1.34,0,26.776,1.0402767116551463,0,0,0,1,0,0,0,0,0,0,1,0,0,1,1.579
2008,1137.1,18.5,112.8,1.3,0,10.1348,2.495681722955959,1,0,0,0,0,0,0,0,0,0,0,0,0,1,3.983
2008,1155.2,19.4,112.8,4.13,0,26.9856,1.6448050562713916,1,0,0,1,0,0,0,0,0,0,0,0,0,1,3.983
2008,1010.4,18.9,112.8,2.67,0,21.203,1.843719208158766,1,0,0,0,0,0,0,1,0,1,0,0,0,1,3.983
2008,1198.7,16.8,112.8,16.13,0,17.4884,2.0082140323914683,1,0,0,0,1,0,0,0,0,1,0,0,0,1,3.983
2008,1032.7,19.0,112.8,1.99,0,10.9408,2.425687290128029,0,0,0,0,0,0,0,0,0,0,0,0,0,1,3.983
2008,376.6,17.5,112.8,0.45,0,10.0804,2.5006159434931803,0,0,0,1,0,0,0,0,0,0,1,0,0,0,3.983
2008,756.8,18.0,112.8,4.15,0,20.6593,1.8656293177945105,0,0,0,0,0,0,0,1,0,0,0,0,1,0,3.983
2008,721.7,17.2,112.8,5.83,0,14.5174,2.1713368063840917,0,0,0,0,1,0,0,0,0,1,0,0,1,0,3.983
2008,1316.9,21.0,104.8,1.77,0,21.2576,1.780024213009634,1,0,0,0,0,0,0,0,0,0,1,0,0,1,2.733
2008,1258.0,16.3,104.8,4.58,0,10.683,2.3804716316511167,1,0,0,1,0,0,0,0,0,1,0,0,0,1,2.733
2008,920.2,17.1,104.8,3.4,0,141.6216,0.5538851132264376,1,0,0,0,0,0,0,1,0,1,0,0,1,0,2.733
2008,789.2,18.4,104.8,2.43,0,8.3307,2.60859812213055,0,0,0,0,0,0,0,0,0,0,0,0,1,0,2.733
2008,674.0,16.9,104.8,2.2,0,37.5627,1.332366019094335,0,0,0,1,0,0,0,0,0,0,0,1,0,0,2.733
2008,951.1,18.4,104.8,4.17,0,177.6271,0.4637340162321401,0,0,0,0,0,0,0,1,0,0,0,0,1,0,2.733
2008,1204.8,15.5,63.0,1.2,0,13.4904,1.7351891177396608,1,0,0,0,0,0,0,0,0,0,1,0,0,1,1.242
2008,633.4,15.5,63.0,1.21,0,11.21,1.890095369948917,1,0,0,1,0,0,0,0,0,0,1,1,0,0,1.242
2008,901.1,15.4,63.0,0.98,0,6.7524,2.3350522831315472,1,0,0,0,0,0,0,1,0,1,0,0,1,0,1.242
2008,895.0,15.1,63.0,1.54,0,11.6236,1.8594181177018698,1,0,1,0,0,0,0,0,0,0,0,0,1,0,1.242
2008,377.5,15.7,63.0,0.2,0,7.3598,2.25758772706331,0,0,0,0,0,0,0,0,0,0,0,0,0,0,1.242
2008,485.7,15.3,63.0,0.69,0,13.2075,1.7526720805200082,0,0,0,1,0,0,0,0,0,0,1,1,0,0,1.242
2008,220.6,17.0,63.0,0.33,0,16.1538,1.589235205116581,0,0,0,0,0,0,0,1,0,0,0,0,0,0,1.242
2008,584.3,16.9,63.0,1.05,0,4.3092,2.7485521444115397,0,0,1,0,0,0,0,0,0,0,0,1,0,0,1.242
2008,509.0,17.9,74.0,1.25,0,15.678,1.7439688053917064,1,0,0,0,0,0,0,0,0,0,0,1,0,0,1.371
2008,885.0,16.7,74.0,1.23,0,7.5127,2.3841650799864684,1,0,0,1,0,0,0,0,0,0,1,0,1,0,1.371
2008,691.6,19.7,74.0,1.45,0,12.0325,1.9671123567059163,1,0,0,0,0,0,0,1,0,0,1,1,0,0,1.371
2008,922.6,17.8,74.0,1.16,0,8.3995,2.2834022735772717,1,0,1,0,0,0,0,0,0,1,0,0,1,0,1.371
2008,127.0,17.0,74.0,0.2,0,6.031,2.5855058483441162,0,0,0,0,0,0,0,0,0,0,1,0,0,0,1.371
2008,704.7,18.9,74.0,2.2,0,5.8824,2.60859812213055,0,0,0,1,0,0,0,0,0,0,1,0,1,0,1.371
2008,537.8,19.4,74.0,1.67,0,12.3953,1.9416152247724325,0,0,0,0,0,0,0,1,0,0,1,1,0,0,1.371
2008,338.3,18.1,74.0,0.2,0,42.2857,1.0116009116784799,0,0,1,0,0,0,0,0,0,1,0,0,0,0,1.371
2008,702.2,16.8,61.3,0.33,0,34.8295,1.0152306797290584,1,0,0,0,0,0,0,0,0,0,1,0,1,0,0.987
2008,703.3,16.2,61.3,1.36,0,4.9079,2.6019486702196644,1,0,0,1,0,0,0,0,0,1,0,0,1,0,0.987
2008,604.2,19.0,61.3,1.79,0,8.5975,2.0955609235597192,1,0,1,0,0,0,0,0,0,1,0,1,0,0,0.987
2008,473.4,16.3,61.3,0.58,0,6.5773,2.334083760053417,0,0,0,0,0,0,0,0,0,0,1,1,0,0,0.987
2008,372.8,16.4,61.3,0.24,0,7.0057,2.277267285009756,0,0,0,1,0,0,0,0,0,0,1,0,0,0,0.987
2008,628.7,17.7,61.3,1.07,0,6.0753,2.4060438013622756,0,0,1,0,0,0,0,0,0,0,1,1,0,0,0.987
2008,662.6,19.2,46.5,0.77,0,17.0956,1.3137236682850553,1,0,0,0,0,0,0,0,0,0,1,1,0,0,1.215
2008,643.8,17.5,46.5,1.47,0,12.3342,1.5623463049002497,1,0,0,1,0,0,0,0,0,1,0,1,0,0,1.215
2008,763.8,18.0,46.5,1.71,0,25.6906,1.0331844833456545,1,0,1,0,0,0,0,0,0,0,0,0,1,0,1.215
2008,1042.0,19.0,46.5,1.67,0,15.9247,1.366091653802371,1,0,0,0,0,1,0,0,0,0,1,0,0,1,1.215
2008,368.5,17.4,46.5,0.23,0,9.8309,1.7457155307266483,0,0,0,0,0,0,0,0,0,0,1,0,0,0,1.215
2008,554.3,19.2,46.5,2.25,0,21.3303,1.1568811967920856,0,0,0,1,0,0,0,0,0,0,0,1,0,0,1.215
2008,289.3,18.6,46.5,0.37,0,5.7125,2.2126603854660587,0,0,1,0,0,0,0,0,0,0,0,0,0,0,1.215
2008,392.4,21.8,46.5,0.43,0,6.0233,2.1656192379208883,0,0,0,0,0,1,0,0,0,0,1,0,0,0,1.215
2008,643.1,19.3,25.8,0.84,0,1.9954,2.6340447877917144,1,0,0,0,0,0,0,0,0,0,0,1,0,0,1.367
2008,890.8,20.4,25.8,1.4,0,2.074,2.5982353350950036,1,0,0,1,0,0,0,0,0,1,0,0,1,0,1.367
2008,714.7,20.1,25.8,0.69,0,3.0035,2.2607208888953467,1,0,1,0,0,0,0,0,0,0,1,0,1,0,1.367
2008,815.2,19.8,25.8,0.87,0,26.3265,0.6830968447064438,0,0,0,0,0,0,0,0,0,0,0,0,1,0,1.367
2008,536.0,20.6,25.8,2.27,0,2.046,2.6108048166633746,0,0,0,1,0,0,0,0,0,1,0,1,0,0,1.367
2008,706.9,18.3,25.8,1.77,0,4.2295,1.9600947840472698,0,0,1,0,0,0,0,0,0,0,0,0,1,0,1.367
2008,527.9,17.3,81.2,0.98,0,18.2063,1.6974487897568136,1,0,0,0,0,0,0,0,0,1,0,1,0,0,1.854
2008,918.1,16.9,81.2,3.31,0,6.0642,2.6665335208992764,1,0,0,1,0,0,0,0,0,0,0,0,1,0,1.854
2008,780.8,18.9,81.2,3.7,0,8.2186,2.3869262414277967,1,0,1,0,0,0,0,0,0,0,1,0,1,0,1.854
2008,655.4,18.4,81.2,3.88,0,15.3788,1.8373699804801074,1,0,0,0,1,0,0,0,0,0,1,1,0,0,1.854
2008,469.4,18.9,81.2,1.37,0,49.816,0.9669838461896731,0,0,0,0,0,0,0,0,0,0,0,1,0,0,1.854
2008,541.5,18.0,81.2,3.14,0,43.6559,1.0508216248317612,0,0,0,1,0,0,0,0,0,0,0,1,0,0,1.854
2008,622.2,16.9,81.2,1.85,0,20.3,1.6094379124341003,0,0,1,0,0,0,0,0,0,1,0,1,0,0,1.854
2008,712.1,17.4,81.2,5.17,0,18.0444,1.7047480922384253,0,0,0,0,1,0,0,0,0,1,0,0,1,0,1.854
2008,689.3,20.0,56.4,1.44,0,6.878,2.2192034840549946,1,0,0,0,0,0,0,0,0,1,0,1,0,0,1.181
2008,840.4,20.3,56.4,2.73,0,4.6496,2.574899688314705,1,0,0,1,0,0,0,0,0,0,1,0,1,0,1.181
2008,299.0,21.1,56.4,0.23,0,6.0907,2.3282528397426234,0,0,0,0,0,0,0,0,0,0,0,0,0,0,1.181
2008,121.5,19.0,56.4,0.2,0,23.0204,1.2383742310432684,0,0,0,1,0,0,0,0,0,0,0,0,0,0,1.181
2008,1079.8,15.4,126.8,3.04,0,13.2636,2.3570732782781154,1,0,0,0,0,0,0,0,0,0,0,0,0,1,3.861
2008,755.9,17.3,126.8,3.45,0,10.9405,2.532902848056256,1,0,0,1,0,0,0,0,0,0,0,0,1,0,3.861
2008,909.2,15.0,126.8,12.59,0,13.576,2.336019869080283,1,0,0,0,1,0,0,0,0,0,1,0,1,0,3.861
2008,614.7,15.1,126.8,1.15,0,55.859,1.184789984909162,0,0,0,0,0,0,0,0,0,1,0,1,0,0,3.861
2008,729.5,16.2,126.8,3.08,0,9.8908,2.626116818339524,0,0,0,1,0,0,0,0,0,0,0,0,1,0,3.861
2008,825.4,14.9,126.8,5.45,0,37.076,1.4861396960896067,0,0,0,0,1,0,0,0,0,1,0,0,1,0,3.861
2008,657.0,20.2,17.0,0.26,0,1.1494,2.7593768282675506,1,0,0,0,0,0,0,0,0,0,1,1,0,0,0.496
2008,1141.4,19.6,17.0,1.27,0,1.183,2.7324175575505043,1,0,0,1,0,0,0,0,0,0,0,0,0,1,0.496
2008,236.8,17.6,17.0,0.2,0,1.6832,2.4069451083182885,0,0,0,0,0,0,0,0,0,0,1,0,0,0,0.496
2008,413.3,17.9,17.0,0.33,0,2.4531,2.0706530356467567,0,0,0,1,0,0,0,0,0,1,0,1,0,0,0.496
2008,531.3,22.0,46.5,0.56,0,5.5755,2.234306252240751,1,0,0,0,0,0,1,0,0,0,1,1,0,0,0.89
2008,484.9,21.7,46.5,0.79,0,3.6934,2.6093342281630525,1,0,0,0,0,0,0,0,0,0,0,1,0,0,0.89
2008,396.1,22.6,46.5,1.45,0,3.9507,2.547098670044448,1,0,0,1,0,0,0,0,0,1,0,0,0,0,0.89
2008,465.6,23.2,46.5,0.42,0,4.5723,2.413231613081109,0,0,0,0,0,0,1,0,0,0,1,1,0,0,0.89
2008,436.1,21.5,46.5,0.23,0,41.1504,0.7561219797213337,0,0,0,0,0,0,0,0,0,1,0,1,0,0,0.89
2008,298.0,22.2,46.5,0.48,0,4.2661,2.4765384001174837,0,0,0,1,0,0,0,0,0,0,1,0,0,0,0.89
2008,359.3,25.3,11.1,0.52,0,4.3023,1.275362800412609,1,0,0,0,0,0,1,0,0,0,0,0,0,0,0.48
2008,455.1,23.0,11.1,0.2,0,1.0893,2.4150205223238337,1,0,0,0,0,0,0,0,0,0,1,1,0,0,0.48
2008,603.2,22.0,11.1,1.26,0,1.1684,2.3513752571634776,1,0,0,1,0,0,0,0,0,0,1,1,0,0,0.48
2008,345.1,24.4,11.1,0.25,0,1.1575,2.359910159613315,0,0,0,0,0,0,1,0,0,0,0,0,0,0,0.48
2008,301.5,24.5,11.1,0.2,0,0.742,2.7700855920216627,0,0,0,0,0,0,0,0,0,0,1,0,0,0,0.48
2008,165.4,23.8,11.1,0.2,0,2.7475,1.6174060820832772,0,0,0,1,0,0,0,0,0,0,1,0,0,0,0.48
2008,775.1,24.6,13.3,0.64,0,0.9772,2.681706225762608,1,0,0,0,0,0,1,0,0,0,0,0,1,0,0.455
2008,728.4,24.2,13.3,0.21,0,1.5501,2.259677591982769,1,0,0,0,0,0,0,0,0,0,1,0,1,0,0.455
2008,525.7,24.2,13.3,0.96,0,3.1517,1.6524974018945473,1,0,0,1,0,0,0,0,0,0,0,1,0,0,0.455
2008,530.4,25.4,13.3,0.43,0,1.1636,2.5201129055226197,0,0,0,0,0,0,1,0,0,1,0,1,0,0,0.455
2008,422.0,26.1,13.3,0.2,0,2.2466,1.9344157696295783,0,0,0,0,0,0,0,0,0,0,1,1,0,0,0.455
2008,151.5,25.1,13.3,0.2,0,2.3415,1.8991179875485542,0,0,0,1,0,0,0,0,0,1,0,0,0,0,0.455
2008,1143.6,30.3,35.2,0.27,1,13.6434,1.275362800412609,1,0,0,0,0,0,0,0,0,0,0,0,0,1,0.266
2008,396.7,27.6,35.2,0.2,0,2.973,2.552565298261815,1,0,0,1,0,0,0,0,0,0,1,0,0,0,0.266
2008,619.7,30.3,35.2,0.2,1,2.3608,2.7669478423496954,0,0,0,0,0,0,0,0,0,1,0,1,0,0,0.266
2008,641.6,29.3,35.2,0.2,0,7.7193,1.715598108262491,0,0,0,1,0,0,0,0,0,0,1,1,0,0,0.266
2008,305.3,26.3,35.6,0.2,0,9.1282,1.589235205116581,1,0,0,0,0,0,0,0,0,1,0,0,0,0,0.661
2008,868.8,28.3,35.6,1.26,0,18.0711,1.0885619528146082,1,0,0,1,0,0,0,0,0,1,0,0,1,0,0.661
2008,808.8,26.5,35.6,3.37,0,12.2759,1.3609765531356006,1,1,0,0,0,0,0,0,0,0,1,0,1,0,0.661
2008,453.7,27.5,35.6,0.23,0,7.756,1.7209792871670078,0,0,0,0,0,0,0,0,0,0,0,1,0,0,0.661
2008,240.2,28.0,35.6,0.2,0,3.453,2.425687290128029,0,0,0,1,0,0,0,0,0,1,0,0,0,0,0.661
2008,435.0,25.7,35.6,0.85,0,4.0409,2.2834022735772717,0,1,0,0,0,0,0,0,0,0,1,1,0,0,0.661
2008,592.2,26.0,12.8,0.2,0,1.2877,2.392425796993835,1,0,0,0,0,0,0,0,0,0,1,1,0,0,0.678
2008,445.4,26.4,12.8,0.29,0,2.7766,1.724550719534605,1,0,0,1,0,0,0,0,0,0,1,1,0,0,0.678
2008,758.0,28.5,12.8,0.5,0,2.0513,1.979621206397625,1,1,0,0,0,0,0,0,0,1,0,0,1,0,0.678
2008,801.9,29.9,12.8,0.2,0,1.1668,2.482403519569882,0,0,0,0,0,0,0,0,0,0,0,0,1,0,0.678
2008,1010.8,27.2,12.8,0.96,0,2.0382,1.9851308622085946,0,0,0,1,0,0,0,0,0,0,1,0,0,1,0.678
2008,661.1,28.3,12.8,1.24,0,1.0756,2.5572273113676265,0,1,0,0,0,0,0,0,0,1,0,1,0,0,0.678
2008,408.6,27.7,21.7,0.2,0,2.2188,2.377692565480851,1,0,0,0,0,0,0,0,0,0,1,1,0,0,0.341
2008,344.0,27.3,21.7,0.4,0,6.2717,1.4951487660319727,1,0,0,1,0,0,0,0,0,0,1,0,0,0,0.341
2008,181.4,30.7,21.7,0.2,1,2.7193,2.194999882314108,1,0,0,0,0,1,0,0,0,0,1,0,0,0,0.341
2008,297.4,30.0,21.7,0.2,0,3.5057,1.9726911717329554,0,0,0,0,0,0,0,0,0,0,1,0,0,0,0.341
2008,275.8,29.0,21.7,0.2,0,3.575,1.9558604799084813,0,0,0,1,0,0,0,0,0,1,0,0,0,0,0.341
2008,252.0,29.1,21.7,0.33,0,3.1,2.0794415416798357,0,0,0,0,0,1,0,0,0,0,1,0,0,0,0.341
2008,1172.5,29.1,34.8,0.28,0,4.4961,2.167910189667444,1,0,0,0,0,0,0,0,0,1,0,0,0,1,0.339
2008,882.6,28.1,34.8,1.27,0,12.8413,1.3110318766193438,1,0,0,1,0,0,0,0,0,0,0,0,1,0,0.339
2008,279.4,27.5,34.8,0.2,0,4.3337,2.200552367428894,0,0,0,0,0,0,0,0,0,0,1,0,0,0,0.339
2008,688.4,27.1,34.8,0.83,0,4.6649,2.135349173618132,0,0,0,1,0,0,0,0,0,0,1,1,0,0,0.339
2008,541.1,23.0,45.0,0.39,0,4.8913,2.322387720290225,1,0,0,0,0,0,0,0,0,1,0,1,0,0,0.628
2008,930.3,23.9,45.0,4.11,0,3.3557,2.667922410011431,1,0,0,1,0,0,0,0,0,0,0,0,1,0,0.628
2008,291.4,22.9,45.0,0.2,0,4.1096,2.4807312783775197,0,0,0,0,0,0,0,0,0,0,0,0,0,0,0.628
2008,580.7,23.1,45.0,1.55,0,4.7468,2.349468678892896,0,0,0,1,0,0,0,0,0,0,1,1,0,0,0.628
2008,346.1,34.4,31.5,0.58,1,4.3269,2.1138429683971687,1,0,0,0,0,0,1,0,0,1,0,0,0,0,0.251
2008,221.3,32.3,31.5,0.2,1,3.4922,2.3045830956567186,1,0,0,0,0,0,0,0,0,0,0,0,0,0,0.251
2008,190.5,30.9,31.5,0.25,1,13.2911,1.2149127443642704,1,0,0,1,0,0,0,0,0,1,0,0,0,0,0.251
2008,140.5,31.6,31.5,0.29,1,3.8698,2.2126603854660587,0,0,0,0,0,0,1,0,0,0,0,0,0,0,0.251
2008,314.1,30.9,31.5,0.23,1,2.1546,2.7485521444115397,0,0,0,0,0,0,0,0,0,0,0,0,0,0,0.251
2008,322.4,31.4,31.5,0.24,1,3.5473,2.2905125117597764,0,0,0,1,0,0,0,0,0,0,0,0,0,0,0.251
2008,243.3,32.7,26.7,0.4,1,6.6089,1.6174060820832772,1,0,0,0,0,0,1,0,0,0,1,0,0,0,0.239
2008,276.8,34.1,26.7,0.2,1,4.8457,1.873339456220478,1,0,0,0,0,0,0,0,0,0,1,0,0,0,0.239
2008,327.7,32.7,26.7,0.48,1,3.6575,2.1162555148025524,1,0,0,1,0,0,0,0,0,0,0,0,0,0,0.239
2008,282.2,34.5,26.7,0.62,1,4.1395,2.0082140323914683,0,0,0,0,0,0,1,0,0,0,0,0,0,0,0.239
2008,243.0,33.6,26.7,0.2,1,3.991,2.0399207835175526,0,0,0,0,0,0,0,0,0,0,1,0,0,0,0.239
2008,63.2,34.1,26.7,0.2,1,8.6971,1.4036429994545037,0,0,0,1,0,0,0,0,0,0,0,0,0,0,0.239
2008,116.8,34.7,35.2,0.2,1,4.046,2.272125885509337,1,0,0,0,0,0,1,0,0,0,0,0,0,0,0.215
2008,182.4,36.0,35.2,0.2,1,5.1312,2.061786606441115,1,0,0,0,0,0,0,0,0,0,0,0,0,0,0.215
2008,109.5,31.7,35.2,0.2,1,4.0647,2.2679936482244267,1,0,0,1,0,0,0,0,0,1,0,0,0,0,0.215
2008,159.2,35.1,35.2,0.2,1,4.5714,2.163323025660538,0,0,0,0,0,0,1,0,0,0,1,0,0,0,0.215
2008,105.5,36.4,35.2,0.2,1,5.9459,1.9344157696295783,0,0,0,0,0,0,0,0,0,1,0,0,0,0,0.215
2008,207.2,34.5,35.2,0.24,1,13.75,1.269760544863939,0,0,0,1,0,0,0,0,0,0,1,0,0,0,0.215
2008,163.7,34.2,22.0,0.2,1,1.7214,2.6232182655855123,1,0,0,0,0,0,1,0,0,0,1,0,0,0,0.216
2008,242.3,33.7,22.0,0.2,1,1.855,2.554121718809473,1,0,0,0,0,0,0,0,0,0,1,0,0,0,0.216
2008,210.8,35.6,22.0,0.34,1,1.6832,2.644044871126298,1,0,0,1,0,0,0,0,0,0,1,0,0,0,0.216
2008,143.1,34.8,22.0,0.26,1,3.9427,1.884034745337226,0,0,0,0,0,0,1,0,0,0,0,0,0,0,0.216
2008,50.0,35.9,22.0,0.2,1,4.6316,1.749199854809259,0,0,0,0,0,0,0,0,0,0,0,0,0,0,0.216
2008,102.3,36.4,22.0,0.2,1,5.6555,1.5871923034867808,0,0,0,1,0,0,0,0,0,0,0,0,0,0,0.216
2008,669.5,22.2,57.8,1.08,0,16.0556,1.5260563034950492,1,0,0,0,0,0,0,0,0,0,0,1,0,0,1.081
2008,609.4,22.5,57.8,1.72,0,4.6314,2.601207105484161,1,0,0,1,0,0,0,0,0,0,1,1,0,0,1.081
2008,193.8,23.4,57.8,0.2,0,4.562,2.6152036507358583,0,0,0,0,0,0,0,0,0,0,1,0,0,0,1.081
2008,646.7,22.1,57.8,2.47,0,21.1722,1.3164082336557241,0,0,0,1,0,0,0,0,0,1,0,1,0,0,1.081
2008,475.9,26.8,32.9,0.2,0,5.0076,2.0241930674493576,1,0,0,0,0,0,0,0,0,0,1,1,0,0,0.34
2008,393.6,24.1,32.9,0.81,0,18.5876,1.0188473201992472,1,0,0,1,0,0,0,0,0,1,0,0,0,0,0.34
2008,318.2,26.3,32.9,0.2,0,3.0834,2.4570214462984645,0,0,0,0,0,0,0,0,0,1,0,0,0,0,0.34
2008,318.3,25.5,32.9,0.53,0,6.3269,1.824549292051046,0,0,0,1,0,0,0,0,0,1,0,0,0,0,0.34
2008,852.5,26.2,13.3,0.2,0,3.736,1.5173226235262949,1,0,0,0,0,0,0,0,0,1,0,0,1,0,0.617
2008,480.6,23.0,13.3,0.87,0,1.4347,2.329227023940467,1,0,0,1,0,0,0,0,0,0,0,1,0,0,0.617
2008,562.1,23.3,13.3,0.2,0,1.3571,2.379546134130174,0,0,0,0,0,0,0,0,0,0,1,1,0,0,0.617
2008,471.2,22.2,13.3,0.55,0,1.837,2.1090003439213802,0,0,0,1,0,0,0,0,0,0,1,1,0,0,0.617
2008,571.3,18.2,76.0,1.94,0,7.3007,2.4344901638739844,1,0,0,0,0,0,0,0,1,0,1,1,0,0,1.385
2008,769.8,18.3,76.0,0.98,0,16.0338,1.747459210331475,1,0,0,0,0,0,0,0,0,0,1,0,1,0,1.385
2008,668.0,18.6,76.0,2.11,0,5.6632,2.668616131856803,1,0,0,1,0,0,0,0,0,1,0,1,0,0,1.385
2008,409.5,18.4,76.0,1.83,0,58.0153,0.8372475245337022,0,0,0,0,0,0,0,0,1,0,1,1,0,0,1.385
2008,202.3,19.2,76.0,0.2,0,11.7647,2.0095554142156695,0,0,0,0,0,0,0,0,0,0,0,0,0,0,1.385
2008,94.6,18.8,76.0,0.2,0,86.3636,0.6312717768418579,0,0,0,1,0,0,0,0,0,1,0,0,0,0,1.385
2008,613.5,22.5,91.5,1.23,0,11.4375,2.1972245773362196,1,0,0,0,0,0,0,0,0,0,0,1,0,0,1.472
2008,786.1,19.4,91.5,3.81,0,11.7912,2.1701959049483,1,0,0,1,0,0,0,0,0,0,0,0,1,0,1.472
2008,444.6,21.5,91.5,0.29,0,9.6928,2.3456445824544927,0,0,0,0,0,0,0,0,0,1,0,1,0,0,1.472
2008,521.4,22.2,91.5,1.48,0,15.4822,1.9329696377795786,0,0,0,1,0,0,0,0,0,0,1,1,0,0,1.472
2008,1080.2,23.3,70.9,1.2,0,17.904,1.601405740736836,1,0,0,0,0,0,0,0,0,0,0,0,0,1,1.511
2008,538.5,22.8,70.9,2.11,0,105.8209,0.5128236264286639,1,0,0,1,0,0,0,0,0,0,1,1,0,0,1.511
2008,719.3,23.1,70.9,3.13,0,16.7217,1.6563214983329508,1,1,0,0,0,0,0,0,0,1,0,0,1,0,1.511
2008,883.8,21.1,70.9,1.14,0,5.4497,2.6397713603489157,0,0,0,0,0,0,0,0,0,0,1,0,1,0,1.511
2008,849.5,23.4,70.9,1.73,0,7.1113,2.395164274287139,0,0,0,1,0,0,0,0,0,0,1,0,1,0,1.511
2008,623.6,24.3,70.9,2.63,0,76.2366,0.6575200029167941,0,1,0,0,0,0,0,0,0,1,0,1,0,0,1.511
2008,1162.2,23.0,45.8,0.57,0,7.9791,1.9080599249242156,1,0,0,0,0,0,0,0,0,0,1,0,0,1,1.053
2008,414.0,23.2,45.8,0.44,0,11.5657,1.601405740736836,1,0,0,1,0,0,0,0,0,0,1,1,0,0,1.053
2008,610.8,23.4,45.8,0.21,0,5.2704,2.2710944259026746,0,0,0,0,0,0,0,0,0,0,1,1,0,0,1.053
2008,802.6,21.8,45.8,2.12,0,7.8157,1.925707441737794,0,0,0,1,0,0,0,0,0,0,0,0,1,0,1.053
2008,1563.9,21.5,60.4,0.97,0,28.2243,1.144222799920162,1,0,0,0,0,0,0,0,0,1,0,0,0,1,1.369
2008,915.4,22.5,60.4,2.21,0,5.9861,2.4060438013622756,1,0,0,1,0,0,0,0,0,0,1,0,1,0,1.369
2008,419.3,19.5,60.4,0.2,0,5.6291,2.462149662665384,0,0,0,0,0,0,0,0,0,0,1,1,0,0,1.369
2008,583.8,22.6,60.4,1.19,0,11.2897,1.8484548129046001,0,0,0,1,0,0,0,0,0,0,1,1,0,0,1.369
2008,701.4,23.0,35.4,0.79,0,10.1143,1.5040773967762742,1,0,0,0,0,0,0,0,0,1,0,0,1,0,0.583
2008,643.9,23.6,35.4,1.46,0,9.1473,1.5830939370944985,1,0,0,1,0,0,0,0,0,1,0,1,0,0,0.583
2008,255.5,20.3,35.4,0.29,0,26.0294,0.8586616190375187,0,0,0,0,0,0,0,0,0,0,1,0,0,0,0.583
2008,206.1,21.2,35.4,0.21,0,2.6164,2.6762154775821916,0,0,0,1,0,0,0,0,0,0,1,0,0,0,0.583
2008,762.4,17.8,39.4,1.55,0,10.3412,1.57069708411767,1,0,0,0,0,0,0,0,1,0,1,0,1,0,1.391
2008,844.6,18.8,39.4,1.05,0,2.8023,2.7120422223717475,1,0,0,0,0,0,0,0,0,0,1,0,1,0,1.391
2008,796.8,19.2,39.4,1.82,0,7.3507,1.8500283773520307,1,0,0,1,0,0,0,0,0,0,1,0,1,0,1.391
2008,824.2,17.0,39.4,1.78,0,20.3093,1.0784095813505903,0,0,0,0,0,0,0,0,1,1,0,0,1,0,1.391
2008,108.9,16.7,39.4,0.2,0,6.0991,2.0095554142156695,0,0,0,0,0,0,0,0,0,0,0,0,0,0,1.391
2008,513.0,19.1,39.4,1.17,0,4.799,2.2202898502672155,0,0,0,1,0,0,0,0,0,1,0,1,0,0,1.391
2008,854.6,17.3,32.5,0.67,0,21.1039,0.9321640810304452,1,0,0,0,0,0,0,0,0,0,1,0,1,0,1.144
2008,902.8,19.3,32.5,2.44,0,6.9892,1.7316555451583497,1,0,0,1,0,0,0,0,0,0,1,0,1,0,1.144
2008,316.9,17.1,32.5,0.2,0,3.9157,2.2300144001592104,0,0,0,0,0,0,0,0,0,0,1,0,0,0,1.144
2008,316.9,17.0,32.5,0.27,0,12.3574,1.2892326482767593,0,0,0,1,0,0,0,0,0,0,0,0,0,0,1.144
2008,1020.0,19.2,68.3,0.49,0,11.2706,1.9544450515051506,1,0,0,0,0,0,0,0,0,0,1,0,0,1,1.602
2008,657.2,21.8,68.3,2.54,0,4.9137,2.7013612129514133,1,0,0,1,0,0,0,0,0,0,1,1,0,0,1.602
2008,970.2,20.0,68.3,2.49,0,15.0773,1.7101878155342434,1,1,0,0,0,0,0,0,0,0,1,0,1,0,1.602
2008,742.3,19.0,68.3,1.61,0,6.5927,2.4300984132930052,1,0,0,0,0,1,0,0,0,1,0,0,1,0,1.602
2008,926.7,19.1,68.3,1.08,0,9.369,2.1150499691472033,0,0,0,0,0,0,0,0,0,0,0,0,1,0,1.602
2008,547.8,22.1,68.3,3.18,0,79.4186,0.6205764877251099,0,0,0,1,0,0,0,0,0,0,0,1,0,0,1.602
2008,620.8,17.8,68.3,0.72,0,5.3949,2.614471854142644,0,1,0,0,0,0,0,0,0,1,0,1,0,0,1.602
2008,806.9,19.2,68.3,2.52,0,8.102,2.2438960966453663,0,0,0,0,0,1,0,0,0,0,0,0,1,0,1.602
2008,306.3,30.7,21.4,0.2,1,1.6771,2.6217658325051976,1,0,0,0,0,0,0,0,0,0,1,0,0,0,0.243
2008,342.9,32.3,21.4,0.2,1,6.3501,1.4747630091074988,1,0,0,1,0,0,0,0,0,0,1,0,0,0,0.243
2008,135.2,30.6,21.4,0.2,1,1.7555,2.579458966729223,0,0,0,0,0,0,0,0,0,0,0,0,0,0,0.243
2008,185.3,29.0,21.4,0.2,0,2.842,2.143589361503588,0,0,0,1,0,0,0,0,0,0,1,0,0,0,0.243
2008,375.0,32.0,2.9,0.2,1,0.2185,2.658159431488745,1,0,0,0,0,0,0,0,0,0,0,0,0,0,0.212
2008,321.3,31.5,2.9,0.22,1,0.2255,2.6290069937617573,1,0,0,1,0,0,0,0,0,0,1,0,0,0,0.212
2008,302.2,33.5,2.9,0.2,1,0.2246,2.6326080059353516,0,0,0,0,0,0,0,0,0,0,1,0,0,0,0.212
2008,235.2,31.8,2.9,0.2,1,0.2057,2.714694743820879,0,0,0,1,0,0,0,0,0,0,1,0,0,0,0.212
2009,943.3,15.7,143.2,5.3,0,11.8543,2.5710843460290524,1,0,0,0,0,0,0,0,1,0,0,0,1,0,3.582
2009,955.4,17.3,143.2,2.91,0,22.0647,2.0135687975291283,1,0,0,0,0,0,0,0,0,0,0,0,1,0,3.582
2009,732.5,18.3,143.2,3.39,0,25.5714,1.8870696490323797,1,0,0,1,0,0,0,0,0,0,0,0,1,0,3.582
2009,266.1,17.7,143.2,0.61,0,15.6161,2.3194422100604686,0,0,0,0,0,0,0,0,1,0,0,0,0,0,3.582
2009,718.8,17.2,143.2,0.73,0,13.1982,2.47232786758114,0,0,0,0,0,0,0,0,0,1,0,0,1,0,3.582
2009,650.6,15.7,143.2,1.13,0,74.5833,1.0715836162801904,0,0,0,1,0,0,0,0,0,0,0,1,0,0,3.582
2009,1101.8,19.4,159.1,4.42,0,17.5996,2.306577114263583,1,0,0,0,0,0,0,0,1,1,0,0,0,1,4.069
2009,899.2,16.0,159.1,0.91,0,25.9967,1.9629077254238845,1,0,0,0,0,0,0,0,0,1,0,0,1,0,4.069
2009,940.0,15.6,159.1,1.89,0,10.9649,2.7414849771884473,1,0,0,1,0,0,0,0,0,0,0,0,1,0,4.069
2009,754.9,16.4,159.1,3.79,0,28.6151,1.8809906029559975,0,0,0,0,0,0,0,0,1,1,0,0,1,0,4.069
2009,662.3,15.9,159.1,0.9,0,100.6962,0.9477893989335261,0,0,0,0,0,0,0,0,0,0,0,1,0,0,4.069
2009,905.4,15.2,159.1,2.76,0,14.0053,2.514465452029545,0,0,0,1,0,0,0,0,0,0,1,0,1,0,4.069
2009,907.7,20.0,188.4,6.14,0,35.6144,1.8389610707123492,1,0,0,0,0,0,0,0,1,0,0,0,1,0,3.973
2009,446.1,19.6,188.4,0.47,0,14.9169,2.612273245708441,1,0,0,0,0,0,0,0,0,0,0,1,0,0,3.973
2009,715.2,18.0,188.4,3.76,0,31.0891,1.9544450515051506,1,0,0,1,0,0,0,0,0,0,1,0,1,0,3.973
2009,644.7,19.7,188.4,4.31,0,18.9728,2.391511302188447,1,0,0,0,1,0,0,0,0,1,0,1,0,0,3.973
2009,534.6,20.5,188.4,2.36,0,12.9752,2.7421295147550726,0,0,0,0,0,0,0,0,1,0,0,1,0,0,3.973
2009,382.2,19.9,188.4,0.25,0,13.7719,2.6864860231863696,0,0,0,0,0,0,0,0,0,0,0,0,0,0,3.973
2009,615.9,18.5,188.4,4.02,0,37.381,1.7984040119467235,0,0,0,1,0,0,0,0,0,0,0,1,0,0,3.973
2009,450.6,20.8,188.4,2.21,0,159.661,0.7793248768009976,0,0,0,0,1,0,0,0,0,0,0,1,0,0,3.973
2009,820.4,18.3,91.2,1.28,0,9.3252,2.377692565480851,1,0,0,0,0,0,0,0,0,0,0,0,1,0,2.798
2009,872.0,17.1,91.2,1.18,0,7.343,2.5967461315435356,1,0,0,1,0,0,0,0,0,1,0,0,1,0,2.798
2009,679.1,18.5,91.2,1.7,0,15.972,1.9035989509835904,1,0,0,0,0,0,0,1,0,1,0,1,0,0,2.798
2009,646.6,17.2,91.2,0.8,0,16.6423,1.8687205103641833,0,0,0,0,0,0,0,0,0,0,0,1,0,0,2.798
2009,311.1,18.0,91.2,0.45,0,21.9759,1.6389967146756448,0,0,0,1,0,0,0,0,0,0,0,0,0,0,2.798
2009,843.7,19.7,91.2,1.88,0,56.2963,0.9631743177730056,0,0,0,0,0,0,0,1,0,0,1,0,1,0,2.798
2009,1172.7,18.5,115.1,1.97,0,11.721,2.3813962734183356,1,0,0,0,0,0,0,0,0,1,0,0,0,1,2.502
2009,1021.7,19.0,115.1,1.45,0,24.0292,1.7561322915849038,1,0,0,1,0,0,0,0,0,1,0,0,0,1,2.502
2009,602.4,19.4,115.1,1.33,0,12.065,2.355177543113216,0,0,0,0,0,0,0,0,0,0,0,1,0,0,2.502
2009,502.4,19.5,115.1,0.68,0,11.4187,2.405141681319138,0,0,0,1,0,0,0,0,0,0,0,1,0,0,2.502
2009,1069.4,19.8,94.0,1.35,0,7.1975,2.643333886382519,1,0,0,0,0,0,0,0,0,1,0,0,0,1,2.346
2009,1075.1,22.4,94.0,2.51,0,39.4958,1.2178757094949273,1,0,0,1,0,0,0,0,0,0,0,0,0,1,2.346
2009,656.7,19.7,94.0,0.66,0,128.7671,0.5481214085096876,0,0,0,0,0,0,0,0,0,1,0,1,0,0,2.346
2009,652.9,18.6,94.0,0.83,0,17.2161,1.8656293177945105,0,0,0,1,0,0,0,0,0,1,0,1,0,0,2.346
2009,1409.2,20.5,100.6,1.45,0,13.8187,2.1138429683971687,1,0,0,0,0,0,0,0,0,0,0,0,0,1,2.552
2009,1627.2,20.1,100.6,3.24,0,10.6681,2.344686269012681,1,0,0,1,0,0,0,0,0,0,1,0,0,1,2.552
2009,481.2,18.4,100.6,0.2,0,27.9444,1.5260563034950492,0,0,0,0,0,0,0,0,0,1,0,1,0,0,2.552
2009,919.2,18.3,100.6,2.0,0,26.4737,1.5686159179138452,0,0,0,1,0,0,0,0,0,1,0,0,1,0,2.552
2009,1259.9,19.8,108.3,1.56,0,10.6805,2.410542234499138,1,0,0,0,0,0,0,0,0,1,0,0,0,1,2.398
2009,1491.6,19.0,108.3,2.6,0,33.8438,1.4350845252893227,1,0,0,1,0,0,0,0,0,1,0,0,0,1,2.398
2009,199.6,18.9,108.3,0.2,0,9.3929,2.528125768907977,0,0,0,0,0,0,0,0,0,0,0,0,0,0,2.398
2009,385.9,18.6,108.3,0.24,0,7.4587,2.7421295147550726,0,0,0,1,0,0,0,0,0,0,1,0,0,0,2.398
2009,994.7,19.0,44.0,0.42,0,3.4646,2.617395832834079,1,0,0,0,0,0,0,0,0,0,1,0,1,0,1.579
2009,1391.6,19.1,44.0,1.7,0,5.9701,2.124653884501384,1,0,0,1,0,0,0,0,0,1,0,0,0,1,1.579
2009,684.3,19.5,44.0,0.5,0,12.1884,1.528227857008557,0,0,0,0,0,0,0,0,0,1,0,1,0,0,1.579
2009,846.0,19.4,44.0,1.7,0,10.2564,1.665818245870208,0,0,0,1,0,0,0,0,0,0,0,0,1,0,1.579
2009,829.6,15.7,131.8,0.67,0,11.5919,2.5152741864043966,1,0,0,0,0,0,0,0,0,1,0,0,1,0,3.983
2009,1124.1,16.1,131.8,1.51,0,21.8212,1.951608170169951,1,0,0,1,0,0,0,0,0,0,0,0,0,1,3.983
2009,798.5,17.8,131.8,3.43,0,32.8678,1.6114359150967734,1,0,0,0,0,0,0,1,0,0,0,0,1,0,3.983
2009,609.7,17.6,131.8,3.5,0,20.3709,2.010894999144726,1,0,0,0,1,0,0,0,0,0,1,1,0,0,3.983
2009,557.8,16.6,131.8,0.39,0,32.95,1.6094379124341003,0,0,0,0,0,0,0,0,0,0,0,1,0,0,3.983
2009,471.4,16.2,131.8,0.3,0,11.3425,2.5352828571130672,0,0,0,1,0,0,0,0,0,1,0,1,0,0,3.983
2009,903.1,15.3,131.8,2.52,0,24.8679,1.840549633397487,0,0,0,0,0,0,0,1,0,0,0,0,1,0,3.983
2009,471.6,17.4,131.8,0.82,0,30.58,1.6695918352538475,0,0,0,0,1,0,0,0,0,0,0,1,0,0,3.983
2009,1008.5,17.4,69.5,0.66,0,46.9595,0.9082585601768908,1,0,0,0,0,0,0,0,0,0,0,0,0,1,2.733
2009,1023.5,16.9,69.5,2.11,0,29.8283,1.2029723039923526,1,0,0,1,0,0,0,0,0,0,0,0,0,1,2.733
2009,922.9,17.0,69.5,1.37,0,5.5115,2.6108048166633746,1,0,0,0,0,0,0,1,0,1,0,0,1,0,2.733
2009,672.3,17.3,69.5,0.35,0,28.8382,1.2267122912954254,0,0,0,0,0,0,0,0,0,0,1,1,0,0,2.733
2009,1096.6,16.8,69.5,1.37,0,4.7343,2.7523860149222616,0,0,0,1,0,0,0,0,0,0,1,0,0,1,2.733
2009,829.5,18.1,69.5,1.61,0,14.4792,1.7578579175523736,0,0,0,0,0,0,0,1,0,0,0,0,1,0,2.733
2009,476.6,15.7,58.5,0.41,0,6.9643,2.2407096892759584,1,0,0,0,0,0,0,0,0,1,0,1,0,0,1.242
2009,860.3,16.2,58.5,1.04,0,4.9915,2.543175557911976,1,0,0,1,0,0,0,0,0,0,0,0,1,0,1.242
2009,522.8,17.4,58.5,0.97,0,5.9031,2.3896797998449792,1,0,0,0,0,0,0,1,0,0,1,1,0,0,1.242
2009,553.7,17.4,58.5,0.62,0,8.9177,2.0228711901914416,1,0,1,0,0,0,0,0,0,1,0,1,0,0,1.242
2009,279.5,15.4,58.5,0.2,0,18.75,1.415853163361435,0,0,0,0,0,0,0,0,0,0,1,0,0,0,1.242
2009,545.5,18.5,58.5,0.77,0,10.6752,1.8687205103641833,0,0,0,1,0,0,0,0,0,0,1,1,0,0,1.242
2009,474.6,14.4,58.5,0.71,0,11.2717,1.8229350866965048,0,0,0,0,0,0,0,1,0,0,1,1,0,0,1.242
2009,462.0,16.6,58.5,0.57,0,19.1803,1.3987168811184478,0,0,1,0,0,0,0,0,0,0,1,1,0,0,1.242
2009,795.6,18.3,56.9,0.59,0,3.979,2.72785282839839,1,0,0,0,0,0,0,0,0,0,1,0,1,0,1.371
2009,781.3,17.9,56.9,0.73,0,6.4077,2.2905125117597764,1,0,0,1,0,0,0,0,0,1,0,0,1,0,1.371
2009,740.7,18.8,56.9,1.24,0,25.8636,1.1631508098056809,1,0,0,0,0,0,0,1,0,1,0,0,1,0,1.371
2009,805.6,18.2,56.9,0.8,0,4.6487,2.5832425505088623,1,0,1,0,0,0,0,0,0,0,1,0,1,0,1.371
2009,583.9,19.7,56.9,0.74,0,4.1503,2.688527534613346,0,0,0,0,0,0,0,0,0,0,0,1,0,0,1.371
2009,268.5,18.4,56.9,0.2,0,46.2602,0.8020015854720274,0,0,0,1,0,0,0,0,0,0,1,0,0,0,1.371
2009,566.2,17.8,56.9,1.67,0,15.6319,1.534714366238164,0,0,0,0,0,0,0,1,0,0,0,1,0,0,1.371
2009,414.8,16.9,56.9,0.2,0,5.4923,2.4300984132930052,0,0,1,0,0,0,0,0,0,0,0,1,0,0,1.371
2009,459.2,17.2,70.0,0.21,0,6.2444,2.502255288122613,1,0,0,0,0,0,0,0,0,1,0,1,0,0,0.987
2009,685.0,16.6,70.0,0.41,0,38.674,1.0331844833456545,1,0,0,1,0,0,0,0,0,0,1,1,0,0,0.987
2009,606.6,19.7,70.0,0.97,0,30.5677,1.1908875647772805,1,0,1,0,0,0,0,0,0,0,0,1,0,0,0.987
2009,214.2,17.2,70.0,0.2,0,9.7765,2.0992441689760155,0,0,0,0,0,0,0,0,0,0,1,0,0,0,0.987
2009,514.3,17.5,70.0,0.97,0,14.2857,1.7749523509116738,0,0,0,1,0,0,0,0,0,0,1,1,0,0,0.987
2009,540.9,17.7,70.0,0.95,0,6.4103,2.4782176616372036,0,0,1,0,0,0,0,0,0,1,0,1,0,0,0.987
2009,495.7,19.6,53.3,0.64,0,7.8152,2.05668455455722,1,0,0,0,0,0,0,0,0,1,0,1,0,0,1.215
2009,571.3,18.2,53.3,1.52,0,4.5517,2.542389085201363,1,0,0,1,0,0,0,0,0,0,0,1,0,0,1.215
2009,538.9,17.7,53.3,0.58,0,29.4475,1.0331844833456545,1,0,1,0,0,0,0,0,0,0,1,1,0,0,1.215
2009,710.8,17.4,53.3,0.55,0,10.1524,1.8325814637483102,1,0,0,0,0,1,0,0,0,0,1,0,1,0,1.215
2009,600.5,16.7,53.3,0.57,0,4.5869,2.5352828571130672,0,0,0,0,0,0,0,0,0,0,0,1,0,0,1.215
2009,458.9,18.9,53.3,0.92,0,4.8192,2.4898941912990393,0,0,0,1,0,0,0,0,0,0,0,1,0,0,1.215
2009,621.8,18.8,53.3,0.64,0,37.2727,0.8878912573524571,0,0,1,0,0,0,0,0,0,0,1,1,0,0,1.215
2009,459.4,17.9,53.3,0.32,0,3.6357,2.751109690562657,0,0,0,0,0,1,0,0,0,0,1,1,0,0,1.215
2009,522.6,17.5,76.0,0.42,0,17.757,1.6639260977181702,1,0,0,0,0,0,0,0,0,0,1,1,0,0,1.367
2009,367.9,18.7,76.0,0.75,0,5.4676,2.7013612129514133,1,0,0,1,0,0,0,0,0,1,0,0,0,0,1.367
2009,763.4,18.6,76.0,1.27,0,8.306,2.3174737054877963,1,0,1,0,0,0,0,0,0,0,1,0,1,0,1.367
2009,468.5,21.2,76.0,0.53,0,7.4656,2.414126467726953,0,0,0,0,0,0,0,0,0,0,1,1,0,0,1.367
2009,477.2,18.7,76.0,1.11,0,61.7886,0.8020015854720274,0,0,0,1,0,0,0,0,0,0,0,1,0,0,1.367
2009,274.1,20.8,76.0,0.2,0,12.1406,1.9823798288367047,0,0,1,0,0,0,0,0,0,0,0,0,0,0,1.367
2009,540.2,17.7,59.0,0.36,0,22.5191,1.2864740258376797,1,0,0,0,0,0,0,0,0,0,1,1,0,0,1.854
2009,450.8,15.8,59.0,0.33,0,37.3418,0.9477893989335261,1,0,0,1,0,0,0,0,0,0,1,1,0,0,1.854
2009,650.0,17.7,59.0,0.79,0,11.8236,1.7900914121273581,1,0,1,0,0,0,0,0,0,1,0,1,0,0,1.854
2009,673.6,17.2,59.0,3.2,0,13.2584,1.6956156086751528,1,0,0,0,1,0,0,0,0,1,0,1,0,0,1.854
2009,398.5,18.4,59.0,0.27,0,4.1288,2.727199019940971,0,0,0,0,0,0,0,0,0,1,0,0,0,0,1.854
2009,167.4,16.2,59.0,0.2,0,37.5796,0.9439058989071284,0,0,0,1,0,0,0,0,0,1,0,0,0,0,1.854
2009,261.3,17.5,59.0,0.2,0,13.8824,1.6582280766035324,0,0,1,0,0,0,0,0,0,0,1,0,0,0,1.854
2009,457.8,18.0,59.0,1.91,0,15.1671,1.5871923034867808,0,0,0,0,1,0,0,0,0,0,1,1,0,0,1.854
2009,344.3,20.4,57.0,0.29,0,20.8029,1.3190856114264407,1,0,0,0,0,0,0,0,0,1,0,0,0,0,1.181
2009,595.5,20.5,57.0,1.02,0,4.4427,2.626840145676667,1,0,0,1,0,0,0,0,0,1,0,1,0,0,1.181
2009,460.0,17.7,57.0,0.31,0,10.6542,1.8484548129046001,0,0,0,0,0,0,0,0,0,0,1,1,0,0,1.181
2009,410.7,18.9,57.0,0.38,0,7.9057,2.105352923464337,0,0,0,1,0,0,0,0,0,0,1,1,0,0,1.181
2009,712.1,15.3,151.3,0.51,0,16.0616,2.343727036325221,1,0,0,0,0,0,0,0,0,1,0,0,1,0,3.861
2009,662.2,16.9,151.3,1.71,0,12.3108,2.587011872725154,1,0,0,1,0,0,0,0,0,0,1,1,0,0,3.861
2009,1004.2,16.1,151.3,7.96,0,12.9206,2.542389085201363,1,0,0,0,1,0,0,0,0,1,0,0,0,1,3.861
2009,604.5,16.2,151.3,0.93,0,141.4019,0.7275486072772778,0,0,0,0,0,0,0,0,0,1,0,1,0,0,3.861
2009,618.7,16.4,151.3,1.54,0,14.9802,2.4069451083182885,0,0,0,1,0,0,0,0,0,0,0,1,0,0,3.861
2009,603.8,17.6,151.3,2.21,0,141.4019,0.7275486072772778,0,0,0,0,1,0,0,0,0,0,0,1,0,0,3.861
2009,438.3,19.9,16.2,0.22,0,10.7285,0.9202827531436926,1,0,0,0,0,0,0,0,0,1,0,1,0,0,0.496
2009,299.5,19.2,16.2,0.2,0,1.5056,2.464703942470481,1,0,0,1,0,0,0,0,0,1,0,0,0,0,0.496
2009,548.3,19.4,16.2,0.23,0,12.96,0.8109302162163288,0,0,0,0,0,0,0,0,0,0,1,1,0,0,0.496
2009,207.1,20.5,16.2,0.2,0,11.0959,0.9001613499442714,0,0,0,1,0,0,0,0,0,0,0,0,0,0,0.496
2009,453.2,23.1,65.4,0.38,0,6.694,2.3767644911682972,1,0,0,0,0,0,1,0,0,0,0,1,0,0,0.89
2009,488.3,23.2,65.4,0.52,0,7.0096,2.3350522831315472,1,0,0,0,0,0,0,0,0,1,0,1,0,0,0.89
2009,293.4,24.8,65.4,0.2,0,4.5607,2.73046379593911,1,0,0,1,0,0,0,0,0,0,1,0,0,0,0.89
2009,183.5,21.4,65.4,0.2,0,14.0043,1.7351891177396608,0,0,0,0,0,0,1,0,0,0,1,0,0,0,0.89
2009,233.3,20.9,65.4,0.2,0,8.3525,2.178155014615869,0,0,0,0,0,0,0,0,0,1,0,0,0,0,0.89
2009,150.8,22.7,65.4,0.2,0,5.1781,2.612273245708441,0,0,0,1,0,0,0,0,0,0,1,0,0,0,0.89
2009,433.5,24.5,22.4,0.23,0,3.2323,2.0706530356467567,1,0,0,0,0,0,1,0,0,0,1,1,0,0,0.48
2009,385.8,25.2,22.4,0.2,0,1.7555,2.6217658325051976,1,0,0,0,0,0,0,0,0,0,1,0,0,0,0.48
2009,447.4,22.8,22.4,0.34,0,1.6244,2.6939512767227085,1,0,0,1,0,0,0,0,0,0,0,1,0,0,0.48
2009,432.7,23.9,22.4,0.21,0,3.1594,2.0906287310704004,0,0,0,0,0,0,1,0,0,0,1,1,0,0,0.48
2009,339.4,23.5,22.4,0.2,0,3.7966,1.9315214116032138,0,0,0,0,0,0,0,0,0,1,0,0,0,0,0.48
2009,133.1,23.6,22.4,0.2,0,1.8467,2.574899688314705,0,0,0,1,0,0,0,0,0,0,1,0,0,0,0.48
2009,479.0,24.2,18.5,0.28,0,3.7374,1.7833912195575383,1,0,0,0,0,0,1,0,0,0,1,1,0,0,0.455
2009,467.9,25.3,18.5,0.2,0,30.8333,0.4700036292457356,1,0,0,0,0,0,0,0,0,0,1,1,0,0,0.455
2009,529.5,24.6,18.5,0.35,0,1.2559,2.7555697170701863,1,0,0,1,0,0,0,0,0,0,1,1,0,0,0.455
2009,208.7,23.2,18.5,0.2,0,2.6696,2.0706530356467567,0,0,0,0,0,0,1,0,0,0,1,0,0,0,0.455
2009,139.0,26.1,18.5,0.2,0,1.7177,2.4655539212721855,0,0,0,0,0,0,0,0,0,0,0,0,0,0,0.455
2009,106.3,26.1,18.5,0.2,0,1.3319,2.7006898466959175,0,0,0,1,0,0,0,0,0,0,1,0,0,0,0.455
2009,753.2,29.3,6.3,0.2,0,0.6017,2.4397349311412793,1,0,0,0,0,0,0,0,0,0,1,0,1,0,0.266
2009,847.6,27.5,6.3,0.21,0,0.6111,2.425687290128029,1,0,0,1,0,0,0,0,0,1,0,0,1,0,0.266
2009,477.8,27.8,6.3,0.2,0,1.7598,1.5216989981260935,0,0,0,0,0,0,0,0,0,1,0,1,0,0,0.266
2009,340.1,29.6,6.3,0.2,0,2.234,1.3402504226184837,0,0,0,1,0,0,0,0,0,0,0,0,0,0,0.266
2009,664.5,26.5,22.4,0.2,0,1.8138,2.5915163848462583,1,0,0,0,0,0,0,0,0,1,0,1,0,0,0.661
2009,745.0,27.5,22.4,0.47,0,2.0513,2.4782176616372036,1,0,0,1,0,0,0,0,0,0,1,0,1,0,0.661
2009,668.7,26.6,22.4,0.5,0,9.5319,1.208960345836975,1,1,0,0,0,0,0,0,0,0,1,1,0,0,0.661
2009,234.6,28.1,22.4,0.2,0,1.6115,2.7013612129514133,0,0,0,0,0,0,0,0,0,0,0,0,0,0,0.661
2009,477.7,27.7,22.4,0.29,0,2.1313,2.4432162227337915,0,0,0,1,0,0,0,0,0,0,1,1,0,0,0.661
2009,432.1,27.8,22.4,0.71,0,1.615,2.6993457604720636,0,1,0,0,0,0,0,0,0,0,1,1,0,0,0.661
2009,780.3,27.1,27.1,0.2,0,3.0587,2.288486168614544,1,0,0,0,0,0,0,0,0,0,1,0,1,0,0.678
2009,551.9,27.1,27.1,0.39,0,1.9275,2.7120422223717475,1,0,0,1,0,0,0,0,0,1,0,1,0,0,0.678
2009,779.6,28.7,27.1,1.16,0,7.4247,1.536867219599265,1,1,0,0,0,0,0,0,0,1,0,0,1,0,0.678
2009,492.0,26.8,27.1,0.2,0,3.0313,2.2965670206684825,0,0,0,0,0,0,0,0,0,1,0,1,0,0,0.678
2009,476.5,28.1,27.1,0.24,0,29.4565,0.6523251860396903,0,0,0,1,0,0,0,0,0,0,0,1,0,0,0.678
2009,558.1,27.1,27.1,1.3,0,5.8531,1.728109442151599,0,1,0,0,0,0,0,0,0,0,0,1,0,0,0.678
2009,276.6,31.4,31.3,0.2,1,3.4096,2.3204250111223765,1,0,0,0,0,0,0,0,0,0,0,0,0,0,0.341
2009,417.4,27.3,31.3,0.26,0,3.8979,2.200552367428894,1,0,0,1,0,0,0,0,0,0,1,1,0,0,0.341
2009,377.1,29.6,31.3,0.34,0,10.9441,1.3506671834767394,1,0,0,0,0,1,0,0,0,0,1,0,0,0,0.341
2009,122.5,30.5,31.3,0.2,1,16.0513,1.0818051703517284,0,0,0,0,0,0,0,0,0,0,0,0,0,0,0.341
2009,311.1,29.1,31.3,0.2,0,6.0895,1.814824742159051,0,0,0,1,0,0,0,0,0,0,1,0,0,0,0.341
2009,201.4,31.1,31.3,0.2,1,4.0283,2.1713368063840917,0,0,0,0,0,1,0,0,0,1,0,0,0,0,0.341
2009,520.0,28.3,30.1,0.2,0,2.4022,2.604909442182697,1,0,0,0,0,0,0,0,0,1,0,1,0,0,0.339
2009,1037.2,27.0,30.1,0.55,0,2.9195,2.425687290128029,1,0,0,1,0,0,0,0,0,0,1,0,0,1,0.339
2009,330.2,30.4,30.1,0.2,1,5.5331,1.8625285401162623,0,0,0,0,0,0,0,0,0,1,0,0,0,0,0.339
2009,371.5,30.3,30.1,0.2,1,5.6473,1.8453002361560848,0,0,0,1,0,0,0,0,0,0,1,0,0,0,0.339
2009,503.5,22.8,29.2,0.2,0,3.0932,2.3456445824544927,1,0,0,0,0,0,0,0,0,0,1,1,0,0,0.628
2009,308.5,20.8,29.2,0.2,0,2.0534,2.7226103524335397,1,0,0,1,0,0,0,0,0,0,1,0,0,0,0.628
2009,336.9,22.4,29.2,0.2,0,3.2735,2.2945529212967815,0,0,0,0,0,0,0,0,0,0,1,0,0,0,0.628
2009,336.1,22.2,29.2,0.22,0,9.9659,1.3686394258811698,0,0,0,1,0,0,0,0,0,0,1,0,0,0,0.628
2009,300.6,32.4,29.0,0.2,1,36.25,0.5877866649021191,1,0,0,0,0,0,1,0,0,1,0,0,0,0,0.251
2009,189.2,30.7,29.0,0.2,1,8.1006,1.5216989981260935,1,0,0,0,0,0,0,0,0,0,1,0,0,0,0.251
2009,243.4,32.0,29.0,0.2,1,4.8495,1.9430489167742813,1,0,0,1,0,0,0,0,0,1,0,0,0,0,0.251
2009,155.8,32.1,29.0,0.2,1,2.0466,2.719319793360441,0,0,0,0,0,0,1,0,0,0,0,0,0,0,0.251
2009,132.0,34.3,29.0,0.2,1,3.7662,2.163323025660538,0,0,0,0,0,0,0,0,0,0,0,0,0,0,0.251
2009,188.4,33.2,29.0,0.2,1,4.4073,2.0255131996542803,0,0,0,1,0,0,0,0,0,0,0,0,0,0,0.251
2009,257.7,33.1,23.2,0.26,1,3.4269,2.050270164379556,1,0,0,0,0,0,1,0,0,0,1,0,0,0,0.239
2009,212.9,34.3,23.2,0.2,1,17.0588,0.8586616190375187,1,0,0,0,0,0,0,0,0,0,1,0,0,0,0.239
2009,265.7,33.6,23.2,0.22,1,34.6269,0.5128236264286639,1,0,0,1,0,0,0,0,0,0,0,0,0,0,0.239
2009,167.1,34.2,23.2,0.2,1,1.5967,2.7427736371605955,0,0,0,0,0,0,1,0,0,1,0,0,0,0,0.239
2009,115.2,34.3,23.2,0.2,1,2.2745,2.4159137783010487,0,0,0,0,0,0,0,0,0,1,0,0,0,0,0.239
2009,151.4,32.8,23.2,0.2,1,1.8755,2.5930133911138515,0,0,0,1,0,0,0,0,0,0,1,0,0,0,0.239
2009,243.0,35.8,24.8,0.2,1,20.1626,0.8020015854720274,1,0,0,0,0,0,1,0,0,0,1,0,0,0,0.215
2009,213.7,34.3,24.8,0.2,1,4.2612,1.9198594718553708,1,0,0,0,0,0,0,0,0,1,0,0,0,0,0.215
2009,130.8,35.0,24.8,0.2,1,10.8297,1.1908875647772805,1,0,0,1,0,0,0,0,0,0,1,0,0,0,0.215
2009,92.4,34.9,24.8,0.2,1,2.0114,2.5900171341906173,0,0,0,0,0,0,1,0,0,0,0,0,0,0,0.215
2009,165.7,33.0,24.8,0.2,1,7.678,1.4422019930581866,0,0,0,0,0,0,0,0,0,1,0,0,0,0,0.215
2009,201.2,38.0,24.8,0.2,1,4.7238,1.8325814637483102,0,0,0,1,0,0,0,0,0,0,1,0,0,0,0.215
2009,218.8,37.1,35.5,0.2,1,3.7251,2.354228326145884,1,0,0,0,0,0,1,0,0,0,0,0,0,0,0.216
2009,170.7,35.1,35.5,0.2,1,43.8272,0.5933268452777344,1,0,0,0,0,0,0,0,0,1,0,0,0,0,0.216
2009,221.6,37.3,35.5,0.2,1,9.673,1.541159071680806,1,0,0,1,0,0,0,0,0,0,1,0,0,0,0.216
2009,50.0,35.6,35.5,0.2,1,7.458,1.7509374747078,0,0,0,0,0,0,1,0,0,0,1,0,0,0,0.216
2009,50.0,34.6,35.5,0.2,1,10.3198,1.4906543764441333,0,0,0,0,0,0,0,0,0,0,1,0,0,0,0.216
2009,128.1,36.1,35.5,0.2,1,11.6013,1.4011829736136414,0,0,0,1,0,0,0,0,0,0,0,0,0,0,0.216
2009,391.7,23.2,47.4,0.2,0,7.8477,1.951608170169951,1,0,0,0,0,0,0,0,0,0,0,0,0,0,1.081
2009,565.3,20.7,47.4,0.44,0,5.9176,2.1983350716202463,1,0,0,1,0,0,0,0,0,1,0,1,0,0,1.081
2009,187.5,22.3,47.4,0.2,0,3.2421,2.7485521444115397,0,0,0,0,0,0,0,0,0,0,1,0,0,0,1.081
2009,342.0,23.1,47.4,0.53,0,4.1762,2.513656063073986,0,0,0,1,0,0,0,0,0,0,0,0,0,0,1.081
2009,334.7,24.9,9.1,0.2,0,2.0404,1.6974487897568136,1,0,0,0,0,0,0,0,0,0,1,0,0,0,0.34
2009,281.2,25.5,9.1,0.24,0,0.658,2.696652156149841,1,0,0,1,0,0,0,0,0,1,0,0,0,0,0.34
2009,230.4,24.9,9.1,0.2,0,1.315,2.0693912058263346,0,0,0,0,0,0,0,0,0,0,1,0,0,0,0.34
2009,256.3,28.2,9.1,0.2,0,1.4677,1.9740810260220096,0,0,0,1,0,0,0,0,0,0,0,0,0,0,0.34
2009,582.0,25.1,10.6,0.2,0,2.6173,1.6193882432872684,1,0,0,0,0,0,0,0,0,1,0,1,0,0,0.617
2009,442.7,23.7,10.6,0.42,0,1.253,2.247072383063787,1,0,0,1,0,0,0,0,0,0,0,1,0,0,0.617
2009,577.4,24.1,10.6,0.2,0,2.1371,1.7850704810772584,0,0,0,0,0,0,0,0,0,0,1,1,0,0,0.617
2009,430.0,21.6,10.6,0.25,0,0.8604,2.589266665112243,0,0,0,1,0,0,0,0,0,0,0,1,0,0,0.617
2009,648.7,19.6,61.9,1.56,0,29.6172,1.128171090909654,1,0,0,0,0,0,0,0,1,0,0,1,0,0,1.385
2009,527.6,22.3,61.9,0.24,0,4.5051,2.6905648867611904,1,0,0,0,0,0,0,0,0,0,1,1,0,0,1.385
2009,454.6,19.3,61.9,0.49,0,110.5357,0.44468582126144574,1,0,0,1,0,0,0,0,0,1,0,1,0,0,1.385
2009,289.9,19.3,61.9,0.2,0,6.0331,2.421256622711544,0,0,0,0,0,0,0,0,1,0,0,0,0,0,1.385
2009,170.6,18.1,61.9,0.2,0,7.3955,2.2375130962503307,0,0,0,0,0,0,0,0,0,0,1,0,0,0,1.385
2009,268.1,19.0,61.9,0.28,0,5.3686,2.528125768907977,0,0,0,1,0,0,0,0,0,0,0,0,0,0,1.385
2009,839.5,23.0,39.6,0.45,0,3.1987,2.5937610547000824,1,0,0,0,0,0,0,0,0,0,0,0,1,0,1.472
2009,602.0,22.4,39.6,0.98,0,2.9464,2.67000213346468,1,0,0,1,0,0,0,0,0,0,1,1,0,0,1.472
2009,354.7,24.3,39.6,0.2,0,44.4944,0.636576829071551,0,0,0,0,0,0,0,0,0,0,1,0,0,0,1.472
2009,459.9,20.8,39.6,0.82,0,7.2527,1.8656293177945105,0,0,0,1,0,0,0,0,0,1,0,1,0,0,1.472
2009,868.0,23.2,83.4,0.86,0,19.4406,1.665818245870208,1,0,0,0,0,0,0,0,0,0,0,0,1,0,1.511
2009,942.1,21.6,83.4,2.91,0,8.2087,2.412335956953165,1,0,0,1,0,0,0,0,0,0,0,0,1,0,1.511
2009,871.5,21.6,83.4,1.51,0,13.6498,1.9615022438151495,1,1,0,0,0,0,0,0,0,0,1,0,1,0,1.511
2009,486.2,26.3,83.4,0.22,0,8.3567,2.3960754360813845,0,0,0,0,0,0,0,0,0,1,0,1,0,0,1.511
2009,430.1,24.0,83.4,0.25,0,6.4601,2.6326080059353516,0,0,0,1,0,0,0,0,0,1,0,1,0,0,1.511
2009,236.8,22.3,83.4,0.2,0,39.7143,1.1314021114911006,0,1,0,0,0,0,0,0,0,1,0,0,0,0,1.511
2009,763.6,22.2,56.5,0.4,0,8.8836,1.9960599327407849,1,0,0,0,0,0,0,0,0,0,1,0,1,0,1.053
2009,670.8,25.2,56.5,0.93,0,16.0511,1.5085119938441398,1,0,0,1,0,0,0,0,0,0,1,1,0,0,1.053
2009,810.9,22.8,56.5,0.42,0,38.6986,0.9001613499442714,0,0,0,0,0,0,0,0,0,0,0,0,1,0,1.053
2009,271.1,24.7,56.5,0.2,0,23.444,1.2267122912954254,0,0,0,1,0,0,0,0,0,0,1,0,0,0,1.053
2009,1119.7,22.4,73.3,0.29,0,16.2889,1.7047480922384253,1,0,0,0,0,0,0,0,0,0,1,0,0,1,1.369
2009,912.3,21.6,73.3,1.57,0,5.0552,2.740840023925201,1,0,0,1,0,0,0,0,0,0,1,0,1,0,1.369
2009,216.0,22.0,73.3,0.2,0,8.747,2.238579763018133,0,0,0,0,0,0,0,0,0,0,0,0,0,0,1.369
2009,876.2,22.9,73.3,1.6,0,9.892,2.1294214739848565,0,0,0,1,0,0,0,0,0,0,1,0,1,0,1.369
2009,448.8,20.9,32.6,0.29,0,2.3918,2.683074215032033,1,0,0,0,0,0,0,0,0,0,1,1,0,0,0.583
2009,413.5,21.4,32.6,0.78,0,2.9396,2.492378664626701,1,0,0,1,0,0,0,0,0,0,0,1,0,0,0.583
2009,168.3,23.0,32.6,0.2,0,23.9706,0.8586616190375187,0,0,0,0,0,0,0,0,0,0,1,0,0,0,0.583
2009,175.4,23.2,32.6,0.2,0,2.1909,2.7650604558189897,0,0,0,1,0,0,0,0,0,0,1,0,0,0,0.583
2009,885.2,18.6,70.4,2.09,0,7.0189,2.400618833265411,1,0,0,0,0,0,0,0,1,1,0,0,1,0,1.391
2009,666.0,19.5,70.4,0.69,0,9.8738,2.0955609235597192,1,0,0,0,0,0,0,0,0,0,1,1,0,0,1.391
2009,629.7,15.9,70.4,0.66,0,5.1994,2.6769034721053733,1,0,0,1,0,0,0,0,0,0,0,1,0,0,1.391
2009,297.2,17.7,70.4,0.35,0,5.6728,2.596000697293587,0,0,0,0,0,0,0,0,1,0,1,0,0,0,1.391
2009,519.4,19.2,70.4,0.2,0,42.4096,0.9783261227936076,0,0,0,0,0,0,0,0,0,0,0,1,0,0,1.391
2009,427.6,16.2,70.4,0.58,0,13.1589,1.8484548129046001,0,0,0,1,0,0,0,0,0,0,1,1,0,0,1.391
2009,531.7,18.5,68.2,0.54,0,6.3679,2.460443177609626,1,0,0,0,0,0,0,0,0,1,0,1,0,0,1.144
2009,643.6,17.6,68.2,1.0,0,5.5537,2.5862591440482876,1,0,0,1,0,0,0,0,0,0,0,1,0,0,1.144
2009,269.5,17.0,68.2,0.2,0,15.8605,1.667706820558076,0,0,0,0,0,0,0,0,0,1,0,0,0,0,1.144
2009,279.8,17.2,68.2,0.21,0,6.1664,2.4898941912990393,0,0,0,1,0,0,0,0,0,0,1,0,0,0,1.144
2009,954.4,19.1,51.1,0.53,0,3.512,2.744060638625243,1,0,0,0,0,0,0,0,0,0,1,0,1,0,1.602
2009,788.2,19.7,51.1,1.26,0,9.5693,1.8468787684491346,1,0,0,1,0,0,0,0,0,0,0,0,1,0,1.602
2009,966.8,20.2,51.1,1.46,0,3.5024,2.7466296830696852,1,1,0,0,0,0,0,0,0,0,0,0,1,0,1.602
2009,847.6,20.4,51.1,1.07,0,7.4599,2.060513531794317,1,0,0,0,0,1,0,0,0,1,0,0,1,0,1.602
2009,663.6,20.4,51.1,0.47,0,46.036,0.7466879474879752,0,0,0,0,0,0,0,0,0,0,1,1,0,0,1.602
2009,790.8,18.7,51.1,1.24,0,24.4498,1.128171090909654,0,0,0,1,0,0,0,0,0,1,0,0,1,0,1.602
2009,726.5,18.6,51.1,0.82,0,7.4708,2.0592388343623163,0,1,0,0,0,0,0,0,0,0,0,0,1,0,1.602
2009,471.0,20.2,51.1,0.2,0,3.7191,2.6905648867611904,0,0,0,0,0,1,0,0,0,0,1,1,0,0,1.602
2009,257.7,31.1,27.3,0.2,1,2.8173,2.3693087250369538,1,0,0,0,0,0,0,0,0,0,1,0,0,0,0.243
2009,118.5,28.2,27.3,0.2,0,4.8233,1.8961194845522977,1,0,0,1,0,0,0,0,0,0,1,0,0,0,0.243
2009,248.9,29.1,27.3,0.2,0,2.711,2.4042387467205457,0,0,0,0,0,0,0,0,0,1,0,0,0,0,0.243
2009,205.9,29.5,27.3,0.28,0,19.2254,0.883767540168595,0,0,0,1,0,0,0,0,0,0,0,0,0,0,0.243
2009,192.4,30.1,38.3,0.2,1,8.2721,1.728109442151599,1,0,0,0,0,0,0,0,0,1,0,0,0,0,0.212
2009,148.0,31.7,38.3,0.2,1,2.6524,2.73696154459663,1,0,0,1,0,0,0,0,0,0,1,0,0,0,0.212
2009,284.0,29.5,38.3,0.2,0,2.5809,2.7625383863862796,0,0,0,0,0,0,0,0,0,1,0,0,0,0,0.212
2009,50.0,29.8,38.3,0.2,0,4.3473,2.2834022735772717,0,0,0,1,0,0,0,0,0,0,0,0,0,0,0.212
2010,1151.4,17.4,76.1,3.64,0,30.935,1.2412685890696329,1,0,0,0,0,0,0,0,1,0,1,0,0,1,3.582
2010,1016.0,16.3,76.1,0.76,0,16.4009,1.7298840655099674,1,0,0,0,0,0,0,0,0,0,0,0,0,1,3.582
2010,1079.0,18.9,76.1,7.55,0,6.0111,2.614471854142644,1,0,0,1,0,0,0,0,0,0,0,0,0,1,3.582
2010,323.7,17.1,76.1,0.62,0,10.2561,2.130609828254235,0,0,0,0,0,0,0,0,1,1,0,0,0,0,3.582
2010,667.5,18.4,76.1,2.08,0,5.1593,2.7568403652716422,0,0,0,0,0,0,0,0,0,1,0,1,0,0,3.582
2010,312.8,16.8,76.1,0.45,0,8.3811,2.3105532626432224,0,0,0,1,0,0,0,0,0,1,0,0,0,0,3.582
2010,1176.6,16.0,100.4,11.43,0,12.7411,2.1838015570040787,1,0,0,0,0,0,0,0,1,1,0,0,0,1,4.069
2010,1448.9,15.4,100.4,1.89,0,9.5893,2.4397349311412793,1,0,0,0,0,0,0,0,0,0,1,0,0,1,4.069
2010,1320.1,16.3,100.4,5.99,0,11.9382,2.2417729535972883,1,0,0,1,0,0,0,0,0,1,0,0,0,1,4.069
2010,591.9,17.2,100.4,4.16,0,7.5774,2.6567569067146595,0,0,0,0,0,0,0,0,1,0,1,1,0,0,4.069
2010,562.8,17.3,100.4,1.01,0,13.3867,2.1400661634962708,0,0,0,0,0,0,0,0,0,0,0,1,0,0,4.069
2010,688.3,14.8,100.4,2.09,0,80.32,0.8109302162163288,0,0,0,1,0,0,0,0,0,0,0,1,0,0,4.069
2010,593.0,19.3,107.3,3.86,0,8.0556,2.6616571615324998,1,0,0,0,0,0,0,0,1,0,1,1,0,0,3.973
2010,775.8,18.6,107.3,2.3,0,13.6514,2.1815467646169897,1,0,0,0,0,0,0,0,0,0,0,0,1,0,3.973
2010,702.9,20.1,107.3,3.02,0,10.2876,2.4362414778067194,1,0,0,1,0,0,0,0,0,1,0,0,1,0,3.973
2010,827.5,18.8,107.3,5.51,0,9.2261,2.5360749363624,1,0,0,0,1,0,0,0,0,0,0,0,1,0,3.973
2010,409.2,19.7,107.3,1.18,0,134.125,0.5877866649021191,0,0,0,0,0,0,0,0,1,0,1,1,0,0,3.973
2010,467.5,20.3,107.3,1.09,0,11.5376,2.33214389523559,0,0,0,0,0,0,0,0,0,1,0,1,0,0,3.973
2010,503.9,17.7,107.3,3.0,0,11.6126,2.3263016196113617,0,0,0,1,0,0,0,0,0,0,0,1,0,0,3.973
2010,775.0,19.7,107.3,7.47,0,24.5538,1.6808279085207734,0,0,0,0,1,0,0,0,0,1,0,0,1,0,3.973
2010,1195.7,18.0,119.0,3.09,0,27.7389,1.665818245870208,1,0,0,0,0,0,0,0,0,1,0,0,0,1,2.798
2010,781.4,17.5,119.0,4.7,0,15.4746,2.162172939277301,1,0,0,1,0,0,0,0,0,0,0,0,1,0,2.798
2010,815.8,16.3,119.0,2.14,0,28.066,1.6563214983329508,1,0,0,0,0,0,0,1,0,0,0,0,1,0,2.798
2010,477.4,17.3,119.0,0.58,0,8.7372,2.6823904543216326,0,0,0,0,0,0,0,0,0,0,0,1,0,0,2.798
2010,459.9,17.4,119.0,0.66,0,8.4457,2.7140322727797574,0,0,0,1,0,0,0,0,0,0,0,1,0,0,2.798
2010,1013.8,17.1,119.0,4.23,0,46.8504,1.264126727145683,0,0,0,0,0,0,0,1,0,0,1,0,0,1,2.798
2010,1065.4,18.2,122.6,1.49,0,66.6304,1.0438040521731147,1,0,0,0,0,0,0,0,0,0,0,0,0,1,2.502
2010,1337.0,19.9,122.6,10.73,0,57.8302,1.1378330018213911,1,0,0,1,0,0,0,0,0,0,0,0,0,1,2.502
2010,602.4,17.6,122.6,1.97,0,11.9377,2.422144328051685,0,0,0,0,0,0,0,0,0,0,0,1,0,0,2.502
2010,187.4,17.9,122.6,0.25,0,49.4355,1.247032293786383,0,0,0,1,0,0,0,0,0,0,0,0,0,0,2.502
2010,1508.4,20.1,141.2,5.1,0,17.9873,2.180417459019838,1,0,0,0,0,0,0,0,0,1,0,0,0,1,2.346
2010,822.5,19.0,141.2,4.41,0,16.7101,2.2460147415056513,1,0,0,1,0,0,0,0,0,0,0,0,1,0,2.346
2010,295.7,20.0,141.2,0.22,0,27.3114,1.8196988379172965,0,0,0,0,0,0,0,0,0,1,0,0,0,0,2.346
2010,599.1,20.3,141.2,0.76,0,13.1716,2.4612967841488667,0,0,0,1,0,0,0,0,0,0,1,1,0,0,2.346
2010,1364.6,20.3,126.7,2.69,0,15.1374,2.2375130962503307,1,0,0,0,0,0,0,0,0,0,0,0,0,1,2.552
2010,1200.8,18.0,126.7,3.18,0,13.4501,2.343727036325221,1,0,0,1,0,0,0,0,0,1,0,0,0,1,2.552
2010,783.7,20.4,126.7,2.66,0,24.7945,1.809926773183504,0,0,0,0,0,0,0,0,0,0,0,0,1,0,2.552
2010,606.2,20.4,126.7,0.92,0,17.3324,2.1174596088673567,0,0,0,1,0,0,0,0,0,1,0,1,0,0,2.552
2010,1756.8,18.1,129.9,3.41,0,47.7574,1.3137236682850553,1,0,0,0,0,0,0,0,0,0,0,0,0,1,2.398
2010,1317.5,17.1,129.9,1.88,0,10.0776,2.6311691567662523,1,0,0,1,0,0,0,0,0,0,0,0,0,1,2.398
2010,1209.2,18.6,129.9,1.86,0,11.516,2.5079719227189963,0,0,0,0,0,0,0,0,0,0,0,0,0,1,2.398
2010,957.3,20.1,129.9,3.06,0,10.9068,2.558002204858551,0,0,0,1,0,0,0,0,0,0,0,0,1,0,2.398
2010,1501.0,19.3,49.3,0.91,0,3.617,2.683074215032033,1,0,0,0,0,0,0,0,0,0,1,0,0,1,1.579
2010,1444.1,18.4,49.3,1.99,0,10.7877,1.7173950539391927,1,0,0,1,0,0,0,0,0,0,1,0,0,1,1.579
2010,1073.9,20.7,49.3,1.32,0,4.4818,2.4849066497880004,0,0,0,0,0,0,0,0,0,1,0,0,0,1,1.579
2010,1127.1,19.0,49.3,2.26,0,4.3822,2.505525936990736,0,0,0,1,0,0,0,0,0,0,1,0,0,1,1.579
2010,1103.8,15.2,114.8,1.57,0,22.8231,1.7967470107390942,1,0,0,0,0,0,0,0,0,1,0,0,0,1,3.983
2010,973.4,17.8,114.8,3.8,0,14.404,2.1938856760707046,1,0,0,1,0,0,0,0,0,0,0,0,1,0,3.983
2010,1203.4,18.6,114.8,6.1,0,32.067,1.5216989981260935,1,0,0,0,0,0,0,1,0,0,0,0,0,1,3.983
2010,1316.2,18.0,114.8,9.77,0,9.6633,2.5556757206762075,1,0,0,0,1,0,0,0,0,1,0,0,0,1,3.983
2010,531.3,19.3,114.8,0.53,0,16.3533,2.081938421878423,0,0,0,0,0,0,0,0,0,1,0,1,0,0,3.983
2010,816.2,16.4,114.8,2.11,0,10.82,2.4518667957098,0,0,0,1,0,0,0,0,0,1,0,0,1,0,3.983
2010,1007.0,17.4,114.8,5.66,0,8.0,2.731115474033206,0,0,0,0,0,0,0,1,0,0,0,0,0,1,3.983
2010,993.3,17.4,114.8,8.81,0,58.2741,1.0885619528146082,0,0,0,0,1,0,0,0,0,0,0,0,1,0,3.983
2010,1533.5,17.6,75.2,2.3,0,10.7736,2.0769384114617173,1,0,0,0,0,0,0,0,0,0,0,0,0,1,2.733
2010,1816.5,17.9,75.2,6.84,0,6.1791,2.5779415157551897,1,0,0,1,0,0,0,0,0,0,0,0,0,1,2.733
2010,1421.4,17.7,75.2,3.87,0,25.6655,1.3686394258811698,1,0,0,0,0,0,0,1,0,0,0,0,0,1,2.733
2010,865.7,17.9,75.2,1.03,0,117.5,0.49469624183610705,0,0,0,0,0,0,0,0,0,0,0,0,1,0,2.733
2010,816.7,15.6,75.2,2.5,0,30.5691,1.2412685890696329,0,0,0,1,0,0,0,0,0,0,0,0,1,0,2.733
2010,1024.2,16.7,75.2,4.72,0,9.7158,2.167910189667444,0,0,0,0,0,0,0,1,0,0,0,0,0,1,2.733
2010,993.9,15.0,58.8,0.68,0,19.1531,1.4036429994545037,1,0,0,0,0,0,0,0,0,1,0,0,1,0,1.242
2010,1137.3,16.8,58.8,2.99,0,54.4444,0.7323678937132266,1,0,0,1,0,0,0,0,0,0,1,0,0,1,1.242
2010,788.1,18.0,58.8,2.5,0,4.1467,2.719978771967484,1,0,0,0,0,0,0,1,0,0,1,0,1,0,1.242
2010,815.3,17.5,58.8,1.64,0,6.3774,2.3243465847755584,1,0,1,0,0,0,0,0,0,0,1,0,1,0,1.242
2010,892.2,15.9,58.8,1.03,0,5.6268,2.4379897300002487,0,0,0,0,0,0,0,0,0,0,1,0,1,0,1.242
2010,469.0,14.5,58.8,0.89,0,6.1378,2.3589654264301534,0,0,0,1,0,0,0,0,0,1,0,1,0,0,1.242
2010,809.0,16.5,58.8,1.43,0,3.9252,2.7713379403381286,0,0,0,0,0,0,0,1,0,0,1,0,1,0,1.242
2010,380.3,15.5,58.8,0.24,0,7.4336,2.187174241482718,0,0,1,0,0,0,0,0,0,0,1,0,0,0,1.242
2010,852.1,17.0,80.6,1.05,0,21.5508,1.556037135706985,1,0,0,0,0,0,0,0,0,0,1,0,1,0,1.371
2010,948.2,17.6,80.6,3.17,0,6.2,2.6390573296152584,1,0,0,1,0,0,0,0,0,0,1,0,1,0,1.371
2010,1043.0,16.1,80.6,2.6,0,12.7532,1.9906103279732201,1,0,0,0,0,0,0,1,0,0,1,0,0,1,1.371
2010,1280.7,18.3,80.6,2.17,0,7.5116,2.462149662665384,1,0,1,0,0,0,0,0,0,0,1,0,0,1,1.371
2010,854.0,17.7,80.6,0.76,0,8.0843,2.395164274287139,0,0,0,0,0,0,0,0,0,0,0,0,1,0,1.371
2010,704.9,17.9,80.6,1.38,0,24.0597,1.4701758451005926,0,0,0,1,0,0,0,0,0,0,1,0,1,0,1.371
2010,579.4,17.8,80.6,0.55,0,19.8522,1.6213664832993742,0,0,0,0,0,0,0,1,0,1,0,1,0,0,1.371
2010,684.3,19.0,80.6,1.21,0,13.8966,1.916922612182061,0,0,1,0,0,0,0,0,0,1,0,1,0,0,1.371
2010,901.1,16.5,31.0,0.9,0,3.1124,2.3942522815198695,1,0,0,0,0,0,0,0,0,0,1,0,1,0,0.987
2010,784.1,17.6,31.0,1.03,0,7.0938,1.6808279085207734,1,0,0,1,0,0,0,0,0,0,1,0,1,0,0.987
2010,693.5,18.4,31.0,0.98,0,2.4031,2.631888840136646,1,0,1,0,0,0,0,0,0,0,1,1,0,0,0.987
2010,623.0,17.9,31.0,0.78,0,2.1204,2.7485521444115397,0,0,0,0,0,0,0,0,0,0,0,1,0,0,0.987
2010,507.7,20.0,31.0,0.3,0,2.8233,2.4832385926873033,0,0,0,1,0,0,0,0,0,1,0,1,0,0,0.987
2010,306.1,20.1,31.0,0.2,0,2.1754,2.7245795030534206,0,0,1,0,0,0,0,0,0,1,0,0,0,0,0.987
2010,907.2,19.5,58.1,1.64,0,4.3101,2.6727683869575705,1,0,0,0,0,0,0,0,0,1,0,0,1,0,1.215
2010,1011.6,18.8,58.1,1.37,0,11.8571,1.7749523509116738,1,0,0,1,0,0,0,0,0,0,1,0,0,1,1.215
2010,793.8,17.7,58.1,1.5,0,4.3949,2.6546494243750947,1,0,1,0,0,0,0,0,0,1,0,0,1,0,1.215
2010,972.2,16.9,58.1,0.57,0,5.7185,2.412335956953165,1,0,0,0,0,1,0,0,0,0,1,0,1,0,1.215
2010,289.9,18.0,58.1,0.2,0,7.9263,2.1198634561787513,0,0,0,0,0,0,0,0,0,0,0,0,0,0,1.215
2010,299.3,19.3,58.1,0.2,0,6.8921,2.2438960966453663,0,0,0,1,0,0,0,0,0,1,0,0,0,0,1.215
2010,660.9,18.7,58.1,1.05,0,19.9656,1.3635373739972745,0,0,1,0,0,0,0,0,0,0,1,1,0,0,1.215
2010,272.8,18.9,58.1,0.21,0,4.3005,2.6748380668960965,0,0,0,0,0,1,0,0,0,0,0,0,0,0,1.215
2010,533.8,19.5,43.0,0.42,0,4.3478,2.387844936944869,1,0,0,0,0,0,0,0,0,0,1,1,0,0,1.367
2010,839.8,20.3,43.0,4.15,0,5.3284,2.2049722641270453,1,0,0,1,0,0,0,0,0,0,0,0,1,0,1.367
2010,930.3,19.5,43.0,2.44,0,19.3694,1.169381359556317,1,0,1,0,0,0,0,0,0,0,0,0,1,0,1.367
2010,342.9,19.5,43.0,0.2,0,13.9159,1.4085449700547104,0,0,0,0,0,0,0,0,0,0,1,0,0,0,1.367
2010,517.5,20.2,43.0,0.44,0,5.2058,2.225704048658088,0,0,0,1,0,0,0,0,0,1,0,1,0,0,1.367
2010,466.1,21.3,43.0,1.01,0,2.9452,2.747270914255491,0,0,1,0,0,0,0,0,0,0,0,1,0,0,1.367
2010,605.7,18.1,66.0,0.67,0,5.5932,2.5494451709255714,1,0,0,0,0,0,0,0,0,0,0,1,0,0,1.854
2010,696.4,16.2,66.0,1.98,0,15.103,1.6808279085207734,1,0,0,1,0,0,0,0,0,1,0,1,0,0,1.854
2010,513.4,16.4,66.0,0.39,0,33.5025,1.0885619528146082,1,0,1,0,0,0,0,0,0,0,1,1,0,0,1.854
2010,725.3,17.0,66.0,7.7,0,19.242,1.4883995840570443,1,0,0,0,1,0,0,0,0,0,0,0,1,0,1.854
2010,509.1,16.3,66.0,0.21,0,66.0,0.6931471805599453,0,0,0,0,0,0,0,0,0,1,0,1,0,0,1.854
2010,374.1,15.9,66.0,0.22,0,84.6154,0.5766133643039938,0,0,0,1,0,0,0,0,0,1,0,0,0,0,1.854
2010,380.0,18.4,66.0,0.76,0,10.0152,2.0268315914075385,0,0,1,0,0,0,0,0,0,0,1,0,0,0,1.854
2010,455.0,17.0,66.0,2.84,0,26.9388,1.2383742310432684,0,0,0,0,1,0,0,0,0,1,0,1,0,0,1.854
2010,822.2,20.2,46.9,1.8,0,3.1711,2.7593768282675506,1,0,0,0,0,0,0,0,0,0,0,0,1,0,1.181
2010,708.4,18.9,46.9,1.21,0,7.9357,1.9329696377795786,1,0,0,1,0,0,0,0,0,0,1,0,1,0,1.181
2010,419.1,19.7,46.9,0.98,0,6.245,2.1412419425852827,0,0,0,0,0,0,0,0,0,0,0,1,0,0,1.181
2010,393.4,21.7,46.9,1.22,0,3.6641,2.624668592163159,0,0,0,1,0,0,0,0,0,0,0,0,0,0,1.181
2010,1059.6,14.7,71.0,1.37,0,13.4216,1.8389610707123492,1,0,0,0,0,0,0,0,0,0,0,0,0,1,3.861
2010,996.1,16.3,71.0,1.92,0,6.5924,2.4655539212721855,1,0,0,1,0,0,0,0,0,0,0,0,1,0,3.861
2010,1081.2,16.7,71.0,8.06,0,7.3881,2.3617969526258915,1,0,0,0,1,0,0,0,0,0,0,0,0,1,3.861
2010,653.0,16.6,71.0,0.69,0,6.3506,2.4997952622817508,0,0,0,0,0,0,0,0,0,0,0,1,0,0,3.861
2010,770.6,14.4,71.0,1.57,0,8.4726,2.238579763018133,0,0,0,1,0,0,0,0,0,0,0,0,1,0,3.861
2010,680.9,16.5,71.0,4.97,0,14.8847,1.7526720805200082,0,0,0,0,1,0,0,0,0,0,0,1,0,0,3.861
2010,606.0,18.3,20.7,0.31,0,2.7381,2.1471001901536506,1,0,0,0,0,0,0,0,0,1,0,1,0,0,0.496
2010,373.4,17.8,20.7,0.26,0,2.5461,2.211565694606877,1,0,0,1,0,0,0,0,0,0,1,0,0,0,0.496
2010,771.2,19.0,20.7,0.48,0,4.268,1.766441661243765,0,0,0,0,0,0,0,0,0,0,1,0,1,0,0.496
2010,375.5,19.7,20.7,0.65,0,1.7079,2.574137783515943,0,0,0,1,0,0,0,0,0,0,0,0,0,0,0.496
2010,620.1,23.0,42.7,0.8,0,8.2913,1.8164520818184267,1,0,0,0,0,0,1,0,0,0,0,1,0,0,0.89
2010,779.7,23.5,42.7,0.74,0,3.6003,2.554121718809473,1,0,0,0,0,0,0,0,0,0,1,0,1,0,0.89
2010,643.5,20.0,42.7,1.87,0,14.5238,1.3711807233098425,1,0,0,1,0,0,0,0,0,0,1,1,0,0,0.89
2010,201.4,22.3,42.7,0.2,0,5.7009,2.138889000323256,0,0,0,0,0,0,1,0,0,1,0,0,0,0,0.89
2010,454.2,23.1,42.7,0.45,0,6.8539,1.9782390361706734,0,0,0,0,0,0,0,0,0,0,1,1,0,0,0.89
2010,448.0,22.5,42.7,0.96,0,9.3846,1.713797927758343,0,0,0,1,0,0,0,0,0,0,0,1,0,0,0.89
2010,597.9,25.2,19.8,0.73,0,5.4396,1.534714366238164,1,0,0,0,0,0,1,0,0,1,0,1,0,0,0.48
2010,593.0,24.5,19.8,0.38,0,3.0462,2.0149030205422647,1,0,0,0,0,0,0,0,0,0,0,1,0,0,0.48
2010,672.5,24.3,19.8,0.75,0,4.3137,1.7209792871670078,1,0,0,1,0,0,0,0,0,0,1,1,0,0,0.48
2010,202.8,27.9,19.8,0.2,0,11.1236,1.0224509277025458,0,0,0,0,0,0,1,0,0,0,1,0,0,0,0.48
2010,570.5,24.9,19.8,0.29,0,35.3571,0.44468582126144574,0,0,0,0,0,0,0,0,0,0,1,1,0,0,0.48
2010,392.3,24.7,19.8,0.56,0,1.8539,2.457877977400081,0,0,0,1,0,0,0,0,0,0,0,0,0,0,0.48
2010,513.1,25.1,25.6,0.31,0,4.3463,1.9300710850255671,1,0,0,0,0,0,1,0,0,0,1,1,0,0,0.455
2010,584.4,23.0,25.6,0.56,0,1.8195,2.712706012638404,1,0,0,0,0,0,0,0,0,1,0,1,0,0,0.455
2010,896.7,26.0,25.6,1.56,0,6.8449,1.556037135706985,1,0,0,1,0,0,0,0,0,0,0,0,1,0,0.455
2010,479.2,25.3,25.6,0.32,0,4.6545,1.8718021769015913,0,0,0,0,0,0,1,0,0,1,0,1,0,0,0.455
2010,50.0,23.6,25.6,0.2,0,1.9062,2.6693093727857793,0,0,0,0,0,0,0,0,0,0,1,0,0,0,0.455
2010,558.1,24.8,25.6,0.91,0,9.9611,1.2725655957915476,0,0,0,1,0,0,0,0,0,0,0,1,0,0,0.455
2010,878.8,27.5,16.7,0.2,0,10.1829,0.9707789171582248,1,0,0,0,0,0,0,0,0,0,1,0,1,0,0.266
2010,1235.7,29.2,16.7,0.32,0,1.571,2.453587966530573,1,0,0,1,0,0,0,0,0,1,0,0,0,1,0.266
2010,745.2,29.4,16.7,0.2,0,1.3067,2.6232182655855123,0,0,0,0,0,0,0,0,0,1,0,0,1,0,0.266
2010,668.7,30.1,16.7,0.2,1,2.9298,1.9021075263969205,0,0,0,1,0,0,0,0,0,0,1,1,0,0,0.266
2010,750.1,26.2,31.6,0.36,0,3.5268,2.298577071596507,1,0,0,0,0,0,0,0,0,0,1,0,1,0,0.661
2010,1136.4,27.2,31.6,0.71,0,6.2327,1.803358605071407,1,0,0,1,0,0,0,0,0,1,0,0,0,1,0.661
2010,659.5,23.9,31.6,1.54,0,3.1568,2.3988039507345884,1,1,0,0,0,0,0,0,0,1,0,1,0,0,0.661
2010,591.9,29.3,31.6,0.2,0,2.8265,2.4997952622817508,0,0,0,0,0,0,0,0,0,0,1,1,0,0,0.661
2010,675.8,27.2,31.6,1.38,0,15.9596,1.091923300517313,0,0,0,1,0,0,0,0,0,0,0,1,0,0,0.661
2010,587.2,27.3,31.6,1.24,0,3.4236,2.325324579963535,0,1,0,0,0,0,0,0,0,0,0,1,0,0,0.661
2010,1001.8,29.1,29.4,0.2,0,1.9798,2.7631695003232895,1,0,0,0,0,0,0,0,0,0,1,0,0,1,0.678
2010,888.8,29.5,29.4,0.73,0,2.8296,2.432735777459091,1,0,0,1,0,0,0,0,0,0,1,0,1,0,0.678
2010,1113.1,26.9,29.4,1.03,0,2.3204,2.6152036507358583,1,1,0,0,0,0,0,0,0,0,1,0,0,1,0.678
2010,478.7,28.3,29.4,0.2,0,33.0337,0.636576829071551,0,0,0,0,0,0,0,0,0,0,0,1,0,0,0.678
2010,171.0,28.1,29.4,0.2,0,22.1053,0.8458682675776092,0,0,0,1,0,0,0,0,0,1,0,0,0,0,0.678
2010,859.7,28.9,29.4,1.86,0,2.2826,2.6304489550786583,0,1,0,0,0,0,0,0,0,0,1,0,1,0,0.678
2010,448.9,30.1,20.1,0.2,1,2.0959,2.359910159613315,1,0,0,0,0,0,0,0,0,1,0,1,0,0,0.341
2010,417.3,28.2,20.1,0.27,0,3.263,1.9685099809725544,1,0,0,1,0,0,0,0,0,0,1,1,0,0,0.341
2010,542.9,30.7,20.1,0.86,1,1.4889,2.6741486494265287,1,0,0,0,0,1,0,0,0,0,1,1,0,0,0.341
2010,215.3,31.8,20.1,0.2,1,2.0344,2.3869262414277967,0,0,0,0,0,0,0,0,0,0,1,0,0,0,0.341
2010,247.3,27.5,20.1,0.44,0,19.1429,0.7178397931503169,0,0,0,1,0,0,0,0,0,0,0,0,0,0,0.341
2010,331.7,31.8,20.1,0.33,1,15.2273,0.8415671856782186,0,0,0,0,0,1,0,0,0,0,0,0,0,0,0.341
2010,836.6,28.3,38.4,0.2,0,16.0,1.2237754316221157,1,0,0,0,0,0,0,0,0,0,1,0,1,0,0.339
2010,860.9,26.5,38.4,0.21,0,8.2227,1.7351891177396608,1,0,0,1,0,0,0,0,0,1,0,0,1,0,0.339
2010,476.3,29.8,38.4,0.2,0,3.6124,2.453587966530573,0,0,0,0,0,0,0,0,0,1,0,1,0,0,0.339
2010,293.3,26.3,38.4,0.2,0,4.1514,2.327277705584417,0,0,0,1,0,0,0,0,0,0,1,0,0,0,0.339
2010,936.4,22.6,30.7,0.91,0,2.2166,2.6979998652487085,1,0,0,0,0,0,0,0,0,1,0,0,1,0,0.628
2010,897.8,21.8,30.7,2.53,0,4.0716,2.1447610078004784,1,0,0,1,0,0,0,0,0,0,0,0,1,0,0.628
2010,477.5,22.0,30.7,0.3,0,3.7808,2.21046980408624,0,0,0,0,0,0,0,0,0,0,1,1,0,0,0.628
2010,418.4,25.1,30.7,1.18,0,2.2198,2.696652156149841,0,0,0,1,0,0,0,0,0,0,0,1,0,0,0.628
2010,313.4,28.9,18.8,0.38,0,1.521,2.5922651681085,1,0,0,0,0,0,1,0,0,0,1,0,0,0,0.251
2010,240.4,31.3,18.8,0.2,1,2.5753,2.1162555148025524,1,0,0,0,0,0,0,0,0,0,1,0,0,0,0.251
2010,295.1,32.7,18.8,0.24,1,11.8239,0.9516578757114464,1,0,0,1,0,0,0,0,0,0,0,0,0,0,0.251
2010,50.0,32.0,18.8,0.2,1,4.4028,1.6620303625532709,0,0,0,0,0,0,1,0,0,0,1,0,0,0,0.251
2010,95.3,33.9,18.8,0.2,1,4.1319,1.713797927758343,0,0,0,0,0,0,0,0,0,1,0,0,0,0,0.251
2010,223.7,33.0,18.8,0.2,1,1.2626,2.7656899805486246,0,0,0,1,0,0,0,0,0,0,0,0,0,0,0.251
2010,283.0,33.9,30.8,0.35,1,4.1734,2.1258479144939915,1,0,0,0,0,0,1,0,0,1,0,0,0,0,0.239
2010,255.1,33.5,30.8,0.2,1,4.3137,2.096790180014449,1,0,0,0,0,0,0,0,0,0,1,0,0,0,0.239
2010,86.7,35.3,30.8,0.2,1,2.1523,2.7285062096695922,1,0,0,1,0,0,0,0,0,0,1,0,0,0,0.239
2010,146.8,32.5,30.8,0.31,1,23.3333,0.8415671856782186,0,0,0,0,0,0,1,0,0,1,0,0,0,0,0.239
2010,99.0,33.1,30.8,0.2,1,3.0647,2.402430427963762,0,0,0,0,0,0,0,0,0,0,0,0,0,0,0.239
2010,125.6,31.1,30.8,0.2,1,3.2251,2.3561258599220753,0,0,0,1,0,0,0,0,0,0,1,0,0,0,0.239
2010,288.4,35.0,30.5,0.2,1,4.2244,2.1065702090680882,1,0,0,0,0,0,1,0,0,0,1,0,0,0,0.215
2010,189.9,35.2,30.5,0.2,1,5.286,1.9125010869241836,1,0,0,0,0,0,0,0,0,0,1,0,0,0,0.215
2010,141.0,32.5,30.5,0.2,1,2.4597,2.5952547069568657,1,0,0,1,0,0,0,0,0,0,1,0,0,0,0.215
2010,200.4,34.1,30.5,0.27,1,8.221,1.5496879080283263,0,0,0,0,0,0,1,0,0,0,0,0,0,0,0.215
2010,104.9,34.5,30.5,0.2,1,3.4002,2.299580583973747,0,0,0,0,0,0,0,0,0,0,1,0,0,0,0.215
2010,166.6,34.7,30.5,0.24,1,2.4111,2.613739521630969,0,0,0,1,0,0,0,0,0,0,0,0,0,0,0.215
2010,448.7,35.7,11.2,0.2,1,1.0884,2.4239173781615704,1,0,0,0,0,0,1,0,0,0,0,1,0,0,0.216
2010,99.9,37.1,11.2,0.2,1,3.2184,1.4996230464268938,1,0,0,0,0,0,0,0,0,0,0,0,0,0,0.216
2010,191.9,35.2,11.2,0.25,1,1.2043,2.33214389523559,1,0,0,1,0,0,0,0,0,0,0,0,0,0,0.216
2010,223.1,34.6,11.2,0.2,1,3.8095,1.3711807233098425,0,0,0,0,0,0,1,0,0,1,0,0,0,0,0.216
2010,178.6,35.7,11.2,0.2,1,3.0601,1.5390154481375546,0,0,0,0,0,0,0,0,0,0,1,0,0,0,0.216
2010,242.1,36.1,11.2,0.31,1,2.0217,1.8779371654691073,0,0,0,1,0,0,0,0,0,0,0,0,0,0,0.216
2010,965.3,21.8,59.0,1.57,0,4.7012,2.60638654732571,1,0,0,0,0,0,0,0,0,0,0,0,1,0,1.081
2010,845.0,24.3,59.0,3.04,0,6.7429,2.277267285009756,1,0,0,1,0,0,0,0,0,0,1,0,1,0,1.081
2010,414.3,21.6,59.0,0.55,0,5.8765,2.401525040848949,0,0,0,0,0,0,0,0,0,0,0,1,0,0,1.081
2010,249.7,22.5,59.0,0.37,0,19.0939,1.4085449700547104,0,0,0,1,0,0,0,0,0,0,1,0,0,0,1.081
2010,384.5,28.6,23.6,0.2,0,2.1185,2.4965057856313524,1,0,0,0,0,0,0,0,0,1,0,0,0,0,0.34
2010,419.4,25.2,23.6,0.76,0,2.757,2.25758772706331,1,0,0,1,0,0,0,0,0,0,1,1,0,0,0.34
2010,133.5,26.2,23.6,0.2,0,5.1528,1.7191887763932197,0,0,0,0,0,0,0,0,0,0,0,0,0,0,0.34
2010,381.5,28.5,23.6,0.46,0,3.8816,1.9572739077056285,0,0,0,1,0,0,0,0,0,1,0,0,0,0,0.34
2010,892.9,22.5,15.9,0.37,0,2.0703,2.1610215286722587,1,0,0,0,0,0,0,0,0,0,1,0,1,0,0.617
2010,810.3,22.3,15.9,1.03,0,1.2345,2.6304489550786583,1,0,0,1,0,0,0,0,0,0,1,0,1,0,0.617
2010,251.5,25.1,15.9,0.2,0,1.2451,2.6224923127405635,0,0,0,0,0,0,0,0,0,0,0,0,0,0,0.617
2010,598.4,23.7,15.9,0.82,0,1.8884,2.2428350885882717,0,0,0,1,0,0,0,0,0,1,0,1,0,0,0.617
2010,551.0,20.6,79.8,1.31,0,7.6364,2.4379897300002487,1,0,0,0,0,0,0,0,1,0,1,1,0,0,1.385
2010,711.3,19.9,79.8,0.98,0,10.1527,2.1815467646169897,1,0,0,0,0,0,0,0,0,0,1,0,1,0,1.385
2010,852.7,20.4,79.8,6.2,0,41.3472,1.0750024230289759,1,0,0,1,0,0,0,0,0,0,0,0,1,0,1.385
2010,567.6,19.0,79.8,1.68,0,5.6237,2.7206373166076814,0,0,0,0,0,0,0,0,1,1,0,1,0,0,1.385
2010,325.4,19.3,79.8,0.21,0,20.567,1.5851452198650557,0,0,0,0,0,0,0,0,0,0,1,0,0,0,1.385
2010,186.0,18.2,79.8,0.26,0,8.4089,2.3504224224082058,0,0,0,1,0,0,0,0,0,1,0,0,0,0,1.385
2010,930.9,23.2,62.3,0.91,0,15.6533,1.6054298910365616,1,0,0,0,0,0,0,0,0,0,1,0,1,0,1.472
2010,1269.0,26.3,62.3,6.12,0,5.8498,2.4553061800117097,1,0,0,1,0,0,0,0,0,0,0,0,0,1,1.472
2010,512.6,22.9,62.3,0.48,0,4.2237,2.7568403652716422,0,0,0,0,0,0,0,0,0,0,1,1,0,0,1.472
2010,639.2,21.9,62.3,2.34,0,5.0161,2.5967461315435356,0,0,0,1,0,0,0,0,0,0,1,1,0,0,1.472
2010,952.1,21.1,68.9,1.08,0,18.7738,1.541159071680806,1,0,0,0,0,0,0,0,0,0,1,0,1,0,1.511
2010,800.1,23.0,68.9,2.24,0,7.9745,2.265921108622454,1,0,0,1,0,0,0,0,0,0,1,0,1,0,1.511
2010,483.4,24.4,68.9,1.9,0,4.7321,2.7447035187502458,1,1,0,0,0,0,0,0,0,1,0,1,0,0,1.511
2010,412.1,23.1,68.9,0.2,0,6.89,2.3978952727983707,0,0,0,0,0,0,0,0,0,0,1,1,0,0,1.511
2010,451.3,21.3,68.9,0.58,0,7.0812,2.373043556642607,0,0,0,1,0,0,0,0,0,1,0,1,0,0,1.511
2010,695.3,24.1,68.9,2.56,0,7.0739,2.3739750890807185,0,1,0,0,0,0,0,0,0,0,1,1,0,0,1.511
2010,1126.4,22.8,86.3,0.89,0,9.3499,2.325324579963535,1,0,0,0,0,0,0,0,0,0,1,0,0,1,1.053
2010,729.7,22.2,86.3,2.48,0,13.742,1.9851308622085946,1,0,0,1,0,0,0,0,0,0,0,0,1,0,1.053
2010,395.1,22.6,86.3,0.2,0,8.7348,2.3869262414277967,0,0,0,0,0,0,0,0,0,1,0,0,0,0,1.053
2010,646.0,25.1,86.3,1.82,0,22.6509,1.57069708411767,0,0,0,1,0,0,0,0,0,0,1,1,0,0,1.053
2010,1133.6,21.4,68.6,0.96,0,33.7931,1.1085626195212777,1,0,0,0,0,0,0,0,0,0,0,0,0,1,1.369
2010,501.4,22.1,68.6,0.9,0,18.1481,1.5644405465033644,1,0,0,1,0,0,0,0,0,0,0,1,0,0,1.369
2010,578.9,20.9,68.6,0.66,0,6.2025,2.4898941912990393,0,0,0,0,0,0,0,0,0,0,1,1,0,0,1.369
2010,616.9,19.0,68.6,1.08,0,6.3577,2.4672517145492794,0,0,0,1,0,0,0,0,0,0,1,1,0,0,1.369
2010,514.7,21.6,22.6,0.49,0,14.4872,0.9400072584914712,1,0,0,0,0,0,0,0,0,0,1,1,0,0,0.583
2010,615.0,20.5,22.6,0.94,0,2.7662,2.2159372862683733,1,0,0,1,0,0,0,0,0,1,0,1,0,0,0.583
2010,310.7,20.0,22.6,0.4,0,2.2266,2.411439497906128,0,0,0,0,0,0,0,0,0,0,0,0,0,0,0.583
2010,292.7,21.4,22.6,0.58,0,2.1241,2.454447442303292,0,0,0,1,0,0,0,0,0,0,0,0,0,0,0.583
2010,849.8,20.3,56.1,3.06,0,8.7793,2.0001277349601105,1,0,0,0,0,0,0,0,1,0,1,0,1,0,1.391
2010,659.5,20.2,56.1,1.3,0,5.8135,2.365559892155434,1,0,0,0,0,0,0,0,0,1,0,1,0,0,1.391
2010,483.2,16.8,56.1,0.93,0,4.7542,2.5494451709255714,1,0,0,1,0,0,0,0,0,0,0,1,0,0,1.391
2010,683.6,18.7,56.1,2.76,0,74.8,0.5596157879354227,0,0,0,0,0,0,0,0,1,0,1,1,0,0,1.391
2010,818.9,16.9,56.1,1.63,0,7.8352,2.0992441689760155,0,0,0,0,0,0,0,0,0,0,0,0,1,0,1.391
2010,979.0,18.7,56.1,3.61,0,15.9829,1.506297153514587,0,0,0,1,0,0,0,0,0,0,0,0,1,0,1.391
2010,623.8,18.2,61.3,0.53,0,80.6579,0.5653138090500605,1,0,0,0,0,0,0,0,0,0,1,1,0,0,1.144
2010,732.3,18.1,61.3,1.44,0,10.8496,1.8946168546677629,1,0,0,1,0,0,0,0,0,1,0,0,1,0,1.144
2010,536.7,16.1,61.3,0.74,0,4.2927,2.7265447837383743,0,0,0,0,0,0,0,0,0,1,0,1,0,0,1.144
2010,510.1,16.7,61.3,1.15,0,39.8052,0.9321640810304452,0,0,0,1,0,0,0,0,0,0,1,1,0,0,1.144
2010,994.6,20.4,68.1,0.2,0,19.6821,1.4951487660319727,1,0,0,0,0,0,0,0,0,0,0,0,1,0,1.602
2010,929.8,22.1,68.1,3.39,0,24.0636,1.3428648031925547,1,0,0,1,0,0,0,0,0,0,1,0,1,0,1.602
2010,898.6,21.7,68.1,2.44,0,5.8808,2.5321082512722946,1,1,0,0,0,0,0,0,0,0,1,0,1,0,1.602
2010,782.7,19.6,68.1,1.4,0,4.6869,2.7427736371605955,1,0,0,0,0,1,0,0,0,1,0,0,1,0,1.602
2010,516.2,20.8,68.1,0.43,0,5.5186,2.590767040487478,0,0,0,0,0,0,0,0,0,0,1,1,0,0,1.602
2010,712.6,20.7,68.1,1.93,0,6.3467,2.462149662665384,0,0,0,1,0,0,0,0,0,0,1,0,1,0,1.602
2010,791.5,17.7,68.1,0.9,0,12.8977,1.8373699804801074,0,1,0,0,0,0,0,0,0,1,0,0,1,0,1.602
2010,778.6,20.7,68.1,1.75,0,6.683,2.4150205223238337,0,0,0,0,0,1,0,0,0,1,0,0,1,0,1.602
2010,250.6,30.1,20.3,0.2,1,4.3656,1.7316555451583497,1,0,0,0,0,0,0,0,0,1,0,0,0,0,0.243
2010,263.6,29.7,20.3,0.26,0,2.2912,2.288486168614544,1,0,0,1,0,0,0,0,0,0,1,0,0,0,0.243
2010,50.0,31.2,20.3,0.2,1,2.0464,2.390595970316759,0,0,0,0,0,0,0,0,0,0,1,0,0,0,0.243
2010,191.4,31.5,20.3,0.2,1,2.1058,2.3646204839134985,0,0,0,1,0,0,0,0,0,0,0,0,0,0,0.243
2010,191.0,32.8,45.3,0.2,1,4.4675,2.410542234499138,1,0,0,0,0,0,0,0,0,0,0,0,0,0,0.212
2010,147.8,27.5,45.3,0.2,0,48.7097,0.6575200029167941,1,0,0,1,0,0,0,0,0,0,1,0,0,0,0.212
2010,72.6,31.0,45.3,0.2,1,4.4195,2.4203681286504293,0,0,0,0,0,0,0,0,0,0,0,0,0,0,0.212
2010,123.1,33.0,45.3,0.2,1,4.599,2.3841650799864684,0,0,0,1,0,0,0,0,0,0,1,0,0,0,0.212
2011,1059.7,16.3,79.2,8.38,0,21.7582,1.534714366238164,1,0,0,0,0,0,0,0,1,0,1,0,0,1,3.582
2011,951.8,17.2,79.2,1.06,0,10.1408,2.175887439948088,1,0,0,0,0,0,0,0,0,1,0,0,1,0,3.582
2011,1207.9,18.1,79.2,6.82,0,21.6393,1.5390154481375546,1,0,0,1,0,0,0,0,0,0,0,0,0,1,3.582
2011,850.0,17.2,79.2,5.42,0,6.3259,2.604170070614818,0,0,0,0,0,0,0,0,1,0,0,0,1,0,3.582
2011,835.6,17.3,79.2,0.98,0,6.7005,2.551006451492524,0,0,0,0,0,0,0,0,0,1,0,0,1,0,3.582
2011,1024.4,17.6,79.2,3.44,0,14.1682,1.8855533485144158,0,0,0,1,0,0,0,0,0,0,0,0,0,1,3.582
2011,1660.4,16.2,100.7,21.23,0,14.0056,2.1029138978649784,1,0,0,0,0,0,0,0,1,0,0,0,0,1,4.069
2011,1085.4,15.4,100.7,1.22,0,43.9738,1.1908875647772805,1,0,0,0,0,0,0,0,0,1,0,0,0,1,4.069
2011,986.5,14.6,100.7,4.18,0,10.4678,2.362739015813793,1,0,0,1,0,0,0,0,0,0,0,0,1,0,4.069
2011,832.4,15.9,100.7,7.92,0,13.1462,2.1587147225743437,0,0,0,0,0,0,0,0,1,0,0,0,1,0,4.069
2011,638.0,14.6,100.7,0.43,0,10.8396,2.331172549845958,0,0,0,0,0,0,0,0,0,0,1,1,0,0,4.069
2011,959.9,15.6,100.7,2.99,0,8.7641,2.5249283241374862,0,0,0,1,0,0,0,0,0,0,1,0,1,0,4.069
2011,630.8,17.5,121.2,2.84,0,30.6835,1.599387576580599,1,0,0,0,0,0,0,0,1,1,0,1,0,0,3.973
2011,892.0,18.7,121.2,3.53,0,11.51,2.4449523342809676,1,0,0,0,0,0,0,0,0,0,0,0,1,0,3.973
2011,1210.2,17.5,121.2,7.92,0,9.9263,2.580974118534234,1,0,0,1,0,0,0,0,0,0,0,0,0,1,3.973
2011,970.7,19.2,121.2,11.14,0,11.6315,2.435366204227864,1,0,0,0,1,0,0,0,0,1,0,0,1,0,3.973
2011,693.3,17.4,121.2,4.39,0,11.4448,2.4501426573516603,0,0,0,0,0,0,0,0,1,0,0,1,0,0,3.973
2011,545.3,19.1,121.2,1.44,0,12.12,2.3978952727983707,0,0,0,0,0,0,0,0,0,0,1,1,0,0,3.973
2011,668.1,19.5,121.2,4.44,0,14.2254,2.253394848803274,0,0,0,1,0,0,0,0,0,1,0,1,0,0,3.973
2011,591.5,21.5,121.2,4.06,0,12.4563,2.373043556642607,0,0,0,0,1,0,0,0,0,0,0,1,0,0,3.973
2011,1387.3,15.6,130.3,2.35,0,9.5318,2.6858045921548905,1,0,0,0,0,0,0,0,0,0,1,0,0,1,2.798
2011,1168.2,18.1,130.3,4.27,0,18.0972,2.1041341542702074,1,0,0,1,0,0,0,0,0,0,1,0,0,1,2.798
2011,1179.8,17.1,130.3,2.4,0,22.1599,1.9286186519452522,1,0,0,0,0,0,0,1,0,0,0,0,0,1,2.798
2011,934.4,17.2,130.3,2.54,0,23.5624,1.8764069432883397,0,0,0,0,0,0,0,0,0,0,0,0,1,0,2.798
2011,560.1,19.1,130.3,3.26,0,28.0819,1.7298840655099674,0,0,0,1,0,0,0,0,0,1,0,1,0,0,2.798
2011,710.1,17.9,130.3,2.74,0,52.5403,1.247032293786383,0,0,0,0,0,0,0,1,0,0,0,0,1,0,2.798
2011,1218.0,20.0,108.2,2.9,0,15.0069,2.105352923464337,1,0,0,0,0,0,0,0,0,0,1,0,0,1,2.502
2011,796.6,17.4,108.2,4.84,0,8.5331,2.615934912194404,1,0,0,1,0,0,0,0,0,0,0,0,1,0,2.502
2011,778.1,17.0,108.2,2.03,0,10.1216,2.458733775483977,0,0,0,0,0,0,0,0,0,0,0,0,1,0,2.502
2011,1053.3,18.5,108.2,6.63,0,10.0651,2.463853240590168,0,0,0,1,0,0,0,0,0,0,0,0,0,1,2.502
2011,1289.6,18.5,105.6,1.86,0,7.4471,2.719978771967484,1,0,0,0,0,0,0,0,0,0,0,0,0,1,2.346
2011,1397.1,17.6,105.6,2.56,0,14.5655,2.1102132003465894,1,0,0,1,0,0,0,0,0,1,0,0,0,1,2.346
2011,854.6,17.2,105.6,0.85,0,7.8983,2.6651427000909336,0,0,0,0,0,0,0,0,0,0,0,0,1,0,2.346
2011,1346.5,19.9,105.6,5.25,0,10.5706,2.39698576841553,0,0,0,1,0,0,0,0,0,0,0,0,0,1,2.346
2011,1200.7,19.7,91.7,1.12,0,7.0538,2.6390573296152584,1,0,0,0,0,0,0,0,0,0,1,0,0,1,2.552
2011,1626.7,16.6,91.7,5.38,0,17.9102,1.8115620965242347,1,0,0,1,0,0,0,0,0,0,0,0,0,1,2.552
2011,1027.0,19.2,91.7,2.19,0,12.3919,2.128231705849268,0,0,0,0,0,0,0,0,0,0,0,0,0,1,2.552
2011,477.3,17.1,91.7,0.35,0,17.1723,1.8468787684491346,0,0,0,1,0,0,0,0,0,0,1,1,0,0,2.552
2011,1929.5,19.7,80.5,4.44,0,7.5093,2.4612967841488667,1,0,0,0,0,0,0,0,0,0,0,0,0,1,2.398
2011,1173.2,18.3,80.5,3.32,0,19.7789,1.623340817603092,1,0,0,1,0,0,0,0,0,0,0,0,0,1,2.398
2011,864.6,17.5,80.5,0.81,0,7.7329,2.4344901638739844,0,0,0,0,0,0,0,0,0,1,0,0,1,0,2.398
2011,484.7,18.1,80.5,0.49,0,11.2587,2.0980179272527715,0,0,0,1,0,0,0,0,0,0,0,1,0,0,2.398
2011,1509.4,19.5,62.2,1.85,0,9.0407,2.064327903869788,1,0,0,0,0,0,0,0,0,0,1,0,0,1,1.579
2011,1519.0,20.6,62.2,3.69,0,4.9601,2.605648267484129,1,0,0,1,0,0,0,0,0,0,1,0,0,1,1.579
2011,886.0,20.2,62.2,1.05,0,6.6595,2.336019869080283,0,0,0,0,0,0,0,0,0,0,1,0,1,0,1.579
2011,1031.9,20.3,62.2,2.92,0,56.5455,0.7419373447293773,0,0,0,1,0,0,0,0,0,0,1,0,0,1,1.579
2011,1147.3,19.0,142.5,2.96,0,15.0475,2.3485140248824456,1,0,0,0,0,0,0,0,0,1,0,0,0,1,3.983
2011,1361.7,18.5,142.5,7.46,0,21.1111,2.0476928433652555,1,0,0,1,0,0,0,0,0,1,0,0,0,1,3.983
2011,1226.3,18.7,142.5,12.82,0,34.4203,1.6370530794670737,1,0,0,0,0,0,0,1,0,0,0,0,0,1,3.983
2011,1784.2,17.9,142.5,25.25,0,10.2666,2.700018029404946,1,0,0,0,1,0,0,0,0,0,0,0,0,1,3.983
2011,1348.4,16.6,142.5,2.4,0,27.9412,1.8082887711792655,0,0,0,0,0,0,0,0,0,1,0,0,0,1,3.983
2011,1045.7,19.4,142.5,3.92,0,17.5493,2.21046980408624,0,0,0,1,0,0,0,0,0,0,1,0,0,1,3.983
2011,597.3,19.2,142.5,3.5,0,41.185,1.4951487660319727,0,0,0,0,0,0,0,1,0,0,0,1,0,0,3.983
2011,835.0,16.6,142.5,7.69,0,61.4224,1.199964782928397,0,0,0,0,1,0,0,0,0,0,0,0,1,0,3.983
2011,908.4,18.0,125.9,1.79,0,33.0446,1.57069708411767,1,0,0,0,0,0,0,0,0,1,0,0,1,0,2.733
2011,1393.1,19.2,125.9,3.94,0,59.9524,1.1314021114911006,1,0,0,1,0,0,0,0,0,0,0,0,0,1,2.733
2011,1603.3,18.2,125.9,4.59,0,13.142,2.3589654264301534,1,0,0,0,0,0,0,1,0,0,0,0,0,1,2.733
2011,1388.9,16.2,125.9,2.86,0,18.22,2.0681277817795625,0,0,0,0,0,0,0,0,0,0,0,0,0,1,2.733
2011,822.9,19.0,125.9,3.51,0,35.0696,1.5238800240724537,0,0,0,1,0,0,0,0,0,0,1,0,1,0,2.733
2011,588.3,17.6,125.9,1.68,0,9.1898,2.6878474937846906,0,0,0,0,0,0,0,1,0,0,0,1,0,0,2.733
2011,744.9,17.8,66.2,1.48,0,5.9855,2.4898941912990393,1,0,0,0,0,0,0,0,0,1,0,0,1,0,1.242
2011,686.8,14.8,66.2,1.5,0,69.6842,0.6678293725756554,1,0,0,1,0,0,0,0,0,0,1,1,0,0,1.242
2011,1042.8,16.6,66.2,4.17,0,13.5378,1.7732559976634952,1,0,0,0,0,0,0,1,0,0,1,0,0,1,1.242
2011,725.4,17.9,66.2,1.8,0,23.0662,1.3532545070416904,1,0,1,0,0,0,0,0,0,1,0,0,1,0,1.242
2011,196.5,17.3,66.2,0.2,0,25.5598,1.2781522025001875,0,0,0,0,0,0,0,0,0,0,0,0,0,0,1.242
2011,537.2,14.1,66.2,0.57,0,9.8512,2.0438143640366846,0,0,0,1,0,0,0,0,0,0,1,1,0,0,1.242
2011,910.5,18.1,66.2,4.42,0,10.2318,2.010894999144726,0,0,0,0,0,0,0,1,0,0,1,0,1,0,1.242
2011,365.4,15.9,66.2,0.25,0,10.8347,1.9615022438151495,0,0,1,0,0,0,0,0,0,0,1,0,0,0,1.242
2011,722.3,18.2,40.6,1.02,0,4.1052,2.387844936944869,1,0,0,0,0,0,0,0,0,0,0,0,1,0,1.371
2011,953.2,18.5,40.6,1.54,0,6.3937,1.9947003132247452,1,0,0,1,0,0,0,0,0,0,1,0,1,0,1.371
2011,1050.0,19.6,40.6,2.21,0,16.24,1.252762968495368,1,0,0,0,0,0,0,1,0,1,0,0,0,1,1.371
2011,894.2,19.0,40.6,0.69,0,10.0,1.6213664832993742,1,0,1,0,0,0,0,0,0,0,1,0,1,0,1.371
2011,513.0,17.4,40.6,0.65,0,2.7827,2.7466296830696852,0,0,0,0,0,0,0,0,0,0,1,1,0,0,1.371
2011,1087.4,16.9,40.6,1.86,0,2.7194,2.768204123921957,0,0,0,1,0,0,0,0,0,0,1,0,0,1,1.371
2011,389.3,17.3,40.6,0.47,0,4.4323,2.318458442150336,0,0,0,0,0,0,0,1,0,0,0,0,0,0,1.371
2011,553.9,18.6,40.6,0.88,0,4.6189,2.281361456542419,0,0,1,0,0,0,0,0,0,0,0,1,0,0,1.371
2011,1091.0,18.2,62.4,1.41,0,6.473,2.3646204839134985,1,0,0,0,0,0,0,0,0,0,1,0,0,1,0.987
2011,1159.2,16.7,62.4,1.66,0,5.3288,2.542389085201363,1,0,0,1,0,0,0,0,0,0,1,0,0,1,0.987
2011,1031.5,18.5,62.4,3.21,0,122.3529,0.412109650826833,1,0,1,0,0,0,0,0,0,0,1,0,0,1,0.987
2011,587.3,17.8,62.4,0.6,0,9.1095,2.060513531794317,0,0,0,0,0,0,0,0,0,0,1,1,0,0,0.987
2011,502.9,18.2,62.4,0.75,0,11.9312,1.8293763327993617,0,0,0,1,0,0,0,0,0,1,0,1,0,0,0.987
2011,674.0,15.7,62.4,0.95,0,4.5547,2.6878474937846906,0,0,1,0,0,0,0,0,0,0,1,1,0,0,0.987
2011,1170.4,18.6,24.5,1.14,0,6.1713,1.6034198401085376,1,0,0,0,0,0,0,0,0,0,1,0,0,1,1.215
2011,1120.2,18.0,24.5,1.88,0,7.27,1.4747630091074988,1,0,0,1,0,0,0,0,0,1,0,0,0,1,1.215
2011,748.5,17.3,24.5,1.75,0,3.2754,2.1377104498038118,1,0,1,0,0,0,0,0,0,0,0,0,1,0,1.215
2011,1250.8,17.9,24.5,0.98,0,2.1194,2.5305171610400525,1,0,0,0,0,1,0,0,0,0,0,0,0,1,1.215
2011,798.5,17.5,24.5,0.66,0,1.6509,2.7625383863862796,0,0,0,0,0,0,0,0,0,0,1,0,1,0,1.215
2011,602.0,17.6,24.5,0.93,0,1.7896,2.6871669901857858,0,0,0,1,0,0,0,0,0,0,1,1,0,0,1.215
2011,598.9,17.4,24.5,0.62,0,2.2919,2.458733775483977,0,0,1,0,0,0,0,0,0,0,1,1,0,0,1.215
2011,557.9,20.1,24.5,0.73,0,2.0016,2.5832425505088623,0,0,0,0,0,1,0,0,0,0,0,1,0,0,1.215
2011,773.3,21.4,86.7,1.09,0,28.9967,1.3837912309017721,1,0,0,0,0,0,0,0,0,0,1,0,1,0,1.367
2011,805.8,19.3,86.7,1.22,0,6.31,2.6905648867611904,1,0,0,1,0,0,0,0,0,0,1,0,1,0,1.367
2011,853.3,18.9,86.7,2.35,0,9.698,2.2965670206684825,1,0,1,0,0,0,0,0,0,0,1,0,1,0,1.367
2011,401.8,20.6,86.7,0.65,0,45.3927,1.0681530811834012,0,0,0,0,0,0,0,0,0,0,1,1,0,0,1.367
2011,214.0,20.0,86.7,0.45,0,16.6092,1.827769906751088,0,0,0,1,0,0,0,0,0,1,0,0,0,0,1.367
2011,424.6,19.2,86.7,1.66,0,9.6763,2.298577071596507,0,0,1,0,0,0,0,0,0,0,1,1,0,0,1.367
2011,989.9,19.0,54.0,2.19,0,3.9102,2.6953026282797072,1,0,0,0,0,0,0,0,0,0,0,0,1,0,1.854
2011,675.8,15.9,54.0,0.71,0,4.1411,2.641910398597665,1,0,0,1,0,0,0,0,0,0,1,1,0,0,1.854
2011,712.9,17.3,54.0,1.56,0,4.6875,2.5273273656719524,1,0,1,0,0,0,0,0,0,0,1,0,1,0,1.854
2011,928.6,17.6,54.0,6.54,0,16.3636,1.4586150226995167,1,0,0,0,1,0,0,0,0,1,0,0,1,0,1.854
2011,569.9,17.4,54.0,0.49,0,4.0785,2.65605490598383,0,0,0,0,0,0,0,0,0,0,1,1,0,0,1.854
2011,623.5,17.7,54.0,1.96,0,7.7475,2.075684492802124,0,0,0,1,0,0,0,0,0,1,0,1,0,0,1.854
2011,520.6,18.3,54.0,1.76,0,20.0,1.308332819650179,0,0,1,0,0,0,0,0,0,0,0,1,0,0,1.854
2011,473.5,20.1,54.0,2.65,0,6.801,2.190535589185423,0,0,0,0,1,0,0,0,0,1,0,1,0,0,1.854
2011,859.3,21.5,52.8,1.9,0,8.5993,1.965712776351493,1,0,0,0,0,0,0,0,0,0,0,0,1,0,1.181
2011,608.7,20.1,52.8,2.6,0,3.5412,2.7669478423496954,1,0,0,1,0,0,0,0,0,0,1,1,0,0,1.181
2011,819.3,20.8,52.8,1.14,0,9.7238,1.860974538249528,0,0,0,0,0,0,0,0,0,1,0,0,1,0,1.181
2011,818.3,22.6,52.8,3.3,0,5.043,2.4397349311412793,0,0,0,1,0,0,0,0,0,0,1,0,1,0,1.181
2011,836.4,15.9,108.8,1.52,0,12.2385,2.2915241456346207,1,0,0,0,0,0,0,0,0,0,0,0,1,0,3.861
2011,818.9,17.1,108.8,2.95,0,10.4615,2.4336133554004498,1,0,0,1,0,0,0,0,0,0,0,0,1,0,3.861
2011,1294.3,13.9,108.8,15.74,0,11.6488,2.336019869080283,1,0,0,0,1,0,0,0,0,0,0,0,0,1,3.861
2011,678.0,16.2,108.8,1.44,0,11.7622,2.327277705584417,0,0,0,0,0,0,0,0,0,0,0,1,0,0,3.861
2011,605.4,16.0,108.8,2.66,0,7.4777,2.744060638625243,0,0,0,1,0,0,0,0,0,0,0,1,0,0,3.861
2011,655.9,16.2,108.8,5.64,0,46.4957,1.205970806988609,0,0,0,0,1,0,0,0,0,0,1,1,0,0,3.861
2011,776.1,18.4,37.1,0.6,0,2.5533,2.7427736371605955,1,0,0,0,0,0,0,0,0,0,1,0,1,0,0.496
2011,657.3,20.3,37.1,0.93,0,13.0175,1.3480731482996928,1,0,0,1,0,0,0,0,0,1,0,1,0,0,0.496
2011,385.2,17.5,37.1,0.28,0,3.056,2.5756610130564646,0,0,0,0,0,0,0,0,0,1,0,0,0,0,0.496
2011,502.5,18.5,37.1,0.48,0,3.4099,2.474856313934499,0,0,0,1,0,0,0,0,0,0,1,1,0,0,0.496
2011,797.0,21.9,68.0,0.59,0,14.9451,1.713797927758343,1,0,0,0,0,0,1,0,0,1,0,0,1,0,0.89
2011,476.0,21.2,68.0,0.28,0,7.8071,2.2731562823032334,1,0,0,0,0,0,0,0,0,0,1,1,0,0,0.89
2011,710.0,23.4,68.0,2.78,0,55.7377,0.7975071958841881,1,0,0,1,0,0,0,0,0,0,0,0,1,0,0.89
2011,315.8,22.7,68.0,0.44,0,8.3847,2.209372711271867,0,0,0,0,0,0,1,0,0,0,1,0,0,0,0.89
2011,274.9,23.1,68.0,0.2,0,8.3231,2.2159372862683733,0,0,0,0,0,0,0,0,0,1,0,0,0,0,0.89
2011,403.0,22.1,68.0,2.45,0,5.9912,2.513656063073986,0,0,0,1,0,0,0,0,0,0,1,1,0,0,0.89
2011,681.5,25.4,25.8,0.88,0,1.7315,2.766319109226186,1,0,0,0,0,0,1,0,0,0,1,1,0,0,0.48
2011,484.8,26.6,25.8,0.2,0,3.201,2.203869120054888,1,0,0,0,0,0,0,0,0,0,1,1,0,0,0.48
2011,561.9,26.1,25.8,1.14,0,3.1047,2.231089091288976,1,0,0,1,0,0,0,0,0,0,0,1,0,0,0.48
2011,490.4,23.8,25.8,0.72,0,7.6558,1.4747630091074988,0,0,0,0,0,0,1,0,0,0,0,1,0,0,0.48
2011,155.4,24.2,25.8,0.2,0,8.866,1.3635373739972745,0,0,0,0,0,0,0,0,0,0,1,0,0,0,0.48
2011,293.3,23.9,25.8,0.63,0,2.8477,2.3085671646715933,0,0,0,1,0,0,0,0,0,0,1,0,0,0,0.48
2011,545.9,23.6,20.2,0.37,0,1.4648,2.6939512767227085,1,0,0,0,0,0,1,0,0,0,1,1,0,0,0.455
2011,650.1,24.7,20.2,0.2,0,3.9921,1.801709800081223,1,0,0,0,0,0,0,0,0,1,0,1,0,0,0.455
2011,385.8,23.6,20.2,0.66,0,1.4077,2.731115474033206,1,0,0,1,0,0,0,0,0,0,0,0,0,0,0.455
2011,292.3,24.9,20.2,0.2,0,10.3061,1.085189268335969,0,0,0,0,0,0,1,0,0,1,0,0,0,0,0.455
2011,347.5,24.9,20.2,0.2,0,2.0612,2.379546134130174,0,0,0,0,0,0,0,0,0,1,0,0,0,0,0.455
2011,719.5,24.7,20.2,1.17,0,1.9093,2.449279472144849,0,0,0,1,0,0,0,0,0,0,1,0,1,0,0.455
2011,1000.7,28.2,11.3,0.2,0,1.2099,2.336019869080283,1,0,0,0,0,0,0,0,0,0,1,0,0,1,0.266
2011,1046.4,27.9,11.3,0.46,0,2.0926,1.8562979903656263,1,0,0,1,0,0,0,0,0,1,0,0,0,1,0.266
2011,588.5,28.1,11.3,0.2,0,1.1003,2.422144328051685,0,0,0,0,0,0,0,0,0,0,1,1,0,0,0.266
2011,1054.3,30.4,11.3,0.31,1,0.9362,2.570319527636131,0,0,0,1,0,0,0,0,0,0,1,0,0,1,0.266
2011,631.9,28.3,14.9,0.2,0,1.0597,2.7120422223717475,1,0,0,0,0,0,0,0,0,0,1,1,0,0,0.661
2011,677.5,26.0,14.9,0.89,0,2.5427,1.925707441737794,1,0,0,1,0,0,0,0,0,0,0,1,0,0,0.661
2011,1281.4,28.7,14.9,1.8,0,1.7612,2.247072383063787,1,1,0,0,0,0,0,0,0,0,1,0,0,1,0.661
2011,344.6,26.4,14.9,0.2,0,2.8435,1.8309801823813363,0,0,0,0,0,0,0,0,0,0,1,0,0,0,0.661
2011,70.0,27.5,14.9,0.2,0,2.6232,1.8991179875485542,0,0,0,1,0,0,0,0,0,1,0,0,0,0,0.661
2011,550.7,28.5,14.9,1.46,0,1.9351,2.163323025660538,0,1,0,0,0,0,0,0,0,0,1,1,0,0,0.661
2011,1122.9,27.2,27.1,0.37,0,2.82,2.3617969526258915,1,0,0,0,0,0,0,0,0,0,1,0,0,1,0.678
2011,937.7,26.4,27.1,0.74,0,3.1402,2.2648832258100344,1,0,0,1,0,0,0,0,0,0,1,0,1,0,0.678
2011,966.0,30.8,27.1,1.5,1,1.8925,2.729159164312445,1,1,0,0,0,0,0,0,0,0,1,0,1,0,0.678
2011,324.2,28.0,27.1,0.2,0,3.2455,2.2353763433005955,0,0,0,0,0,0,0,0,0,0,0,0,0,0,0.678
2011,502.4,28.0,27.1,0.3,0,10.5859,1.269760544863939,0,0,0,1,0,0,0,0,0,0,1,1,0,0,0.678
2011,713.7,28.1,27.1,1.23,0,2.0254,2.6658383522929006,0,1,0,0,0,0,0,0,0,1,0,0,1,0,0.678
2011,465.5,28.0,30.9,0.2,0,2.4084,2.626840145676667,1,0,0,0,0,0,0,0,0,0,1,1,0,0,0.341
2011,285.0,28.5,30.9,0.45,0,8.2181,1.5602476682433286,1,0,0,1,0,0,0,0,0,0,1,0,0,0,0.341
2011,488.3,29.8,30.9,0.35,0,8.4196,1.541159071680806,1,0,0,0,0,1,0,0,0,0,1,1,0,0,0.341
2011,331.5,28.6,30.9,0.2,0,3.5234,2.2793164660546914,0,0,0,0,0,0,0,0,0,0,0,0,0,0,0.341
2011,428.0,29.1,30.9,0.58,0,27.3451,0.7561219797213337,0,0,0,1,0,0,0,0,0,0,0,1,0,0,0.341
2011,385.1,30.9,30.9,0.3,1,2.2687,2.6823904543216326,0,0,0,0,0,1,0,0,0,0,1,0,0,0,0.341
2011,646.4,29.1,21.2,0.2,0,2.5118,2.244955980157409,1,0,0,0,0,0,0,0,0,0,1,1,0,0,0.339
2011,1064.1,30.1,21.2,0.29,1,5.3401,1.6034198401085376,1,0,0,1,0,0,0,0,0,1,0,0,0,1,0.339
2011,520.9,30.5,21.2,0.2,1,1.9648,2.4672517145492794,0,0,0,0,0,0,0,0,0,0,1,1,0,0,0.339
2011,777.6,26.9,21.2,0.7,0,1.493,2.7212954278522306,0,0,0,1,0,0,0,0,0,0,1,0,1,0,0.339
2011,772.5,23.7,8.4,0.2,0,1.466,1.9065751436566365,1,0,0,0,0,0,0,0,0,0,1,0,1,0,0.628
2011,581.8,24.1,8.4,0.96,0,0.9733,2.2648832258100344,1,0,0,1,0,0,0,0,0,0,0,1,0,0,0.628
2011,655.9,23.4,8.4,0.2,0,1.0553,2.192770226986839,0,0,0,0,0,0,0,0,0,1,0,1,0,0,0.628
2011,500.3,23.9,8.4,0.54,0,0.6604,2.6188546222977394,0,0,0,1,0,0,0,0,0,1,0,1,0,0,0.628
2011,260.9,33.0,24.0,0.41,1,1.6162,2.7631695003232895,1,0,0,0,0,0,1,0,0,1,0,0,0,0,0.251
2011,278.0,33.8,24.0,0.2,1,2.7397,2.278292400425001,1,0,0,0,0,0,0,0,0,0,1,0,0,0,0.251
2011,375.5,32.1,24.0,0.38,1,25.0,0.6729444732424258,1,0,0,1,0,0,0,0,0,1,0,0,0,0,0.251
2011,276.4,32.4,24.0,0.53,1,2.9963,2.1983350716202463,0,0,0,0,0,0,1,0,0,0,0,0,0,0,0.251
2011,228.2,31.7,24.0,0.2,1,2.6549,2.306577114263583,0,0,0,0,0,0,0,0,0,0,1,0,0,0,0.251
2011,117.5,33.3,24.0,0.2,1,3.2,2.1400661634962708,0,0,0,1,0,0,0,0,0,0,0,0,0,0,0.251
2011,360.0,34.0,16.5,0.34,1,1.1387,2.740194654428777,1,0,0,0,0,0,1,0,0,0,0,0,0,0,0.239
2011,248.1,34.5,16.5,0.2,1,1.7838,2.327277705584417,1,0,0,0,0,0,0,0,0,0,1,0,0,0,0.239
2011,277.0,32.3,16.5,0.2,1,2.8696,1.9095425048844386,1,0,0,1,0,0,0,0,0,1,0,0,0,0,0.239
2011,254.5,32.3,16.5,0.26,1,3.9007,1.6544112780768316,0,0,0,0,0,0,1,0,0,1,0,0,0,0,0.239
2011,94.4,31.3,16.5,0.2,1,2.8205,1.9242486522741338,0,0,0,0,0,0,0,0,0,1,0,0,0,0,0.239
2011,121.9,32.1,16.5,0.2,1,1.5478,2.4561641809223462,0,0,0,1,0,0,0,0,0,0,1,0,0,0,0.239
2011,183.9,32.9,23.8,0.2,1,5.0638,1.7404661748405046,1,0,0,0,0,0,1,0,0,0,1,0,0,0,0.215
2011,225.7,37.4,23.8,0.2,1,5.4462,1.6808279085207734,1,0,0,0,0,0,0,0,0,0,0,0,0,0,0.215
2011,298.7,34.9,23.8,0.2,1,15.0633,0.9477893989335261,1,0,0,1,0,0,0,0,0,1,0,0,0,0,0.215
2011,274.8,34.3,23.8,0.3,1,2.0204,2.5478814489493886,0,0,0,0,0,0,1,0,0,0,0,0,0,0,0.215
2011,228.9,34.4,23.8,0.2,1,2.9492,2.2049722641270453,0,0,0,0,0,0,0,0,0,0,0,0,0,0,0.215
2011,50.0,33.4,23.8,0.2,1,4.1463,1.9080599249242156,0,0,0,1,0,0,0,0,0,0,0,0,0,0,0.215
2011,254.5,33.9,17.2,0.2,1,1.7149,2.400618833265411,1,0,0,0,0,0,1,0,0,0,1,0,0,0,0.216
2011,312.4,34.4,17.2,0.2,1,1.5523,2.4915511925066687,1,0,0,0,0,0,0,0,0,1,0,0,0,0,0.216
2011,297.7,35.6,17.2,0.3,1,2.095,2.2202898502672155,1,0,0,1,0,0,0,0,0,1,0,0,0,0,0.216
2011,86.1,36.1,17.2,0.2,1,1.7462,2.3841650799864684,0,0,0,0,0,0,1,0,0,0,1,0,0,0,0.216
2011,233.1,36.8,17.2,0.2,1,5.2439,1.4539530095937052,0,0,0,0,0,0,0,0,0,0,0,0,0,0,0.216
2011,275.0,34.8,17.2,0.35,1,2.0,2.2617630984737906,0,0,0,1,0,0,0,0,0,0,0,0,0,0,0.216
2011,654.8,21.9,33.8,0.76,0,17.9787,1.0577902941478545,1,0,0,0,0,0,0,0,0,0,0,1,0,0,1.081
2011,828.1,22.7,33.8,2.51,0,34.1414,0.688134638736401,1,0,0,1,0,0,0,0,0,0,1,0,1,0,1.081
2011,497.8,22.0,33.8,0.41,0,16.5686,1.1118575154181303,0,0,0,0,0,0,0,0,0,0,0,1,0,0,1.081
2011,468.3,22.5,33.8,1.49,0,2.2869,2.7587433154177283,0,0,0,1,0,0,0,0,0,0,1,1,0,0,1.081
2011,403.5,26.1,23.5,0.21,0,3.9898,1.9300710850255671,1,0,0,0,0,0,0,0,0,0,1,1,0,0,0.34
2011,303.7,27.4,23.5,0.2,0,1.9815,2.554121718809473,1,0,0,1,0,0,0,0,0,0,1,0,0,0,0.34
2011,322.6,24.1,23.5,0.2,0,1.9616,2.563409711275944,0,0,0,0,0,0,0,0,0,0,0,0,0,0,0.34
2011,334.4,25.6,23.5,0.35,0,2.7811,2.2460147415056513,0,0,0,1,0,0,0,0,0,0,1,0,0,0,0.34
2011,518.0,25.5,34.4,0.2,0,44.1026,0.5766133643039938,1,0,0,0,0,0,0,0,0,0,1,1,0,0,0.617
2011,1043.9,24.5,34.4,2.59,0,6.454,1.8453002361560848,1,0,0,1,0,0,0,0,0,0,0,0,0,1,0.617
2011,367.5,23.7,34.4,0.2,0,2.7454,2.604909442182697,0,0,0,0,0,0,0,0,0,1,0,0,0,0,0.617
2011,244.0,24.7,34.4,0.2,0,3.0551,2.506341930508065,0,0,0,1,0,0,0,0,0,1,0,0,0,0,0.617
2011,774.6,19.2,62.7,2.88,0,5.3498,2.543175557911976,1,0,0,0,0,0,0,0,1,1,0,0,1,0,1.385
2011,995.7,20.7,62.7,0.99,0,6.0933,2.4239173781615704,1,0,0,0,0,0,0,0,0,0,1,0,1,0,1.385
2011,734.9,20.0,62.7,3.49,0,4.5867,2.6858045921548905,1,0,0,1,0,0,0,0,0,0,0,0,1,0,1.385
2011,338.4,19.0,62.7,0.6,0,11.8079,1.8421356765531218,0,0,0,0,0,0,0,0,1,1,0,0,0,0,1.385
2011,737.7,20.8,62.7,1.06,0,5.9943,2.4388627112865935,0,0,0,0,0,0,0,0,0,0,1,0,1,0,1.385
2011,555.3,19.3,62.7,1.84,0,14.5139,1.6714733033535532,0,0,0,1,0,0,0,0,0,0,1,1,0,0,1.385
2011,771.1,23.3,39.3,0.51,0,2.8478,2.6946271807700692,1,0,0,0,0,0,0,0,0,0,1,0,1,0,1.472
2011,1222.0,22.1,39.3,1.02,0,7.8443,1.7934247485471162,1,0,0,1,0,0,0,0,0,0,1,0,0,1,1.472
2011,320.9,21.4,39.3,0.2,0,7.3184,1.851599469584072,0,0,0,0,0,0,0,0,0,0,0,0,0,0,1.472
2011,331.1,24.3,39.3,0.21,0,2.6536,2.7606426512213806,0,0,0,1,0,0,0,0,0,0,1,0,0,0,1.472
2011,952.8,21.6,26.5,0.5,0,7.2603,1.536867219599265,1,0,0,0,0,0,0,0,0,0,1,0,1,0,1.511
2011,771.6,23.5,26.5,1.76,0,1.9457,2.6823904543216326,1,0,0,1,0,0,0,0,0,1,0,0,1,0,1.511
2011,1158.2,20.0,26.5,1.17,0,10.8607,1.235471471385307,1,1,0,0,0,0,0,0,0,0,1,0,0,1,1.511
2011,598.1,21.7,26.5,0.21,0,2.5481,2.4336133554004498,0,0,0,0,0,0,0,0,0,0,1,1,0,0,1.511
2011,820.0,22.9,26.5,1.19,0,2.1937,2.5710843460290524,0,0,0,1,0,0,0,0,0,0,0,0,1,0,1.511
2011,326.4,23.4,26.5,0.25,0,2.2553,2.545531271604435,0,1,0,0,0,0,0,0,0,0,1,0,0,0,1.511
2011,1160.9,24.3,47.9,0.83,0,5.785,2.2278615467981093,1,0,0,0,0,0,0,0,0,0,1,0,0,1,1.053
2011,1069.2,24.1,47.9,1.7,0,3.9521,2.574137783515943,1,0,0,1,0,0,0,0,0,0,1,0,0,1,1.053
2011,741.6,22.4,47.9,0.88,0,5.4247,2.285438934159075,0,0,0,0,0,0,0,0,0,0,0,0,1,0,1.053
2011,607.5,25.0,47.9,1.28,0,3.7628,2.6195832197798796,0,0,0,1,0,0,0,0,0,1,0,1,0,0,1.053
2011,1115.9,21.8,66.9,0.77,0,16.6418,1.6134299337036377,1,0,0,0,0,0,0,0,0,0,1,0,0,1,1.369
2011,1316.6,21.6,66.9,3.12,0,5.072,2.6525374911719513,1,0,0,1,0,0,0,0,0,0,1,0,0,1,1.369
2011,706.6,20.2,66.9,0.54,0,104.5312,0.49469624183610705,0,0,0,0,0,0,0,0,0,0,1,0,1,0,1.369
2011,411.6,21.6,66.9,0.3,0,57.1795,0.7747271675523681,0,0,0,1,0,0,0,0,0,0,1,1,0,0,1.369
2011,676.5,21.4,35.4,0.82,0,2.5745,2.691243082785829,1,0,0,0,0,0,0,0,0,1,0,1,0,0,0.583
2011,259.8,23.7,35.4,0.83,0,3.2747,2.468946630209271,1,0,0,1,0,0,0,0,0,0,0,0,0,0,0.583
2011,368.8,20.4,35.4,0.31,0,2.9748,2.5572273113676265,0,0,0,0,0,0,0,0,0,1,0,0,0,0,0.583
2011,448.9,20.5,35.4,1.1,0,16.9378,1.128171090909654,0,0,0,1,0,0,0,0,0,0,1,1,0,0,0.583
2011,1162.5,18.5,60.0,5.52,0,5.425,2.4898941912990393,1,0,0,0,0,0,0,0,1,0,0,0,0,1,1.391
2011,1003.4,19.9,60.0,0.89,0,19.6078,1.4011829736136414,1,0,0,0,0,0,0,0,0,1,0,0,0,1,1.391
2011,652.6,18.0,60.0,1.45,0,7.1942,2.234306252240751,1,0,0,1,0,0,0,0,0,0,1,1,0,0,1.391
2011,688.0,19.6,60.0,2.09,0,5.8366,2.423031246069913,0,0,0,0,0,0,0,0,1,0,1,1,0,0,1.391
2011,416.4,19.8,60.0,0.46,0,7.7022,2.1736147116970854,0,0,0,0,0,0,0,0,0,0,0,1,0,0,1.391
2011,407.6,18.4,60.0,1.23,0,18.018,1.4655675420143985,0,0,0,1,0,0,0,0,0,1,0,1,0,0,1.391
2011,1166.5,20.5,53.4,1.43,0,4.1686,2.6253929674212007,1,0,0,0,0,0,0,0,0,1,0,0,0,1,1.144
2011,953.6,18.2,53.4,4.05,0,4.3169,2.5930133911138515,1,0,0,1,0,0,0,0,0,0,0,0,1,0,1.144
2011,641.7,17.0,53.4,1.2,0,11.125,1.7578579175523736,0,0,0,0,0,0,0,0,0,1,0,1,0,0,1.144
2011,636.6,17.3,53.4,2.02,0,5.11,2.4379897300002487,0,0,0,1,0,0,0,0,0,0,0,1,0,0,1.144
2011,792.8,22.6,33.6,0.38,0,13.9419,1.2267122912954254,1,0,0,0,0,0,0,0,0,1,0,0,1,0,1.602
2011,641.3,18.9,33.6,2.17,0,2.3596,2.7239235502585,1,0,0,1,0,0,0,0,0,0,0,1,0,0,1.602
2011,679.8,19.3,33.6,0.7,0,9.2308,1.534714366238164,1,1,0,0,0,0,0,0,0,0,1,1,0,0,1.602
2011,979.8,22.6,33.6,1.23,0,67.2,0.4054651081081644,1,0,0,0,0,1,0,0,0,0,1,0,1,0,1.602
2011,685.0,20.8,33.6,0.5,0,11.4286,1.3711807233098425,0,0,0,0,0,0,0,0,0,0,1,1,0,0,1.602
2011,794.1,20.3,33.6,0.58,0,3.9024,2.262804222982201,0,0,0,1,0,0,0,0,0,0,1,0,1,0,1.602
2011,668.0,19.3,33.6,1.28,0,2.5551,2.649714624089247,0,1,0,0,0,0,0,0,0,1,0,1,0,0,1.602
2011,1141.1,20.2,33.6,1.56,0,4.4327,2.149433913499871,0,0,0,0,0,1,0,0,0,0,1,0,0,1,1.602
2011,495.2,30.2,22.1,0.2,1,1.9403,2.516889695641051,1,0,0,0,0,0,0,0,0,0,0,1,0,0,0.243
2011,320.4,28.9,22.1,0.33,0,5.8005,1.57069708411767,1,0,0,1,0,0,0,0,0,0,1,0,0,0,0.243
2011,136.4,30.6,22.1,0.2,1,4.1856,1.8373699804801074,0,0,0,0,0,0,0,0,0,1,0,0,0,0,0.243
2011,289.3,30.4,22.1,0.23,1,1.4783,2.7694588292308535,0,0,0,1,0,0,0,0,0,0,1,0,0,0,0.243
2011,385.1,31.8,17.0,0.2,1,3.7281,1.715598108262491,1,0,0,0,0,0,0,0,0,0,0,0,0,0,0.212
2011,291.2,30.6,17.0,0.2,1,1.8559,2.318458442150336,1,0,0,1,0,0,0,0,0,0,1,0,0,0,0.212
2011,165.4,32.7,17.0,0.2,1,4.2079,1.6174060820832772,0,0,0,0,0,0,0,0,0,1,0,0,0,0,0.212
2011,281.0,30.9,17.0,0.2,1,1.1863,2.7298116928837226,0,0,0,1,0,0,0,0,0,1,0,0,0,0,0.212
2012,1140.6,18.2,130.1,9.79,0,20.2019,2.0068708488450007,1,0,0,0,0,0,0,0,1,1,0,0,0,1,3.582
2012,744.3,19.0,130.1,2.49,0,35.6438,1.536867219599265,1,0,0,0,0,0,0,0,0,0,0,0,1,0,3.582
2012,910.7,16.6,130.1,6.79,0,20.4239,1.9974177062012453,1,0,0,1,0,0,0,0,0,0,1,0,1,0,3.582
2012,450.4,16.7,130.1,1.17,0,21.2235,1.9643112344262046,0,0,0,0,0,0,0,0,1,0,0,1,0,0,3.582
2012,307.3,17.4,130.1,0.4,0,21.3629,1.958685340544036,0,0,0,0,0,0,0,0,0,0,0,0,0,0,3.582
2012,425.9,17.9,130.1,0.79,0,20.5854,1.9906103279732201,0,0,0,1,0,0,0,0,0,1,0,1,0,0,3.582
2012,1082.9,16.4,96.3,6.91,0,15.3834,1.9823798288367047,1,0,0,0,0,0,0,0,1,0,0,0,0,1,4.069
2012,713.0,14.8,96.3,0.88,0,23.7192,1.6213664832993742,1,0,0,0,0,0,0,0,0,0,1,0,1,0,4.069
2012,874.7,16.1,96.3,3.18,0,12.2053,2.1849270495258133,1,0,0,1,0,0,0,0,0,0,0,0,1,0,4.069
2012,704.3,16.5,96.3,6.43,0,121.8987,0.5822156198526637,0,0,0,0,0,0,0,0,1,0,0,0,1,0,4.069
2012,610.3,15.2,96.3,1.5,0,12.7888,2.143589361503588,0,0,0,0,0,0,0,0,0,0,0,1,0,0,4.069
2012,726.9,15.6,96.3,2.45,0,22.1379,1.6770965609079151,0,0,0,1,0,0,0,0,0,0,1,0,1,0,4.069
2012,857.8,17.4,117.2,10.37,0,24.778,1.7457155307266483,1,0,0,0,0,0,0,0,1,0,0,0,1,0,3.973
2012,809.4,20.2,117.2,1.68,0,21.0791,1.8809906029559975,1,0,0,0,0,0,0,0,0,0,1,0,1,0,3.973
2012,736.8,20.2,117.2,5.49,0,15.2406,2.162172939277301,1,0,0,1,0,0,0,0,0,0,1,0,1,0,3.973
2012,707.9,19.0,117.2,8.34,0,36.7398,1.4327007339340463,1,0,0,0,1,0,0,0,0,0,0,0,1,0,3.973
2012,389.7,19.2,117.2,1.06,0,66.9714,1.0116009116784799,0,0,0,0,0,0,0,0,1,0,0,0,0,0,3.973
2012,488.1,20.7,117.2,2.13,0,38.5526,1.3962446919730587,0,0,0,0,0,0,0,0,0,0,0,1,0,0,3.973
2012,429.3,18.2,117.2,2.2,0,11.947,2.3804716316511167,0,0,0,1,0,0,0,0,0,0,0,1,0,0,3.973
2012,748.5,20.1,117.2,5.31,0,7.9404,2.757475084429733,0,0,0,0,1,0,0,0,0,1,0,0,1,0,3.973
2012,822.9,17.7,129.0,1.73,0,18.7228,2.065596134857783,1,0,0,0,0,0,0,0,0,0,0,0,1,0,2.798
2012,681.1,18.4,129.0,2.13,0,15.1765,2.2512917986064953,1,0,0,1,0,0,0,0,0,1,0,1,0,0,2.798
2012,1154.7,20.0,129.0,6.67,0,37.1758,1.4973884086254776,1,0,0,0,0,0,0,1,0,0,0,0,0,1,2.798
2012,592.8,20.2,129.0,3.13,0,17.1543,2.1424163408412245,0,0,0,0,0,0,0,0,0,0,0,1,0,0,2.798
2012,494.8,19.7,129.0,1.32,0,18.75,2.064327903869788,0,0,0,1,0,0,0,0,0,1,0,1,0,0,2.798
2012,440.0,17.6,129.0,1.35,0,86.5772,0.9122827104766162,0,0,0,0,0,0,0,1,0,0,0,1,0,0,2.798
2012,623.6,17.8,123.5,1.38,0,9.6184,2.6275629501895237,1,0,0,0,0,0,0,0,0,0,0,1,0,0,2.502
2012,1011.3,16.8,123.5,5.26,0,152.4691,0.5933268452777344,1,0,0,1,0,0,0,0,0,0,0,0,0,1,2.502
2012,384.4,18.7,123.5,0.56,0,61.1386,1.1052568313867783,0,0,0,0,0,0,0,0,0,0,0,0,0,0,2.502
2012,366.3,18.7,123.5,0.77,0,23.3019,1.840549633397487,0,0,0,1,0,0,0,0,0,0,0,0,0,0,2.502
2012,859.8,19.2,92.3,1.1,0,8.8073,2.4406063908914204,1,0,0,0,0,0,0,0,0,1,0,0,1,0,2.346
2012,705.0,19.1,92.3,1.38,0,6.3349,2.745345985845907,1,0,0,1,0,0,0,0,0,0,1,0,1,0,2.346
2012,438.5,17.6,92.3,0.2,0,36.1961,1.2669476034873244,0,0,0,0,0,0,0,0,0,1,0,1,0,0,2.346
2012,756.3,18.2,92.3,1.61,0,33.8095,1.3164082336557241,0,0,0,1,0,0,0,0,0,0,1,0,1,0,2.346
2012,938.8,16.7,132.2,0.87,0,15.4079,2.259677591982769,1,0,0,0,0,0,0,0,0,0,0,0,1,0,2.552
2012,1045.4,18.6,132.2,3.67,0,23.906,1.8764069432883397,1,0,0,1,0,0,0,0,0,0,1,0,0,1,2.552
2012,418.5,18.5,132.2,0.2,0,11.8141,2.5006159434931803,0,0,0,0,0,0,0,0,0,1,0,1,0,0,2.552
2012,1438.1,18.6,132.2,4.61,0,17.8649,2.128231705849268,0,0,0,1,0,0,0,0,0,0,1,0,0,1,2.552
2012,1654.3,19.0,142.2,3.73,0,10.6358,2.6651427000909336,1,0,0,0,0,0,0,0,0,1,0,0,0,1,2.398
2012,920.7,18.1,142.2,2.82,0,10.7973,2.6511270537025893,1,0,0,1,0,0,0,0,0,0,1,0,1,0,2.398
2012,575.9,19.8,142.2,0.54,0,10.9722,2.6361960973342264,0,0,0,0,0,0,0,0,0,0,1,1,0,0,2.398
2012,758.8,19.8,142.2,4.01,0,12.6964,2.501435951739211,0,0,0,1,0,0,0,0,0,0,0,0,1,0,2.398
2012,926.7,20.5,69.9,0.58,0,5.3645,2.6411978941143697,1,0,0,0,0,0,0,0,0,0,1,0,1,0,1.579
2012,1209.0,21.8,69.9,4.75,0,6.99,2.3978952727983707,1,0,0,1,0,0,0,0,0,0,0,0,0,1,1.579
2012,689.7,19.3,69.9,0.8,0,26.1798,1.3001916620664788,0,0,0,0,0,0,0,0,0,0,1,1,0,0,1.579
2012,634.5,19.4,69.9,2.99,0,12.8257,1.864080130807681,0,0,0,1,0,0,0,0,0,0,0,1,0,0,1.579
2012,991.2,14.4,81.1,0.93,0,39.9507,1.1085626195212777,1,0,0,0,0,0,0,0,0,0,0,0,1,0,3.983
2012,939.1,17.9,81.1,2.33,0,8.1019,2.3988039507345884,1,0,0,1,0,0,0,0,0,1,0,0,1,0,3.983
2012,833.4,18.5,81.1,1.24,0,5.8387,2.7006898466959175,1,0,0,0,0,0,0,1,0,0,1,0,1,0,3.983
2012,1025.7,17.9,81.1,4.41,0,6.6914,2.574137783515943,1,0,0,0,1,0,0,0,0,1,0,0,0,1,3.983
2012,504.1,19.6,81.1,0.49,0,6.3359,2.624668592163159,0,0,0,0,0,0,0,0,0,0,0,1,0,0,3.983
2012,630.1,18.1,81.1,2.52,0,6.3758,2.6188546222977394,0,0,0,1,0,0,0,0,0,0,0,1,0,0,3.983
2012,738.9,18.6,81.1,2.75,0,8.3695,2.3693087250369538,0,0,0,0,0,0,0,1,0,0,0,0,1,0,3.983
2012,421.6,18.0,81.1,1.14,0,5.8853,2.6932749155200555,0,0,0,0,1,0,0,0,0,0,0,1,0,0,3.983
2012,934.7,17.9,99.3,0.7,0,50.9231,1.0818051703517284,1,0,0,0,0,0,0,0,0,1,0,0,1,0,2.733
2012,1354.9,18.4,99.3,6.9,0,6.7231,2.758109400974947,1,0,0,1,0,0,0,0,0,0,0,0,0,1,2.733
2012,1146.6,17.1,99.3,2.27,0,9.4392,2.444084655267745,1,0,0,0,0,0,0,1,0,1,0,0,0,1,2.733
2012,524.8,17.4,99.3,0.25,0,8.7489,2.513656063073986,0,0,0,0,0,0,0,0,0,0,0,1,0,0,2.733
2012,809.9,18.6,99.3,2.15,0,8.553,2.534490149976828,0,0,0,1,0,0,0,0,0,0,1,0,1,0,2.733
2012,1081.4,16.4,99.3,2.1,0,6.891,2.7350166493320245,0,0,0,0,0,0,0,1,0,0,1,0,0,1,2.733
2012,713.2,16.9,72.3,1.32,0,7.989,2.307572634505085,1,0,0,0,0,0,0,0,0,1,0,0,1,0,1.242
2012,578.9,15.6,72.3,1.25,0,5.3006,2.6837575085331657,1,0,0,1,0,0,0,0,0,0,1,1,0,0,1.242
2012,588.0,15.9,72.3,2.51,0,12.4441,1.918392120161421,1,0,0,0,0,0,0,1,0,0,0,1,0,0,1.242
2012,565.0,15.7,72.3,2.13,0,30.251,1.220829921392359,1,0,1,0,0,0,0,0,0,0,0,1,0,0,1.242
2012,583.7,16.8,72.3,1.29,0,5.4484,2.658159431488745,0,0,0,0,0,0,0,0,0,1,0,1,0,0,1.242
2012,431.3,17.0,72.3,0.94,0,6.2543,2.5305171610400525,0,0,0,1,0,0,0,0,0,1,0,1,0,0,1.242
2012,403.7,15.5,72.3,1.25,0,9.317,2.1701959049483,0,0,0,0,0,0,0,1,0,0,1,1,0,0,1.242
2012,523.5,16.7,72.3,1.49,0,7.0605,2.419478844465545,0,0,1,0,0,0,0,0,0,0,1,1,0,0,1.242
2012,906.3,18.2,43.1,1.26,0,5.9122,2.1150499691472033,1,0,0,0,0,0,0,0,0,0,1,0,1,0,1.371
2012,688.6,18.3,43.1,1.53,0,4.013,2.4630018143999504,1,0,0,1,0,0,0,0,0,0,1,1,0,0,1.371
2012,730.4,19.6,43.1,0.69,0,7.3675,1.9242486522741338,1,0,0,0,0,0,0,1,0,0,0,0,1,0,1.371
2012,940.1,18.7,43.1,2.07,0,10.2375,1.6505798557652755,1,0,1,0,0,0,0,0,0,1,0,0,1,0,1.371
2012,385.7,18.6,43.1,0.2,0,2.9602,2.7447035187502458,0,0,0,0,0,0,0,0,0,0,1,0,0,0,1.371
2012,651.5,19.2,43.1,1.19,0,3.2602,2.6546494243750947,0,0,0,1,0,0,0,0,0,0,1,1,0,0,1.371
2012,350.3,19.1,43.1,0.34,0,5.0409,2.256541154492639,0,0,0,0,0,0,0,1,0,0,0,0,0,0,1.371
2012,592.0,18.9,43.1,1.17,0,4.3623,2.3869262414277967,0,0,1,0,0,0,0,0,0,0,1,1,0,0,1.371
2012,615.0,17.1,58.2,0.53,0,10.3009,1.8946168546677629,1,0,0,0,0,0,0,0,0,0,1,1,0,0,0.987
2012,766.0,19.8,58.2,2.31,0,22.2989,1.2837077723447896,1,0,0,1,0,0,0,0,0,1,0,0,1,0,0.987
2012,572.5,13.9,58.2,0.98,0,9.798,1.937301774518713,1,0,1,0,0,0,0,0,0,0,1,1,0,0,0.987
2012,394.8,17.9,58.2,0.65,0,7.4425,2.1770218700187,0,0,0,0,0,0,0,0,0,0,0,0,0,0,0.987
2012,362.9,17.3,58.2,0.36,0,10.2465,1.8991179875485542,0,0,0,1,0,0,0,0,0,0,0,0,0,0,0.987
2012,267.9,16.6,58.2,0.2,0,4.5719,2.6195832197798796,0,0,1,0,0,0,0,0,0,1,0,0,0,0,0.987
2012,878.0,19.1,56.7,1.77,0,94.5,0.4700036292457356,1,0,0,0,0,0,0,0,0,1,0,0,1,0,1.215
2012,622.3,17.0,56.7,2.17,0,7.4704,2.150598735996164,1,0,0,1,0,0,0,0,0,0,0,1,0,0,1.215
2012,778.5,17.6,56.7,1.3,0,4.4611,2.6181254935742233,1,0,1,0,0,0,0,0,0,0,1,0,1,0,1.215
2012,459.7,17.3,56.7,0.9,0,7.0,2.2082744135228043,1,0,0,0,0,1,0,0,0,0,1,1,0,0,1.215
2012,518.2,17.1,56.7,0.43,0,4.6437,2.580974118534234,0,0,0,0,0,0,0,0,0,0,1,1,0,0,1.215
2012,508.5,20.7,56.7,2.01,0,4.7289,2.5641798306825083,0,0,0,1,0,0,0,0,0,0,0,1,0,0,1.215
2012,462.0,16.6,56.7,0.81,0,6.4579,2.280339484046726,0,0,1,0,0,0,0,0,0,1,0,1,0,0,1.215
2012,457.5,18.7,56.7,0.56,0,9.8097,1.9139771019523042,0,0,0,0,0,1,0,0,0,0,1,1,0,0,1.215
2012,677.2,22.8,56.6,1.14,0,7.628,2.130609828254235,1,0,0,0,0,0,0,0,0,0,1,1,0,0,1.367
2012,689.3,19.6,56.6,1.84,0,6.9363,2.214846178686039,1,0,0,1,0,0,0,0,0,0,1,1,0,0,1.367
2012,628.9,20.0,56.6,1.99,0,4.8417,2.540814281726296,1,0,1,0,0,0,0,0,0,0,1,1,0,0,1.367
2012,356.4,21.1,56.6,0.44,0,13.3176,1.6582280766035324,0,0,0,0,0,0,0,0,0,1,0,0,0,0,1.367
2012,430.3,18.2,56.6,1.53,0,48.3761,0.7747271675523681,0,0,0,1,0,0,0,0,0,0,1,1,0,0,1.367
2012,334.8,18.3,56.6,0.22,0,23.5833,1.2237754316221157,0,0,1,0,0,0,0,0,0,0,1,0,0,0,1.367
2012,608.2,18.6,70.8,1.05,0,12.967,1.8656293177945105,1,0,0,0,0,0,0,0,0,1,0,1,0,0,1.854
2012,610.8,16.2,70.8,1.92,0,5.9696,2.554121718809473,1,0,0,1,0,0,0,0,0,0,0,1,0,0,1.854
2012,644.8,16.8,70.8,1.43,0,6.7493,2.4414770918606643,1,0,1,0,0,0,0,0,0,0,1,1,0,0,1.854
2012,579.6,18.5,70.8,4.91,0,24.0,1.3737155789130306,1,0,0,0,1,0,0,0,0,0,0,1,0,0,1.854
2012,267.7,19.2,70.8,0.23,0,4.7326,2.7700855920216627,0,0,0,0,0,0,0,0,0,0,1,0,0,0,1.854
2012,421.5,17.3,70.8,0.84,0,14.8117,1.7544036826842861,0,0,0,1,0,0,0,0,0,0,1,1,0,0,1.854
2012,578.0,17.0,70.8,0.94,0,5.3799,2.6504210882655737,0,0,1,0,0,0,0,0,0,0,1,1,0,0,1.854
2012,319.0,17.7,70.8,0.45,0,26.9202,1.2892326482767593,0,0,0,0,1,0,0,0,0,0,1,0,0,0,1.854
2012,596.9,20.7,72.3,1.05,0,5.4402,2.659559991941776,1,0,0,0,0,0,0,0,0,0,1,1,0,0,1.181
2012,426.6,20.7,72.3,1.64,0,10.373,2.075684492802124,1,0,0,1,0,0,0,0,0,0,1,1,0,0,1.181
2012,431.0,20.9,72.3,0.76,0,6.6209,2.4782176616372036,0,0,0,0,0,0,0,0,0,0,1,1,0,0,1.181
2012,314.1,18.9,72.3,0.35,0,7.7161,2.3389170222414357,0,0,0,1,0,0,0,0,0,1,0,0,0,0,1.181
2012,656.5,16.7,128.1,1.05,0,18.866,2.052840859882657,1,0,0,0,0,0,0,0,0,0,0,1,0,0,3.861
2012,802.1,17.6,128.1,2.01,0,15.1418,2.247072383063787,1,0,0,1,0,0,0,0,0,0,1,0,1,0,3.861
2012,882.8,16.0,128.1,13.27,0,22.3951,1.9050881545350582,1,0,0,0,1,0,0,0,0,1,0,0,1,0,3.861
2012,191.9,15.6,128.1,0.2,0,34.2513,1.556037135706985,0,0,0,0,0,0,0,0,0,0,0,0,0,0,3.861
2012,303.5,17.8,128.1,0.53,0,9.5812,2.6651427000909336,0,0,0,1,0,0,0,0,0,0,0,0,0,0,3.861
2012,481.8,15.6,128.1,6.28,0,9.7267,2.6511270537025893,0,0,0,0,1,0,0,0,0,0,0,1,0,0,3.861
2012,749.8,18.1,31.1,0.61,0,3.4671,2.299580583973747,1,0,0,0,0,0,0,0,0,0,0,0,1,0,0.496
2012,638.3,19.1,31.1,0.8,0,3.0165,2.425687290128029,1,0,0,1,0,0,0,0,0,0,1,1,0,0,0.496
2012,338.1,21.5,31.1,0.2,0,2.1214,2.751109690562657,0,0,0,0,0,0,0,0,0,0,1,0,0,0,0.496
2012,508.4,21.0,31.1,0.97,0,2.0831,2.768204123921957,0,0,0,1,0,0,0,0,0,1,0,1,0,0,0.496
2012,497.0,21.0,52.1,1.0,0,5.4612,2.355177543113216,1,0,0,0,0,0,1,0,0,0,0,1,0,0,0.89
2012,446.4,23.7,52.1,0.55,0,4.1218,2.613006652415316,1,0,0,0,0,0,0,0,0,0,1,1,0,0,0.89
2012,442.5,26.0,52.1,1.59,0,11.3015,1.724550719534605,1,0,0,1,0,0,0,0,0,1,0,1,0,0,0.89
2012,375.4,22.0,52.1,0.33,0,13.257,1.5953389880545987,0,0,0,0,0,0,1,0,0,1,0,0,0,0,0.89
2012,635.3,22.3,52.1,0.58,0,4.7107,2.4898941912990393,0,0,0,0,0,0,0,0,0,0,1,1,0,0,0.89
2012,465.4,23.7,52.1,1.57,0,3.5832,2.7434173449395014,0,0,0,1,0,0,0,0,0,0,1,1,0,0,0.89
2012,560.7,25.9,20.9,0.8,0,1.6052,2.640484881606444,1,0,0,0,0,0,1,0,0,0,1,1,0,0,0.48
2012,603.6,26.0,20.9,0.47,0,3.2605,2.0028304393079956,1,0,0,0,0,0,0,0,0,0,0,1,0,0,0.48
2012,418.3,23.5,20.9,0.75,0,2.8397,2.1234584270966104,1,0,0,1,0,0,0,0,0,0,1,1,0,0,0.48
2012,415.8,25.5,20.9,0.31,0,9.5,1.1631508098056809,0,0,0,0,0,0,1,0,0,0,1,1,0,0,0.48
2012,204.5,23.7,20.9,0.2,0,2.043,2.418588768750352,0,0,0,0,0,0,0,0,0,0,1,0,0,0,0.48
2012,409.4,25.4,20.9,0.23,0,1.4615,2.72785282839839,0,0,0,1,0,0,0,0,0,1,0,1,0,0,0.48
2012,764.6,24.3,11.1,0.21,0,0.846,2.647592232065096,1,0,0,0,0,0,1,0,0,1,0,0,1,0,0.455
2012,411.8,25.8,11.1,0.2,0,1.7647,1.986503546020567,1,0,0,0,0,0,0,0,0,0,0,1,0,0,0.455
2012,391.3,24.3,11.1,0.26,0,1.875,1.9344157696295783,1,0,0,1,0,0,0,0,0,0,1,0,0,0,0.455
2012,302.7,24.0,11.1,0.27,0,2.6683,1.6409365794934714,0,0,0,0,0,0,1,0,0,0,1,0,0,0,0.455
2012,152.1,22.1,11.1,0.2,0,0.7639,2.7427736371605955,0,0,0,0,0,0,0,0,0,0,1,0,0,0,0.455
2012,429.8,25.1,11.1,0.54,0,1.0278,2.468099531471619,0,0,0,1,0,0,0,0,0,0,0,1,0,0,0.455
2012,713.4,28.8,36.1,0.2,0,3.9845,2.3085671646715933,1,0,0,0,0,0,0,0,0,0,1,0,1,0,0.266
2012,565.8,28.6,36.1,0.31,0,9.8098,1.5432981099295553,1,0,0,1,0,0,0,0,0,1,0,1,0,0,0.266
2012,311.3,29.8,36.1,0.2,0,16.5596,1.1568811967920856,0,0,0,0,0,0,0,0,0,0,1,0,0,0,0.266
2012,125.9,28.5,36.1,0.2,0,29.5902,0.7975071958841881,0,0,0,1,0,0,0,0,0,1,0,0,0,0,0.266
2012,620.9,26.5,23.6,0.2,0,1.936,2.579458966729223,1,0,0,0,0,0,0,0,0,0,1,1,0,0,0.661
2012,597.4,28.5,23.6,0.47,0,3.4302,2.064327903869788,1,0,0,1,0,0,0,0,0,0,1,1,0,0,0.661
2012,591.9,25.4,23.6,1.8,0,12.4868,1.0612565021243408,1,1,0,0,0,0,0,0,0,0,0,1,0,0,0.661
2012,370.9,27.4,23.6,0.2,0,7.6623,1.4060969884160703,0,0,0,0,0,0,0,0,0,0,0,0,0,0,0.661
2012,197.7,26.8,23.6,0.2,0,2.298,2.422144328051685,0,0,0,1,0,0,0,0,0,0,0,0,0,0,0.661
2012,493.3,28.3,23.6,1.18,0,12.4211,1.0647107369924282,0,1,0,0,0,0,0,0,0,0,1,1,0,0,0.661
2012,830.1,28.7,27.4,0.2,0,2.8218,2.3711778844596574,1,0,0,0,0,0,0,0,0,0,1,0,1,0,0.678
2012,465.6,24.4,27.4,0.42,0,2.9149,2.341805806147327,1,0,0,1,0,0,0,0,0,0,1,1,0,0,0.678
2012,443.2,29.0,27.4,0.63,0,2.5584,2.460443177609626,1,1,0,0,0,0,0,0,0,0,0,1,0,0,0.678
2012,404.4,28.3,27.4,0.2,0,1.8975,2.73696154459663,0,0,0,0,0,0,0,0,0,0,1,1,0,0,0.678
2012,757.1,30.1,27.4,0.36,1,3.3827,2.2082744135228043,0,0,0,1,0,0,0,0,0,1,0,0,1,0,0.678
2012,369.5,27.4,27.4,0.37,0,2.0964,2.644044871126298,0,1,0,0,0,0,0,0,0,0,0,0,0,0,0.678
2012,476.3,29.0,15.7,0.2,0,1.0502,2.7694588292308535,1,0,0,0,0,0,0,0,0,0,1,1,0,0,0.341
2012,435.1,29.1,15.7,0.35,0,2.1745,2.1065702090680882,1,0,0,1,0,0,0,0,0,0,0,1,0,0,0.341
2012,304.7,30.1,15.7,0.43,1,1.6684,2.3427668826268775,1,0,0,0,0,1,0,0,0,0,0,0,0,0,0.341
2012,90.5,29.6,15.7,0.2,0,1.5875,2.387844936944869,0,0,0,0,0,0,0,0,0,0,1,0,0,0,0.341
2012,153.6,28.3,15.7,0.2,0,1.4377,2.4782176616372036,0,0,0,1,0,0,0,0,0,1,0,0,0,0,0.341
2012,371.8,30.0,15.7,0.64,0,5.322,1.3737155789130306,0,0,0,0,0,1,0,0,0,1,0,0,0,0,0.341
2012,694.3,27.0,25.7,0.28,0,1.9009,2.67552700939665,1,0,0,0,0,0,0,0,0,0,0,1,0,0,0.339
2012,566.4,29.9,25.7,0.27,0,2.3008,2.498973906999436,1,0,0,1,0,0,0,0,0,0,1,1,0,0,0.339
2012,571.8,26.9,25.7,0.2,0,2.2603,2.5152741864043966,0,0,0,0,0,0,0,0,0,1,0,1,0,0,0.339
2012,756.6,32.0,25.7,0.33,1,2.0544,2.6034301519721073,0,0,0,1,0,0,0,0,0,0,1,0,1,0,0.339
2012,884.7,23.6,29.3,0.89,0,7.5711,1.5830939370944985,1,0,0,0,0,0,0,0,0,1,0,0,1,0,0.628
2012,426.7,22.6,29.3,0.63,0,6.3834,1.7209792871670078,1,0,0,1,0,0,0,0,0,0,1,1,0,0,0.628
2012,493.9,23.7,29.3,0.3,0,7.325,1.6094379124341003,0,0,0,0,0,0,0,0,0,0,1,1,0,0,0.628
2012,495.5,22.7,29.3,0.65,0,2.6137,2.502255288122613,0,0,0,1,0,0,0,0,0,1,0,1,0,0,0.628
2012,231.9,31.7,14.0,0.39,1,1.4156,2.387844936944869,1,0,0,0,0,0,1,0,0,1,0,0,0,0,0.251
2012,157.5,31.6,14.0,0.2,1,3.4913,1.6114359150967734,1,0,0,0,0,0,0,0,0,0,0,0,0,0,0.251
2012,141.2,34.3,14.0,0.2,1,1.1373,2.58851563240702,1,0,0,1,0,0,0,0,0,0,1,0,0,0,0.251
2012,131.6,32.7,14.0,0.2,1,8.5366,0.9707789171582248,0,0,0,0,0,0,1,0,0,0,1,0,0,0,0.251
2012,83.2,34.4,14.0,0.2,1,5.9574,1.208960345836975,0,0,0,0,0,0,0,0,0,0,1,0,0,0,0.251
2012,98.5,31.4,14.0,0.2,1,2.1407,2.020222182019865,0,0,0,1,0,0,0,0,0,1,0,0,0,0,0.251
2012,251.8,33.9,25.1,0.23,1,1.7192,2.747270914255491,1,0,0,0,0,0,1,0,0,0,1,0,0,0,0.239
2012,268.1,34.2,25.1,0.2,1,2.6393,2.3523271848888596,1,0,0,0,0,0,0,0,0,0,1,0,0,0,0.239
2012,211.7,35.3,25.1,0.23,1,4.8928,1.81319474994812,1,0,0,1,0,0,0,0,0,0,0,0,0,0,0.239
2012,125.8,35.3,25.1,0.2,1,17.4306,0.8919980393051105,0,0,0,0,0,0,1,0,0,0,0,0,0,0,0.239
2012,146.5,34.8,25.1,0.2,1,2.0591,2.579458966729223,0,0,0,0,0,0,0,0,0,0,0,0,0,0,0.239
2012,196.8,32.2,25.1,0.2,1,3.1853,2.1838015570040787,0,0,0,1,0,0,0,0,0,1,0,0,0,0,0.239
2012,181.4,35.9,35.0,0.27,1,13.1086,1.3001916620664788,1,0,0,0,0,0,1,0,0,0,0,0,0,0,0.215
2012,217.6,36.5,35.0,0.2,1,5.1622,2.0515563381903004,1,0,0,0,0,0,0,0,0,0,1,0,0,0,0.215
2012,254.7,34.6,35.0,0.45,1,9.2593,1.5644405465033644,1,0,0,1,0,0,0,0,0,0,1,0,0,0,0.215
2012,66.5,34.5,35.0,0.2,1,4.0556,2.2648832258100344,0,0,0,0,0,0,1,0,0,0,0,0,0,0,0.215
2012,128.2,33.2,35.0,0.2,1,29.4118,0.7839015438284094,0,0,0,0,0,0,0,0,0,0,0,0,0,0,0.215
2012,86.7,34.6,35.0,0.2,1,3.2318,2.4706386779902956,0,0,0,1,0,0,0,0,0,0,1,0,0,0,0.215
2012,113.6,35.1,25.5,0.2,1,3.265,2.175887439948088,1,0,0,0,0,0,1,0,0,1,0,0,0,0,0.216
2012,184.6,34.0,25.5,0.2,1,4.7575,1.8500283773520307,1,0,0,0,0,0,0,0,0,0,0,0,0,0,0.216
2012,223.5,34.6,25.5,0.31,1,2.2911,2.495681722955959,1,0,0,1,0,0,0,0,0,0,1,0,0,0,0.216
2012,50.0,35.8,25.5,0.2,1,11.087,1.1939224684724346,0,0,0,0,0,0,1,0,0,1,0,0,0,0,0.216
2012,90.1,36.0,25.5,0.2,1,3.1955,2.194999882314108,0,0,0,0,0,0,0,0,0,0,1,0,0,0,0.216
2012,124.2,34.9,25.5,0.2,1,28.6517,0.636576829071551,0,0,0,1,0,0,0,0,0,1,0,0,0,0,0.216
2012,472.2,21.8,58.0,0.68,0,76.3158,0.5653138090500605,1,0,0,0,0,0,0,0,0,0,1,1,0,0,1.081
2012,541.3,21.6,58.0,2.81,0,5.4872,2.448415541205585,1,0,0,1,0,0,0,0,0,0,0,1,0,0,1.081
2012,388.2,22.3,58.0,0.32,0,4.9573,2.5416019934645457,0,0,0,0,0,0,0,0,0,1,0,0,0,0,1.081
2012,337.1,21.2,58.0,1.2,0,8.4302,2.064327903869788,0,0,0,1,0,0,0,0,0,1,0,0,0,0,1.081
2012,370.3,27.4,37.5,0.2,0,3.9432,2.3523271848888596,1,0,0,0,0,0,0,0,0,0,1,0,0,0,0.34
2012,299.7,26.5,37.5,0.56,0,2.51,2.768831673362069,1,0,0,1,0,0,0,0,0,0,1,0,0,0,0.34
2012,313.0,26.0,37.5,0.29,0,9.6899,1.5830939370944985,0,0,0,0,0,0,0,0,0,1,0,0,0,0,0.34
2012,222.4,25.7,37.5,0.34,0,5.7252,2.0215475632609334,0,0,0,1,0,0,0,0,0,1,0,0,0,0,0.34
2012,602.4,23.3,21.3,0.2,0,2.8212,2.145931282948669,1,0,0,0,0,0,0,0,0,0,1,1,0,0,0.617
2012,584.5,24.0,21.3,0.48,0,7.0764,1.3887912413184778,1,0,0,1,0,0,0,0,0,0,1,1,0,0,0.617
2012,58.5,21.6,21.3,0.2,0,11.0363,1.0750024230289759,0,0,0,0,0,0,0,0,0,1,0,0,0,0,0.617
2012,645.7,24.6,21.3,1.65,0,1.7067,2.601207105484161,0,0,0,1,0,0,0,0,0,0,0,1,0,0,0.617
2012,734.3,19.4,78.5,3.36,0,12.9967,1.951608170169951,1,0,0,0,0,0,0,0,1,0,1,0,1,0,1.385
2012,573.6,19.1,78.5,0.63,0,43.1319,1.0367368849500223,1,0,0,0,0,0,0,0,0,1,0,1,0,0,1.385
2012,714.9,19.6,78.5,2.99,0,6.1472,2.6224923127405635,1,0,0,1,0,0,0,0,0,1,0,0,1,0,1.385
2012,528.6,20.3,78.5,1.4,0,9.6556,2.211565694606877,0,0,0,0,0,0,0,0,1,1,0,1,0,0,1.385
2012,463.8,17.5,78.5,0.74,0,22.3011,1.5085119938441398,0,0,0,0,0,0,0,0,0,0,1,1,0,0,1.385
2012,628.1,17.6,78.5,2.88,0,8.2285,2.355177543113216,0,0,0,1,0,0,0,0,0,0,0,1,0,0,1.385
2012,938.1,21.3,33.5,0.46,0,2.2898,2.749192144433385,1,0,0,0,0,0,0,0,0,0,1,0,1,0,1.472
2012,874.9,23.0,33.5,2.17,0,4.1205,2.211565694606877,1,0,0,1,0,0,0,0,0,0,1,0,1,0,1.472
2012,352.2,24.3,33.5,0.2,0,16.1836,1.1216775615991057,0,0,0,0,0,0,0,0,0,0,1,0,0,0,1.472
2012,580.2,21.9,33.5,1.37,0,7.7367,1.673351238177753,0,0,0,1,0,0,0,0,0,0,1,1,0,0,1.472
2012,935.3,21.1,68.4,0.93,0,15.2679,1.7011051009599243,1,0,0,0,0,0,0,0,0,1,0,0,1,0,1.511
2012,855.7,26.1,68.4,0.57,0,10.348,2.0294631718735947,1,0,0,1,0,0,0,0,0,1,0,0,1,0,1.511
2012,641.2,22.8,68.4,1.42,0,19.2135,1.5173226235262949,1,1,0,0,0,0,0,0,0,0,1,1,0,0,1.511
2012,454.4,24.0,68.4,0.22,0,33.6946,1.1085626195212777,0,0,0,0,0,0,0,0,0,0,0,1,0,0,1.511
2012,708.5,25.0,68.4,1.6,0,8.7356,2.178155014615869,0,0,0,1,0,0,0,0,0,0,1,0,1,0,1.511
2012,770.9,22.9,68.4,2.99,0,10.6708,2.0028304393079956,0,1,0,0,0,0,0,0,0,1,0,0,1,0,1.511
2012,697.8,23.6,77.3,0.43,0,6.7926,2.5160822672564502,1,0,0,0,0,0,0,0,0,0,1,1,0,0,1.053
2012,530.9,26.0,77.3,1.49,0,5.6465,2.6871669901857858,1,0,0,1,0,0,0,0,0,0,1,1,0,0,1.053
2012,390.8,25.0,77.3,0.2,0,70.2727,0.7419373447293773,0,0,0,0,0,0,0,0,0,0,1,0,0,0,1.053
2012,387.2,22.6,77.3,0.53,0,22.4058,1.4929040961781488,0,0,0,1,0,0,0,0,0,0,0,0,0,0,1.053
2012,1034.2,21.3,81.5,0.81,0,5.8423,2.7047112998366956,1,0,0,0,0,0,0,0,0,0,1,0,0,1,1.369
2012,629.9,22.6,81.5,0.58,0,19.878,1.62924053973028,1,0,0,1,0,0,0,0,0,0,1,1,0,0,1.369
2012,613.0,23.2,81.5,0.57,0,8.9857,2.309560706730471,0,0,0,0,0,0,0,0,0,0,0,1,0,0,1.369
2012,768.9,21.2,81.5,2.67,0,8.224,2.3896797998449792,0,0,0,1,0,0,0,0,0,1,0,0,1,0,1.369
2012,463.9,20.1,27.1,0.38,0,1.8898,2.73046379593911,1,0,0,0,0,0,0,0,0,0,1,1,0,0,0.583
2012,419.6,19.2,27.1,0.53,0,2.8141,2.363680192353857,1,0,0,1,0,0,0,0,0,0,1,1,0,0,0.583
2012,191.8,21.8,27.1,0.2,0,2.3202,2.5400259490090797,0,0,0,0,0,0,0,0,0,1,0,0,0,0,0.583
2012,473.3,21.1,27.1,0.59,0,13.8265,1.085189268335969,0,0,0,1,0,0,0,0,0,0,1,1,0,0,0.583
2012,449.0,17.4,54.8,1.6,0,9.547,1.9080599249242156,1,0,0,0,0,0,0,0,1,0,1,1,0,0,1.391
2012,981.4,19.8,54.8,1.88,0,9.3039,1.9300710850255671,1,0,0,0,0,0,0,0,0,1,0,0,1,0,1.391
2012,550.6,17.8,54.8,0.99,0,7.0437,2.1724764076470255,1,0,0,1,0,0,0,0,0,0,1,1,0,0,1.391
2012,571.3,17.9,54.8,1.99,0,3.9311,2.7040421797046714,0,0,0,0,0,0,0,0,1,0,0,1,0,0,1.391
2012,388.6,19.3,54.8,0.26,0,4.0205,2.683074215032033,0,0,0,0,0,0,0,0,0,0,0,0,0,0,1.391
2012,581.3,20.0,54.8,1.49,0,7.3755,2.131796772013764,0,0,0,1,0,0,0,0,0,1,0,1,0,0,1.391
2012,515.1,16.4,67.8,0.45,0,24.7445,1.3190856114264407,1,0,0,0,0,0,0,0,0,1,0,1,0,0,1.144
2012,1025.3,17.3,67.8,3.8,0,6.6996,2.4087452888224363,1,0,0,1,0,0,0,0,0,1,0,0,0,1,1.144
2012,652.4,16.5,67.8,0.4,0,46.7586,0.8960880245566356,0,0,0,0,0,0,0,0,0,0,1,1,0,0,1.144
2012,361.0,15.5,67.8,0.23,0,8.9801,2.145931282948669,0,0,0,1,0,0,0,0,0,0,1,0,0,0,1.144
2012,819.6,21.4,87.0,1.36,0,158.1818,0.4382549309311553,1,0,0,0,0,0,0,0,0,0,1,0,1,0,1.602
2012,789.2,19.0,87.0,1.71,0,53.0488,0.9707789171582248,1,0,0,1,0,0,0,0,0,0,1,0,1,0,1.602
2012,518.8,20.8,87.0,1.15,0,7.2682,2.5626389983283526,1,1,0,0,0,0,0,0,0,0,1,1,0,0,1.602
2012,1218.2,22.2,87.0,4.42,0,27.2727,1.4327007339340463,1,0,0,0,0,1,0,0,0,0,1,0,0,1,1.602
2012,377.8,18.9,87.0,0.32,0,127.9412,0.5187937934151675,0,0,0,0,0,0,0,0,0,0,0,0,0,0,1.602
2012,473.8,18.0,87.0,0.57,0,7.7471,2.503891949699081,0,0,0,1,0,0,0,0,0,0,1,1,0,0,1.602
2012,470.0,17.9,87.0,0.32,0,9.4978,2.318458442150336,0,1,0,0,0,0,0,0,0,0,0,1,0,0,1.602
2012,207.9,22.7,87.0,0.2,0,13.142,2.030776369698555,0,0,0,0,0,1,0,0,0,0,1,0,0,0,1.602
2012,249.0,30.8,25.3,0.2,1,10.0397,1.2584609896100056,1,0,0,0,0,0,0,0,0,1,0,0,0,0,0.243
2012,275.2,28.6,25.3,0.21,0,25.3,0.6931471805599453,1,0,0,1,0,0,0,0,0,0,0,0,0,0,0.243
2012,111.5,29.8,25.3,0.2,0,2.0755,2.579458966729223,0,0,0,0,0,0,0,0,0,0,0,0,0,0,0.243
2012,115.3,30.9,25.3,0.2,1,2.231,2.5128460184772416,0,0,0,1,0,0,0,0,0,0,0,0,0,0,0.243
2012,210.6,32.4,26.8,0.2,1,5.1048,1.8325814637483102,1,0,0,0,0,0,0,0,0,0,1,0,0,0,0.212
2012,279.5,31.0,26.8,0.21,1,4.9265,1.8625285401162623,1,0,0,1,0,0,0,0,0,1,0,0,0,0,0.212
2012,192.3,29.6,26.8,0.2,0,2.1806,2.587011872725154,0,0,0,0,0,0,0,0,0,0,1,0,0,0,0.212
2012,118.2,30.3,26.8,0.2,1,3.1754,2.244955980157409,0,0,0,1,0,0,0,0,0,1,0,0,0,0,0.212
2013,966.5,15.3,127.5,8.25,0,26.5073,1.7595805708638197,1,0,0,0,0,0,0,0,1,0,0,0,1,0,3.582
2013,1327.3,18.8,127.5,5.15,0,14.5881,2.2762411176544437,1,0,0,0,0,0,0,0,0,0,0,0,0,1,3.582
2013,1111.2,18.6,127.5,4.34,0,21.0396,1.9544450515051506,1,0,0,1,0,0,0,0,0,0,0,0,0,1,3.582
2013,226.7,19.1,127.5,0.54,0,8.7749,2.7427736371605955,0,0,0,0,0,0,0,0,1,0,0,0,0,0,3.582
2013,481.0,18.6,127.5,1.48,0,11.7946,2.468946630209271,0,0,0,0,0,0,0,0,0,0,0,1,0,0,3.582
2013,589.7,17.2,127.5,2.76,0,92.3913,0.8671004876833833,0,0,0,1,0,0,0,0,0,0,1,1,0,0,3.582
2013,1194.1,17.3,97.4,12.01,0,93.6538,0.712949807856125,1,0,0,0,0,0,0,0,1,1,0,0,0,1,4.069
2013,1030.5,16.7,97.4,1.21,0,10.6915,2.3135250330323798,1,0,0,0,0,0,0,0,0,1,0,0,0,1,4.069
2013,1138.7,14.0,97.4,2.54,0,8.3248,2.5416019934645457,1,0,0,1,0,0,0,0,0,0,0,0,0,1,4.069
2013,764.6,16.3,97.4,3.98,0,7.1303,2.6851226964585053,0,0,0,0,0,0,0,0,1,1,0,0,1,0,4.069
2013,941.9,15.7,97.4,1.94,0,9.9795,2.3758355547336385,0,0,0,0,0,0,0,0,0,0,0,0,1,0,4.069
2013,759.9,15.8,97.4,2.45,0,10.3949,2.3389170222414357,0,0,0,1,0,0,0,0,0,0,0,0,1,0,4.069
2013,1065.2,19.1,103.7,6.51,0,8.3832,2.5930133911138515,1,0,0,0,0,0,0,0,1,0,1,0,0,1,3.973
2013,801.5,20.2,103.7,2.25,0,23.6758,1.682688374173693,1,0,0,0,0,0,0,0,0,0,0,0,1,0,3.973
2013,944.8,17.0,103.7,3.25,0,7.4124,2.7073833121145063,1,0,0,1,0,0,0,0,0,0,0,0,1,0,3.973
2013,637.4,19.9,103.7,7.37,0,95.1376,0.7371640659767197,1,0,0,0,1,0,0,0,0,1,0,1,0,0,3.973
2013,522.1,19.6,103.7,3.29,0,50.5854,1.1151415906193203,0,0,0,0,0,0,0,0,1,1,0,1,0,0,3.973
2013,844.0,18.2,103.7,1.58,0,117.8409,0.6312717768418579,0,0,0,0,0,0,0,0,0,0,1,0,1,0,3.973
2013,1017.5,19.0,103.7,3.36,0,6.9738,2.7644305345383176,0,0,0,1,0,0,0,0,0,0,1,0,0,1,3.973
2013,349.6,20.5,103.7,0.74,0,7.0882,2.749192144433385,0,0,0,0,1,0,0,0,0,1,0,0,0,0,3.973
2013,883.2,16.4,126.6,1.83,0,49.6471,1.2669476034873244,1,0,0,0,0,0,0,0,0,0,1,0,1,0,2.798
2013,1110.4,18.6,126.6,5.04,0,47.2388,1.3029127521808397,1,0,0,1,0,0,0,0,0,1,0,0,0,1,2.798
2013,1146.4,16.9,126.6,1.37,0,8.4853,2.767576180416237,1,0,0,0,0,0,0,1,0,0,1,0,0,1,2.798
2013,795.4,18.2,126.6,0.88,0,20.1592,1.9851308622085946,0,0,0,0,0,0,0,0,0,0,0,0,1,0,2.798
2013,669.2,19.9,126.6,4.48,0,168.8,0.5596157879354227,0,0,0,1,0,0,0,0,0,0,0,1,0,0,2.798
2013,1079.1,18.9,126.6,3.96,0,116.1468,0.7371640659767197,0,0,0,0,0,0,0,1,0,1,0,0,0,1,2.798
2013,1135.7,17.2,110.7,1.34,0,9.7447,2.514465452029545,1,0,0,0,0,0,0,0,0,0,0,0,0,1,2.502
2013,1081.1,18.4,110.7,4.31,0,162.7941,0.5187937934151675,1,0,0,1,0,0,0,0,0,1,0,0,0,1,2.502
2013,529.3,17.7,110.7,0.64,0,8.9059,2.5974910105351463,0,0,0,0,0,0,0,0,0,0,1,1,0,0,2.502
2013,276.7,17.4,110.7,0.5,0,28.3846,1.589235205116581,0,0,0,1,0,0,0,0,0,0,0,0,0,0,2.502
2013,1198.6,20.4,95.3,2.29,0,9.8756,2.365559892155434,1,0,0,0,0,0,0,0,0,0,0,0,0,1,2.346
2013,1090.4,20.5,95.3,5.79,0,84.3363,0.7561219797213337,1,0,0,1,0,0,0,0,0,0,0,0,0,1,2.346
2013,1309.6,20.2,95.3,1.61,0,21.1308,1.706564623164823,0,0,0,0,0,0,0,0,0,0,1,0,0,1,2.346
2013,584.4,20.4,95.3,0.51,0,42.9279,1.169381359556317,0,0,0,1,0,0,0,0,0,0,1,1,0,0,2.346
2013,1069.5,19.3,129.5,1.45,0,93.8406,0.8671004876833833,1,0,0,0,0,0,0,0,0,0,1,0,0,1,2.552
2013,1300.8,19.1,129.5,3.12,0,12.8472,2.405141681319138,1,0,0,1,0,0,0,0,0,1,0,0,0,1,2.552
2013,636.7,18.5,129.5,0.63,0,22.4826,1.9110228900548727,0,0,0,0,0,0,0,0,0,0,0,1,0,0,2.552
2013,827.9,18.7,129.5,1.99,0,119.9074,0.7323678937132266,0,0,0,1,0,0,0,0,0,0,0,0,1,0,2.552
2013,2033.7,17.5,161.8,4.75,0,21.4874,2.143589361503588,1,0,0,0,0,0,0,0,0,1,0,0,0,1,2.398
2013,1461.2,18.6,161.8,6.89,0,24.6271,2.0241930674493576,1,0,0,1,0,0,0,0,0,0,0,0,0,1,2.398
2013,944.3,17.0,161.8,1.45,0,14.6558,2.488234439880675,0,0,0,0,0,0,0,0,0,0,0,0,1,0,2.398
2013,1041.5,16.8,161.8,3.28,0,11.3305,2.7265447837383743,0,0,0,1,0,0,0,0,0,1,0,0,0,1,2.398
2013,1369.4,19.9,78.6,2.59,0,13.7653,1.9035989509835904,1,0,0,0,0,0,0,0,0,0,1,0,0,1,1.579
2013,1109.7,21.0,78.6,2.7,0,17.1242,1.7209792871670078,1,0,0,1,0,0,0,0,0,1,0,0,0,1,1.579
2013,850.6,19.9,78.6,0.83,0,39.1045,1.1019400787607843,0,0,0,0,0,0,0,0,0,1,0,0,1,0,1.579
2013,524.4,18.4,78.6,0.4,0,11.9635,2.0241930674493576,0,0,0,1,0,0,0,0,0,1,0,1,0,0,1.579
2013,1213.9,17.6,112.2,1.38,0,12.9114,2.2710944259026746,1,0,0,0,0,0,0,0,0,1,0,0,0,1,3.983
2013,1269.7,16.2,112.2,4.73,0,21.4943,1.827769906751088,1,0,0,1,0,0,0,0,0,0,0,0,0,1,3.983
2013,1079.2,17.5,112.2,6.83,0,56.6667,1.091923300517313,1,0,0,0,0,0,0,1,0,0,0,0,0,1,3.983
2013,1131.6,16.0,112.2,20.23,0,101.0811,0.7466879474879752,1,0,0,0,1,0,0,0,0,0,0,0,0,1,3.983
2013,664.7,17.7,112.2,1.33,0,19.4118,1.9139771019523042,0,0,0,0,0,0,0,0,0,0,1,1,0,0,3.983
2013,1082.9,17.4,112.2,4.02,0,16.8468,2.0360119837525,0,0,0,1,0,0,0,0,0,0,1,0,0,1,3.983
2013,741.8,19.2,112.2,3.98,0,51.7051,1.1537315878891892,0,0,0,0,0,0,0,1,0,1,0,0,1,0,3.983
2013,842.1,17.5,112.2,5.17,0,23.4728,1.7544036826842861,0,0,0,0,1,0,0,0,0,0,0,0,1,0,3.983
2013,1030.2,18.2,122.3,0.71,0,13.2503,2.325324579963535,1,0,0,0,0,0,0,0,0,0,1,0,0,1,2.733
2013,1007.2,17.0,122.3,2.34,0,29.9022,1.6272778305624314,1,0,0,1,0,0,0,0,0,0,0,0,0,1,2.733
2013,1490.1,19.1,122.3,7.32,0,64.0314,1.0681530811834012,1,0,0,0,0,0,0,1,0,0,0,0,0,1,2.733
2013,830.6,18.9,122.3,2.09,0,78.3974,0.9400072584914712,0,0,0,0,0,0,0,0,0,0,0,0,1,0,2.733
2013,765.4,15.7,122.3,2.47,0,11.028,2.492378664626701,0,0,0,1,0,0,0,0,0,0,0,0,1,0,2.733
2013,390.5,17.9,122.3,0.58,0,15.6996,2.1736147116970854,0,0,0,0,0,0,0,1,0,0,1,0,0,0,2.733
2013,952.8,17.1,50.5,0.81,0,3.6727,2.691243082785829,1,0,0,0,0,0,0,0,0,0,1,0,1,0,1.242
2013,962.2,18.8,50.5,4.44,0,4.5537,2.492378664626701,1,0,0,1,0,0,0,0,0,0,0,0,1,0,1.242
2013,1052.1,15.4,50.5,2.22,0,4.4611,2.511223958105374,1,0,0,0,0,0,0,1,0,1,0,0,0,1,1.242
2013,927.8,16.3,50.5,1.47,0,28.5311,1.0188473201992472,1,0,1,0,0,0,0,0,0,0,0,0,1,0,1.242
2013,620.6,17.3,50.5,0.82,0,5.9693,2.247072383063787,0,0,0,0,0,0,0,0,0,0,0,1,0,0,1.242
2013,338.5,15.9,50.5,0.28,0,6.3442,2.192770226986839,0,0,0,1,0,0,0,0,0,0,0,0,0,0,1.242
2013,542.5,17.9,50.5,1.38,0,17.1186,1.3737155789130306,0,0,0,0,0,0,0,1,0,0,1,1,0,0,1.242
2013,429.7,17.1,50.5,1.62,0,6.636,2.152924318439639,0,0,1,0,0,0,0,0,0,0,1,1,0,0,1.242
2013,878.3,16.6,62.1,1.0,0,17.5921,1.5107219394949425,1,0,0,0,0,0,0,0,0,0,1,0,1,0,1.371
2013,990.2,18.7,62.1,1.84,0,58.5849,0.7227059828014898,1,0,0,1,0,0,0,0,0,1,0,0,1,0,1.371
2013,404.9,18.3,62.1,0.76,0,10.3846,1.9430489167742813,1,0,0,0,0,0,0,1,0,0,0,1,0,0,1.371
2013,574.4,19.2,62.1,0.78,0,7.2462,2.258633205464863,1,0,1,0,0,0,0,0,0,1,0,1,0,0,1.371
2013,498.6,20.5,62.1,0.8,0,5.8696,2.449279472144849,0,0,0,0,0,0,0,0,0,0,1,1,0,0,1.371
2013,754.0,19.1,62.1,2.33,0,9.1864,2.048982334195127,0,0,0,1,0,0,0,0,0,0,1,0,1,0,1.371
2013,306.6,21.3,62.1,0.31,0,69.7753,0.636576829071551,0,0,0,0,0,0,0,1,0,1,0,0,0,0,1.371
2013,515.5,20.0,62.1,0.79,0,4.3305,2.73046379593911,0,0,1,0,0,0,0,0,0,0,1,1,0,0,1.371
2013,734.8,16.8,66.9,0.58,0,43.7255,0.9282193027394289,1,0,0,0,0,0,0,0,0,0,1,0,1,0,0.987
2013,530.7,16.5,66.9,1.47,0,5.1541,2.637627736805664,1,0,0,1,0,0,0,0,0,0,0,1,0,0,0.987
2013,783.5,21.0,66.9,1.61,0,5.015,2.663052835171474,1,0,1,0,0,0,0,0,0,1,0,0,1,0,0.987
2013,450.8,18.1,66.9,0.66,0,5.0188,2.6623552418400807,0,0,0,0,0,0,0,0,0,0,1,1,0,0,0.987
2013,580.5,17.6,66.9,1.51,0,4.8443,2.6953026282797072,0,0,0,1,0,0,0,0,0,1,0,1,0,0,0.987
2013,781.8,18.3,66.9,0.58,0,26.9758,1.247032293786383,0,0,1,0,0,0,0,0,0,0,1,0,1,0,0.987
2013,1057.8,16.9,62.1,1.63,0,7.2209,2.2617630984737906,1,0,0,0,0,0,0,0,0,1,0,0,0,1,1.215
2013,1052.3,16.2,62.1,2.25,0,12.2244,1.8050046959780757,1,0,0,1,0,0,0,0,0,0,1,0,0,1,1.215
2013,973.2,18.6,62.1,2.72,0,4.4516,2.7047112998366956,1,0,1,0,0,0,0,0,0,1,0,0,1,0,1.215
2013,671.4,20.2,62.1,1.92,0,5.8751,2.448415541205585,1,0,0,0,0,1,0,0,0,0,1,1,0,0,1.215
2013,742.5,18.1,62.1,1.15,0,17.4438,1.5173226235262949,0,0,0,0,0,0,0,0,0,1,0,0,1,0,1.215
2013,394.6,20.9,62.1,0.87,0,4.814,2.631888840136646,0,0,0,1,0,0,0,0,0,1,0,0,0,0,1.215
2013,597.4,16.6,62.1,0.93,0,4.7188,2.6504210882655737,0,0,1,0,0,0,0,0,0,1,0,1,0,0,1.215
2013,487.2,15.6,62.1,0.52,0,50.0806,0.8064758658669484,0,0,0,0,0,1,0,0,0,0,0,1,0,0,1.215
2013,973.3,18.8,73.8,1.73,0,6.0098,2.5862591440482876,1,0,0,0,0,0,0,0,0,0,1,0,1,0,1.367
2013,812.8,19.9,73.8,2.1,0,7.3506,2.401525040848949,1,0,0,1,0,0,0,0,0,0,1,0,1,0,1.367
2013,752.5,20.1,73.8,2.55,0,6.9754,2.449279472144849,1,0,1,0,0,0,0,0,0,0,0,0,1,0,1.367
2013,253.1,19.4,73.8,0.33,0,33.0942,1.172482137234565,0,0,0,0,0,0,0,0,0,0,0,0,0,0,1.367
2013,578.7,20.6,73.8,3.44,0,14.358,1.814824742159051,0,0,0,1,0,0,0,0,0,0,0,1,0,0,1.367
2013,279.3,19.1,73.8,0.44,0,9.7619,2.1471001901536506,0,0,1,0,0,0,0,0,0,0,0,0,0,0,1.367
2013,696.2,18.9,57.1,0.35,0,3.8425,2.7638002162067017,1,0,0,0,0,0,0,0,0,0,0,1,0,0,1.854
2013,698.4,14.6,57.1,1.12,0,5.8866,2.3702437414678603,1,0,0,1,0,0,0,0,0,0,1,1,0,0,1.854
2013,562.2,15.4,57.1,1.14,0,6.3164,2.306577114263583,1,0,1,0,0,0,0,0,0,0,0,1,0,0,1.854
2013,700.9,16.3,57.1,8.79,0,6.4374,2.28949985344539,1,0,0,0,1,0,0,0,0,0,0,0,1,0,1.854
2013,380.7,16.4,57.1,0.4,0,5.0846,2.503891949699081,0,0,0,0,0,0,0,0,0,0,1,0,0,0,1.854
2013,771.4,19.2,57.1,2.89,0,21.0701,1.3110318766193438,0,0,0,1,0,0,0,0,0,0,0,0,1,0,1.854
2013,339.8,19.5,57.1,0.37,0,13.5308,1.6524974018945473,0,0,1,0,0,0,0,0,0,0,1,0,0,0,1.854
2013,444.9,19.6,57.1,1.52,0,18.479,1.4085449700547104,0,0,0,0,1,0,0,0,0,0,0,1,0,0,1.854
2013,584.8,21.6,58.8,0.81,0,10.0513,1.9242486522741338,1,0,0,0,0,0,0,0,0,0,1,1,0,0,1.181
2013,733.1,19.2,58.8,2.6,0,8.9771,2.0215475632609334,1,0,0,1,0,0,0,0,0,0,0,0,1,0,1.181
2013,451.3,20.1,58.8,0.56,0,14.1687,1.6389967146756448,0,0,0,0,0,0,0,0,0,0,1,1,0,0,1.181
2013,135.7,20.5,58.8,0.2,0,12.9801,1.7101878155342434,0,0,0,1,0,0,0,0,0,0,1,0,0,0,1.181
2013,1070.2,17.2,120.1,4.11,0,30.3283,1.601405740736836,1,0,0,0,0,0,0,0,0,0,0,0,0,1,3.861
2013,934.5,15.0,120.1,2.94,0,22.8762,1.8325814637483102,1,0,0,1,0,0,0,0,0,0,0,0,1,0,3.861
2013,842.7,14.5,120.1,5.62,0,9.7484,2.589266665112243,1,0,0,0,1,0,0,0,0,0,1,0,1,0,3.861
2013,576.3,15.3,120.1,0.57,0,21.6007,1.8809906029559975,0,0,0,0,0,0,0,0,0,0,0,1,0,0,3.861
2013,582.6,15.4,120.1,1.19,0,11.9265,2.4042387467205457,0,0,0,1,0,0,0,0,0,1,0,1,0,0,3.861
2013,521.8,16.9,120.1,7.62,0,10.8984,2.4865719291070616,0,0,0,0,1,0,0,0,0,0,0,1,0,0,3.861
2013,626.8,21.4,35.0,0.42,0,33.0189,0.7227059828014898,1,0,0,0,0,0,0,0,0,0,1,1,0,0,0.496
2013,482.0,19.1,35.0,0.61,0,3.0756,2.5160822672564502,1,0,0,1,0,0,0,0,0,1,0,1,0,0,0.496
2013,816.7,19.3,35.0,0.26,0,2.9561,2.552565298261815,0,0,0,0,0,0,0,0,0,0,1,0,1,0,0.496
2013,461.4,18.9,35.0,0.63,0,4.065,2.262804222982201,0,0,0,1,0,0,0,0,0,0,1,1,0,0,0.496
2013,83.2,22.9,37.9,0.2,0,17.9621,1.1346227261911428,1,0,0,0,0,0,1,0,0,0,1,0,0,0,0.89
2013,474.5,21.5,37.9,0.34,0,3.0639,2.5930133911138515,1,0,0,0,0,0,0,0,0,0,1,1,0,0,0.89
2013,424.7,21.2,37.9,1.48,0,3.9686,2.3561258599220753,1,0,0,1,0,0,0,0,0,1,0,1,0,0,0.89
2013,243.0,23.6,37.9,0.2,0,7.7823,1.7698546338400052,0,0,0,0,0,0,1,0,0,1,0,0,0,0,0.89
2013,364.7,23.0,37.9,0.4,0,5.2859,2.1004689088719113,0,0,0,0,0,0,0,0,0,0,1,0,0,0,0.89
2013,494.0,21.3,37.9,1.6,0,3.6583,2.4300984132930052,0,0,0,1,0,0,0,0,0,0,0,1,0,0,0.89
2013,687.1,22.7,23.2,0.59,0,4.3123,1.8531680973566984,1,0,0,0,0,0,1,0,0,0,1,1,0,0,0.48
2013,486.2,25.1,23.2,0.2,0,15.8904,0.9001613499442714,1,0,0,0,0,0,0,0,0,0,1,1,0,0,0.48
2013,482.5,26.0,23.2,0.43,0,1.6536,2.710048203764883,1,0,0,1,0,0,0,0,0,0,1,1,0,0,0.48
2013,280.8,23.0,23.2,0.22,0,5.9184,1.5933085305042167,0,0,0,0,0,0,1,0,0,0,1,0,0,0,0.48
2013,448.3,24.1,23.2,0.24,0,23.9175,0.6780335427498971,0,0,0,0,0,0,0,0,0,1,0,1,0,0,0.48
2013,350.6,25.0,23.2,0.65,0,2.455,2.34660197841082,0,0,0,1,0,0,0,0,0,0,0,0,0,0,0.48
2013,388.0,25.0,37.3,0.88,0,6.3979,1.9213246735826988,1,0,0,0,0,0,1,0,0,0,0,0,0,0,0.455
2013,593.8,26.8,37.3,0.3,0,26.0839,0.8878912573524571,1,0,0,0,0,0,0,0,0,0,0,1,0,0,0.455
2013,658.2,24.3,37.3,1.43,0,14.6275,1.2669476034873244,1,0,0,1,0,0,0,0,0,1,0,1,0,0,0.455
2013,473.3,25.4,37.3,0.37,0,8.8599,1.6505798557652755,0,0,0,0,0,0,1,0,0,1,0,1,0,0,0.455
2013,84.4,25.3,37.3,0.2,0,2.5618,2.7447035187502458,0,0,0,0,0,0,0,0,0,0,0,0,0,0,0.455
2013,511.6,25.5,37.3,0.63,0,12.6871,1.3711807233098425,0,0,0,1,0,0,0,0,0,0,1,1,0,0,0.455
2013,445.8,29.1,30.8,0.2,0,2.2934,2.6693093727857793,1,0,0,0,0,0,0,0,0,0,0,1,0,0,0.266
2013,951.5,29.4,30.8,0.38,0,7.3333,1.6486586255873816,1,0,0,1,0,0,0,0,0,0,1,0,1,0,0.266
2013,611.1,28.8,30.8,0.2,0,5.4321,1.8976198599275322,0,0,0,0,0,0,0,0,0,0,1,1,0,0,0.266
2013,705.7,28.8,30.8,0.3,0,4.0314,2.1564025828159643,0,0,0,1,0,0,0,0,0,0,1,0,1,0,0.266
2013,373.7,26.8,31.3,0.2,0,7.5787,1.6351056591826783,1,0,0,0,0,0,0,0,0,0,1,0,0,0,0.661
2013,779.5,27.7,31.3,1.04,0,4.7139,2.033397603178429,1,0,0,1,0,0,0,0,0,1,0,0,1,0,0.661
2013,608.1,26.1,31.3,1.7,0,3.1113,2.403334996094189,1,1,0,0,0,0,0,0,0,0,1,1,0,0,0.661
2013,485.4,26.3,31.3,0.21,0,3.7218,2.2417729535972883,0,0,0,0,0,0,0,0,0,0,1,1,0,0,0.661
2013,250.7,28.5,31.3,0.2,0,2.3552,2.659559991941776,0,0,0,1,0,0,0,0,0,0,1,0,0,0,0.661
2013,534.9,26.3,31.3,1.21,0,11.0211,1.3454723665996355,0,1,0,0,0,0,0,0,0,0,1,1,0,0,0.661
2013,1052.7,28.2,32.0,0.2,0,3.016,2.4518667957098,1,0,0,0,0,0,0,0,0,1,0,0,0,1,0.678
2013,482.0,28.1,32.0,0.43,0,4.8265,2.0320878452963655,1,0,0,1,0,0,0,0,0,1,0,1,0,0,0.678
2013,955.4,27.4,32.0,2.06,0,2.3651,2.6762154775821916,1,1,0,0,0,0,0,0,0,0,1,0,1,0,0.678
2013,594.0,26.1,32.0,0.2,0,4.1775,2.1587147225743437,0,0,0,0,0,0,0,0,0,0,1,1,0,0,0.678
2013,572.6,28.9,32.0,0.28,0,3.653,2.278292400425001,0,0,0,1,0,0,0,0,0,1,0,1,0,0,0.678
2013,436.9,26.1,32.0,1.32,0,2.2346,2.729159164312445,0,1,0,0,0,0,0,0,0,0,0,1,0,0,0.678
2013,356.7,30.6,13.1,0.2,1,1.0835,2.5718485799218085,1,0,0,0,0,0,0,0,0,0,0,0,0,0,0.341
2013,334.6,28.6,13.1,0.21,0,1.8634,2.0831845279586703,1,0,0,1,0,0,0,0,0,0,1,0,0,0,0.341
2013,391.8,29.0,13.1,0.6,0,1.1887,2.4865719291070616,1,0,0,0,0,1,0,0,0,0,1,0,0,0,0.341
2013,186.4,28.8,13.1,0.2,0,1.3009,2.4042387467205457,0,0,0,0,0,0,0,0,0,0,1,0,0,0,0.341
2013,223.7,29.0,13.1,0.2,0,1.0356,2.613739521630969,0,0,0,1,0,0,0,0,0,0,0,0,0,0,0.341
2013,108.3,28.7,13.1,0.2,0,7.2376,1.0331844833456545,0,0,0,0,0,1,0,0,0,0,1,0,0,0,0.341
2013,785.1,27.8,11.9,0.2,0,1.054,2.5087859235779435,1,0,0,0,0,0,0,0,0,1,0,0,1,0,0.339
2013,634.4,28.2,11.9,0.2,0,1.5198,2.178155014615869,1,0,0,1,0,0,0,0,0,0,1,1,0,0,0.339
2013,762.2,27.2,11.9,0.2,0,2.9529,1.6154199841116479,0,0,0,0,0,0,0,0,0,0,1,0,1,0,0.339
2013,470.5,28.3,11.9,0.26,0,1.2579,2.347558458636777,0,0,0,1,0,0,0,0,0,0,1,1,0,0,0.339
2013,1203.6,22.2,30.5,0.56,0,6.9954,1.6789639750827108,1,0,0,0,0,0,0,0,0,1,0,0,0,1,0.628
2013,584.1,24.6,30.5,1.16,0,6.0277,1.801709800081223,1,0,0,1,0,0,0,0,0,0,0,1,0,0,0.628
2013,283.8,24.3,30.5,0.2,0,2.3462,2.6390573296152584,0,0,0,0,0,0,0,0,0,0,0,0,0,0,0.628
2013,280.0,24.3,30.5,0.2,0,5.4174,1.891604804197771,0,0,0,1,0,0,0,0,0,0,1,0,0,0,0.628
2013,212.3,30.0,28.9,0.33,0,11.8443,1.235471471385307,1,0,0,0,0,0,1,0,0,0,0,0,0,0,0.251
2013,233.8,32.0,28.9,0.2,1,16.6092,1.007957920399979,1,0,0,0,0,0,0,0,0,1,0,0,0,0,0.251
2013,182.6,33.9,28.9,0.24,1,2.3046,2.605648267484129,1,0,0,1,0,0,0,0,0,1,0,0,0,0,0.251
2013,238.2,31.1,28.9,0.35,1,3.6536,2.187174241482718,0,0,0,0,0,0,1,0,0,0,0,0,0,0,0.251
2013,194.7,33.6,28.9,0.2,1,2.5463,2.513656063073986,0,0,0,0,0,0,0,0,0,0,1,0,0,0,0.251
2013,101.8,31.2,28.9,0.2,1,2.1762,2.658859956911438,0,0,0,1,0,0,0,0,0,0,1,0,0,0,0.251
2013,240.5,32.8,0.0,0.24,1,0.0,1.4586150226995167,1,0,0,0,0,0,1,0,0,0,1,0,0,0,0.239
2013,384.0,33.8,0.0,0.2,1,0.0,1.7334238922150915,1,0,0,0,0,0,0,0,0,1,0,0,0,0,0.239
2013,152.3,34.2,0.0,0.2,1,0.0,2.6892071133007303,1,0,0,1,0,0,0,0,0,1,0,0,0,0,0.239
2013,119.7,31.7,0.0,0.2,1,0.0,2.391511302188447,0,0,0,0,0,0,1,0,0,0,0,0,0,0,0.239
2013,210.1,34.9,0.0,0.2,1,0.0,2.4042387467205457,0,0,0,0,0,0,0,0,0,0,0,0,0,0,0.239
2013,103.6,32.1,0.0,0.2,1,0.0,2.554899021608035,0,0,0,1,0,0,0,0,0,0,0,0,0,0,0.239
2013,234.2,34.7,26.0,0.26,1,9.1549,1.3454723665996355,1,0,0,0,0,0,1,0,0,1,0,0,0,0,0.215
2013,166.9,35.1,26.0,0.2,1,3.25,2.1972245773362196,1,0,0,0,0,0,0,0,0,0,0,0,0,0,0.215
2013,195.9,32.7,26.0,0.2,1,3.2622,2.1938856760707046,1,0,0,1,0,0,0,0,0,0,0,0,0,0,0.215
2013,87.8,37.3,26.0,0.2,1,8.8435,1.3711807233098425,0,0,0,0,0,0,1,0,0,0,1,0,0,0,0.215
2013,123.5,33.5,26.0,0.2,1,5.169,1.7967470107390942,0,0,0,0,0,0,0,0,0,1,0,0,0,0,0.215
2013,137.6,33.3,26.0,0.2,1,1.9006,2.6864860231863696,0,0,0,1,0,0,0,0,0,1,0,0,0,0,0.215
2013,91.8,35.5,15.4,0.2,1,1.1,2.70805020110221,1,0,0,0,0,0,1,0,0,1,0,0,0,0,0.216
2013,73.1,33.9,15.4,0.2,1,4.4767,1.4906543764441333,1,0,0,0,0,0,0,0,0,1,0,0,0,0,0.216
2013,143.4,35.6,15.4,0.2,1,1.586,2.3711778844596574,1,0,0,1,0,0,0,0,0,0,1,0,0,0,0.216
2013,180.1,33.7,15.4,0.24,1,1.2561,2.5847519847577165,0,0,0,0,0,0,1,0,0,1,0,0,0,0,0.216
2013,155.7,35.0,15.4,0.2,1,1.5811,2.3739750890807185,0,0,0,0,0,0,0,0,0,1,0,0,0,0,0.216
2013,50.0,37.0,15.4,0.2,1,1.1016,2.7067159780890733,0,0,0,1,0,0,0,0,0,0,1,0,0,0,0.216
2013,688.9,21.3,40.8,0.93,0,6.6019,1.9712993830601329,1,0,0,0,0,0,0,0,0,0,1,1,0,0,1.081
2013,841.8,22.7,40.8,1.12,0,3.6011,2.512035317176253,1,0,0,1,0,0,0,0,0,0,1,0,1,0,1.081
2013,650.4,22.5,40.8,0.68,0,56.6667,0.5423242908253617,0,0,0,0,0,0,0,0,0,0,1,1,0,0,1.081
2013,495.4,22.1,40.8,1.54,0,4.9275,2.2278615467981093,0,0,0,1,0,0,0,0,0,1,0,1,0,0,1.081
2013,203.7,27.8,34.4,0.2,0,6.7057,1.81319474994812,1,0,0,0,0,0,0,0,0,0,1,0,0,0,0.34
2013,395.9,26.3,34.4,0.54,0,18.3957,1.0543120297715298,1,0,0,1,0,0,0,0,0,0,1,0,0,0,0.34
2013,487.6,28.0,34.4,0.2,0,2.3481,2.750470916986162,0,0,0,0,0,0,0,0,0,1,0,1,0,0,0.34
2013,290.8,26.6,34.4,0.4,0,12.0702,1.3480731482996928,0,0,0,1,0,0,0,0,0,0,1,0,0,0,0.34
2013,523.9,25.8,33.5,0.42,0,3.4823,2.362739015813793,1,0,0,0,0,0,0,0,0,0,0,1,0,0,0.617
2013,724.4,23.8,33.5,1.15,0,3.781,2.288486168614544,1,0,0,1,0,0,0,0,0,0,1,0,1,0,0.617
2013,760.8,23.9,33.5,0.37,0,3.6732,2.3145136638593193,0,0,0,0,0,0,0,0,0,0,1,0,1,0,0.617
2013,354.7,23.6,33.5,0.63,0,2.3776,2.7140322727797574,0,0,0,1,0,0,0,0,0,0,1,0,0,0,0.617
2013,419.4,19.6,47.7,1.01,0,5.0316,2.349468678892896,1,0,0,0,0,0,0,0,1,1,0,1,0,0,1.385
2013,478.8,18.3,47.7,0.75,0,16.4483,1.3609765531356006,1,0,0,0,0,0,0,0,0,1,0,1,0,0,1.385
2013,595.0,18.9,47.7,1.48,0,9.8351,1.766441661243765,1,0,0,1,0,0,0,0,0,0,0,1,0,0,1.385
2013,311.3,21.1,47.7,0.35,0,75.7143,0.48858001481867097,0,0,0,0,0,0,0,0,1,1,0,0,0,0,1.385
2013,676.6,21.2,47.7,0.63,0,7.95,1.9459101490553132,0,0,0,0,0,0,0,0,0,0,1,1,0,0,1.385
2013,654.0,18.6,47.7,1.0,0,13.25,1.5260563034950492,0,0,0,1,0,0,0,0,0,0,1,1,0,0,1.385
2013,964.7,21.0,73.7,2.22,0,6.4934,2.513656063073986,1,0,0,0,0,0,0,0,0,1,0,0,1,0,1.472
2013,1173.4,20.5,73.7,2.7,0,18.1527,1.6213664832993742,1,0,0,1,0,0,0,0,0,0,1,0,0,1,1.472
2013,537.5,22.4,73.7,0.41,0,13.0212,1.8961194845522977,0,0,0,0,0,0,0,0,0,1,0,1,0,0,1.472
2013,741.3,23.8,73.7,2.41,0,5.7804,2.6210388241125804,0,0,0,1,0,0,0,0,0,0,1,0,1,0,1.472
2013,829.9,21.7,63.8,0.62,0,30.6731,1.1249295969854831,1,0,0,0,0,0,0,0,0,0,1,0,1,0,1.511
2013,1051.6,23.2,63.8,3.11,0,6.9803,2.316487998163037,1,0,0,1,0,0,0,0,0,1,0,0,0,1,1.511
2013,961.6,24.2,63.8,3.83,0,31.9,1.0986122886681098,1,1,0,0,0,0,0,0,0,1,0,0,1,0,1.511
2013,866.8,24.9,63.8,0.72,0,4.9039,2.6397713603489157,0,0,0,0,0,0,0,0,0,1,0,0,1,0,1.511
2013,526.1,22.4,63.8,2.39,0,26.473,1.2267122912954254,0,0,0,1,0,0,0,0,0,0,0,1,0,0,1.511
2013,421.0,24.9,63.8,0.54,0,7.4533,2.25758772706331,0,1,0,0,0,0,0,0,0,0,1,1,0,0,1.511
2013,794.3,22.5,63.8,0.91,0,17.29,1.5454325824581878,1,0,0,0,0,0,0,0,0,0,1,0,1,0,1.053
2013,975.0,24.4,63.8,2.24,0,16.1111,1.601405740736836,1,0,0,1,0,0,0,0,0,0,1,0,1,0,1.053
2013,383.5,22.5,63.8,0.2,0,6.3419,2.403334996094189,0,0,0,0,0,0,0,0,0,0,1,0,0,0,1.053
2013,311.9,24.4,63.8,0.25,0,4.6198,2.6953026282797072,0,0,0,1,0,0,0,0,0,1,0,0,0,0,1.053
2013,999.9,21.0,73.7,1.0,0,33.3484,1.1662709371419244,1,0,0,0,0,0,0,0,0,1,0,0,1,0,1.369
2013,962.3,23.1,73.7,3.3,0,8.8369,2.234306252240751,1,0,0,1,0,0,0,0,0,1,0,0,1,0,1.369
2013,345.6,20.0,73.7,0.2,0,6.7,2.4849066497880004,0,0,0,0,0,0,0,0,0,1,0,0,0,0,1.369
2013,286.0,20.2,73.7,0.4,0,5.6346,2.644755350729896,0,0,0,1,0,0,0,0,0,0,0,0,0,0,1.369
2013,667.7,23.4,49.3,0.77,0,5.2447,2.341805806147327,1,0,0,0,0,0,0,0,0,0,0,1,0,0,0.583
2013,632.6,21.4,49.3,1.74,0,3.4792,2.719319793360441,1,0,0,1,0,0,0,0,0,0,1,1,0,0,0.583
2013,318.0,21.7,49.3,0.38,0,8.2857,1.9387416595767009,0,0,0,0,0,0,0,0,0,0,1,0,0,0,0.583
2013,385.8,23.2,49.3,0.82,0,5.072,2.372111155642656,0,0,0,1,0,0,0,0,0,0,1,0,0,0,0.583
2013,710.8,19.8,37.8,2.45,0,5.0333,2.1412419425852827,1,0,0,0,0,0,0,0,1,0,0,0,1,0,1.391
2013,666.2,20.4,37.8,0.76,0,9.1304,1.6370530794670737,1,0,0,0,0,0,0,0,0,1,0,1,0,0,1.391
2013,982.8,20.4,37.8,2.58,0,5.6083,2.046401687601636,1,0,0,1,0,0,0,0,0,1,0,0,1,0,1.391
2013,415.8,17.5,37.8,0.86,0,7.2832,1.8229350866965048,0,0,0,0,0,0,0,0,1,1,0,1,0,0,1.391
2013,656.4,17.0,37.8,0.34,0,12.7273,1.3787660946990992,0,0,0,0,0,0,0,0,0,0,0,1,0,0,1.391
2013,324.3,17.5,37.8,0.2,0,3.1317,2.570319527636131,0,0,0,1,0,0,0,0,0,0,1,0,0,0,1.391
2013,555.3,17.0,85.2,0.91,0,6.4399,2.655352412101761,1,0,0,0,0,0,0,0,0,0,1,1,0,0,1.144
2013,1044.9,18.4,85.2,3.93,0,41.9704,1.1085626195212777,1,0,0,1,0,0,0,0,0,0,1,0,0,1,1.144
2013,448.9,19.5,85.2,0.77,0,10.2527,2.231089091288976,0,0,0,0,0,0,0,0,0,0,0,1,0,0,1.144
2013,579.2,16.2,85.2,2.21,0,12.068,2.0869135565185366,0,0,0,1,0,0,0,0,0,0,0,1,0,0,1.144
2013,1245.8,20.0,65.3,1.62,0,5.0231,2.6390573296152584,1,0,0,0,0,0,0,0,0,0,1,0,0,1,1.602
2013,1464.4,19.9,65.3,7.44,0,5.5339,2.5494451709255714,1,0,0,1,0,0,0,0,0,0,0,0,0,1,1.602
2013,734.0,19.2,65.3,1.26,0,7.1679,2.3135250330323798,1,1,0,0,0,0,0,0,0,0,1,0,1,0,1.602
2013,1044.8,21.4,65.3,2.6,0,5.0936,2.626116818339524,1,0,0,0,0,1,0,0,0,0,1,0,0,1,1.602
2013,688.1,19.6,65.3,1.15,0,8.5808,2.152924318439639,0,0,0,0,0,0,0,0,0,0,1,1,0,0,1.602
2013,628.0,20.0,65.3,0.92,0,15.7349,1.6389967146756448,0,0,0,1,0,0,0,0,0,0,0,1,0,0,1.602
2013,489.9,20.9,65.3,0.37,0,8.0025,2.214846178686039,0,1,0,0,0,0,0,0,0,0,0,1,0,0,1.602
2013,382.4,22.6,65.3,0.68,0,4.5664,2.72785282839839,0,0,0,0,0,1,0,0,0,1,0,0,0,0,1.602
2013,123.8,30.6,16.5,0.2,1,1.6224,2.413231613081109,1,0,0,0,0,0,0,0,0,1,0,0,0,0,0.243
2013,345.5,29.1,16.5,0.26,0,1.7045,2.3683728335320486,1,0,0,1,0,0,0,0,0,1,0,0,0,0,0.243
2013,225.1,29.8,16.5,0.2,0,3.1549,1.8293763327993617,0,0,0,0,0,0,0,0,0,0,1,0,0,0,0.243
2013,50.0,32.6,16.5,0.2,1,6.2738,1.2892326482767593,0,0,0,1,0,0,0,0,0,0,1,0,0,0,0.243
2013,361.4,32.7,11.5,0.2,1,1.1905,2.3664984187376983,1,0,0,0,0,0,0,0,0,1,0,0,0,0,0.212
2013,225.0,29.8,11.5,0.2,0,4.7521,1.2296405510745139,1,0,0,1,0,0,0,0,0,0,1,0,0,0,0.212
2013,231.8,30.6,11.5,0.2,1,0.9607,2.5626389983283526,0,0,0,0,0,0,0,0,0,1,0,0,0,0,0.212
2013,149.4,32.4,11.5,0.2,1,1.2921,2.2925347571405443,0,0,0,1,0,0,0,0,0,0,1,0,0,0,0.212
2014,675.0,16.4,137.9,4.34,0,16.0163,2.262804222982201,1,0,0,0,0,0,0,0,1,0,1,1,0,0,3.582
2014,512.4,18.3,137.9,1.39,0,260.1887,0.4252677354043441,1,0,0,0,0,0,0,0,0,0,0,1,0,0,3.582
2014,613.7,17.7,137.9,1.16,0,11.4061,2.5718485799218085,1,0,0,1,0,0,0,0,0,0,1,1,0,0,3.582
2014,454.7,19.0,137.9,1.33,0,10.8072,2.6217658325051976,0,0,0,0,0,0,0,0,1,1,0,1,0,0,3.582
2014,288.0,20.4,137.9,0.34,0,250.7273,0.4382549309311553,0,0,0,0,0,0,0,0,0,0,0,0,0,0,3.582
2014,462.2,18.6,137.9,1.15,0,9.8853,2.7047112998366956,0,0,0,1,0,0,0,0,0,0,0,1,0,0,3.582
2014,619.6,17.8,86.6,4.68,0,8.2319,2.444084655267745,1,0,0,0,0,0,0,0,1,0,0,1,0,0,4.069
2014,561.8,18.0,86.6,1.23,0,18.8671,1.7209792871670078,1,0,0,0,0,0,0,0,0,0,0,1,0,0,4.069
2014,631.3,16.4,86.6,0.76,0,8.8912,2.3739750890807185,1,0,0,1,0,0,0,0,0,0,1,1,0,0,4.069
2014,200.8,17.8,86.6,0.49,0,14.0129,1.9712993830601329,0,0,0,0,0,0,0,0,1,1,0,0,0,0,4.069
2014,227.0,17.9,86.6,0.2,0,13.4891,2.004179057179289,0,0,0,0,0,0,0,0,0,0,0,0,0,0,4.069
2014,213.6,18.4,86.6,0.37,0,24.0556,1.5260563034950492,0,0,0,1,0,0,0,0,0,0,0,0,0,0,4.069
2014,543.1,19.1,112.0,3.22,0,20.3267,1.873339456220478,1,0,0,0,0,0,0,0,1,1,0,1,0,0,3.973
2014,372.8,19.4,112.0,0.38,0,17.3643,2.0082140323914683,1,0,0,0,0,0,0,0,0,1,0,0,0,0,3.973
2014,495.0,20.7,112.0,3.74,0,16.0,2.0794415416798357,1,0,0,1,0,0,0,0,0,0,0,1,0,0,3.973
2014,575.4,17.1,112.0,6.59,0,24.4541,1.7191887763932197,1,0,0,0,1,0,0,0,0,0,1,1,0,0,3.973
2014,319.1,17.9,112.0,1.36,0,15.864,2.0869135565185366,0,0,0,0,0,0,0,0,1,0,1,0,0,0,3.973
2014,206.2,17.7,112.0,0.23,0,43.75,1.269760544863939,0,0,0,0,0,0,0,0,0,0,0,0,0,0,3.973
2014,347.4,21.3,112.0,1.34,0,9.2715,2.5710843460290524,0,0,0,1,0,0,0,0,0,0,0,0,0,0,3.973
2014,126.6,19.1,112.0,0.39,0,9.2333,2.574899688314705,0,0,0,0,1,0,0,0,0,0,1,0,0,0,3.973
2014,625.9,17.5,117.7,2.03,0,8.2946,2.7206373166076814,1,0,0,0,0,0,0,0,0,0,0,1,0,0,2.798
2014,586.4,19.0,117.7,2.57,0,9.0123,2.643333886382519,1,0,0,1,0,0,0,0,0,0,0,1,0,0,2.798
2014,525.7,17.5,117.7,3.34,0,9.6396,2.580974118534234,1,0,0,0,0,0,0,1,0,0,0,1,0,0,2.798
2014,416.5,17.8,117.7,0.35,0,9.5458,2.5900171341906173,0,0,0,0,0,0,0,0,0,1,0,1,0,0,2.798
2014,407.2,19.4,117.7,1.1,0,18.3906,2.0014800002101243,0,0,0,1,0,0,0,0,0,0,0,1,0,0,2.798
2014,545.7,19.4,117.7,3.14,0,11.5505,2.4150205223238337,0,0,0,0,0,0,0,1,0,1,0,1,0,0,2.798
2014,469.3,18.4,139.0,0.46,0,146.3158,0.6678293725756554,1,0,0,0,0,0,0,0,0,1,0,1,0,0,2.502
2014,610.9,17.8,139.0,2.56,0,30.7522,1.7083778602890038,1,0,0,1,0,0,0,0,0,0,1,1,0,0,2.502
2014,311.4,15.9,139.0,0.2,0,17.8434,2.1736147116970854,0,0,0,0,0,0,0,0,0,1,0,0,0,0,2.502
2014,363.4,16.5,139.0,0.71,0,12.108,2.5241273629412815,0,0,0,1,0,0,0,0,0,0,0,0,0,0,2.502
2014,669.3,21.0,99.4,0.59,0,6.8789,2.7376090033437546,1,0,0,0,0,0,0,0,0,1,0,1,0,0,2.346
2014,625.4,21.4,99.4,3.18,0,41.7647,1.2178757094949273,1,0,0,1,0,0,0,0,0,0,0,1,0,0,2.346
2014,783.8,18.1,99.4,1.66,0,20.9705,1.747459210331475,0,0,0,0,0,0,0,0,0,0,0,0,1,0,2.346
2014,375.1,20.0,99.4,0.37,0,80.1613,0.8064758658669484,0,0,0,1,0,0,0,0,0,0,1,0,0,0,2.346
2014,596.6,17.5,112.0,0.32,0,29.7082,1.5623463049002497,1,0,0,0,0,0,0,0,0,1,0,1,0,0,2.552
2014,681.0,17.6,112.0,0.83,0,9.5319,2.545531271604435,1,0,0,1,0,0,0,0,0,0,1,1,0,0,2.552
2014,581.1,16.4,112.0,0.38,0,133.3333,0.6097655716208943,0,0,0,0,0,0,0,0,0,0,0,1,0,0,2.552
2014,779.7,20.3,112.0,3.51,0,76.1905,0.9042181506398859,0,0,0,1,0,0,0,0,0,1,0,0,1,0,2.552
2014,667.6,18.3,68.6,0.2,0,22.2006,1.4085449700547104,1,0,0,0,0,0,0,0,0,0,1,1,0,0,2.398
2014,931.9,16.8,68.6,2.05,0,5.2366,2.6461747973841225,1,0,0,1,0,0,0,0,0,0,1,0,1,0,2.398
2014,628.6,18.6,68.6,0.24,0,8.8516,2.169053700369523,0,0,0,0,0,0,0,0,0,0,1,1,0,0,2.398
2014,600.2,18.0,68.6,0.4,0,5.4229,2.613739521630969,0,0,0,1,0,0,0,0,0,1,0,1,0,0,2.398
2014,896.3,19.2,47.7,0.68,0,10.3024,1.728109442151599,1,0,0,0,0,0,0,0,0,1,0,0,1,0,1.579
2014,753.7,19.0,47.7,0.31,0,3.5517,2.6693093727857793,1,0,0,1,0,0,0,0,0,1,0,0,1,0,1.579
2014,520.6,17.0,47.7,0.2,0,9.0512,1.8357763546448294,0,0,0,0,0,0,0,0,0,0,1,1,0,0,1.579
2014,184.3,19.6,47.7,0.2,0,27.4138,1.007957920399979,0,0,0,1,0,0,0,0,0,0,1,0,0,0,1.579
2014,749.0,18.0,116.4,1.95,0,21.7164,1.8500283773520307,1,0,0,0,0,0,0,0,0,0,0,0,1,0,3.983
2014,638.7,18.7,116.4,3.06,0,8.54,2.683074215032033,1,0,0,1,0,0,0,0,0,0,0,1,0,0,3.983
2014,529.2,18.9,116.4,1.57,0,13.4256,2.269028309465203,1,0,0,0,0,0,0,1,0,0,0,1,0,0,3.983
2014,710.6,19.5,116.4,4.19,0,27.6485,1.6505798557652755,1,0,0,0,1,0,0,0,0,0,1,0,1,0,3.983
2014,554.7,16.1,116.4,0.65,0,28.8834,1.6154199841116479,0,0,0,0,0,0,0,0,0,0,1,1,0,0,3.983
2014,475.2,17.9,116.4,0.76,0,41.1307,1.3428648031925547,0,0,0,1,0,0,0,0,0,0,0,1,0,0,3.983
2014,513.4,15.7,116.4,0.8,0,30.2338,1.5789787049493917,0,0,0,0,0,0,0,1,0,0,0,1,0,0,3.983
2014,409.9,20.0,116.4,0.51,0,23.1412,1.7967470107390942,0,0,0,0,1,0,0,0,0,1,0,1,0,0,3.983
2014,753.4,18.9,111.0,0.58,0,24.8879,1.6974487897568136,1,0,0,0,0,0,0,0,0,0,0,0,1,0,2.733
2014,794.0,17.2,111.0,3.55,0,7.6236,2.7447035187502458,1,0,0,1,0,0,0,0,0,0,0,0,1,0,2.733
2014,818.9,19.4,111.0,1.8,0,7.4597,2.7650604558189897,1,0,0,0,0,0,0,1,0,0,1,0,1,0,2.733
2014,514.6,18.2,111.0,0.25,0,9.7797,2.513656063073986,0,0,0,0,0,0,0,0,0,0,1,1,0,0,2.733
2014,766.9,18.8,111.0,5.0,0,7.6923,2.7363136663750693,0,0,0,1,0,0,0,0,0,0,0,0,1,0,2.733
2014,741.4,17.4,111.0,1.33,0,10.403,2.4570214462984645,0,0,0,0,0,0,0,1,0,0,1,0,1,0,2.733
2014,416.5,17.0,67.8,0.75,0,5.5167,2.587011872725154,1,0,0,0,0,0,0,0,0,1,0,1,0,0,1.242
2014,524.9,15.7,67.8,1.7,0,27.12,1.252762968495368,1,0,0,1,0,0,0,0,0,1,0,1,0,0,1.242
2014,472.7,17.3,67.8,1.88,0,6.8209,2.392425796993835,1,0,0,0,0,0,0,1,0,0,1,1,0,0,1.242
2014,455.3,18.8,67.8,1.21,0,5.3093,2.6224923127405635,1,0,1,0,0,0,0,0,0,0,1,1,0,0,1.242
2014,107.5,16.4,67.8,0.2,0,80.7143,0.6097655716208943,0,0,0,0,0,0,0,0,0,0,0,0,0,0,1.242
2014,50.0,15.8,67.8,0.2,0,19.2068,1.5107219394949425,0,0,0,1,0,0,0,0,0,0,1,0,0,0,1.242
2014,349.1,16.3,67.8,0.27,0,6.8973,2.382320061012899,0,0,0,0,0,0,0,1,0,1,0,0,0,0,1.242
2014,287.4,15.2,67.8,0.2,0,5.5894,2.574899688314705,0,0,1,0,0,0,0,0,0,0,1,0,0,0,1.242
2014,489.9,18.5,44.2,0.4,0,6.6168,2.038619547159581,1,0,0,0,0,0,0,0,0,1,0,1,0,0,1.371
2014,593.2,18.4,44.2,1.7,0,10.4988,1.6505798557652755,1,0,0,1,0,0,0,0,0,1,0,1,0,0,1.371
2014,405.6,20.5,44.2,0.27,0,6.8105,2.0135687975291283,1,0,0,0,0,0,0,1,0,0,0,1,0,0,1.371
2014,506.7,18.3,44.2,0.51,0,6.4151,2.065596134857783,1,0,1,0,0,0,0,0,0,0,1,1,0,0,1.371
2014,201.0,18.3,44.2,0.2,0,3.4531,2.624668592163159,0,0,0,0,0,0,0,0,0,0,0,0,0,0,1.371
2014,218.7,19.0,44.2,0.26,0,3.5247,2.605648267484129,0,0,0,1,0,0,0,0,0,0,0,0,0,0,1.371
2014,296.7,18.5,44.2,0.2,0,6.8955,2.0028304393079956,0,0,0,0,0,0,0,1,0,0,1,0,0,0,1.371
2014,171.7,18.2,44.2,0.2,0,3.8302,2.5289235352047745,0,0,1,0,0,0,0,0,0,0,1,0,0,0,1.371
2014,627.7,17.5,57.6,0.72,0,10.0699,1.9050881545350582,1,0,0,0,0,0,0,0,0,0,0,1,0,0,0.987
2014,384.5,16.3,57.6,0.39,0,5.1799,2.4948569806411682,1,0,0,1,0,0,0,0,0,0,1,0,0,0,0.987
2014,539.6,18.0,57.6,0.49,0,23.9004,1.2267122912954254,1,0,1,0,0,0,0,0,0,0,1,1,0,0,0.987
2014,200.3,15.8,57.6,0.2,0,5.2699,2.4790562361098245,0,0,0,0,0,0,0,0,0,0,0,0,0,0,0.987
2014,273.4,19.9,57.6,0.32,0,5.4288,2.4518667957098,0,0,0,1,0,0,0,0,0,0,0,0,0,0,0.987
2014,270.5,17.9,57.6,0.2,0,7.1287,2.206074192613202,0,0,1,0,0,0,0,0,0,0,1,0,0,0,0.987
2014,512.9,17.1,63.7,0.81,0,72.3864,0.6312717768418579,1,0,0,0,0,0,0,0,0,0,1,1,0,0,1.215
2014,492.4,18.3,63.7,0.98,0,4.6327,2.691243082785829,1,0,0,1,0,0,0,0,0,0,1,1,0,0,1.215
2014,416.5,17.3,63.7,0.73,0,12.0416,1.8389610707123492,1,0,1,0,0,0,0,0,0,1,0,1,0,0,1.215
2014,475.3,17.8,63.7,1.08,0,7.5833,2.2407096892759584,1,0,0,0,0,1,0,0,0,0,0,1,0,0,1.215
2014,388.2,16.7,63.7,0.2,0,5.0316,2.614471854142644,0,0,0,0,0,0,0,0,0,0,1,0,0,0,1.215
2014,145.3,18.4,63.7,0.24,0,26.5417,1.2237754316221157,0,0,0,1,0,0,0,0,0,1,0,0,0,0,1.215
2014,194.8,16.8,63.7,0.2,0,6.5,2.379546134130174,0,0,1,0,0,0,0,0,0,0,0,0,0,0,1.215
2014,313.0,19.3,63.7,0.33,0,7.5743,2.2417729535972883,0,0,0,0,0,1,0,0,0,1,0,0,0,0,1.215
2014,391.5,22.0,75.7,0.42,0,12.8305,1.9315214116032138,1,0,0,0,0,0,0,0,0,0,1,0,0,0,1.367
2014,342.5,16.8,75.7,0.37,0,11.6283,2.0162354657760435,1,0,0,1,0,0,0,0,0,1,0,0,0,0,1.367
2014,249.6,19.6,75.7,0.34,0,14.7563,1.81319474994812,1,0,1,0,0,0,0,0,0,0,0,0,0,0,1.367
2014,203.9,20.9,75.7,0.2,0,5.3086,2.725235025856311,0,0,0,0,0,0,0,0,0,0,0,0,0,0,1.367
2014,275.8,20.2,75.7,0.36,0,50.8054,0.9122827104766162,0,0,0,1,0,0,0,0,0,0,1,0,0,0,1.367
2014,119.2,22.4,75.7,0.2,0,31.0246,1.235471471385307,0,0,1,0,0,0,0,0,0,0,1,0,0,0,1.367
2014,393.2,15.9,57.5,0.88,0,6.4031,2.300583090323373,1,0,0,0,0,0,0,0,0,0,0,0,0,0,1.854
2014,412.8,14.8,57.5,0.82,0,66.8605,0.6205764877251099,1,0,0,1,0,0,0,0,0,0,1,1,0,0,1.854
2014,339.6,17.6,57.5,0.26,0,4.8037,2.5626389983283526,1,0,1,0,0,0,0,0,0,0,1,0,0,0,1.854
2014,517.7,19.2,57.5,2.52,0,6.6244,2.2700619012884857,1,0,0,0,1,0,0,0,0,0,1,1,0,0,1.854
2014,197.5,16.9,57.5,0.2,0,110.5769,0.41871033485818504,0,0,0,0,0,0,0,0,0,0,1,0,0,0,1.854
2014,301.8,16.7,57.5,0.2,0,14.0931,1.6253112615903906,0,0,0,1,0,0,0,0,0,0,1,0,0,0,1.854
2014,244.7,18.7,57.5,0.22,0,15.2116,1.5644405465033644,0,0,1,0,0,0,0,0,0,0,1,0,0,0,1.854
2014,224.1,16.8,57.5,0.82,0,7.626,2.1447610078004784,0,0,0,0,1,0,0,0,0,0,0,0,0,0,1.854
2014,478.1,20.2,67.7,0.87,0,8.8613,2.1564025828159643,1,0,0,0,0,0,0,0,0,0,1,1,0,0,1.181
2014,375.3,21.3,67.7,2.07,0,19.9705,1.4793292270870801,1,0,0,1,0,0,0,0,0,1,0,0,0,0,1.181
2014,187.8,21.3,67.7,0.2,0,6.333,2.458733775483977,0,0,0,0,0,0,0,0,0,1,0,0,0,0,1.181
2014,187.2,23.1,67.7,0.2,0,10.5947,2.0001277349601105,0,0,0,1,0,0,0,0,0,0,1,0,0,0,1.181
2014,504.4,14.8,153.1,1.29,0,23.9969,1.998773638612381,1,0,0,0,0,0,0,0,0,0,0,1,0,0,3.861
2014,593.4,16.3,153.1,1.72,0,14.1236,2.4714836294558595,1,0,0,1,0,0,0,0,0,0,1,1,0,0,3.861
2014,337.3,15.7,153.1,1.53,0,26.0374,1.9286186519452522,1,0,0,0,1,0,0,0,0,0,1,0,0,0,3.861
2014,193.8,15.8,153.1,0.28,0,12.1895,2.6071242825122494,0,0,0,0,0,0,0,0,0,0,0,0,0,0,3.861
2014,318.7,17.2,153.1,0.75,0,16.322,2.3398808777377424,0,0,0,1,0,0,0,0,0,0,0,0,0,0,3.861
2014,299.9,15.4,153.1,3.06,0,166.413,0.6523251860396903,0,0,0,0,1,0,0,0,0,0,0,0,0,0,3.861
2014,439.0,16.7,11.5,0.2,0,1.4612,2.1826747963214883,1,0,0,0,0,0,0,0,0,0,0,1,0,0,0.496
2014,551.7,18.6,11.5,0.55,0,3.1856,1.528227857008557,1,0,0,1,0,0,0,0,0,0,1,1,0,0,0.496
2014,316.3,19.0,11.5,0.2,0,1.2994,2.2874714551839976,0,0,0,0,0,0,0,0,0,0,0,0,0,0,0.496
2014,233.6,18.7,11.5,0.2,0,2.9716,1.5830939370944985,0,0,0,1,0,0,0,0,0,0,1,0,0,0,0.496
2014,123.3,21.9,60.7,0.2,0,9.2813,2.020222182019865,1,0,0,0,0,0,1,0,0,0,1,0,0,0,0.89
2014,206.0,22.4,60.7,0.2,0,7.1412,2.2512917986064953,1,0,0,0,0,0,0,0,0,0,0,0,0,0,0.89
2014,305.7,23.4,60.7,0.93,0,7.703,2.1838015570040787,1,0,0,1,0,0,0,0,0,0,1,0,0,0,0.89
2014,92.5,22.2,60.7,0.2,0,15.9318,1.57069708411767,0,0,0,0,0,0,1,0,0,0,1,0,0,0,0.89
2014,188.4,22.7,60.7,0.2,0,5.5842,2.4740142086215764,0,0,0,0,0,0,0,0,0,0,1,0,0,0,0.89
2014,207.9,23.0,60.7,0.27,0,4.3019,2.715356776284648,0,0,0,1,0,0,0,0,0,0,1,0,0,0,0.89
2014,367.5,24.6,39.5,0.65,0,4.7305,2.2353763433005955,1,0,0,0,0,0,1,0,0,1,0,0,0,0,0.48
2014,221.5,27.0,39.5,0.2,0,4.6307,2.254444717666111,1,0,0,0,0,0,0,0,0,0,0,0,0,0,0.48
2014,420.8,23.3,39.5,1.11,0,66.9492,0.4637340162321401,1,0,0,1,0,0,0,0,0,0,0,1,0,0,0.48
2014,287.5,25.2,39.5,0.24,0,21.5847,1.0402767116551463,0,0,0,0,0,0,1,0,0,0,1,0,0,0,0.48
2014,126.2,22.5,39.5,0.2,0,2.8917,2.6851226964585053,0,0,0,0,0,0,0,0,0,0,1,0,0,0,0.48
2014,295.7,23.7,39.5,0.71,0,7.3284,1.8547342683894434,0,0,0,1,0,0,0,0,0,0,1,0,0,0,0.48
2014,304.8,26.9,37.3,0.47,0,14.2912,1.2837077723447896,1,0,0,0,0,0,1,0,0,0,1,0,0,0,0.455
2014,293.3,25.3,37.3,0.2,0,2.6605,2.7093826463359885,1,0,0,0,0,0,0,0,0,0,1,0,0,0,0.455
2014,439.7,25.6,37.3,0.8,0,5.3058,2.0831845279586703,1,0,0,1,0,0,0,0,0,0,0,1,0,0,0.455
2014,289.8,26.0,37.3,0.27,0,3.1772,2.5447466501440172,0,0,0,0,0,0,1,0,0,0,0,0,0,0,0.455
2014,245.5,24.3,37.3,0.2,0,2.5921,2.733717947850788,0,0,0,0,0,0,0,0,0,1,0,0,0,0,0.455
2014,338.7,26.4,37.3,0.8,0,18.8384,1.091923300517313,0,0,0,1,0,0,0,0,0,0,0,0,0,0,0.455
2014,621.1,28.2,24.8,0.2,0,1.7791,2.7040421797046714,1,0,0,0,0,0,0,0,0,1,0,1,0,0,0.266
2014,549.3,28.5,24.8,0.2,0,2.7586,2.301584592660462,1,0,0,1,0,0,0,0,0,0,1,1,0,0,0.266
2014,416.7,26.6,24.8,0.2,0,12.2772,1.1052568313867783,0,0,0,0,0,0,0,0,0,0,0,1,0,0,0.266
2014,372.8,27.8,24.8,0.2,0,2.8278,2.2793164660546914,0,0,0,1,0,0,0,0,0,0,0,0,0,0,0.266
2014,557.5,25.6,26.9,0.21,0,9.573,1.3376291891386096,1,0,0,0,0,0,0,0,0,0,1,1,0,0,0.661
2014,431.0,28.0,26.9,0.3,0,10.1894,1.2919836816486494,1,0,0,1,0,0,0,0,0,1,0,1,0,0,0.661
2014,205.7,26.6,26.9,0.2,0,2.3555,2.519308076505333,1,1,0,0,0,0,0,0,0,0,1,0,0,0,0.661
2014,268.2,27.7,26.9,0.2,0,1.9465,2.695977619867941,0,0,0,0,0,0,0,0,0,0,1,0,0,0,0.661
2014,501.2,27.0,26.9,0.71,0,2.0918,2.6290069937617573,0,0,0,1,0,0,0,0,0,0,1,1,0,0,0.661
2014,337.6,25.9,26.9,0.55,0,2.2031,2.580974118534234,0,1,0,0,0,0,0,0,0,0,0,0,0,0,0.661
2014,438.1,26.0,32.8,0.2,0,3.3266,2.3850863145057892,1,0,0,0,0,0,0,0,0,0,1,1,0,0,0.678
2014,584.3,28.6,32.8,0.69,0,2.3115,2.7206373166076814,1,0,0,1,0,0,0,0,0,0,0,1,0,0,0.678
2014,460.6,25.8,32.8,1.26,0,16.3184,1.1019400787607843,1,1,0,0,0,0,0,0,0,1,0,1,0,0,0.678
2014,360.9,26.3,32.8,0.2,0,5.8781,1.884034745337226,0,0,0,0,0,0,0,0,0,0,1,0,0,0,0.678
2014,291.7,28.7,32.8,0.2,0,2.7867,2.547098670044448,0,0,0,1,0,0,0,0,0,1,0,0,0,0,0.678
2014,50.0,27.9,32.8,0.2,0,3.5043,2.337952236831337,0,1,0,0,0,0,0,0,0,1,0,0,0,0,0.678
2014,265.6,29.2,7.5,0.2,0,0.7296,2.423031246069913,1,0,0,0,0,0,0,0,0,0,1,0,0,0,0.341
2014,319.2,30.4,7.5,0.2,1,5.3571,0.8754687373538999,1,0,0,1,0,0,0,0,0,1,0,0,0,0,0.341
2014,340.5,28.6,7.5,0.25,0,0.6806,2.4865719291070616,1,0,0,0,0,1,0,0,0,1,0,0,0,0,0.341
2014,258.3,27.5,7.5,0.2,0,1.3587,1.8748743759385615,0,0,0,0,0,0,0,0,0,1,0,0,0,0,0.341
2014,191.1,31.6,7.5,0.2,1,0.5796,2.6347624053323777,0,0,0,1,0,0,0,0,0,0,1,0,0,0,0.341
2014,161.2,28.2,7.5,0.2,0,0.9702,2.166765369851511,0,0,0,0,0,1,0,0,0,0,1,0,0,0,0.341
2014,450.4,29.6,38.8,0.2,0,10.3191,1.5602476682433286,1,0,0,0,0,0,0,0,0,0,1,1,0,0,0.339
2014,448.0,27.7,38.8,0.2,0,49.1139,0.5822156198526637,1,0,0,1,0,0,0,0,0,0,1,1,0,0,0.339
2014,336.6,29.2,38.8,0.2,0,5.2646,2.124653884501384,0,0,0,0,0,0,0,0,0,0,1,0,0,0,0.339
2014,352.2,28.0,38.8,0.2,0,6.843,1.8976198599275322,0,0,0,1,0,0,0,0,0,0,1,0,0,0,0.339
2014,385.6,23.4,32.2,0.2,0,8.0702,1.6074359097634274,1,0,0,0,0,0,0,0,0,1,0,0,0,0,0.628
2014,372.3,23.6,32.2,1.07,0,6.7932,1.747459210331475,1,0,0,1,0,0,0,0,0,0,0,0,0,0,0.628
2014,247.8,23.7,32.2,0.2,0,4.1548,2.169053700369523,0,0,0,0,0,0,0,0,0,0,1,0,0,0,0.628
2014,479.7,24.6,32.2,0.44,0,2.2692,2.7206373166076814,0,0,0,1,0,0,0,0,0,0,0,1,0,0,0.628
2014,134.9,32.1,20.9,0.2,1,4.6966,1.6956156086751528,1,0,0,0,0,0,1,0,0,0,1,0,0,0,0.251
2014,178.3,32.3,20.9,0.2,1,1.7388,2.5664866367804233,1,0,0,0,0,0,0,0,0,0,1,0,0,0,0.251
2014,127.1,30.6,20.9,0.2,1,16.8548,0.8064758658669484,1,0,0,1,0,0,0,0,0,1,0,0,0,0,0.251
2014,168.9,34.3,20.9,0.32,1,1.8795,2.4948569806411682,0,0,0,0,0,0,1,0,0,0,0,0,0,0,0.251
2014,82.2,31.9,20.9,0.2,1,4.8832,1.6639260977181702,0,0,0,0,0,0,0,0,0,0,1,0,0,0,0.251
2014,90.5,33.1,20.9,0.2,1,33.1746,0.48858001481867097,0,0,0,1,0,0,0,0,0,0,0,0,0,0,0.251
2014,130.4,33.2,23.3,0.2,1,3.618,2.0068708488450007,1,0,0,0,0,0,1,0,0,1,0,0,0,0,0.239
2014,147.5,31.5,23.3,0.2,1,3.3916,2.063058062429312,1,0,0,0,0,0,0,0,0,0,1,0,0,0,0.239
2014,126.3,33.2,23.3,0.2,1,33.2857,0.5306282510621704,1,0,0,1,0,0,0,0,0,0,1,0,0,0,0.239
2014,131.0,33.2,23.3,0.2,1,1.7492,2.6616571615324998,0,0,0,0,0,0,1,0,0,1,0,0,0,0,0.239
2014,50.0,32.2,23.3,0.2,1,23.0693,0.6981347220709844,0,0,0,0,0,0,0,0,0,0,0,0,0,0,0.239
2014,76.4,32.4,23.3,0.2,1,2.3607,2.386006701133118,0,0,0,1,0,0,0,0,0,0,1,0,0,0,0.239
2014,87.3,35.4,42.5,0.2,1,3.5476,2.563409711275944,1,0,0,0,0,0,1,0,0,0,1,0,0,0,0.215
2014,83.6,33.4,42.5,0.2,1,12.9179,1.4562867329399256,1,0,0,0,0,0,0,0,0,0,0,0,0,0,0.215
2014,118.2,34.8,42.5,0.2,1,4.3191,2.3832429960115,1,0,0,1,0,0,0,0,0,0,1,0,0,0,0.215
2014,126.8,34.1,42.5,0.21,1,4.8295,2.2823823856765264,0,0,0,0,0,0,1,0,0,0,1,0,0,0,0.215
2014,50.0,33.2,42.5,0.2,1,4.5213,2.341805806147327,0,0,0,0,0,0,0,0,0,0,1,0,0,0,0.215
2014,83.0,36.2,42.5,0.2,1,2.9432,2.73696154459663,0,0,0,1,0,0,0,0,0,0,1,0,0,0,0.215
2014,50.0,35.6,28.7,0.2,1,2.0662,2.7006898466959175,1,0,0,0,0,0,1,0,0,0,1,0,0,0,0.216
2014,133.6,35.7,28.7,0.2,1,8.6707,1.4609379041156565,1,0,0,0,0,0,0,0,0,0,1,0,0,0,0.216
2014,145.2,34.5,28.7,0.2,1,2.2652,2.6152036507358583,1,0,0,1,0,0,0,0,0,0,1,0,0,0,0.216
2014,92.0,36.0,28.7,0.2,1,6.4494,1.6956156086751528,0,0,0,0,0,0,1,0,0,1,0,0,0,0,0.216
2014,112.1,34.2,28.7,0.2,1,2.3034,2.599722324216582,0,0,0,0,0,0,0,0,0,1,0,0,0,0,0.216
2014,134.3,36.5,28.7,0.2,1,2.7837,2.425687290128029,0,0,0,1,0,0,0,0,0,1,0,0,0,0,0.216
2014,312.6,23.2,62.0,0.33,0,6.6524,2.334083760053417,1,0,0,0,0,0,0,0,0,0,1,0,0,0,1.081
2014,422.3,20.9,62.0,1.47,0,11.2319,1.8748743759385615,1,0,0,1,0,0,0,0,0,0,1,1,0,0,1.081
2014,304.2,22.1,62.0,0.39,0,7.243,2.25758772706331,0,0,0,0,0,0,0,0,0,0,0,0,0,0,1.081
2014,247.4,22.2,62.0,0.45,0,45.5882,0.8586616190375187,0,0,0,1,0,0,0,0,0,0,1,0,0,0,1.081
2014,239.9,24.0,9.8,0.2,0,1.7563,1.884034745337226,1,0,0,0,0,0,0,0,0,1,0,0,0,0,0.34
2014,200.0,25.8,9.8,0.27,0,0.6872,2.725235025856311,1,0,0,1,0,0,0,0,0,0,0,0,0,0,0.34
2014,86.2,26.7,9.8,0.2,0,3.0721,1.4327007339340463,0,0,0,0,0,0,0,0,0,0,1,0,0,0,0.34
2014,131.2,27.1,9.8,0.2,0,0.7148,2.688527534613346,0,0,0,1,0,0,0,0,0,0,1,0,0,0,0.34
2014,371.2,23.3,14.1,0.2,0,1.707,2.225704048658088,1,0,0,0,0,0,0,0,0,0,0,0,0,0,0.617
2014,370.9,23.1,14.1,0.43,0,2.4144,1.922787731634459,1,0,0,1,0,0,0,0,0,0,0,0,0,0,0.617
2014,366.8,23.6,14.1,0.23,0,1.4858,2.3504224224082058,0,0,0,0,0,0,0,0,0,0,1,0,0,0,0.617
2014,125.1,25.2,14.1,0.2,0,2.9314,1.7595805708638197,0,0,0,1,0,0,0,0,0,0,0,0,0,0,0.617
2014,442.0,22.2,54.7,1.25,0,8.0205,2.05668455455722,1,0,0,0,0,0,0,0,1,0,1,1,0,0,1.385
2014,385.5,18.9,54.7,0.31,0,16.8308,1.4469189829363254,1,0,0,0,0,0,0,0,0,1,0,0,0,0,1.385
2014,314.0,18.8,54.7,0.41,0,12.4036,1.6882490928583902,1,0,0,1,0,0,0,0,0,0,0,0,0,0,1.385
2014,259.0,20.4,54.7,0.32,0,3.7009,2.7587433154177283,0,0,0,0,0,0,0,0,1,0,1,0,0,0,1.385
2014,373.7,20.5,54.7,0.87,0,4.3275,2.613006652415316,0,0,0,0,0,0,0,0,0,0,0,0,0,0,1.385
2014,343.6,19.2,54.7,0.2,0,18.1728,1.3887912413184778,0,0,0,1,0,0,0,0,0,0,0,0,0,0,1.385
2014,438.3,23.3,61.4,0.2,0,14.3458,1.6639260977181702,1,0,0,0,0,0,0,0,0,0,1,1,0,0,1.472
2014,715.4,22.3,61.4,2.98,0,8.1003,2.149433913499871,1,0,0,1,0,0,0,0,0,0,0,0,1,0,1.472
2014,514.0,23.7,61.4,0.36,0,111.6364,0.4382549309311553,0,0,0,0,0,0,0,0,0,0,1,1,0,0,1.472
2014,384.1,23.0,61.4,0.57,0,8.3311,2.124653884501384,0,0,0,1,0,0,0,0,0,0,0,0,0,0,1.472
2014,438.3,23.9,54.6,0.25,0,6.9554,2.180417459019838,1,0,0,0,0,0,0,0,0,0,0,1,0,0,1.511
2014,597.1,23.9,54.6,1.8,0,14.6381,1.5539252025038417,1,0,0,1,0,0,0,0,0,1,0,1,0,0,1.511
2014,313.5,24.1,54.6,0.38,0,7.936,2.064327903869788,1,1,0,0,0,0,0,0,0,1,0,0,0,0,1.511
2014,575.1,24.4,54.6,0.2,0,4.0088,2.6823904543216326,0,0,0,0,0,0,0,0,0,0,1,1,0,0,1.511
2014,427.0,23.7,54.6,0.25,0,35.6863,0.9282193027394289,0,0,0,1,0,0,0,0,0,0,1,1,0,0,1.511
2014,535.0,23.4,54.6,2.13,0,5.9219,2.3243465847755584,0,1,0,0,0,0,0,0,0,0,0,1,0,0,1.511
2014,684.4,21.6,69.5,0.95,0,5.9708,2.5368663887187113,1,0,0,0,0,0,0,0,0,0,0,1,0,0,1.053
2014,569.3,23.5,69.5,1.24,0,6.8676,2.4087452888224363,1,0,0,1,0,0,0,0,0,1,0,1,0,0,1.053
2014,50.0,23.4,69.5,0.2,0,5.7061,2.578700529074361,0,0,0,0,0,0,0,0,0,0,1,0,0,0,1.053
2014,260.0,21.6,69.5,0.26,0,5.0878,2.6851226964585053,0,0,0,1,0,0,0,0,0,0,1,0,0,0,1.053
2014,797.7,23.1,51.9,0.48,0,7.1193,2.1150499691472033,1,0,0,0,0,0,0,0,0,0,1,0,1,0,1.369
2014,663.0,21.6,51.9,0.74,0,5.8777,2.285438934159075,1,0,0,1,0,0,0,0,0,0,1,1,0,0,1.369
2014,312.4,20.3,51.9,0.2,0,3.7204,2.7047112998366956,0,0,0,0,0,0,0,0,0,0,0,0,0,0,1.369
2014,122.6,21.6,51.9,0.2,0,7.5766,2.060513531794317,0,0,0,1,0,0,0,0,0,0,0,0,0,0,1.369
2014,350.6,20.5,39.1,0.35,0,3.5099,2.4965057856313524,1,0,0,0,0,0,0,0,0,0,1,0,0,0,0.583
2014,296.9,21.0,39.1,0.73,0,14.2182,1.3217558399823195,1,0,0,1,0,0,0,0,0,0,1,0,0,0,0.583
2014,190.3,20.5,39.1,0.2,0,10.8914,1.5238800240724537,0,0,0,0,0,0,0,0,0,1,0,0,0,0,0.583
2014,247.5,18.5,39.1,0.2,0,2.8231,2.6979998652487085,0,0,0,1,0,0,0,0,0,0,1,0,0,0,0.583
2014,520.8,15.7,58.2,3.74,0,7.046,2.225704048658088,1,0,0,0,0,0,0,0,1,1,0,1,0,0,1.391
2014,320.6,19.0,58.2,0.2,0,5.5323,2.444084655267745,1,0,0,0,0,0,0,0,0,1,0,0,0,0,1.391
2014,384.3,20.8,58.2,0.42,0,5.2011,2.5006159434931803,1,0,0,1,0,0,0,0,0,0,1,0,0,0,1.391
2014,241.8,19.0,58.2,0.26,0,8.267,2.0844290831908747,0,0,0,0,0,0,0,0,1,0,1,0,0,0,1.391
2014,356.0,19.5,58.2,0.32,0,36.1491,0.959350221334602,0,0,0,0,0,0,0,0,0,1,0,0,0,0,1.391
2014,307.9,17.7,58.2,0.2,0,4.8419,2.5664866367804233,0,0,0,1,0,0,0,0,0,0,1,0,0,0,1.391
2014,213.5,15.7,15.7,0.2,0,3.0724,1.809926773183504,1,0,0,0,0,0,0,0,0,1,0,0,0,0,1.144
2014,371.4,17.7,15.7,0.2,0,1.1536,2.681706225762608,1,0,0,1,0,0,0,0,0,0,1,0,0,0,1.144
2014,228.2,18.9,15.7,0.2,0,1.3488,2.5368663887187113,0,0,0,0,0,0,0,0,0,0,1,0,0,0,1.144
2014,210.4,18.5,15.7,0.2,0,1.2275,2.6239436918052106,0,0,0,1,0,0,0,0,0,1,0,0,0,0,1.144
2014,631.0,22.1,62.4,0.24,0,6.7752,2.3233676321765744,1,0,0,0,0,0,0,0,0,1,0,1,0,0,1.602
2014,614.8,23.5,62.4,0.77,0,6.2714,2.3933394562625097,1,0,0,1,0,0,0,0,0,0,1,1,0,0,1.602
2014,370.4,20.5,62.4,0.3,0,6.2213,2.400618833265411,1,1,0,0,0,0,0,0,0,1,0,0,0,0,1.602
2014,659.7,22.1,62.4,2.15,0,5.0814,2.5862591440482876,1,0,0,0,0,1,0,0,0,0,1,1,0,0,1.602
2014,456.9,23.2,62.4,0.2,0,21.3699,1.366091653802371,0,0,0,0,0,0,0,0,0,0,1,1,0,0,1.602
2014,525.8,18.1,62.4,0.91,0,6.5615,2.3523271848888596,0,0,0,1,0,0,0,0,0,0,1,1,0,0,1.602
2014,366.7,22.0,62.4,0.27,0,8.2322,2.149433913499871,0,1,0,0,0,0,0,0,0,0,1,0,0,0,1.602
2014,533.4,22.2,62.4,0.55,0,17.6771,1.5107219394949425,0,0,0,0,0,1,0,0,0,0,1,1,0,0,1.602
2014,124.5,30.6,21.2,0.2,1,3.5511,1.9416152247724325,1,0,0,0,0,0,0,0,0,0,0,0,0,0,0.243
2014,213.3,28.8,21.2,0.37,0,2.1901,2.3683728335320486,1,0,0,1,0,0,0,0,0,1,0,0,0,0,0.243
2014,138.2,30.8,21.2,0.2,1,1.5078,2.7120422223717475,0,0,0,0,0,0,0,0,0,0,0,0,0,0,0.243
2014,188.5,30.7,21.2,0.2,1,13.25,0.9555114450274363,0,0,0,1,0,0,0,0,0,0,0,0,0,0,0.243
2014,166.7,31.5,29.0,0.2,1,5.8,1.791759469228055,1,0,0,0,0,0,0,0,0,1,0,0,0,0,0.212
2014,86.7,30.5,29.0,0.2,1,2.5596,2.512035317176253,1,0,0,1,0,0,0,0,0,0,0,0,0,0,0.212
2014,65.6,31.4,29.0,0.2,1,3.2258,2.301584592660462,0,0,0,0,0,0,0,0,0,1,0,0,0,0,0.212
2014,98.6,34.1,29.0,0.2,1,3.0851,2.341805806147327,0,0,0,1,0,0,0,0,0,1,0,0,0,0,0.212
2015,931.3,16.3,167.9,13.68,0,25.1724,2.0373166153791646,1,0,0,0,0,0,0,0,1,0,1,0,1,0,3.582
2015,925.4,14.7,167.9,2.28,0,55.7807,1.3887912413184778,1,0,0,0,0,0,0,0,0,0,0,0,1,0,3.582
2015,809.5,15.6,167.9,6.32,0,16.3805,2.4203681286504293,1,0,0,1,0,0,0,0,0,0,0,0,1,0,3.582
2015,627.8,16.1,167.9,10.14,0,101.7576,0.9745596399981308,0,0,0,0,0,0,0,0,1,0,0,1,0,0,3.582
2015,708.0,16.5,167.9,1.0,0,14.8191,2.512035317176253,0,0,0,0,0,0,0,0,0,1,0,0,1,0,3.582
2015,665.1,18.7,167.9,3.37,0,20.5508,2.2159372862683733,0,0,0,1,0,0,0,0,0,1,0,1,0,0,3.582
2015,1225.5,17.1,107.8,8.45,0,23.3839,1.724550719534605,1,0,0,0,0,0,0,0,1,0,0,0,0,1,4.069
2015,1293.4,17.9,107.8,4.5,0,8.2102,2.6483001966964363,1,0,0,0,0,0,0,0,0,0,0,0,0,1,4.069
2015,1278.8,17.1,107.8,0.2,0,17.6144,1.9629077254238845,1,0,0,1,0,0,0,0,0,0,0,0,0,1,4.069
2015,934.2,17.1,107.8,3.42,0,40.8333,1.2919836816486494,0,0,0,0,0,0,0,0,1,0,1,0,1,0,4.069
2015,531.6,16.1,107.8,0.53,0,9.3658,2.5265283244788197,0,0,0,0,0,0,0,0,0,0,0,1,0,0,4.069
2015,1101.7,17.1,107.8,5.5,0,23.2328,1.7298840655099674,0,0,0,1,0,0,0,0,0,0,0,0,0,1,4.069
2015,892.0,19.5,108.4,5.88,0,9.7746,2.492378664626701,1,0,0,0,0,0,0,0,1,0,0,0,1,0,3.973
2015,1260.0,19.2,108.4,4.37,0,8.8852,2.580216829592325,1,0,0,0,0,0,0,0,0,0,0,0,0,1,3.973
2015,924.2,20.0,108.4,4.94,0,13.0288,2.2321626286975,1,0,0,1,0,0,0,0,0,0,0,0,1,0,3.973
2015,734.1,18.9,108.4,4.41,0,7.7484,2.7073833121145063,1,0,0,0,1,0,0,0,0,0,1,0,1,0,3.973
2015,780.4,20.1,108.4,5.22,0,8.1016,2.6658383522929006,0,0,0,0,0,0,0,0,1,0,0,0,1,0,3.973
2015,514.2,17.4,108.4,1.39,0,22.9661,1.7439688053917064,0,0,0,0,0,0,0,0,0,1,0,1,0,0,3.973
2015,588.5,17.2,108.4,1.11,0,7.7986,2.7013612129514133,0,0,0,1,0,0,0,0,0,0,0,1,0,0,3.973
2015,334.3,18.2,108.4,1.41,0,9.3127,2.5368663887187113,0,0,0,0,1,0,0,0,0,1,0,0,0,0,3.973
2015,1088.1,20.1,125.1,3.57,0,12.313,2.412335956953165,1,0,0,0,0,0,0,0,0,1,0,0,0,1,2.798
2015,1012.2,17.9,125.1,1.55,0,8.6335,2.740194654428777,1,0,0,1,0,0,0,0,0,0,1,0,0,1,2.798
2015,1014.7,20.1,125.1,5.84,0,9.3638,2.664446563620078,1,0,0,0,0,0,0,1,0,0,0,0,0,1,2.798
2015,734.1,19.2,125.1,2.31,0,12.2168,2.419478844465545,0,0,0,0,0,0,0,0,0,0,0,0,1,0,2.798
2015,475.7,18.2,125.1,0.82,0,9.9681,2.60638654732571,0,0,0,1,0,0,0,0,0,0,0,1,0,0,2.798
2015,540.3,17.9,125.1,3.01,0,13.6572,2.318458442150336,0,0,0,0,0,0,0,1,0,0,0,1,0,0,2.798
2015,1457.8,15.5,112.6,2.2,0,8.5693,2.6490076604684267,1,0,0,0,0,0,0,0,0,0,0,0,0,1,2.502
2015,993.3,18.1,112.6,4.17,0,16.7809,2.0425181875752383,1,0,0,1,0,0,0,0,0,0,1,0,1,0,2.502
2015,891.0,18.7,112.6,1.76,0,75.0667,0.9162907318741551,0,0,0,0,0,0,0,0,0,1,0,0,1,0,2.502
2015,1021.1,20.1,112.6,3.25,0,60.5376,1.0508216248317612,0,0,0,1,0,0,0,0,0,1,0,0,0,1,2.502
2015,1488.0,20.6,92.5,2.49,0,62.5,0.9082585601768908,1,0,0,0,0,0,0,0,0,0,0,0,0,1,2.346
2015,1718.6,19.5,92.5,8.99,0,31.6781,1.366091653802371,1,0,0,1,0,0,0,0,0,0,0,0,0,1,2.346
2015,826.5,21.0,92.5,1.51,0,50.8242,1.0367368849500223,0,0,0,0,0,0,0,0,0,1,0,0,1,0,2.346
2015,350.0,21.0,92.5,0.52,0,26.8895,1.4906543764441333,0,0,0,1,0,0,0,0,0,0,0,0,0,0,2.346
2015,1187.2,17.8,121.4,2.25,0,16.8611,2.1041341542702074,1,0,0,0,0,0,0,0,0,0,0,0,0,1,2.552
2015,1352.4,20.9,121.4,7.81,0,9.9918,2.5764217586237734,1,0,0,1,0,0,0,0,0,0,0,0,0,1,2.552
2015,1734.4,18.5,121.4,2.5,0,34.9856,1.4973884086254776,0,0,0,0,0,0,0,0,0,0,0,0,0,1,2.552
2015,1213.4,19.2,121.4,3.7,0,13.0397,2.333114298028869,0,0,0,1,0,0,0,0,0,0,0,0,0,1,2.552
2015,2188.5,19.5,110.1,3.57,0,11.6508,2.34660197841082,1,0,0,0,0,0,0,0,0,0,0,0,0,1,2.398
2015,1660.5,18.0,110.1,7.77,0,12.8322,2.259677591982769,1,0,0,1,0,0,0,0,0,0,0,0,0,1,2.398
2015,485.1,20.1,110.1,0.28,0,17.23,2.0001277349601105,0,0,0,0,0,0,0,0,0,0,0,1,0,0,2.398
2015,807.2,19.3,110.1,3.2,0,14.2987,2.163323025660538,0,0,0,1,0,0,0,0,0,0,0,0,1,0,2.398
2015,1215.9,17.7,49.6,0.98,0,14.6746,1.4770487243883548,1,0,0,0,0,0,0,0,0,1,0,0,0,1,1.579
2015,1885.8,22.6,49.6,3.45,0,9.6875,1.8115620965242347,1,0,0,1,0,0,0,0,0,0,1,0,0,1,1.579
2015,985.3,20.9,49.6,1.24,0,52.766,0.6626879730752367,0,0,0,0,0,0,0,0,0,0,0,0,1,0,1.579
2015,834.5,19.3,49.6,1.79,0,7.178,2.0681277817795625,0,0,0,1,0,0,0,0,0,1,0,0,1,0,1.579
2015,1470.7,15.3,77.4,1.87,0,30.7143,1.2584609896100056,1,0,0,0,0,0,0,0,0,0,0,0,0,1,3.983
2015,1132.2,15.7,77.4,2.74,0,12.6678,1.9615022438151495,1,0,0,1,0,0,0,0,0,0,0,0,0,1,3.983
2015,1072.8,16.3,77.4,3.85,0,19.9485,1.5851452198650557,1,0,0,0,0,0,0,1,0,0,1,0,0,1,3.983
2015,1010.0,16.2,77.4,4.42,0,21.7416,1.5173226235262949,1,0,0,0,1,0,0,0,0,1,0,0,0,1,3.983
2015,846.0,16.3,77.4,0.67,0,9.5086,2.2126603854660587,0,0,0,0,0,0,0,0,0,0,1,0,1,0,3.983
2015,583.5,18.4,77.4,1.86,0,7.4638,2.4309783077624445,0,0,0,1,0,0,0,0,0,0,0,1,0,0,3.983
2015,679.1,18.8,77.4,1.42,0,24.4164,1.4279160358107101,0,0,0,0,0,0,0,1,0,0,1,1,0,0,3.983
2015,1132.4,18.4,77.4,10.59,0,19.0172,1.623340817603092,0,0,0,0,1,0,0,0,0,0,0,0,0,1,3.983
2015,1483.9,17.3,149.5,2.69,0,13.0911,2.519308076505333,1,0,0,0,0,0,0,0,0,0,0,0,0,1,2.733
2015,1220.1,16.6,149.5,8.81,0,13.2067,2.511223958105374,1,0,0,1,0,0,0,0,0,0,0,0,0,1,2.733
2015,1879.0,18.6,149.5,9.29,0,13.505,2.4907230351094403,1,0,0,0,0,0,0,1,0,0,0,0,0,1,2.733
2015,914.3,15.6,149.5,1.16,0,11.4209,2.645465325910589,0,0,0,0,0,0,0,0,0,1,0,0,1,0,2.733
2015,926.6,19.6,149.5,1.64,0,34.2105,1.6808279085207734,0,0,0,1,0,0,0,0,0,1,0,0,1,0,2.733
2015,1232.2,16.9,149.5,4.93,0,10.7864,2.698673039289613,0,0,0,0,0,0,0,1,0,0,1,0,0,1,2.733
2015,645.0,15.4,58.4,0.88,0,4.3647,2.6658383522929006,1,0,0,0,0,0,0,0,0,1,0,1,0,0,1.242
2015,764.9,16.4,58.4,0.94,0,12.2947,1.749199854809259,1,0,0,1,0,0,0,0,0,0,1,0,1,0,1.242
2015,1046.7,15.2,58.4,4.36,0,7.4206,2.1826747963214883,1,0,0,0,0,0,0,1,0,0,0,0,0,1,1.242
2015,1174.1,16.4,58.4,1.37,0,10.3546,1.8931119634883424,1,0,1,0,0,0,0,0,0,1,0,0,0,1,1.242
2015,99.0,17.9,58.4,0.2,0,4.2473,2.691243082785829,0,0,0,0,0,0,0,0,0,0,1,0,0,0,1.242
2015,352.8,17.2,58.4,0.3,0,9.8983,1.9315214116032138,0,0,0,1,0,0,0,0,0,0,0,0,0,0,1.242
2015,246.9,17.0,58.4,0.27,0,9.125,2.0014800002101243,0,0,0,0,0,0,0,1,0,0,0,0,0,0,1.242
2015,394.2,14.7,58.4,0.36,0,6.3409,2.3233676321765744,0,0,1,0,0,0,0,0,0,0,1,0,0,0,1.242
2015,867.6,18.7,77.5,1.48,0,5.4424,2.7239235502585,1,0,0,0,0,0,0,0,0,1,0,0,1,0,1.371
2015,1294.5,19.5,77.5,3.49,0,7.6355,2.411439497906128,1,0,0,1,0,0,0,0,0,1,0,0,0,1,1.371
2015,699.2,19.1,77.5,1.65,0,7.0519,2.4840729690394228,1,0,0,0,0,0,0,1,0,0,1,1,0,0,1.371
2015,1159.7,18.1,77.5,1.88,0,6.2753,2.5915163848462583,1,0,1,0,0,0,0,0,0,0,1,0,0,1,1.371
2015,623.7,19.8,77.5,1.63,0,6.0547,2.624668592163159,0,0,0,0,0,0,0,0,0,0,1,1,0,0,1.371
2015,917.2,16.1,77.5,1.34,0,13.3851,1.9154509415706047,0,0,0,1,0,0,0,0,0,0,1,0,1,0,1.371
2015,366.3,17.5,77.5,0.48,0,8.5447,2.309560706730471,0,0,0,0,0,0,0,1,0,0,1,0,0,0,1.371
2015,629.5,18.4,77.5,1.55,0,12.7258,1.958685340544036,0,0,1,0,0,0,0,0,0,0,1,1,0,0,1.371
2015,638.0,20.0,83.1,0.61,0,16.5868,1.7934247485471162,1,0,0,0,0,0,0,0,0,0,1,1,0,0,0.987
2015,1058.3,17.3,83.1,2.64,0,5.684,2.7485521444115397,1,0,0,1,0,0,0,0,0,0,1,0,0,1,0.987
2015,1084.5,18.9,83.1,1.76,0,11.4938,2.1077860146889784,1,0,1,0,0,0,0,0,0,0,1,0,0,1,0.987
2015,613.0,16.2,83.1,0.39,0,5.8811,2.7166795278002644,0,0,0,0,0,0,0,0,0,0,1,1,0,0,0.987
2015,716.1,18.8,83.1,1.58,0,9.0721,2.318458442150336,0,0,0,1,0,0,0,0,0,0,1,0,1,0,0.987
2015,818.7,19.9,83.1,1.65,0,5.8978,2.7140322727797574,0,0,1,0,0,0,0,0,0,0,1,0,1,0,0.987
2015,735.0,18.1,59.7,0.46,0,6.4056,2.334083760053417,1,0,0,0,0,0,0,0,0,0,1,0,1,0,1.215
2015,1052.7,18.1,59.7,1.41,0,106.6071,0.44468582126144574,1,0,0,1,0,0,0,0,0,0,0,0,0,1,1.215
2015,886.6,18.3,59.7,2.05,0,72.8049,0.598836501088704,1,0,1,0,0,0,0,0,0,0,0,0,1,0,1.215
2015,1025.7,16.9,59.7,1.74,0,5.2832,2.509599262378372,1,0,0,0,0,1,0,0,0,0,0,0,0,1,1.215
2015,544.5,18.5,59.7,0.67,0,12.7292,1.7387102481382397,0,0,0,0,0,0,0,0,0,0,1,1,0,0,1.215
2015,684.5,20.7,59.7,2.92,0,6.4125,2.333114298028869,0,0,0,1,0,0,0,0,0,1,0,1,0,0,1.215
2015,527.2,20.4,59.7,1.55,0,4.799,2.5982353350950036,0,0,1,0,0,0,0,0,0,0,1,1,0,0,1.215
2015,667.0,21.1,59.7,2.56,0,13.7875,1.673351238177753,0,0,0,0,0,1,0,0,0,0,0,1,0,0,1.215
2015,672.8,21.5,54.7,0.91,0,13.5396,1.6174060820832772,1,0,0,0,0,0,0,0,0,0,1,1,0,0,1.367
2015,787.3,19.4,54.7,2.86,0,3.7035,2.758109400974947,1,0,0,1,0,0,0,0,0,0,1,0,1,0,1.367
2015,861.1,20.4,54.7,1.08,0,6.223,2.281361456542419,1,0,1,0,0,0,0,0,0,0,1,0,1,0,1.367
2015,477.2,18.7,54.7,1.0,0,50.1835,0.7371640659767197,0,0,0,0,0,0,0,0,0,0,0,1,0,0,1.367
2015,521.1,19.8,54.7,3.25,0,47.5652,0.7654678421395714,0,0,0,1,0,0,0,0,0,0,0,1,0,0,1.367
2015,680.4,19.6,54.7,2.0,0,5.8944,2.330200260027019,0,0,1,0,0,0,0,0,0,0,1,1,0,0,1.367
2015,542.7,17.9,58.0,0.95,0,5.0788,2.519308076505333,1,0,0,0,0,0,0,0,0,0,0,1,0,0,1.854
2015,806.9,19.2,58.0,3.76,0,4.5101,2.6290069937617573,1,0,0,1,0,0,0,0,0,0,1,0,1,0,1.854
2015,1022.5,18.3,58.0,2.98,0,47.541,0.7975071958841881,1,0,1,0,0,0,0,0,0,0,0,0,0,1,1.854
2015,1188.1,16.6,58.0,8.73,0,4.3348,2.6658383522929006,1,0,0,0,1,0,0,0,0,0,1,0,0,1,1.854
2015,631.9,18.6,58.0,1.0,0,5.3407,2.4731713935695794,0,0,0,0,0,0,0,0,0,1,0,1,0,0,1.854
2015,673.7,17.2,58.0,1.58,0,7.398,2.179286876649552,0,0,0,1,0,0,0,0,0,1,0,1,0,0,1.854
2015,227.7,16.4,58.0,0.2,0,5.9917,2.3683728335320486,0,0,1,0,0,0,0,0,0,0,1,0,0,0,1.854
2015,673.2,16.6,58.0,1.86,0,81.6901,0.5364933705145685,0,0,0,0,1,0,0,0,0,1,0,1,0,0,1.854
2015,591.8,20.6,65.3,0.95,0,8.1219,2.201659174404085,1,0,0,0,0,0,0,0,0,0,1,1,0,0,1.181
2015,716.2,21.0,65.3,1.72,0,10.7756,1.9544450515051506,1,0,0,1,0,0,0,0,0,0,1,0,1,0,1.181
2015,585.4,18.1,65.3,1.28,0,4.8406,2.673458756332591,0,0,0,0,0,0,0,0,0,0,0,1,0,0,1.181
2015,219.5,19.5,65.3,0.36,0,19.4345,1.4724720573609429,0,0,0,1,0,0,0,0,0,1,0,0,0,0,1.181
2015,782.4,17.4,141.4,1.68,0,9.9577,2.7212954278522306,1,0,0,0,0,0,0,0,0,0,0,0,1,0,3.861
2015,871.1,18.2,141.4,4.1,0,11.524,2.5855058483441162,1,0,0,1,0,0,0,0,0,0,1,0,1,0,3.861
2015,896.4,16.7,141.4,17.34,0,14.5623,2.3711778844596574,1,0,0,0,1,0,0,0,0,0,0,0,1,0,3.861
2015,678.2,14.3,141.4,0.57,0,57.7143,1.2383742310432684,0,0,0,0,0,0,0,0,0,1,0,1,0,0,3.861
2015,813.9,14.1,141.4,2.47,0,10.0,2.717340248009303,0,0,0,1,0,0,0,0,0,0,0,0,1,0,3.861
2015,756.7,18.1,141.4,10.84,0,43.3742,1.449269160281279,0,0,0,0,1,0,0,0,0,0,0,0,1,0,3.861
2015,847.6,20.3,33.5,0.48,0,8.5242,1.5953389880545987,1,0,0,0,0,0,0,0,0,0,1,0,1,0,0.496
2015,525.7,20.3,33.5,0.74,0,2.6172,2.624668592163159,1,0,0,1,0,0,0,0,0,0,1,1,0,0,0.496
2015,493.2,18.8,33.5,0.2,0,8.3541,1.6114359150967734,0,0,0,0,0,0,0,0,0,1,0,1,0,0,0.496
2015,671.4,18.6,33.5,0.48,0,3.215,2.435366204227864,0,0,0,1,0,0,0,0,0,0,1,1,0,0,0.496
2015,502.5,20.9,55.5,0.77,0,5.3571,2.4300984132930052,1,0,0,0,0,0,1,0,0,0,1,1,0,0,0.89
2015,493.7,20.4,55.5,0.92,0,3.8649,2.731766727719526,1,0,0,0,0,0,0,0,0,1,0,1,0,0,0.89
2015,537.7,22.7,55.5,0.95,0,17.5079,1.4279160358107101,1,0,0,1,0,0,0,0,0,0,1,1,0,0,0.89
2015,415.0,21.9,55.5,0.54,0,16.6667,1.4655675420143985,0,0,0,0,0,0,1,0,0,1,0,1,0,0,0.89
2015,529.9,22.8,55.5,0.79,0,3.9502,2.711377991194885,0,0,0,0,0,0,0,0,0,0,0,1,0,0,0.89
2015,409.2,22.0,55.5,2.0,0,32.2674,1.000631880307906,0,0,0,1,0,0,0,0,0,0,0,1,0,0,0.89
2015,443.9,26.2,29.0,0.54,0,1.9931,2.744060638625243,1,0,0,0,0,0,1,0,0,0,1,1,0,0,0.48
2015,702.4,24.9,29.0,0.2,0,3.8158,2.151762203259462,1,0,0,0,0,0,0,0,0,1,0,0,1,0,0.48
2015,792.9,25.6,29.0,0.59,0,2.7205,2.4561641809223462,1,0,0,1,0,0,0,0,0,0,1,0,1,0,0.48
2015,477.7,22.6,29.0,0.66,0,12.8319,1.1817271953786161,0,0,0,0,0,0,1,0,0,0,0,1,0,0,0.48
2015,546.0,23.8,29.0,0.41,0,11.9342,1.2325602611778486,0,0,0,0,0,0,0,0,0,1,0,1,0,0,0.48
2015,337.4,25.6,29.0,0.69,0,6.2232,1.7334238922150915,0,0,0,1,0,0,0,0,0,0,0,0,0,0,0.48
2015,612.5,25.4,11.6,0.28,0,0.8637,2.6693093727857793,1,0,0,0,0,0,1,0,0,0,1,1,0,0,0.455
2015,857.4,26.7,11.6,0.32,0,1.0861,2.457877977400081,1,0,0,0,0,0,0,0,0,0,0,0,1,0,0.455
2015,511.7,24.4,11.6,0.56,0,0.7989,2.7421295147550726,1,0,0,1,0,0,0,0,0,0,1,1,0,0,0.455
2015,458.7,24.6,11.6,0.25,0,0.8875,2.644044871126298,0,0,0,0,0,0,1,0,0,0,1,1,0,0,0.455
2015,240.0,25.3,11.6,0.2,0,1.2691,2.316487998163037,0,0,0,0,0,0,0,0,0,0,0,0,0,0,0.455
2015,435.1,24.7,11.6,0.47,0,0.7973,2.744060638625243,0,0,0,1,0,0,0,0,0,0,1,1,0,0,0.455
2015,1219.2,27.3,24.2,0.2,0,2.9548,2.2181159363675955,1,0,0,0,0,0,0,0,0,0,1,0,0,1,0.266
2015,1177.7,31.2,24.2,0.48,1,5.721,1.6544112780768316,1,0,0,1,0,0,0,0,0,0,0,0,0,1,0.266
2015,849.6,27.4,24.2,0.2,0,4.8207,1.7950872593207297,0,0,0,0,0,0,0,0,0,0,0,0,1,0,0.266
2015,634.8,28.2,24.2,0.34,0,5.2155,1.7298840655099674,0,0,0,1,0,0,0,0,0,1,0,1,0,0,0.266
2015,833.1,26.5,33.0,0.32,0,3.3033,2.39698576841553,1,0,0,0,0,0,0,0,0,0,0,0,1,0,0.661
2015,562.4,26.8,33.0,0.8,0,6.4078,1.8164520818184267,1,0,0,1,0,0,0,0,0,0,0,1,0,0,0.661
2015,990.9,27.4,33.0,1.62,0,5.9567,1.8779371654691073,1,1,0,0,0,0,0,0,0,0,0,0,1,0,0.661
2015,454.5,25.8,33.0,0.21,0,4.2199,2.1770218700187,0,0,0,0,0,0,0,0,0,1,0,1,0,0,0.661
2015,542.3,26.6,33.0,0.34,0,6.0998,1.8578592709325787,0,0,0,1,0,0,0,0,0,0,1,1,0,0,0.661
2015,417.9,29.5,33.0,1.09,0,3.3401,2.3869262414277967,0,1,0,0,0,0,0,0,0,1,0,1,0,0,0.661
2015,1259.9,27.3,34.1,0.28,0,18.0423,1.0612565021243408,1,0,0,0,0,0,0,0,0,0,1,0,0,1,0.678
2015,903.4,25.9,34.1,0.82,0,2.355,2.739548868161581,1,0,0,1,0,0,0,0,0,1,0,0,1,0,0.678
2015,1230.4,28.3,34.1,4.44,0,18.7363,1.0367368849500223,1,1,0,0,0,0,0,0,0,0,0,0,0,1,0.678
2015,580.0,25.7,34.1,0.24,0,2.4982,2.6844403354630764,0,0,0,0,0,0,0,0,0,0,0,1,0,0,0.678
2015,821.9,26.6,34.1,0.95,0,8.0425,1.6563214983329508,0,0,0,1,0,0,0,0,0,0,1,0,1,0,0.678
2015,718.4,27.6,34.1,1.29,0,3.7065,2.322387720290225,0,1,0,0,0,0,0,0,0,0,1,0,1,0,0.678
2015,393.6,27.8,27.0,0.2,0,6.8702,1.5953389880545987,1,0,0,0,0,0,0,0,0,0,1,0,0,0,0.341
2015,716.5,29.0,27.0,0.92,0,2.1497,2.6071242825122494,1,0,0,1,0,0,0,0,0,0,0,0,1,0,0.341
2015,377.3,27.4,27.0,0.39,0,2.7778,2.372111155642656,1,0,0,0,0,1,0,0,0,1,0,0,0,0,0.341
2015,271.7,28.7,27.0,0.2,0,10.0746,1.3029127521808397,0,0,0,0,0,0,0,0,0,1,0,0,0,0,0.341
2015,277.2,31.1,27.0,0.2,1,4.2654,1.9919755158985601,0,0,0,1,0,0,0,0,0,0,0,0,0,0,0.341
2015,273.2,30.1,27.0,0.42,1,1.8493,2.747270914255491,0,0,0,0,0,1,0,0,0,0,0,0,0,0,0.341
2015,720.3,28.1,29.4,0.2,0,5.3261,1.8748743759385615,1,0,0,0,0,0,0,0,0,0,1,0,1,0,0.339
2015,735.2,28.1,29.4,0.84,0,13.5484,1.1537315878891892,1,0,0,1,0,0,0,0,0,0,0,0,1,0,0.339
2015,717.4,30.5,29.4,0.2,1,4.135,2.0930978681273213,0,0,0,0,0,0,0,0,0,0,1,0,1,0,0.339
2015,684.3,28.3,29.4,0.43,0,2.9577,2.392425796993835,0,0,0,1,0,0,0,0,0,1,0,1,0,0,0.339
2015,996.9,23.5,11.2,0.32,0,1.407,2.192770226986839,1,0,0,0,0,0,0,0,0,0,1,0,1,0,0.628
2015,826.7,22.5,11.2,1.73,0,10.9804,0.7030975114131134,1,0,0,1,0,0,0,0,0,0,0,0,1,0,0.628
2015,498.0,24.4,11.2,0.26,0,0.9396,2.558776498354456,0,0,0,0,0,0,0,0,0,0,1,1,0,0,0.628
2015,723.4,23.2,11.2,0.96,0,5.3846,1.1249295969854831,0,0,0,1,0,0,0,0,0,0,1,0,1,0,0.628
2015,341.9,30.0,13.0,0.51,0,0.9028,2.7343675094195836,1,0,0,0,0,0,1,0,0,0,0,0,0,0,0.251
2015,269.8,34.1,13.0,0.2,1,4.8327,1.3056264580524357,1,0,0,0,0,0,0,0,0,1,0,0,0,0,0.251
2015,356.6,33.0,13.0,0.48,1,2.4668,1.8357763546448294,1,0,0,1,0,0,0,0,0,0,0,0,0,0,0.251
2015,210.1,31.9,13.0,0.36,1,1.5439,2.2428350885882717,0,0,0,0,0,0,1,0,0,1,0,0,0,0,0.251
2015,246.9,31.7,13.0,0.2,1,1.4254,2.3145136638593193,0,0,0,0,0,0,0,0,0,0,1,0,0,0,0.251
2015,138.3,33.3,13.0,0.2,1,1.1404,2.517696472610991,0,0,0,1,0,0,0,0,0,0,1,0,0,0,0.251
2015,250.7,32.1,16.2,0.28,1,4.1117,1.597365331199831,1,0,0,0,0,0,1,0,0,1,0,0,0,0,0.239
2015,311.3,33.3,16.2,0.2,1,10.8,0.9162907318741551,1,0,0,0,0,0,0,0,0,1,0,0,0,0,0.239
2015,330.5,31.9,16.2,0.33,1,10.5882,0.9282193027394289,1,0,0,1,0,0,0,0,0,0,1,0,0,0,0.239
2015,116.3,32.4,16.2,0.2,1,26.5574,0.4762341789963716,0,0,0,0,0,0,1,0,0,0,1,0,0,0,0.239
2015,140.2,32.9,16.2,0.2,1,1.0953,2.7593768282675506,0,0,0,0,0,0,0,0,0,1,0,0,0,0,0.239
2015,64.3,31.4,16.2,0.2,1,1.4173,2.5201129055226197,0,0,0,1,0,0,0,0,0,1,0,0,0,0,0.239
2015,287.9,33.9,17.2,0.2,1,9.1979,1.0543120297715298,1,0,0,0,0,0,1,0,0,0,1,0,0,0,0.215
2015,206.0,34.3,17.2,0.2,1,4.2893,1.6114359150967734,1,0,0,0,0,0,0,0,0,0,0,0,0,0,0.215
2015,92.9,32.2,17.2,0.2,1,2.0188,2.253394848803274,1,0,0,1,0,0,0,0,0,1,0,0,0,0,0.215
2015,122.8,33.1,17.2,0.2,1,3.0496,1.8931119634883424,0,0,0,0,0,0,1,0,0,0,1,0,0,0,0.215
2015,252.9,34.6,17.2,0.2,1,4.1346,1.6409365794934714,0,0,0,0,0,0,0,0,0,0,1,0,0,0,0.215
2015,111.3,35.8,17.2,0.2,1,1.3522,2.6188546222977394,0,0,0,1,0,0,0,0,0,0,1,0,0,0,0.215
2015,88.0,37.6,17.0,0.2,1,1.1997,2.719319793360441,1,0,0,0,0,0,1,0,0,1,0,0,0,0,0.216
2015,78.3,37.7,17.0,0.2,1,4.5576,1.5539252025038417,1,0,0,0,0,0,0,0,0,0,1,0,0,0,0.216
2015,278.3,33.9,17.0,0.2,1,3.5052,1.766441661243765,1,0,0,1,0,0,0,0,0,1,0,0,0,0,0.216
2015,164.0,37.2,17.0,0.2,1,7.5221,1.1817271953786161,0,0,0,0,0,0,1,0,0,1,0,0,0,0,0.216
2015,50.0,34.9,17.0,0.2,1,1.4419,2.548663615590751,0,0,0,0,0,0,0,0,0,0,1,0,0,0,0.216
2015,229.1,36.0,17.0,0.21,1,2.3546,2.1065702090680882,0,0,0,1,0,0,0,0,0,1,0,0,0,0,0.216
2015,763.2,21.7,64.4,0.45,0,6.3511,2.410542234499138,1,0,0,0,0,0,0,0,0,1,0,0,1,0,1.081
2015,620.2,23.6,64.4,3.04,0,67.0833,0.6729444732424258,1,0,0,1,0,0,0,0,0,0,1,1,0,0,1.081
2015,379.2,22.1,64.4,0.27,0,5.4996,2.542389085201363,0,0,0,0,0,0,0,0,0,0,0,0,0,0,1.081
2015,451.3,22.1,64.4,1.63,0,58.5455,0.7419373447293773,0,0,0,1,0,0,0,0,0,0,1,1,0,0,1.081
2015,604.6,27.3,36.8,0.26,0,3.3153,2.4932054526026954,1,0,0,0,0,0,0,0,0,0,1,1,0,0,0.34
2015,597.4,24.9,36.8,0.97,0,2.5275,2.7447035187502458,1,0,0,1,0,0,0,0,0,1,0,1,0,0,0.34
2015,194.8,26.1,36.8,0.2,0,3.6008,2.4176979000945504,0,0,0,0,0,0,0,0,0,0,0,0,0,0,0.34
2015,220.5,26.1,36.8,0.37,0,3.4554,2.4553061800117097,0,0,0,1,0,0,0,0,0,0,1,0,0,0,0.34
2015,522.9,22.6,24.2,0.21,0,2.1685,2.498151876538021,1,0,0,0,0,0,0,0,0,1,0,1,0,0,0.617
2015,832.3,22.6,24.2,2.13,0,1.9579,2.5922651681085,1,0,0,1,0,0,0,0,0,0,0,0,1,0,0.617
2015,482.5,23.4,24.2,0.2,0,1.9659,2.58851563240702,0,0,0,0,0,0,0,0,0,1,0,1,0,0,0.617
2015,480.5,24.0,24.2,0.84,0,28.1395,0.6205764877251099,0,0,0,1,0,0,0,0,0,0,1,1,0,0,0.617
2015,726.3,20.1,43.5,1.93,0,6.9823,1.9782390361706734,1,0,0,0,0,0,0,0,1,1,0,0,1,0,1.385
2015,402.7,20.5,43.5,0.44,0,9.6239,1.7083778602890038,1,0,0,0,0,0,0,0,0,0,1,1,0,0,1.385
2015,530.5,20.4,43.5,1.83,0,32.4627,0.8501509293696101,1,0,0,1,0,0,0,0,0,0,0,1,0,0,1.385
2015,326.3,20.5,43.5,0.45,0,6.3504,2.060513531794317,0,0,0,0,0,0,0,0,1,0,0,0,0,0,1.385
2015,341.5,18.5,43.5,0.2,0,4.828,2.303584593327129,0,0,0,0,0,0,0,0,0,0,1,0,0,0,1.385
2015,451.7,20.7,43.5,1.74,0,3.551,2.583997552432231,0,0,0,1,0,0,0,0,0,0,0,1,0,0,1.385
2015,914.4,23.4,41.5,0.88,0,3.511,2.551006451492524,1,0,0,0,0,0,0,0,0,1,0,0,1,0,1.472
2015,891.4,21.5,41.5,2.21,0,17.735,1.205970806988609,1,0,0,1,0,0,0,0,0,0,1,0,1,0,1.472
2015,963.4,22.6,41.5,0.89,0,26.9481,0.9321640810304452,0,0,0,0,0,0,0,0,0,0,1,0,1,0,1.472
2015,671.4,22.3,41.5,2.05,0,6.365,2.017566137961748,0,0,0,1,0,0,0,0,0,1,0,1,0,0,1.472
2015,519.4,24.3,77.5,0.7,0,17.6136,1.6863989535702288,1,0,0,0,0,0,0,0,0,0,1,1,0,0,1.511
2015,1030.7,23.2,77.5,2.6,0,5.8402,2.658159431488745,1,0,0,1,0,0,0,0,0,0,1,0,0,1,1.511
2015,885.0,22.9,77.5,2.35,0,31.0,1.252762968495368,1,1,0,0,0,0,0,0,0,0,1,0,1,0,1.511
2015,707.7,22.1,77.5,0.91,0,5.3708,2.7363136663750693,0,0,0,0,0,0,0,0,0,0,0,0,1,0,1.511
2015,678.3,23.1,77.5,1.97,0,5.6528,2.688527534613346,0,0,0,1,0,0,0,0,0,0,0,1,0,0,1.511
2015,695.2,22.8,77.5,2.74,0,7.876,2.3832429960115,0,1,0,0,0,0,0,0,0,0,1,1,0,0,1.511
2015,1101.1,21.9,69.3,1.26,0,6.3,2.4849066497880004,1,0,0,0,0,0,0,0,0,0,1,0,0,1,1.053
2015,881.7,23.7,69.3,3.97,0,6.6827,2.4309783077624445,1,0,0,1,0,0,0,0,0,0,0,0,1,0,1.053
2015,182.8,25.1,69.3,0.2,0,15.1974,1.715598108262491,0,0,0,0,0,0,0,0,0,1,0,0,0,0,1.053
2015,387.1,23.6,69.3,0.32,0,5.431,2.6217658325051976,0,0,0,1,0,0,0,0,0,1,0,0,0,0,1.053
2015,1236.6,20.6,52.6,1.82,0,5.0723,2.4309783077624445,1,0,0,0,0,0,0,0,0,0,0,0,0,1,1.369
2015,1598.4,21.1,52.6,4.93,0,50.5769,0.712949807856125,1,0,0,1,0,0,0,0,0,1,0,0,0,1,1.369
2015,729.6,20.4,52.6,0.29,0,54.2268,0.6780335427498971,0,0,0,0,0,0,0,0,0,0,1,0,1,0,1.369
2015,940.7,21.6,52.6,2.61,0,3.7016,2.7219531062712017,0,0,0,1,0,0,0,0,0,0,1,0,1,0,1.369
2015,764.4,24.1,21.4,0.44,0,11.9553,1.0260415958332743,1,0,0,0,0,0,0,0,0,0,0,0,1,0,0.583
2015,696.0,20.7,21.4,1.37,0,8.9167,1.2237754316221157,1,0,0,1,0,0,0,0,0,0,1,1,0,0,0.583
2015,202.9,23.4,21.4,0.2,0,1.5782,2.67827804276854,0,0,0,0,0,0,0,0,0,0,1,0,0,0,0.583
2015,474.0,18.0,21.4,0.73,0,1.4558,2.7536607123542622,0,0,0,1,0,0,0,0,0,1,0,1,0,0,0.583
2015,504.3,19.0,62.4,1.03,0,7.2558,2.2617630984737906,1,0,0,0,0,0,0,0,1,0,1,1,0,0,1.391
2015,1283.1,18.3,62.4,1.79,0,100.6452,0.4824261492442927,1,0,0,0,0,0,0,0,0,0,1,0,0,1,1.391
2015,1098.3,19.0,62.4,4.15,0,4.454,2.7087166456453704,1,0,0,1,0,0,0,0,0,1,0,0,0,1,1.391
2015,153.0,18.2,62.4,0.2,0,13.1368,1.749199854809259,0,0,0,0,0,0,0,0,1,0,1,0,0,0,1.391
2015,438.3,18.5,62.4,0.63,0,9.3835,2.0347056478384444,0,0,0,0,0,0,0,0,0,1,0,1,0,0,1.391
2015,635.1,17.3,62.4,1.18,0,5.3333,2.5416019934645457,0,0,0,1,0,0,0,0,0,1,0,1,0,0,1.391
2015,926.7,16.2,59.4,1.59,0,5.3226,2.498151876538021,1,0,0,0,0,0,0,0,0,0,0,0,1,0,1.144
2015,889.8,19.9,59.4,2.32,0,5.7391,2.4292177439274116,1,0,0,1,0,0,0,0,0,1,0,0,1,0,1.144
2015,543.4,19.3,59.4,0.74,0,108.0,0.4382549309311553,0,0,0,0,0,0,0,0,0,0,1,1,0,0,1.144
2015,1106.9,17.5,59.4,3.02,0,17.2174,1.4929040961781488,0,0,0,1,0,0,0,0,0,0,1,0,0,1,1.144
2015,1198.8,19.6,38.6,1.1,0,6.8683,1.890095369948917,1,0,0,0,0,0,0,0,0,0,1,0,0,1,1.602
2015,1416.1,21.6,38.6,3.3,0,2.9784,2.6361960973342264,1,0,0,1,0,0,0,0,0,0,1,0,0,1,1.602
2015,757.9,20.5,38.6,1.53,0,8.319,1.7298840655099674,1,1,0,0,0,0,0,0,0,0,1,0,1,0,1.602
2015,892.8,20.7,38.6,1.54,0,3.8294,2.405141681319138,1,0,0,0,0,1,0,0,0,0,1,0,1,0,1.602
2015,849.8,18.9,38.6,0.99,0,35.4128,0.7371640659767197,0,0,0,0,0,0,0,0,0,1,0,0,1,0,1.602
2015,956.3,19.7,38.6,2.49,0,7.1614,1.8547342683894434,0,0,0,1,0,0,0,0,0,0,1,0,1,0,1.602
2015,1042.7,20.9,38.6,1.64,0,9.5782,1.6154199841116479,0,1,0,0,0,0,0,0,0,1,0,0,0,1,1.602
2015,1315.5,19.8,38.6,2.7,0,6.0883,1.9933388426264242,0,0,0,0,0,1,0,0,0,0,1,0,0,1,1.602
2015,366.6,30.8,45.1,0.2,1,17.1483,1.2892326482767593,1,0,0,0,0,0,0,0,0,0,1,0,0,0,0.243
2015,472.3,29.8,45.1,1.09,0,17.1483,1.2892326482767593,1,0,0,1,0,0,0,0,0,0,0,1,0,0,0.243
2015,153.4,30.8,45.1,0.2,1,5.9186,2.154085084675602,0,0,0,0,0,0,0,0,0,0,1,0,0,0,0.243
2015,152.5,30.7,45.1,0.2,1,6.6617,2.050270164379556,0,0,0,1,0,0,0,0,0,1,0,0,0,0,0.243
2015,217.1,33.4,22.6,0.2,1,15.1678,0.9122827104766162,1,0,0,0,0,0,0,0,0,1,0,0,0,0,0.212
2015,251.2,30.5,22.6,0.21,1,1.827,2.5930133911138515,1,0,0,1,0,0,0,0,0,0,1,0,0,0,0.212
2015,220.7,32.0,22.6,0.2,1,2.5711,2.281361456542419,0,0,0,0,0,0,0,0,0,0,1,0,0,0,0.212
2015,234.4,31.1,22.6,0.2,1,1.8359,2.58851563240702,0,0,0,1,0,0,0,0,0,0,1,0,0,0,0.212
2016,763.3,20.6,130.2,6.63,0,9.5947,2.6789646202071133,1,0,0,0,0,0,0,0,1,1,0,0,1,0,3.582
2016,789.7,17.6,130.2,1.64,0,10.3333,2.6100697927420065,1,0,0,0,0,0,0,0,0,1,0,0,1,0,3.582
2016,1080.0,17.4,130.2,9.02,0,23.3333,1.884034745337226,1,0,0,1,0,0,0,0,0,0,0,0,0,1,3.582
2016,575.2,17.2,130.2,7.18,0,9.6231,2.6762154775821916,0,0,0,0,0,0,0,0,1,0,0,1,0,0,3.582
2016,184.8,16.6,130.2,0.21,0,19.8174,2.0241930674493576,0,0,0,0,0,0,0,0,0,0,0,0,0,0,3.582
2016,628.4,19.1,130.2,3.36,0,24.6125,1.8389610707123492,0,0,0,1,0,0,0,0,0,0,1,1,0,0,3.582
2016,1305.0,16.9,153.8,11.11,0,15.7906,2.3739750890807185,1,0,0,0,0,0,0,0,1,1,0,0,0,1,4.069
2016,840.0,16.1,153.8,2.12,0,24.3354,1.9906103279732201,1,0,0,0,0,0,0,0,0,0,0,0,1,0,4.069
2016,1040.8,18.5,153.8,3.97,0,134.9123,0.76080582903376,1,0,0,1,0,0,0,0,0,0,0,0,0,1,4.069
2016,754.9,15.4,153.8,8.99,0,29.5202,1.8261608959453874,0,0,0,0,0,0,0,0,1,0,0,0,1,0,4.069
2016,997.5,16.7,153.8,2.06,0,10.484,2.7517480563679295,0,0,0,0,0,0,0,0,0,1,0,0,1,0,4.069
2016,562.0,16.4,153.8,3.87,0,20.5615,2.1377104498038118,0,0,0,1,0,0,0,0,0,0,0,1,0,0,4.069
2016,777.3,18.7,48.7,2.98,0,3.4736,2.7093826463359885,1,0,0,0,0,0,0,0,1,0,1,0,1,0,3.973
2016,717.6,16.9,48.7,0.72,0,6.8399,2.0943301541735866,1,0,0,0,0,0,0,0,0,1,0,0,1,0,3.973
2016,594.6,21.5,48.7,2.13,0,5.3341,2.315501318260592,1,0,0,1,0,0,0,0,0,0,0,1,0,0,3.973
2016,823.4,18.9,48.7,5.47,0,4.1167,2.551786178627545,1,0,0,0,1,0,0,0,0,0,0,0,1,0,3.973
2016,573.1,18.6,48.7,3.23,0,16.3423,1.3812818192963463,0,0,0,0,0,0,0,0,1,1,0,1,0,0,3.973
2016,227.7,21.6,48.7,0.2,0,18.3774,1.2947271675944,0,0,0,0,0,0,0,0,0,0,0,0,0,0,3.973
2016,592.9,18.6,48.7,1.69,0,3.8077,2.6239436918052106,0,0,0,1,0,0,0,0,0,0,0,1,0,0,3.973
2016,387.1,20.5,48.7,0.92,0,11.8204,1.6331544390514163,0,0,0,0,1,0,0,0,0,0,0,0,0,0,3.973
2016,916.4,16.4,81.1,2.87,0,10.1502,2.196112848483529,1,0,0,0,0,0,0,0,0,0,0,0,1,0,2.798
2016,743.5,16.5,81.1,1.46,0,9.7242,2.234306252240751,1,0,0,1,0,0,0,0,0,0,0,0,1,0,2.798
2016,954.7,17.9,81.1,3.88,0,12.2879,2.028148247292285,1,0,0,0,0,0,0,1,0,0,0,0,1,0,2.798
2016,736.7,15.6,81.1,0.76,0,10.8859,2.134166441369082,0,0,0,0,0,0,0,0,0,0,1,0,1,0,2.798
2016,385.2,17.9,81.1,0.46,0,44.8066,1.0331844833456545,0,0,0,1,0,0,0,0,0,1,0,0,0,0,2.798
2016,686.8,18.2,81.1,4.26,0,30.1487,1.3056264580524357,0,0,0,0,0,0,0,1,0,0,0,1,0,0,2.798
2016,876.8,17.5,97.4,0.77,0,50.9948,1.0681530811834012,1,0,0,0,0,0,0,0,0,0,1,0,1,0,2.502
2016,853.7,18.6,97.4,3.94,0,41.097,1.2149127443642704,1,0,0,1,0,0,0,0,0,0,1,0,1,0,2.502
2016,640.4,19.1,97.4,1.99,0,6.7922,2.73046379593911,0,0,0,0,0,0,0,0,0,0,1,1,0,0,2.502
2016,1301.1,18.2,97.4,3.37,0,39.5935,1.2412685890696329,0,0,0,1,0,0,0,0,0,1,0,0,0,1,2.502
2016,1354.5,21.1,116.1,0.92,0,31.8082,1.536867219599265,1,0,0,0,0,0,0,0,0,0,0,0,0,1,2.346
2016,1000.9,17.7,116.1,1.88,0,19.9142,1.9213246735826988,1,0,0,1,0,0,0,0,0,1,0,0,0,1,2.346
2016,804.0,20.0,116.1,2.73,0,8.1588,2.7232671669070703,0,0,0,0,0,0,0,0,0,0,0,0,1,0,2.346
2016,860.1,20.4,116.1,3.13,0,13.3602,2.2710944259026746,0,0,0,1,0,0,0,0,0,1,0,0,1,0,2.346
2016,1260.6,18.2,140.0,3.08,0,25.974,1.8547342683894434,1,0,0,0,0,0,0,0,0,0,0,0,0,1,2.552
2016,962.2,18.5,140.0,4.38,0,14.3443,2.3758355547336385,1,0,0,1,0,0,0,0,0,0,0,0,1,0,2.552
2016,872.3,19.2,140.0,1.76,0,47.4576,1.3737155789130306,0,0,0,0,0,0,0,0,0,0,0,0,1,0,2.552
2016,1040.3,20.2,140.0,3.67,0,9.9786,2.710048203764883,0,0,0,1,0,0,0,0,0,0,1,0,0,1,2.552
2016,1565.9,16.8,108.2,2.04,0,23.8326,1.7119945007591924,1,0,0,0,0,0,0,0,0,1,0,0,0,1,2.398
2016,1167.9,19.8,108.2,2.43,0,53.8308,1.1019400787607843,1,0,0,1,0,0,0,0,0,0,0,0,0,1,2.398
2016,979.2,18.0,108.2,1.32,0,13.854,2.175887439948088,0,0,0,0,0,0,0,0,0,0,0,0,1,0,2.398
2016,692.1,18.3,108.2,2.58,0,9.0772,2.558776498354456,0,0,0,1,0,0,0,0,0,0,0,1,0,0,2.398
2016,2142.1,20.6,60.9,2.15,0,11.6667,1.827769906751088,1,0,0,0,0,0,0,0,0,0,1,0,0,1,1.579
2016,875.1,19.6,60.9,1.49,0,10.7407,1.8976198599275322,1,0,0,1,0,0,0,0,0,0,1,0,1,0,1.579
2016,641.8,18.7,60.9,0.57,0,33.8333,1.0296194171811581,0,0,0,0,0,0,0,0,0,0,0,1,0,0,1.579
2016,530.9,18.9,60.9,0.33,0,22.8947,1.297463147413275,0,0,0,1,0,0,0,0,0,0,1,1,0,0,1.579
2016,1123.2,18.7,46.8,1.02,0,3.1579,2.761274962339508,1,0,0,0,0,0,0,0,0,1,0,0,0,1,3.983
2016,1173.9,17.2,46.8,1.95,0,5.1542,2.3105532626432224,1,0,0,1,0,0,0,0,0,0,0,0,0,1,3.983
2016,1361.9,20.4,46.8,2.47,0,4.6614,2.401525040848949,1,0,0,0,0,0,0,1,0,1,0,0,0,1,3.983
2016,878.4,15.3,46.8,6.68,0,3.3669,2.7013612129514133,1,0,0,0,1,0,0,0,0,0,0,0,1,0,3.983
2016,552.0,17.3,46.8,0.68,0,3.8487,2.5771819258971713,0,0,0,0,0,0,0,0,0,1,0,1,0,0,3.983
2016,691.1,16.7,46.8,1.8,0,7.0695,2.030776369698555,0,0,0,1,0,0,0,0,0,0,1,1,0,0,3.983
2016,933.2,17.2,46.8,1.73,0,17.5281,1.3001916620664788,0,0,0,0,0,0,0,1,0,0,0,0,1,0,3.983
2016,1262.5,18.1,46.8,8.45,0,4.0838,2.522523513359307,0,0,0,0,1,0,0,0,0,0,0,0,0,1,3.983
2016,1049.4,17.6,104.8,0.79,0,12.0046,2.2752138961979136,1,0,0,0,0,0,0,0,0,1,0,0,0,1,2.733
2016,1005.3,17.5,104.8,2.47,0,13.4704,2.1724764076470255,1,0,0,1,0,0,0,0,0,0,0,0,0,1,2.733
2016,1333.4,18.2,104.8,3.39,0,7.8916,2.658859956911438,1,0,0,0,0,0,0,1,0,0,0,0,0,1,2.733
2016,797.0,17.1,104.8,1.76,0,36.9014,1.3454723665996355,0,0,0,0,0,0,0,0,0,0,0,0,1,0,2.733
2016,628.8,18.0,104.8,0.74,0,14.3169,2.1186622548331173,0,0,0,1,0,0,0,0,0,1,0,1,0,0,2.733
2016,1170.9,19.9,104.8,3.85,0,18.0069,1.9198594718553708,0,0,0,0,0,0,0,1,0,0,0,0,0,1,2.733
2016,1204.1,15.8,41.6,0.74,0,2.7957,2.7650604558189897,1,0,0,0,0,0,0,0,0,0,1,0,0,1,1.242
2016,621.3,15.8,41.6,1.62,0,6.2935,2.0294631718735947,1,0,0,1,0,0,0,0,0,1,0,1,0,0,1.242
2016,447.3,18.4,41.6,2.23,0,3.363,2.5930133911138515,1,0,0,0,0,0,0,1,0,0,0,1,0,0,1.242
2016,696.4,15.4,41.6,1.83,0,3.58,2.5352828571130672,1,0,1,0,0,0,0,0,0,0,0,1,0,0,1.242
2016,605.0,15.6,41.6,0.53,0,5.2926,2.1815467646169897,0,0,0,0,0,0,0,0,0,0,1,1,0,0,1.242
2016,353.1,15.7,41.6,0.32,0,3.6684,2.5128460184772416,0,0,0,1,0,0,0,0,0,1,0,0,0,0,1.242
2016,401.2,14.7,41.6,0.75,0,10.0241,1.6389967146756448,0,0,0,0,0,0,0,1,0,0,0,1,0,0,1.242
2016,517.7,17.4,41.6,1.21,0,11.5235,1.528227857008557,0,0,1,0,0,0,0,0,0,1,0,1,0,0,1.242
2016,646.9,18.2,59.8,0.53,0,4.9585,2.569554123848285,1,0,0,0,0,0,0,0,0,0,1,1,0,0,1.371
2016,1064.7,18.1,59.8,2.33,0,7.7966,2.1598687907924505,1,0,0,1,0,0,0,0,0,0,0,0,0,1,1.371
2016,969.6,19.9,59.8,2.9,0,26.9369,1.169381359556317,1,0,0,0,0,0,0,1,0,0,1,0,1,0,1.371
2016,612.0,17.1,59.8,1.01,0,79.7333,0.5596157879354227,1,0,1,0,0,0,0,0,0,0,1,1,0,0,1.371
2016,535.0,16.9,59.8,0.65,0,10.2222,1.9242486522741338,0,0,0,0,0,0,0,0,0,0,1,1,0,0,1.371
2016,725.6,18.4,59.8,2.17,0,26.2281,1.1878434223960523,0,0,0,1,0,0,0,0,0,0,1,0,1,0,1.371
2016,720.7,19.1,59.8,1.63,0,4.5166,2.65605490598383,0,0,0,0,0,0,0,1,0,0,0,0,1,0,1.371
2016,569.4,18.9,59.8,2.68,0,9.5072,1.986503546020567,0,0,1,0,0,0,0,0,0,0,0,1,0,0,1.371
2016,1021.6,18.4,64.2,1.59,0,15.4327,1.6409365794934714,1,0,0,0,0,0,0,0,0,0,0,0,0,1,0.987
2016,911.3,17.7,64.2,2.34,0,6.179,2.432735777459091,1,0,0,1,0,0,0,0,0,0,1,0,1,0,0.987
2016,690.4,17.0,64.2,1.49,0,5.9444,2.468099531471619,1,0,1,0,0,0,0,0,0,0,1,1,0,0,0.987
2016,386.7,17.2,64.2,0.2,0,4.838,2.658159431488745,0,0,0,0,0,0,0,0,0,0,1,0,0,0,0.987
2016,379.3,19.9,64.2,0.63,0,6.1731,2.4336133554004498,0,0,0,1,0,0,0,0,0,1,0,0,0,0,0.987
2016,178.2,19.0,64.2,0.25,0,12.996,1.7817091333745536,0,0,1,0,0,0,0,0,0,0,0,0,0,0,0.987
2016,837.3,17.4,65.3,1.2,0,6.4145,2.414126467726953,1,0,0,0,0,0,0,0,0,0,1,0,1,0,1.215
2016,837.4,18.5,65.3,2.46,0,7.8865,2.2278615467981093,1,0,0,1,0,0,0,0,0,0,0,0,1,0,1.215
2016,1032.6,18.0,65.3,1.67,0,110.678,0.4637340162321401,1,0,1,0,0,0,0,0,0,0,1,0,0,1,1.215
2016,788.6,18.1,65.3,1.86,0,15.0461,1.6752256529721035,1,0,0,0,0,1,0,0,0,0,1,0,1,0,1.215
2016,804.2,18.6,65.3,1.22,0,4.4818,2.745345985845907,0,0,0,0,0,0,0,0,0,1,0,0,1,0,1.215
2016,529.6,17.7,65.3,1.98,0,4.6978,2.7013612129514133,0,0,0,1,0,0,0,0,0,0,0,1,0,0,1.215
2016,501.7,18.7,65.3,1.23,0,5.1256,2.620311286794203,0,0,1,0,0,0,0,0,0,1,0,1,0,0,1.215
2016,687.5,19.7,65.3,1.94,0,6.6093,2.3869262414277967,0,0,0,0,0,1,0,0,0,0,1,1,0,0,1.215
2016,1116.6,20.2,41.9,1.67,0,5.0973,2.2213750375685026,1,0,0,0,0,0,0,0,0,0,0,0,0,1,1.367
2016,737.0,19.1,41.9,1.69,0,3.816,2.4832385926873033,1,0,0,1,0,0,0,0,0,1,0,0,1,0,1.367
2016,430.6,20.3,41.9,1.04,0,3.9528,2.451005098112319,1,0,1,0,0,0,0,0,0,0,0,1,0,0,1.367
2016,357.4,19.8,41.9,0.39,0,4.6298,2.307572634505085,0,0,0,0,0,0,0,0,0,1,0,0,0,0,1.367
2016,575.2,20.8,41.9,2.01,0,4.7668,2.281361456542419,0,0,0,1,0,0,0,0,0,0,1,1,0,0,1.367
2016,749.5,19.2,41.9,1.75,0,49.2941,0.6151856390902334,0,0,1,0,0,0,0,0,0,1,0,0,1,0,1.367
2016,537.3,18.2,60.7,0.41,0,4.6981,2.6333266549062735,1,0,0,0,0,0,0,0,0,0,1,1,0,0,1.854
2016,553.0,16.7,60.7,1.88,0,4.0656,2.768204123921957,1,0,0,1,0,0,0,0,0,1,0,1,0,0,1.854
2016,767.4,15.1,60.7,0.85,0,6.8202,2.2925347571405443,1,0,1,0,0,0,0,0,0,0,1,0,1,0,1.854
2016,686.3,17.2,60.7,7.07,0,6.3627,2.355177543113216,1,0,0,0,1,0,0,0,0,0,0,1,0,0,1.854
2016,699.1,19.6,60.7,2.17,0,8.454,2.1016921506146558,0,0,0,0,0,0,0,0,0,0,0,1,0,0,1.854
2016,136.7,16.4,60.7,0.2,0,5.0626,2.5641798306825083,0,0,0,1,0,0,0,0,0,0,1,0,0,0,1.854
2016,854.6,14.6,60.7,1.11,0,4.6336,2.6461747973841225,0,0,1,0,0,0,0,0,0,0,1,0,1,0,1.854
2016,629.6,17.1,60.7,2.83,0,4.2477,2.727199019940971,0,0,0,0,1,0,0,0,0,0,1,1,0,0,1.854
2016,565.5,20.0,48.3,0.37,0,9.2,1.8325814637483102,1,0,0,0,0,0,0,0,0,0,1,1,0,0,1.181
2016,437.6,20.5,48.3,1.14,0,7.5351,2.0028304393079956,1,0,0,1,0,0,0,0,0,0,1,1,0,0,1.181
2016,591.7,23.1,48.3,0.47,0,17.4368,1.3270750014599193,0,0,0,0,0,0,0,0,0,0,0,1,0,0,1.181
2016,321.2,21.6,48.3,0.41,0,25.288,1.0681530811834012,0,0,0,1,0,0,0,0,0,0,1,0,0,0,1.181
2016,1072.7,15.9,51.4,0.8,0,5.1503,2.3960754360813845,1,0,0,0,0,0,0,0,0,0,0,0,0,1,3.861
2016,1181.5,15.2,51.4,1.43,0,35.2055,0.9001613499442714,1,0,0,1,0,0,0,0,0,1,0,0,0,1,3.861
2016,577.3,16.7,51.4,4.73,0,6.5645,2.178155014615869,1,0,0,0,1,0,0,0,0,0,0,1,0,0,3.861
2016,735.9,16.6,51.4,0.97,0,7.5923,2.050270164379556,0,0,0,0,0,0,0,0,0,0,1,0,1,0,3.861
2016,587.2,17.0,51.4,0.76,0,6.3379,2.209372711271867,0,0,0,1,0,0,0,0,0,0,1,1,0,0,3.861
2016,453.1,16.2,51.4,3.22,0,8.3713,1.965712776351493,0,0,0,0,1,0,0,0,0,0,0,1,0,0,3.861
2016,763.4,19.9,26.3,0.24,0,6.6582,1.599387576580599,1,0,0,0,0,0,0,0,0,0,1,0,1,0,0.496
2016,618.2,19.1,26.3,1.02,0,5.8444,1.7047480922384253,1,0,0,1,0,0,0,0,0,0,0,1,0,0,0.496
2016,578.2,18.4,26.3,0.35,0,3.3291,2.186051276738094,0,0,0,0,0,0,0,0,0,0,1,1,0,0,0.496
2016,331.6,19.5,26.3,0.33,0,2.7339,2.362739015813793,0,0,0,1,0,0,0,0,0,0,1,0,0,0,0.496
2016,584.5,21.0,66.2,0.32,0,11.6961,1.8961194845522977,1,0,0,0,0,0,1,0,0,1,0,1,0,0,0.89
2016,321.6,23.5,66.2,0.22,0,7.0651,2.3389170222414357,1,0,0,0,0,0,0,0,0,0,1,0,0,0,0.89
2016,717.6,21.1,66.2,2.32,0,7.9472,2.2332350148592526,1,0,0,1,0,0,0,0,0,1,0,0,1,0,0.89
2016,227.8,22.1,66.2,0.2,0,5.7366,2.5289235352047745,0,0,0,0,0,0,1,0,0,1,0,0,0,0,0.89
2016,242.8,24.5,66.2,0.2,0,8.4655,2.1770218700187,0,0,0,0,0,0,0,0,0,1,0,0,0,0,0.89
2016,646.9,21.0,66.2,2.51,0,53.8211,0.8020015854720274,0,0,0,1,0,0,0,0,0,0,1,1,0,0,0.89
2016,877.8,23.6,14.2,0.73,0,4.5513,1.415853163361435,1,0,0,0,0,0,1,0,0,0,1,0,1,0,0.48
2016,700.3,24.9,14.2,0.22,0,1.0007,2.7206373166076814,1,0,0,0,0,0,0,0,0,1,0,0,1,0,0.48
2016,451.1,24.7,14.2,0.6,0,4.1888,1.4793292270870801,1,0,0,1,0,0,0,0,0,0,1,1,0,0,0.48
2016,337.9,25.2,14.2,0.34,0,1.1903,2.559550192783766,0,0,0,0,0,0,1,0,0,0,1,0,0,0,0.48
2016,409.3,25.1,14.2,0.21,0,1.3949,2.414126467726953,0,0,0,0,0,0,0,0,0,0,1,1,0,0,0.48
2016,295.5,25.7,14.2,0.28,0,2.5912,1.8687205103641833,0,0,0,1,0,0,0,0,0,0,1,0,0,0,0.48
2016,509.6,25.5,25.7,0.35,0,7.6261,1.4747630091074988,1,0,0,0,0,0,1,0,0,0,0,1,0,0,0.455
2016,671.6,25.8,25.7,0.27,0,1.9984,2.6290069937617573,1,0,0,0,0,0,0,0,0,1,0,1,0,0,0.455
2016,739.6,25.3,25.7,0.65,0,1.7947,2.729159164312445,1,0,0,1,0,0,0,0,0,1,0,0,1,0,0.455
2016,664.9,26.6,25.7,0.84,0,2.3195,2.4915511925066687,0,0,0,0,0,0,1,0,0,1,0,1,0,0,0.455
2016,262.1,26.4,25.7,0.2,0,1.9265,2.663052835171474,0,0,0,0,0,0,0,0,0,0,1,0,0,0,0.455
2016,534.9,25.3,25.7,0.49,0,1.8137,2.719319793360441,0,0,0,1,0,0,0,0,0,0,1,1,0,0,0.455
2016,1109.9,29.3,14.1,0.2,0,1.4128,2.3960754360813845,1,0,0,0,0,0,0,0,0,0,1,0,0,1,0.266
2016,713.3,29.2,14.1,0.41,0,2.3618,1.9416152247724325,1,0,0,1,0,0,0,0,0,0,0,0,1,0,0.266
2016,361.5,29.4,14.1,0.2,0,1.8312,2.163323025660538,0,0,0,0,0,0,0,0,0,1,0,0,0,0,0.266
2016,998.4,29.0,14.1,0.53,0,0.94,2.772588722239781,0,0,0,1,0,0,0,0,0,0,0,0,1,0,0.266
2016,716.1,28.1,25.4,0.27,0,2.8831,2.2834022735772717,1,0,0,0,0,0,0,0,0,0,0,0,1,0,0.661
2016,782.9,27.5,25.4,0.58,0,1.7081,2.7644305345383176,1,0,0,1,0,0,0,0,0,1,0,0,1,0,0.661
2016,754.5,27.2,25.4,1.71,0,2.0,2.617395832834079,1,1,0,0,0,0,0,0,0,0,0,0,1,0,0.661
2016,746.8,26.4,25.4,0.2,0,1.8829,2.673458756332591,0,0,0,0,0,0,0,0,0,0,1,0,1,0,0.661
2016,575.4,28.1,25.4,0.36,0,1.7279,2.7536607123542622,0,0,0,1,0,0,0,0,0,1,0,1,0,0,0.661
2016,577.1,26.7,25.4,1.86,0,4.2617,1.9401794743463283,0,1,0,0,0,0,0,0,0,1,0,1,0,0,0.661
2016,701.2,27.1,15.0,0.2,0,3.1447,1.7526720805200082,1,0,0,0,0,0,0,0,0,1,0,0,1,0,0.678
2016,829.8,28.0,15.0,0.37,0,2.2796,2.0255131996542803,1,0,0,1,0,0,0,0,0,0,0,0,1,0,0.678
2016,699.5,27.6,15.0,1.62,0,3.0488,1.7783364488959144,1,1,0,0,0,0,0,0,0,0,1,1,0,0,0.678
2016,207.2,28.6,15.0,0.2,0,1.0101,2.7631695003232895,0,0,0,0,0,0,0,0,0,0,1,0,0,0,0.678
2016,307.4,28.0,15.0,0.2,0,22.3881,0.5128236264286639,0,0,0,1,0,0,0,0,0,1,0,0,0,0,0.678
2016,800.7,27.2,15.0,2.72,0,9.2593,0.9631743177730056,0,1,0,0,0,0,0,0,0,0,0,0,1,0,0.678
2016,403.7,29.2,26.7,0.2,0,2.0714,2.6311691567662523,1,0,0,0,0,0,0,0,0,0,0,1,0,0,0.341
2016,527.1,30.7,26.7,0.46,1,4.3204,1.9712993830601329,1,0,0,1,0,0,0,0,0,1,0,1,0,0,0.341
2016,431.9,30.8,26.7,0.6,1,14.5902,1.0402767116551463,1,0,0,0,0,1,0,0,0,1,0,1,0,0,0.341
2016,258.0,28.8,26.7,0.2,0,4.4132,1.9530276168241774,0,0,0,0,0,0,0,0,0,0,1,0,0,0,0.341
2016,308.4,28.8,26.7,0.33,0,10.3089,1.2781522025001875,0,0,0,1,0,0,0,0,0,0,1,0,0,0,0.341
2016,330.8,29.0,26.7,0.42,0,3.3926,2.1826747963214883,0,0,0,0,0,1,0,0,0,0,1,0,0,0,0.341
2016,991.8,27.6,52.3,0.31,0,29.2179,1.0260415958332743,1,0,0,0,0,0,0,0,0,0,1,0,1,0,0.339
2016,1048.5,28.2,52.3,0.89,0,11.6222,1.7047480922384253,1,0,0,1,0,0,0,0,0,0,0,0,0,1,0.339
2016,474.1,29.4,52.3,0.2,0,5.8305,2.299580583973747,0,0,0,0,0,0,0,0,0,1,0,1,0,0,0.339
2016,210.1,28.6,52.3,0.2,0,7.5252,2.0731719286662407,0,0,0,1,0,0,0,0,0,0,1,0,0,0,0.339
2016,811.7,23.1,32.4,0.62,0,3.0252,2.460443177609626,1,0,0,0,0,0,0,0,0,0,1,0,1,0,0.628
2016,567.9,21.8,32.4,2.11,0,5.209,1.9768549529047348,1,0,0,1,0,0,0,0,0,1,0,1,0,0,0.628
2016,349.1,26.0,32.4,0.25,0,29.7248,0.7371640659767197,0,0,0,0,0,0,0,0,0,0,1,0,0,0,0.628
2016,167.2,25.0,32.4,0.2,0,2.4324,2.6616571615324998,0,0,0,1,0,0,0,0,0,0,1,0,0,0,0.628
2016,185.5,32.6,41.4,0.38,1,24.0698,1.000631880307906,1,0,0,0,0,0,1,0,0,0,1,0,0,0,0.251
2016,168.4,32.0,41.4,0.2,1,4.8763,2.2502386126218363,1,0,0,0,0,0,0,0,0,0,1,0,0,0,0.251
2016,280.3,30.6,41.4,0.29,1,3.2394,2.6232182655855123,1,0,0,1,0,0,0,0,0,0,1,0,0,0,0.251
2016,191.8,31.3,41.4,0.32,1,10.197,1.6213664832993742,0,0,0,0,0,0,1,0,0,0,0,0,0,0,0.251
2016,345.9,35.1,41.4,0.2,1,9.0591,1.7173950539391927,0,0,0,0,0,0,0,0,0,0,0,0,0,0,0.251
2016,195.1,34.8,41.4,0.23,1,4.0509,2.4176979000945504,0,0,0,1,0,0,0,0,0,0,0,0,0,0,0.251
2016,231.0,35.5,27.0,0.3,1,3.1359,2.262804222982201,1,0,0,0,0,0,1,0,0,0,0,0,0,0,0.239
2016,232.6,32.5,27.0,0.2,1,2.0979,2.6297282343267403,1,0,0,0,0,0,0,0,0,0,0,0,0,0,0.239
2016,198.6,33.9,27.0,0.2,1,2.4954,2.469793011977952,1,0,0,1,0,0,0,0,0,0,0,0,0,0,0.239
2016,182.6,32.1,27.0,0.33,1,5.1823,1.8261608959453874,0,0,0,0,0,0,1,0,0,0,1,0,0,0,0.239
2016,241.8,33.6,27.0,0.2,1,5.6017,1.7613002617433464,0,0,0,0,0,0,0,0,0,0,1,0,0,0,0.239
2016,188.2,32.6,27.0,0.2,1,3.1395,2.2617630984737906,0,0,0,1,0,0,0,0,0,1,0,0,0,0,0.239
2016,112.2,36.2,11.8,0.2,1,4.5736,1.275362800412609,1,0,0,0,0,0,1,0,0,0,1,0,0,0,0.215
2016,348.5,35.6,11.8,0.2,1,1.5691,2.1424163408412245,1,0,0,0,0,0,0,0,0,1,0,0,0,0,0.215
2016,211.6,34.1,11.8,0.2,1,0.8563,2.6932749155200555,1,0,0,1,0,0,0,0,0,0,1,0,0,0,0.215
2016,165.7,35.9,11.8,0.2,1,0.852,2.6979998652487085,0,0,0,0,0,0,1,0,0,0,1,0,0,0,0.215
2016,215.4,33.4,11.8,0.2,1,2.428,1.7681496035889213,0,0,0,0,0,0,0,0,0,0,1,0,0,0,0.215
2016,262.6,33.6,11.8,0.2,1,15.7333,0.5596157879354227,0,0,0,1,0,0,0,0,0,0,0,0,0,0,0.215
2016,250.5,35.4,15.5,0.21,1,2.9524,1.8325814637483102,1,0,0,0,0,0,1,0,0,0,1,0,0,0,0.216
2016,119.3,35.3,15.5,0.2,1,17.033,0.6471032420585384,1,0,0,0,0,0,0,0,0,0,0,0,0,0,0.216
2016,178.8,33.5,15.5,0.23,1,1.2034,2.6304489550786583,1,0,0,1,0,0,0,0,0,1,0,0,0,0,0.216
2016,102.8,36.1,15.5,0.2,1,23.4848,0.5068176023684519,0,0,0,0,0,0,1,0,0,0,1,0,0,0,0.216
2016,129.9,35.9,15.5,0.2,1,1.2622,2.5862591440482876,0,0,0,0,0,0,0,0,0,1,0,0,0,0,0.216
2016,50.0,33.7,15.5,0.2,1,1.8496,2.238579763018133,0,0,0,1,0,0,0,0,0,0,0,0,0,0,0.216
2016,477.3,23.2,55.0,0.38,0,6.1937,2.2905125117597764,1,0,0,0,0,0,0,0,0,1,0,1,0,0,1.081
2016,470.6,20.9,55.0,1.97,0,12.7021,1.673351238177753,1,0,0,1,0,0,0,0,0,0,0,1,0,0,1.081
2016,135.1,24.4,55.0,0.2,0,17.4051,1.425515074273172,0,0,0,0,0,0,0,0,0,0,1,0,0,0,1.081
2016,372.5,24.2,55.0,1.66,0,18.8356,1.366091653802371,0,0,0,1,0,0,0,0,0,0,0,0,0,0,1.081
2016,206.1,26.6,34.5,0.2,0,3.5457,2.373043556642607,1,0,0,0,0,0,0,0,0,0,1,0,0,0,0.34
2016,503.3,27.1,34.5,0.62,0,4.6123,2.1377104498038118,1,0,0,1,0,0,0,0,0,0,0,1,0,0,0.34
2016,153.5,27.9,34.5,0.2,0,3.8634,2.295560478057081,0,0,0,0,0,0,0,0,0,0,1,0,0,0,0.34
2016,246.4,25.3,34.5,0.65,0,3.0804,2.501435951739211,0,0,0,1,0,0,0,0,0,1,0,0,0,0,0.34
2016,842.0,21.7,30.7,0.35,0,12.7917,1.2237754316221157,1,0,0,0,0,0,0,0,0,0,1,0,1,0,0.617
2016,578.3,24.9,30.7,1.27,0,3.9664,2.167910189667444,1,0,0,1,0,0,0,0,0,0,1,1,0,0,0.617
2016,445.9,21.9,30.7,0.47,0,2.4211,2.615934912194404,0,0,0,0,0,0,0,0,0,0,0,1,0,0,0.617
2016,245.0,22.4,30.7,0.2,0,8.8473,1.4973884086254776,0,0,0,1,0,0,0,0,0,1,0,0,0,0,0.617
2016,796.0,19.9,53.8,1.28,0,21.7814,1.244154593958768,1,0,0,0,0,0,0,0,1,0,1,0,1,0,1.385
2016,770.3,17.3,53.8,0.82,0,17.2436,1.415853163361435,1,0,0,0,0,0,0,0,0,1,0,0,1,0,1.385
2016,563.9,18.5,53.8,1.65,0,4.8556,2.4915511925066687,1,0,0,1,0,0,0,0,0,1,0,1,0,0,1.385
2016,532.8,18.3,53.8,2.04,0,5.8225,2.3263016196113617,0,0,0,0,0,0,0,0,1,0,1,1,0,0,1.385
2016,246.8,19.6,53.8,0.2,0,15.8235,1.4816045409242156,0,0,0,0,0,0,0,0,0,0,1,0,0,0,1.385
2016,574.2,17.4,53.8,0.69,0,4.6823,2.5249283241374862,0,0,0,1,0,0,0,0,0,1,0,1,0,0,1.385
2016,1207.3,23.6,27.8,0.76,0,1.9015,2.7485521444115397,1,0,0,0,0,0,0,0,0,0,0,0,0,1,1.472
2016,921.5,20.2,27.8,1.95,0,2.4866,2.4997952622817508,1,0,0,1,0,0,0,0,0,0,0,0,1,0,1.472
2016,564.5,24.0,27.8,0.48,0,6.3182,1.6863989535702288,0,0,0,0,0,0,0,0,0,0,0,1,0,0,1.472
2016,631.7,22.4,27.8,1.16,0,45.5738,0.4762341789963716,0,0,0,1,0,0,0,0,0,0,1,1,0,0,1.472
2016,940.4,23.0,36.5,0.58,0,4.2992,2.2502386126218363,1,0,0,0,0,0,0,0,0,0,0,0,1,0,1.511
2016,1297.6,22.1,36.5,4.02,0,2.8808,2.6152036507358583,1,0,0,1,0,0,0,0,0,0,0,0,0,1,1.511
2016,784.7,20.8,36.5,1.12,0,5.4887,2.0347056478384444,1,1,0,0,0,0,0,0,0,1,0,0,1,0,1.511
2016,198.8,20.3,36.5,0.2,0,2.6071,2.70805020110221,0,0,0,0,0,0,0,0,0,1,0,0,0,0,1.511
2016,616.1,23.7,36.5,1.32,0,4.1667,2.278292400425001,0,0,0,1,0,0,0,0,0,0,0,1,0,0,1.511
2016,261.8,24.2,36.5,0.36,0,10.1108,1.528227857008557,0,1,0,0,0,0,0,0,0,0,0,0,0,0,1.511
2016,1098.1,23.1,71.1,0.82,0,9.6735,2.122261538862764,1,0,0,0,0,0,0,0,0,1,0,0,0,1,1.053
2016,553.9,23.5,71.1,1.88,0,5.3179,2.6651427000909336,1,0,0,1,0,0,0,0,0,0,1,1,0,0,1.053
2016,261.5,24.8,71.1,0.2,0,13.1181,1.8594181177018698,0,0,0,0,0,0,0,0,0,0,1,0,0,0,1.053
2016,394.1,23.3,71.1,0.25,0,4.9409,2.733717947850788,0,0,0,1,0,0,0,0,0,1,0,0,0,0,1.053
2016,970.3,23.9,58.2,0.65,0,54.9057,0.7227059828014898,1,0,0,0,0,0,0,0,0,0,1,0,1,0,1.369
2016,1155.5,21.2,58.2,3.83,0,6.5174,2.295560478057081,1,0,0,1,0,0,0,0,0,1,0,0,0,1,1.369
2016,960.0,21.1,58.2,1.1,0,4.2984,2.6769034721053733,0,0,0,0,0,0,0,0,0,1,0,0,1,0,1.369
2016,904.6,22.7,58.2,2.24,0,18.535,1.420695787837223,0,0,0,1,0,0,0,0,0,0,1,0,1,0,1.369
2016,510.6,22.9,26.1,0.25,0,1.8419,2.719319793360441,1,0,0,0,0,0,0,0,0,0,1,1,0,0,0.583
2016,590.4,23.7,26.1,0.77,0,2.1237,2.587011872725154,1,0,0,1,0,0,0,0,0,1,0,1,0,0,0.583
2016,124.7,21.8,26.1,0.2,0,2.2676,2.5265283244788197,0,0,0,0,0,0,0,0,0,0,0,0,0,0,0.583
2016,508.7,20.1,26.1,1.52,0,5.6009,1.7334238922150915,0,0,0,1,0,0,0,0,0,0,0,1,0,0,0.583
2016,697.8,18.6,56.5,1.82,0,43.7984,0.8285518175661483,1,0,0,0,0,0,0,0,1,1,0,1,0,0,1.391
2016,798.1,18.4,56.5,1.71,0,55.3922,0.7030975114131134,1,0,0,0,0,0,0,0,0,0,1,0,1,0,1.391
2016,841.5,18.8,56.5,1.56,0,6.4205,2.2823823856765264,1,0,0,1,0,0,0,0,0,0,1,0,1,0,1.391
2016,600.5,18.3,56.5,2.12,0,6.0753,2.33214389523559,0,0,0,0,0,0,0,0,1,0,1,1,0,0,1.391
2016,679.2,18.9,56.5,0.64,0,4.9736,2.514465452029545,0,0,0,0,0,0,0,0,0,0,1,1,0,0,1.391
2016,551.8,19.9,56.5,1.38,0,7.5434,2.138889000323256,0,0,0,1,0,0,0,0,0,0,1,1,0,0,1.391
2016,810.7,14.2,95.8,0.85,0,6.927,2.696652156149841,1,0,0,0,0,0,0,0,0,0,1,0,1,0,1.144
2016,688.0,18.6,95.8,1.82,0,7.6213,2.6078614738467776,1,0,0,1,0,0,0,0,0,0,1,1,0,0,1.144
2016,444.1,17.1,95.8,0.57,0,7.313,2.6461747973841225,0,0,0,0,0,0,0,0,0,0,1,1,0,0,1.144
2016,382.5,18.0,95.8,1.13,0,8.316,2.5273273656719524,0,0,0,1,0,0,0,0,0,0,0,0,0,0,1.144
2016,853.2,20.4,48.2,0.84,0,3.8871,2.5952547069568657,1,0,0,0,0,0,0,0,0,0,1,0,1,0,1.602
2016,910.8,23.0,48.2,2.96,0,4.5687,2.446685436967803,1,0,0,1,0,0,0,0,0,0,1,0,1,0,1.602
2016,982.9,21.0,48.2,0.94,0,4.5301,2.454447442303292,1,1,0,0,0,0,0,0,0,0,1,0,1,0,1.602
2016,1297.9,22.3,48.2,4.02,0,13.8905,1.4973884086254776,1,0,0,0,0,1,0,0,0,0,1,0,0,1,1.602
2016,867.6,20.5,48.2,0.73,0,4.2318,2.516889695641051,0,0,0,0,0,0,0,0,0,1,0,0,1,0,1.602
2016,750.7,19.3,48.2,1.65,0,10.2119,1.7439688053917064,0,0,0,1,0,0,0,0,0,1,0,0,1,0,1.602
2016,792.5,21.2,48.2,2.87,0,4.217,2.5201129055226197,0,1,0,0,0,0,0,0,0,1,0,0,1,0,1.602
2016,930.5,19.4,48.2,1.63,0,15.3503,1.420695787837223,0,0,0,0,0,1,0,0,0,0,0,0,1,0,1.602
2016,353.7,30.4,16.7,0.2,1,2.6217,1.9974177062012453,1,0,0,0,0,0,0,0,0,0,1,0,0,0,0.243
2016,251.9,31.2,16.7,0.2,1,1.665,2.400618833265411,1,0,0,1,0,0,0,0,0,1,0,0,0,0,0.243
2016,257.4,32.4,16.7,0.2,1,3.2874,1.8050046959780757,0,0,0,0,0,0,0,0,0,0,1,0,0,0,0.243
2016,225.0,31.1,16.7,0.2,1,1.8054,2.327277705584417,0,0,0,1,0,0,0,0,0,0,1,0,0,0,0.243
2016,260.0,32.0,25.9,0.2,1,1.7583,2.7555697170701863,1,0,0,0,0,0,0,0,0,0,1,0,0,0,0.212
2016,293.1,31.2,25.9,0.2,1,4.924,1.8341801851120072,1,0,0,1,0,0,0,0,0,1,0,0,0,0,0.212
2016,226.8,31.2,25.9,0.2,1,3.0471,2.2512917986064953,0,0,0,0,0,0,0,0,0,0,0,0,0,0,0.212
2016,183.0,31.3,25.9,0.2,1,3.4859,2.131796772013764,0,0,0,1,0,0,0,0,0,0,0,0,0,0,0.212
2017,811.6,17.2,156.9,9.41,0,23.845,2.0255131996542803,1,0,0,0,0,0,0,0,1,0,0,0,1,0,3.582
2017,889.8,16.5,156.9,1.59,0,11.5965,2.6762154775821916,1,0,0,0,0,0,0,0,0,0,0,0,1,0,3.582
2017,845.8,18.0,156.9,5.12,0,11.4359,2.6892071133007303,1,0,0,1,0,0,0,0,0,0,0,0,1,0,3.582
2017,654.6,17.3,156.9,5.44,0,21.4052,2.1198634561787513,0,0,0,0,0,0,0,0,1,1,0,1,0,0,3.582
2017,497.8,16.6,156.9,1.04,0,74.0094,1.1378330018213911,0,0,0,0,0,0,0,0,0,0,0,1,0,0,3.582
2017,376.4,17.7,156.9,0.82,0,39.0299,1.6134299337036377,0,0,0,1,0,0,0,0,0,0,0,0,0,0,3.582
2017,919.1,16.7,124.2,5.87,0,11.5535,2.463853240590168,1,0,0,0,0,0,0,0,1,0,1,0,1,0,4.069
2017,1135.4,16.4,124.2,0.89,0,11.908,2.4362414778067194,1,0,0,0,0,0,0,0,0,0,1,0,0,1,4.069
2017,1389.1,16.3,124.2,2.53,0,10.3071,2.5687881337687024,1,0,0,1,0,0,0,0,0,1,0,0,0,1,4.069
2017,727.7,18.2,124.2,3.67,0,9.6429,2.6304489550786583,0,0,0,0,0,0,0,0,1,1,0,0,1,0,4.069
2017,873.8,16.9,124.2,1.44,0,34.5961,1.5238800240724537,0,0,0,0,0,0,0,0,0,1,0,0,1,0,4.069
2017,965.3,17.9,124.2,3.64,0,9.688,2.626116818339524,0,0,0,1,0,0,0,0,0,0,1,0,1,0,4.069
2017,1072.2,21.4,53.2,3.3,0,13.201,1.6154199841116479,1,0,0,0,0,0,0,0,1,0,0,0,0,1,3.973
2017,729.9,18.2,53.2,0.72,0,12.3434,1.6695918352538475,1,0,0,0,0,0,0,0,0,1,0,0,1,0,3.973
2017,756.0,19.5,53.2,1.78,0,32.0482,0.9783261227936076,1,0,0,1,0,0,0,0,0,1,0,0,1,0,3.973
2017,1228.0,20.4,53.2,4.12,0,4.9673,2.460443177609626,1,0,0,0,1,0,0,0,0,0,0,0,0,1,3.973
2017,347.1,20.0,53.2,0.3,0,3.8635,2.6925980965432883,0,0,0,0,0,0,0,0,1,0,0,0,0,0,3.973
2017,525.7,17.8,53.2,0.69,0,43.252,0.8020015854720274,0,0,0,0,0,0,0,0,0,0,0,1,0,0,3.973
2017,586.5,19.3,53.2,1.49,0,8.7356,1.958685340544036,0,0,0,1,0,0,0,0,0,1,0,1,0,0,3.973
2017,543.6,18.2,53.2,1.19,0,3.7073,2.731115474033206,0,0,0,0,1,0,0,0,0,0,0,1,0,0,3.973
2017,1036.5,17.2,112.6,1.62,0,8.0028,2.712706012638404,1,0,0,0,0,0,0,0,0,0,0,0,0,1,2.798
2017,1242.1,19.4,112.6,6.28,0,28.4343,1.601405740736836,1,0,0,1,0,0,0,0,0,0,0,0,0,1,2.798
2017,1392.3,17.1,112.6,5.94,0,76.5986,0.9042181506398859,1,0,0,0,0,0,0,1,0,1,0,0,0,1,2.798
2017,420.4,19.4,112.6,0.23,0,15.9264,2.0881534822818573,0,0,0,0,0,0,0,0,0,1,0,1,0,0,2.798
2017,631.5,17.9,112.6,1.12,0,8.4598,2.6609585935683597,0,0,0,1,0,0,0,0,0,0,0,1,0,0,2.798
2017,336.7,18.7,112.6,0.24,0,9.2599,2.5771819258971713,0,0,0,0,0,0,0,1,0,0,1,0,0,0,2.798
2017,899.6,19.0,122.0,1.77,0,9.3059,2.6468837658647226,1,0,0,0,0,0,0,0,0,1,0,0,1,0,2.502
2017,1204.2,20.3,122.0,3.59,0,132.6087,0.6523251860396903,1,0,0,1,0,0,0,0,0,0,1,0,0,1,2.502
2017,427.9,18.1,122.0,0.3,0,46.9231,1.2809338454620642,0,0,0,0,0,0,0,0,0,0,0,1,0,0,2.502
2017,397.0,17.2,122.0,0.62,0,22.3853,1.864080130807681,0,0,0,1,0,0,0,0,0,0,0,0,0,0,2.502
2017,1324.7,21.4,100.7,1.5,0,7.0469,2.727199019940971,1,0,0,0,0,0,0,0,0,0,0,0,0,1,2.346
2017,1252.8,19.3,100.7,2.13,0,8.6586,2.5360749363624,1,0,0,1,0,0,0,0,0,0,0,0,0,1,2.346
2017,853.2,19.8,100.7,0.41,0,17.4221,1.9139771019523042,0,0,0,0,0,0,0,0,0,1,0,0,1,0,2.346
2017,830.5,18.1,100.7,2.94,0,11.5614,2.2731562823032334,0,0,0,1,0,0,0,0,0,0,0,0,1,0,2.346
2017,1236.9,18.7,101.5,0.99,0,9.5127,2.4570214462984645,1,0,0,0,0,0,0,0,0,1,0,0,0,1,2.552
2017,1065.3,17.6,101.5,1.62,0,9.6667,2.4423470353692043,1,0,0,1,0,0,0,0,0,0,1,0,0,1,2.552
2017,1022.5,20.2,101.5,1.14,0,10.7068,2.349468678892896,0,0,0,0,0,0,0,0,0,0,1,0,0,1,2.552
2017,730.9,20.2,101.5,1.72,0,10.3996,2.3758355547336385,0,0,0,1,0,0,0,0,0,1,0,0,1,0,2.552
2017,1412.7,17.3,119.0,1.09,0,9.8919,2.567254391136754,1,0,0,0,0,0,0,0,0,1,0,0,0,1,2.398
2017,1512.6,19.7,119.0,3.06,0,8.6608,2.6905648867611904,1,0,0,1,0,0,0,0,0,0,0,0,0,1,2.398
2017,1048.0,21.2,119.0,1.13,0,26.0965,1.715598108262491,0,0,0,0,0,0,0,0,0,1,0,0,0,1,2.398
2017,1109.3,19.2,119.0,4.05,0,158.6667,0.5596157879354227,0,0,0,1,0,0,0,0,0,0,0,0,0,1,2.398
2017,1703.5,19.8,65.8,1.47,0,6.5998,2.395164274287139,1,0,0,0,0,0,0,0,0,0,1,0,0,1,1.579
2017,1554.6,22.3,65.8,3.45,0,32.5743,1.1052568313867783,1,0,0,1,0,0,0,0,0,0,1,0,0,1,1.579
2017,794.5,22.0,65.8,0.35,0,7.5894,2.269028309465203,0,0,0,0,0,0,0,0,0,0,1,0,1,0,1.579
2017,1174.0,17.9,65.8,0.76,0,9.7481,2.0476928433652555,0,0,0,1,0,0,0,0,0,1,0,0,0,1,1.579
2017,1171.6,19.0,85.2,1.88,0,8.6322,2.386006701133118,1,0,0,0,0,0,0,0,0,0,0,0,0,1,3.983
2017,1080.8,16.2,85.2,0.9,0,13.9444,1.9615022438151495,1,0,0,1,0,0,0,0,0,0,0,0,0,1,3.983
2017,1594.7,17.6,85.2,8.24,0,33.0233,1.275362800412609,1,0,0,0,0,0,0,1,0,0,0,0,0,1,3.983
2017,1009.5,16.8,85.2,5.63,0,6.8765,2.5945081597030812,1,0,0,0,1,0,0,0,0,0,1,0,0,1,3.983
2017,1050.6,18.9,85.2,0.69,0,72.2034,0.7793248768009976,0,0,0,0,0,0,0,0,0,0,1,0,0,1,3.983
2017,1560.4,18.5,85.2,3.62,0,6.2009,2.6905648867611904,0,0,0,1,0,0,0,0,0,1,0,0,0,1,3.983
2017,907.7,16.8,85.2,2.47,0,6.3018,2.67552700939665,0,0,0,0,0,0,0,1,0,0,0,0,1,0,3.983
2017,602.2,17.4,85.2,2.78,0,12.6597,2.0451088625993306,0,0,0,0,1,0,0,0,0,0,0,1,0,0,3.983
2017,1071.7,16.7,75.2,1.12,0,5.6541,2.6602595372658615,1,0,0,0,0,0,0,0,0,0,0,0,0,1,2.733
2017,1770.6,16.2,75.2,3.1,0,5.3753,2.7073833121145063,1,0,0,1,0,0,0,0,0,1,0,0,0,1,2.733
2017,1100.0,18.9,75.2,1.21,0,7.387,2.414126467726953,1,0,0,0,0,0,0,1,0,1,0,0,0,1,2.733
2017,438.0,17.1,75.2,0.2,0,131.9298,0.4510756193602166,0,0,0,0,0,0,0,0,0,1,0,1,0,0,2.733
2017,1404.5,16.8,75.2,2.23,0,10.8514,2.0706530356467567,0,0,0,1,0,0,0,0,0,0,0,0,0,1,2.733
2017,407.7,19.8,75.2,0.31,0,44.2353,0.9932517730102833,0,0,0,0,0,0,0,1,0,0,0,1,0,0,2.733
2017,812.5,16.8,73.8,1.01,0,6.0591,2.578700529074361,1,0,0,0,0,0,0,0,0,1,0,0,1,0,1.242
2017,710.5,15.9,73.8,1.39,0,19.4723,1.5665304114228238,1,0,0,1,0,0,0,0,0,0,1,0,1,0,1.242
2017,1183.1,15.0,73.8,2.63,0,10.8689,2.052840859882657,1,0,0,0,0,0,0,1,0,1,0,0,0,1,1.242
2017,879.1,16.5,73.8,1.49,0,11.865,1.9768549529047348,1,0,1,0,0,0,0,0,0,0,1,0,1,0,1.242
2017,619.6,17.0,73.8,0.48,0,11.1312,2.0320878452963655,0,0,0,0,0,0,0,0,0,1,0,1,0,0,1.242
2017,733.9,15.1,73.8,1.3,0,12.1582,1.9558604799084813,0,0,0,1,0,0,0,0,0,0,0,0,1,0,1.242
2017,716.1,16.2,73.8,1.13,0,9.8663,2.1377104498038118,0,0,0,0,0,0,0,1,0,0,1,0,1,0,1.242
2017,772.0,17.4,73.8,0.85,0,4.9831,2.7606426512213806,0,0,1,0,0,0,0,0,0,0,1,0,1,0,1.242
2017,798.9,17.4,44.1,0.48,0,35.28,0.8109302162163288,1,0,0,0,0,0,0,0,0,0,1,0,1,0,1.371
2017,788.8,19.1,44.1,1.47,0,3.1658,2.703372611551099,1,0,0,1,0,0,0,0,0,0,0,0,1,0,1.371
2017,949.4,17.6,44.1,2.85,0,3.5308,2.6019486702196644,1,0,0,0,0,0,0,1,0,0,0,0,1,0,1.371
2017,864.8,18.4,44.1,1.23,0,3.9946,2.488234439880675,1,0,1,0,0,0,0,0,0,1,0,0,1,0,1.371
2017,931.7,19.3,44.1,0.88,0,6.3913,2.066862759472976,0,0,0,0,0,0,0,0,0,0,0,0,1,0,1.371
2017,875.6,16.9,44.1,0.99,0,10.2797,1.665818245870208,0,0,0,1,0,0,0,0,0,0,0,0,1,0,1.371
2017,548.1,17.5,44.1,0.79,0,4.1525,2.4527277514237653,0,0,0,0,0,0,0,1,0,1,0,1,0,0,1.371
2017,937.6,18.2,44.1,1.14,0,8.0036,1.873339456220478,0,0,1,0,0,0,0,0,0,0,1,0,1,0,1.371
2017,1127.3,18.3,74.0,0.95,0,139.6226,0.4252677354043441,1,0,0,0,0,0,0,0,0,0,1,0,0,1,0.987
2017,920.7,14.9,74.0,1.36,0,27.5093,1.3056264580524357,1,0,0,1,0,0,0,0,0,0,0,0,1,0,0.987
2017,648.9,19.0,74.0,0.33,0,61.6667,0.7884573603642702,1,0,1,0,0,0,0,0,0,0,1,1,0,0,0.987
2017,407.4,17.6,74.0,0.23,0,5.4173,2.6851226964585053,0,0,0,0,0,0,0,0,0,0,1,1,0,0,0.987
2017,707.4,18.3,74.0,1.33,0,10.0543,2.1234584270966104,0,0,0,1,0,0,0,0,0,0,1,0,1,0,0.987
2017,381.9,16.8,74.0,0.2,0,5.5265,2.6665335208992764,0,0,1,0,0,0,0,0,0,1,0,0,0,0,0.987
2017,896.5,19.6,47.4,0.5,0,4.1762,2.513656063073986,1,0,0,0,0,0,0,0,0,0,1,0,1,0,1.215
2017,886.7,20.4,47.4,0.8,0,4.4549,2.454447442303292,1,0,0,1,0,0,0,0,0,0,1,0,1,0,1.215
2017,929.4,19.0,47.4,1.01,0,5.9773,2.189416394888408,1,0,1,0,0,0,0,0,0,0,1,0,1,0,1.215
2017,578.3,19.0,47.4,0.66,0,17.1739,1.324418957401803,1,0,0,0,0,1,0,0,0,1,0,1,0,0,1.215
2017,670.2,19.6,47.4,0.59,0,6.5651,2.1065702090680882,0,0,0,0,0,0,0,0,0,1,0,1,0,0,1.215
2017,894.8,18.1,47.4,0.95,0,4.2857,2.4898941912990393,0,0,0,1,0,0,0,0,0,0,1,0,1,0,1.215
2017,640.6,18.3,47.4,0.99,0,6.1719,2.1610215286722587,0,0,1,0,0,0,0,0,0,0,1,1,0,0,1.215
2017,754.9,19.2,47.4,0.67,0,3.1684,2.7700855920216627,0,0,0,0,0,1,0,0,0,0,1,0,1,0,1.215
2017,841.3,20.3,63.9,1.03,0,5.1161,2.6019486702196644,1,0,0,0,0,0,0,0,0,1,0,0,1,0,1.367
2017,684.1,20.4,63.9,0.71,0,15.3237,1.6428726885203377,1,0,0,1,0,0,0,0,0,1,0,1,0,0,1.367
2017,965.6,18.5,63.9,1.15,0,5.485,2.5376572151735295,1,0,1,0,0,0,0,0,0,1,0,0,1,0,1.367
2017,819.1,20.4,63.9,1.43,0,10.2077,1.9823798288367047,0,0,0,0,0,0,0,0,0,1,0,0,1,0,1.367
2017,874.6,19.8,63.9,2.54,0,12.9878,1.7783364488959144,0,0,0,1,0,0,0,0,0,1,0,0,1,0,1.367
2017,474.2,19.9,63.9,0.22,0,6.4415,2.390595970316759,0,0,1,0,0,0,0,0,0,0,1,1,0,0,1.367
2017,1006.5,17.8,64.8,1.02,0,5.8749,2.4874035299865875,1,0,0,0,0,0,0,0,0,1,0,0,0,1,1.854
2017,896.3,18.2,64.8,0.76,0,5.1225,2.613739521630969,1,0,0,1,0,0,0,0,0,1,0,0,1,0,1.854
2017,820.7,15.7,64.8,0.96,0,4.3725,2.761274962339508,1,0,1,0,0,0,0,0,0,0,1,0,1,0,1.854
2017,716.6,18.8,64.8,2.87,0,4.6121,2.711377991194885,1,0,0,0,1,0,0,0,0,0,1,0,1,0,1.854
2017,700.7,15.6,64.8,0.42,0,11.7604,1.873339456220478,0,0,0,0,0,0,0,0,0,0,1,0,1,0,1.854
2017,154.0,19.3,64.8,0.2,0,4.6055,2.712706012638404,0,0,0,1,0,0,0,0,0,0,1,0,0,0,1.854
2017,804.7,19.1,64.8,1.36,0,5.907,2.482403519569882,0,0,1,0,0,0,0,0,0,0,1,0,1,0,1.854
2017,452.6,16.0,64.8,3.51,0,25.8167,1.2556160374777743,0,0,0,0,1,0,0,0,0,0,0,1,0,0,1.854
2017,638.4,21.3,68.8,0.72,0,4.6051,2.768831673362069,1,0,0,0,0,0,0,0,0,0,0,1,0,0,1.181
2017,833.4,19.5,68.8,2.12,0,27.7419,1.247032293786383,1,0,0,1,0,0,0,0,0,0,1,0,1,0,1.181
2017,265.7,21.8,68.8,0.2,0,9.8286,2.0794415416798357,0,0,0,0,0,0,0,0,0,0,0,0,0,0,1.181
2017,50.0,21.0,68.8,0.2,0,9.5688,2.1029138978649784,0,0,0,1,0,0,0,0,0,0,0,0,0,0,1.181
2017,890.7,15.8,121.0,0.97,0,29.2978,1.6351056591826783,1,0,0,0,0,0,0,0,0,0,0,0,1,0,3.861
2017,841.4,15.1,121.0,1.28,0,26.7108,1.7101878155342434,1,0,0,1,0,0,0,0,0,0,0,0,1,0,3.861
2017,755.4,17.0,121.0,8.84,0,81.7568,0.9082585601768908,1,0,0,0,1,0,0,0,0,0,0,0,1,0,3.861
2017,624.9,16.1,121.0,0.51,0,13.3113,2.3115448343655176,0,0,0,0,0,0,0,0,0,0,1,1,0,0,3.861
2017,593.5,15.4,121.0,0.86,0,8.4556,2.7285062096695922,0,0,0,1,0,0,0,0,0,0,1,1,0,0,3.861
2017,715.6,17.2,121.0,4.57,0,14.3365,2.244955980157409,0,0,0,0,1,0,0,0,0,0,0,0,1,0,3.861
2017,729.4,22.2,16.5,0.2,0,5.0769,1.4469189829363254,1,0,0,0,0,0,0,0,0,0,1,0,1,0,0.496
2017,657.2,20.3,16.5,1.1,0,2.2759,2.1102132003465894,1,0,0,1,0,0,0,0,0,0,0,1,0,0,0.496
2017,50.0,21.7,16.5,0.2,0,2.4336,2.0515563381903004,0,0,0,0,0,0,0,0,0,0,1,0,0,0,0.496
2017,246.2,20.7,16.5,0.2,0,2.6613,1.9740810260220096,0,0,0,1,0,0,0,0,0,0,1,0,0,0,0.496
2017,642.8,21.5,48.7,0.41,0,9.0689,1.851599469584072,1,0,0,0,0,0,1,0,0,0,1,1,0,0,0.89
2017,706.5,22.7,48.7,0.73,0,3.3288,2.749192144433385,1,0,0,0,0,0,0,0,0,0,0,0,1,0,0.89
2017,628.9,23.8,48.7,1.97,0,13.0563,1.5539252025038417,1,0,0,1,0,0,0,0,0,0,0,1,0,0,0.89
2017,633.9,23.2,48.7,0.38,0,8.7276,1.884034745337226,0,0,0,0,0,0,1,0,0,0,1,1,0,0,0.89
2017,620.6,22.5,48.7,0.25,0,5.148,2.347558458636777,0,0,0,0,0,0,0,0,0,0,1,1,0,0,0.89
2017,372.5,22.5,48.7,0.7,0,4.4885,2.47232786758114,0,0,0,1,0,0,0,0,0,0,1,0,0,0,0.89
2017,677.7,23.9,11.7,0.58,0,0.9375,2.601207105484161,1,0,0,0,0,0,1,0,0,0,1,1,0,0,0.48
2017,769.0,25.4,11.7,0.2,0,0.8263,2.7186603802142257,1,0,0,0,0,0,0,0,0,0,1,0,1,0,0.48
2017,273.0,26.1,11.7,0.2,0,1.7282,2.050270164379556,1,0,0,1,0,0,0,0,0,0,1,0,0,0,0.48
2017,307.0,24.5,11.7,0.2,0,1.5684,2.135349173618132,0,0,0,0,0,0,1,0,0,0,1,0,0,0,0.48
2017,694.0,24.1,11.7,0.25,0,1.3311,2.281361456542419,0,0,0,0,0,0,0,0,0,0,1,1,0,0,0.48
2017,313.5,23.0,11.7,0.33,0,1.8083,2.010894999144726,0,0,0,1,0,0,0,0,0,0,1,0,0,0,0.48
2017,612.6,23.6,32.9,0.43,0,3.3469,2.382320061012899,1,0,0,0,0,0,1,0,0,1,0,1,0,0,0.455
2017,698.0,23.6,32.9,0.32,0,2.744,2.5641798306825083,1,0,0,0,0,0,0,0,0,0,1,1,0,0,0.455
2017,331.7,27.0,32.9,0.33,0,12.7519,1.275362800412609,1,0,0,1,0,0,0,0,0,0,1,0,0,0,0.455
2017,575.8,22.9,32.9,0.35,0,4.1646,2.186051276738094,0,0,0,0,0,0,1,0,0,1,0,1,0,0,0.455
2017,476.3,26.8,32.9,0.2,0,2.2816,2.7356653681351832,0,0,0,0,0,0,0,0,0,0,1,1,0,0,0.455
2017,646.9,23.5,32.9,1.29,0,7.3767,1.6974487897568136,0,0,0,1,0,0,0,0,0,0,0,1,0,0,0.455
2017,772.8,29.5,35.2,0.2,0,5.7895,1.9572739077056285,1,0,0,0,0,0,0,0,0,0,1,0,1,0,0.266
2017,988.5,26.7,35.2,0.49,0,5.2303,2.0451088625993306,1,0,0,1,0,0,0,0,0,0,1,0,1,0,0.266
2017,921.5,30.1,35.2,0.2,1,10.2924,1.4861396960896067,0,0,0,0,0,0,0,0,0,1,0,0,1,0,0.266
2017,623.0,29.3,35.2,0.2,0,3.4076,2.427454075039915,0,0,0,1,0,0,0,0,0,0,1,1,0,0,0.266
2017,711.8,27.3,10.9,0.2,0,19.1228,0.4510756193602166,1,0,0,0,0,0,0,0,0,0,1,0,1,0,0.661
2017,908.0,25.2,10.9,0.55,0,0.7864,2.698673039289613,1,0,0,1,0,0,0,0,0,0,0,0,1,0,0.661
2017,562.5,29.0,10.9,0.84,0,2.0881,1.827769906751088,1,1,0,0,0,0,0,0,0,0,0,1,0,0,0.661
2017,372.1,27.5,10.9,0.2,0,3.4936,1.415853163361435,0,0,0,0,0,0,0,0,0,1,0,0,0,0,0.661
2017,829.6,27.1,10.9,0.21,0,1.8475,1.9315214116032138,0,0,0,1,0,0,0,0,0,0,0,0,1,0,0.661
2017,685.3,30.4,10.9,0.49,1,5.3431,1.1118575154181303,0,1,0,0,0,0,0,0,0,0,1,1,0,0,0.661
2017,677.6,27.5,25.9,0.2,0,3.147,2.222459048514761,1,0,0,0,0,0,0,0,0,1,0,1,0,0,0.678
2017,982.1,26.7,25.9,0.35,0,15.0581,1.000631880307906,1,0,0,1,0,0,0,0,0,0,1,0,1,0,0.678
2017,653.9,26.6,25.9,1.3,0,5.0984,1.8050046959780757,1,1,0,0,0,0,0,0,0,0,0,1,0,0,0.678
2017,515.9,29.5,25.9,0.2,0,3.5479,2.1162555148025524,0,0,0,0,0,0,0,0,0,0,1,1,0,0,0.678
2017,924.7,28.1,25.9,0.32,0,5.6182,1.724550719534605,0,0,0,1,0,0,0,0,0,0,0,0,1,0,0.678
2017,260.5,29.5,25.9,0.2,0,4.1977,1.969905654611529,0,1,0,0,0,0,0,0,0,0,1,0,0,0,0.678
2017,630.4,28.4,17.3,0.2,0,3.6809,1.7404661748405046,1,0,0,0,0,0,0,0,0,0,1,1,0,0,0.341
2017,626.6,29.1,17.3,0.2,0,1.2482,2.698673039289613,1,0,0,1,0,0,0,0,0,0,0,1,0,0,0.341
2017,281.2,28.3,17.3,0.41,0,5.4747,1.425515074273172,1,0,0,0,0,1,0,0,0,0,1,0,0,0,0.341
2017,414.5,28.2,17.3,0.2,0,6.7054,1.275362800412609,0,0,0,0,0,0,0,0,0,1,0,1,0,0,0.341
2017,513.9,29.0,17.3,0.22,0,2.0281,2.254444717666111,0,0,0,1,0,0,0,0,0,0,1,1,0,0,0.341
2017,264.3,29.1,17.3,0.24,0,3.1004,1.884034745337226,0,0,0,0,0,1,0,0,0,1,0,0,0,0,0.341
2017,751.8,28.9,9.5,0.2,0,1.0567,2.301584592660462,1,0,0,0,0,0,0,0,0,0,1,0,1,0,0.339
2017,729.3,25.8,9.5,0.25,0,1.4729,2.0082140323914683,1,0,0,1,0,0,0,0,0,0,1,0,1,0,0.339
2017,511.6,29.1,9.5,0.2,0,0.6597,2.7343675094195836,0,0,0,0,0,0,0,0,0,0,1,1,0,0,0.339
2017,356.8,26.5,9.5,0.2,0,1.0698,2.2905125117597764,0,0,0,1,0,0,0,0,0,0,1,0,0,0,0.339
2017,943.5,24.1,34.4,0.36,0,2.3922,2.733067964077498,1,0,0,0,0,0,0,0,0,0,1,0,1,0,0.628
2017,798.2,22.9,34.4,0.98,0,10.5521,1.449269160281279,1,0,0,1,0,0,0,0,0,0,1,0,1,0,0.628
2017,287.4,23.6,34.4,0.2,0,2.9128,2.550226115908643,0,0,0,0,0,0,0,0,0,1,0,0,0,0,0.628
2017,414.9,24.1,34.4,0.41,0,6.5152,1.8373699804801074,0,0,0,1,0,0,0,0,0,0,1,1,0,0,0.628
2017,353.7,32.5,28.0,0.24,1,14.5078,1.0750024230289759,1,0,0,0,0,0,1,0,0,0,0,0,0,0,0.251
2017,259.2,33.6,28.0,0.2,1,1.9635,2.725235025856311,1,0,0,0,0,0,0,0,0,0,1,0,0,0,0.251
2017,179.4,33.1,28.0,0.2,1,38.3562,0.5481214085096876,1,0,0,1,0,0,0,0,0,0,1,0,0,0,0.251
2017,271.9,33.3,28.0,0.2,1,2.1358,2.6468837658647226,0,0,0,0,0,0,1,0,0,0,1,0,0,0,0.251
2017,121.2,31.4,28.0,0.2,1,14.7368,1.0647107369924282,0,0,0,0,0,0,0,0,0,0,0,0,0,0,0.251
2017,114.3,32.1,28.0,0.2,1,3.5897,2.174751721484161,0,0,0,1,0,0,0,0,0,1,0,0,0,0,0.251
2017,246.4,35.5,17.3,0.2,1,1.9222,2.302585092994046,1,0,0,0,0,0,1,0,0,0,1,0,0,0,0.239
2017,160.9,35.3,17.3,0.2,1,4.7658,1.5325568680981427,1,0,0,0,0,0,0,0,0,0,0,0,0,0,0.239
2017,238.4,33.6,17.3,0.2,1,1.3807,2.604909442182697,1,0,0,1,0,0,0,0,0,1,0,0,0,0,0.239
2017,134.1,31.8,17.3,0.2,1,2.5898,2.038619547159581,0,0,0,0,0,0,1,0,0,0,1,0,0,0,0.239
2017,185.3,32.1,17.3,0.2,1,1.2527,2.6953026282797072,0,0,0,0,0,0,0,0,0,1,0,0,0,0,0.239
2017,157.5,34.4,17.3,0.2,1,1.567,2.488234439880675,0,0,0,1,0,0,0,0,0,0,1,0,0,0,0.239
2017,234.5,37.1,36.9,0.2,1,46.7089,0.5822156198526637,1,0,0,0,0,0,1,0,0,1,0,0,0,0,0.215
2017,216.9,35.3,36.9,0.2,1,3.1838,2.532902848056256,1,0,0,0,0,0,0,0,0,1,0,0,0,0,0.215
2017,193.4,33.0,36.9,0.2,1,3.9849,2.3282528397426234,1,0,0,1,0,0,0,0,0,0,1,0,0,0,0.215
2017,89.9,34.4,36.9,0.2,1,5.5405,2.0360119837525,0,0,0,0,0,0,1,0,0,1,0,0,0,0,0.215
2017,172.2,35.9,36.9,0.2,1,7.165,1.8164520818184267,0,0,0,0,0,0,0,0,0,1,0,0,0,0,0.215
2017,53.2,33.7,36.9,0.2,1,14.084,1.2864740258376797,0,0,0,1,0,0,0,0,0,0,1,0,0,0,0.215
2017,184.8,33.5,9.8,0.2,1,0.8355,2.543961412569315,1,0,0,0,0,0,1,0,0,0,1,0,0,0,0.216
2017,176.9,34.1,9.8,0.2,1,1.2421,2.1849270495258133,1,0,0,0,0,0,0,0,0,0,1,0,0,0,0.216
2017,178.8,35.0,9.8,0.2,1,0.9057,2.469793011977952,1,0,0,1,0,0,0,0,0,0,1,0,0,0,0.216
2017,388.3,35.2,9.8,0.2,1,0.7603,2.6311691567662523,0,0,0,0,0,0,1,0,0,1,0,0,0,0,0.216
2017,63.9,35.2,9.8,0.2,1,0.8333,2.546315277916644,0,0,0,0,0,0,0,0,0,0,1,0,0,0,0.216
2017,171.4,36.8,9.8,0.2,1,0.9351,2.4406063908914204,0,0,0,1,0,0,0,0,0,1,0,0,0,0,0.216
2017,551.9,23.0,51.5,0.55,0,7.4855,2.064327903869788,1,0,0,0,0,0,0,0,0,0,1,1,0,0,1.081
2017,598.7,23.8,51.5,1.47,0,3.4402,2.770711962226921,1,0,0,1,0,0,0,0,0,0,0,1,0,0,1.081
2017,229.3,22.6,51.5,0.2,0,3.8148,2.6741486494265287,0,0,0,0,0,0,0,0,0,0,1,0,0,0,1.081
2017,403.5,23.1,51.5,1.37,0,5.0889,2.4087452888224363,0,0,0,1,0,0,0,0,0,0,0,1,0,0,1.081
2017,237.8,26.3,33.0,0.2,0,6.1111,1.8562979903656263,1,0,0,0,0,0,0,0,0,0,1,0,0,0,0.34
2017,382.5,26.4,33.0,0.29,0,58.9286,0.44468582126144574,1,0,0,1,0,0,0,0,0,0,1,0,0,0,0.34
2017,317.3,27.4,33.0,0.2,0,2.4481,2.6727683869575705,0,0,0,0,0,0,0,0,0,0,0,0,0,0,0.34
2017,258.4,24.8,33.0,0.25,0,2.8424,2.534490149976828,0,0,0,1,0,0,0,0,0,0,1,0,0,0,0.34
2017,565.9,22.9,10.2,0.2,0,0.6953,2.7517480563679295,1,0,0,0,0,0,0,0,0,1,0,1,0,0,0.617
2017,731.6,23.4,10.2,0.66,0,0.7913,2.6311691567662523,1,0,0,1,0,0,0,0,0,0,1,0,1,0,0.617
2017,367.2,22.2,10.2,0.2,0,2.8255,1.528227857008557,0,0,0,0,0,0,0,0,0,1,0,0,0,0,0.617
2017,174.8,25.7,10.2,0.2,0,1.1538,2.286455711064162,0,0,0,1,0,0,0,0,0,0,0,0,0,0,0.617
2017,1008.3,21.1,23.2,0.75,0,2.32,2.3978952727983707,1,0,0,0,0,0,0,0,1,1,0,0,0,1,1.385
2017,530.8,17.5,23.2,0.23,0,1.8253,2.6181254935742233,1,0,0,0,0,0,0,0,0,0,1,1,0,0,1.385
2017,811.0,20.7,23.2,1.43,0,3.4679,2.0399207835175526,1,0,0,1,0,0,0,0,0,0,1,0,1,0,1.385
2017,579.4,20.6,23.2,1.09,0,8.6567,1.3029127521808397,0,0,0,0,0,0,0,0,1,0,0,1,0,0,1.385
2017,539.2,21.3,23.2,0.44,0,7.2956,1.430311246536665,0,0,0,0,0,0,0,0,0,1,0,1,0,0,1.385
2017,50.0,20.1,23.2,0.2,0,14.1463,0.9707789171582248,0,0,0,1,0,0,0,0,0,1,0,0,0,0,1.385
2017,1021.7,21.6,34.4,0.79,0,4.7978,2.1004689088719113,1,0,0,0,0,0,0,0,0,0,0,0,0,1,1.472
2017,1198.6,22.0,34.4,2.1,0,15.6364,1.1631508098056809,1,0,0,1,0,0,0,0,0,1,0,0,0,1,1.472
2017,905.7,21.4,34.4,0.47,0,25.2941,0.8586616190375187,0,0,0,0,0,0,0,0,0,0,1,0,1,0,1.472
2017,519.1,22.2,34.4,0.82,0,3.4888,2.3850863145057892,0,0,0,1,0,0,0,0,0,0,1,1,0,0,1.472
2017,1111.4,20.8,67.9,1.16,0,7.7956,2.2731562823032334,1,0,0,0,0,0,0,0,0,0,1,0,0,1,1.511
2017,1153.6,23.3,67.9,2.34,0,77.1591,0.6312717768418579,1,0,0,1,0,0,0,0,0,0,0,0,0,1,1.511
2017,1599.4,23.8,67.9,2.86,0,8.5194,2.1938856760707046,1,1,0,0,0,0,0,0,0,0,0,0,0,1,1.511
2017,671.0,21.9,67.9,0.55,0,13.5529,1.7934247485471162,0,0,0,0,0,0,0,0,0,1,0,1,0,0,1.511
2017,880.1,23.0,67.9,0.92,0,5.7348,2.552565298261815,0,0,0,1,0,0,0,0,0,1,0,0,1,0,1.511
2017,1048.2,22.7,67.9,2.26,0,8.3518,2.211565694606877,0,1,0,0,0,0,0,0,0,0,1,0,0,1,1.511
2017,1078.6,23.6,50.1,0.62,0,6.17,2.21046980408624,1,0,0,0,0,0,0,0,0,1,0,0,0,1,1.053
2017,931.2,25.2,50.1,0.87,0,23.6321,1.1378330018213911,1,0,0,1,0,0,0,0,0,0,1,0,1,0,1.053
2017,669.1,23.2,50.1,0.38,0,4.9604,2.4069451083182885,0,0,0,0,0,0,0,0,0,0,0,1,0,0,1.053
2017,447.2,23.0,50.1,0.2,0,6.4729,2.167910189667444,0,0,0,1,0,0,0,0,0,0,1,1,0,0,1.053
2017,494.7,21.3,60.9,0.2,0,65.4839,0.6575200029167941,1,0,0,0,0,0,0,0,0,1,0,1,0,0,1.369
2017,1308.3,20.7,60.9,2.69,0,6.465,2.343727036325221,1,0,0,1,0,0,0,0,0,0,1,0,0,1,1.369
2017,694.0,23.4,60.9,0.44,0,45.1111,0.8544153281560676,0,0,0,0,0,0,0,0,0,0,1,1,0,0,1.369
2017,631.0,22.9,60.9,0.66,0,8.4819,2.1016921506146558,0,0,0,1,0,0,0,0,0,0,1,1,0,0,1.369
2017,604.2,20.2,29.4,0.22,0,2.3023,2.6224923127405635,1,0,0,0,0,0,0,0,0,0,1,1,0,0,0.583
2017,517.8,21.8,29.4,0.59,0,2.6727,2.4849066497880004,1,0,0,1,0,0,0,0,0,0,1,1,0,0,0.583
2017,152.3,22.2,29.4,0.2,0,2.2239,2.6546494243750947,0,0,0,0,0,0,0,0,0,1,0,0,0,0,0.583
2017,183.0,23.1,29.4,0.2,0,2.2563,2.6411978941143697,0,0,0,1,0,0,0,0,0,0,1,0,0,0,0.583
2017,1052.5,18.2,86.8,2.51,0,82.6667,0.7178397931503169,1,0,0,0,0,0,0,0,1,0,1,0,0,1,1.391
2017,1280.0,18.1,86.8,0.75,0,7.8198,2.4932054526026954,1,0,0,0,0,0,0,0,0,0,1,0,0,1,1.391
2017,1005.9,19.4,86.8,2.96,0,11.7139,2.1294214739848565,1,0,0,1,0,0,0,0,0,0,0,0,0,1,1.391
2017,330.6,18.5,86.8,0.44,0,8.7412,2.391511302188447,0,0,0,0,0,0,0,0,1,0,1,0,0,0,1.391
2017,507.4,17.9,86.8,0.46,0,10.26,2.247072383063787,0,0,0,0,0,0,0,0,0,0,0,1,0,0,1.391
2017,230.2,16.8,86.8,0.2,0,7.7639,2.4997952622817508,0,0,0,1,0,0,0,0,0,0,1,0,0,0,1.391
2017,1167.1,18.0,61.0,1.39,0,15.0246,1.6213664832993742,1,0,0,0,0,0,0,0,0,0,0,0,0,1,1.144
2017,655.9,16.8,61.0,0.94,0,17.9941,1.4793292270870801,1,0,0,1,0,0,0,0,0,1,0,1,0,0,1.144
2017,520.0,16.4,61.0,0.42,0,25.7384,1.2149127443642704,0,0,0,0,0,0,0,0,0,1,0,1,0,0,1.144
2017,222.3,17.9,61.0,0.2,0,5.0164,2.5771819258971713,0,0,0,1,0,0,0,0,0,1,0,0,0,0,1.144
2017,782.7,20.4,73.7,0.69,0,5.3098,2.700018029404946,1,0,0,0,0,0,0,0,0,1,0,0,1,0,1.602
2017,1300.8,18.1,73.7,1.8,0,6.1622,2.561867690924129,1,0,0,1,0,0,0,0,0,0,0,0,0,1,1.602
2017,1460.3,17.6,73.7,1.67,0,6.2089,2.554899021608035,1,1,0,0,0,0,0,0,0,0,1,0,0,1,1.602
2017,1385.5,20.9,73.7,4.29,0,30.4545,1.2296405510745139,1,0,0,0,0,1,0,0,0,0,0,0,0,1,1.602
2017,870.9,20.0,73.7,1.07,0,7.4822,2.3841650799864684,0,0,0,0,0,0,0,0,0,1,0,0,1,0,1.602
2017,340.2,20.1,73.7,0.28,0,75.9794,0.6780335427498971,0,0,0,1,0,0,0,0,0,0,1,0,0,0,1.602
2017,760.6,19.9,73.7,1.2,0,10.6349,2.0706530356467567,0,1,0,0,0,0,0,0,0,0,0,0,1,0,1.602
2017,351.9,20.7,73.7,0.28,0,5.8261,2.613739521630969,0,0,0,0,0,1,0,0,0,0,0,0,0,0,1.602
2017,492.1,30.2,15.8,0.2,1,6.3454,1.2499017362143359,1,0,0,0,0,0,0,0,0,0,1,1,0,0,0.243
2017,351.7,30.1,15.8,0.2,1,21.6438,0.5481214085096876,1,0,0,1,0,0,0,0,0,0,1,0,0,0,0.243
2017,285.9,29.9,15.8,0.2,0,2.6377,1.944480556245719,0,0,0,0,0,0,0,0,0,0,1,0,0,0,0.243
2017,297.9,31.3,15.8,0.2,1,2.4804,1.9974177062012453,0,0,0,1,0,0,0,0,0,0,0,0,0,0,0.243
2017,196.4,29.8,24.1,0.2,0,46.3462,0.41871033485818504,1,0,0,0,0,0,0,0,0,0,0,0,0,0,0.212
2017,358.8,30.1,24.1,0.21,1,5.7656,1.6448050562713916,1,0,0,1,0,0,0,0,0,1,0,0,0,0,0.212
2017,224.9,31.3,24.1,0.2,1,1.8189,2.6567569067146595,0,0,0,0,0,0,0,0,0,0,0,0,0,0,0.212
2017,283.4,31.0,24.1,0.2,1,6.8466,1.5085119938441398,0,0,0,1,0,0,0,0,0,0,1,0,0,0,0.212
2018,1041.5,16.5,94.5,15.59,0,103.8462,0.6471032420585384,1,0,0,0,0,0,0,0,1,0,0,0,0,1,3.582
2018,738.2,18.5,94.5,1.52,0,8.3113,2.5152741864043966,1,0,0,0,0,0,0,0,0,0,0,0,1,0,3.582
2018,1240.6,17.8,94.5,7.14,0,29.6238,1.4327007339340463,1,0,0,1,0,0,0,0,0,0,0,0,0,1,3.582
2018,788.0,17.3,94.5,8.51,0,6.4242,2.75429745226753,0,0,0,0,0,0,0,0,1,0,1,0,1,0,3.582
2018,1079.2,18.0,94.5,2.52,0,19.5248,1.7647307968401356,0,0,0,0,0,0,0,0,0,0,0,0,0,1,3.582
2018,641.4,16.6,94.5,2.25,0,13.1616,2.1016921506146558,0,0,0,1,0,0,0,0,0,0,0,1,0,0,3.582
2018,1554.8,15.2,110.3,12.05,0,60.6044,1.0367368849500223,1,0,0,0,0,0,0,0,1,1,0,0,0,1,4.069
2018,1174.8,17.5,110.3,3.59,0,19.5567,1.8931119634883424,1,0,0,0,0,0,0,0,0,0,0,0,0,1,4.069
2018,718.3,17.5,110.3,2.25,0,12.5341,2.2823823856765264,1,0,0,1,0,0,0,0,0,1,0,0,1,0,4.069
2018,604.6,16.6,110.3,4.85,0,9.928,2.494031557565001,0,0,0,0,0,0,0,0,1,0,0,1,0,0,4.069
2018,1303.8,16.9,110.3,2.41,0,14.7855,2.135349173618132,0,0,0,0,0,0,0,0,0,1,0,0,0,1,4.069
2018,616.0,18.0,110.3,3.69,0,26.3876,1.6448050562713916,0,0,0,1,0,0,0,0,0,0,0,1,0,0,4.069
2018,837.2,18.6,140.4,9.51,0,9.8182,2.72785282839839,1,0,0,0,0,0,0,0,1,0,0,0,1,0,3.973
2018,597.6,17.8,140.4,1.92,0,9.7908,2.73046379593911,1,0,0,0,0,0,0,0,0,0,0,1,0,0,3.973
2018,926.6,19.8,140.4,7.38,0,37.7419,1.551808799597464,1,0,0,1,0,0,0,0,0,0,1,0,1,0,3.973
2018,845.0,18.0,140.4,16.05,0,12.5581,2.4997952622817508,1,0,0,0,1,0,0,0,0,0,0,0,1,0,3.973
2018,421.9,19.1,140.4,1.1,0,38.1522,1.5432981099295553,0,0,0,0,0,0,0,0,1,0,1,1,0,0,3.973
2018,413.2,19.3,140.4,0.37,0,33.2701,1.6524974018945473,0,0,0,0,0,0,0,0,0,0,1,1,0,0,3.973
2018,649.9,18.5,140.4,4.01,0,12.3374,2.5160822672564502,0,0,0,1,0,0,0,0,0,0,0,1,0,0,3.973
2018,664.7,20.1,140.4,8.55,0,84.5783,0.9783261227936076,0,0,0,0,1,0,0,0,0,0,0,1,0,0,3.973
2018,1004.3,17.8,93.9,2.03,0,6.669,2.71336936257981,1,0,0,0,0,0,0,0,0,1,0,0,0,1,2.798
2018,931.5,19.2,93.9,5.41,0,12.4042,2.1482677326096886,1,0,0,1,0,0,0,0,0,0,0,0,1,0,2.798
2018,1047.5,17.5,93.9,7.76,0,23.8325,1.597365331199831,1,0,0,0,0,0,0,1,0,0,0,0,0,1,2.798
2018,892.5,18.7,93.9,2.15,0,38.8017,1.2296405510745139,0,0,0,0,0,0,0,0,0,1,0,0,1,0,2.798
2018,582.1,18.3,93.9,1.6,0,17.9885,1.827769906751088,0,0,0,1,0,0,0,0,0,0,0,1,0,0,2.798
2018,706.4,20.9,93.9,3.65,0,8.9514,2.4414770918606643,0,0,0,0,0,0,0,1,0,0,0,0,1,0,2.798
2018,1470.7,18.0,76.4,2.05,0,14.636,1.827769906751088,1,0,0,0,0,0,0,0,0,1,0,0,0,1,2.502
2018,1519.2,17.9,76.4,6.03,0,8.6523,2.285438934159075,1,0,0,1,0,0,0,0,0,1,0,0,0,1,2.502
2018,504.8,16.4,76.4,0.29,0,29.1603,1.2864740258376797,0,0,0,0,0,0,0,0,0,0,0,1,0,0,2.502
2018,622.7,16.0,76.4,1.36,0,8.5843,2.2925347571405443,0,0,0,1,0,0,0,0,0,0,0,1,0,0,2.502
2018,1163.1,19.6,100.6,1.59,0,23.8389,1.6524974018945473,1,0,0,0,0,0,0,0,0,0,0,0,0,1,2.346
2018,951.7,19.3,100.6,4.19,0,18.3912,1.8671761085128091,1,0,0,1,0,0,0,0,0,0,0,0,1,0,2.346
2018,946.6,19.6,100.6,1.49,0,7.0696,2.7232671669070703,0,0,0,0,0,0,0,0,0,0,1,0,1,0,2.346
2018,1151.5,17.0,100.6,2.81,0,11.962,2.2417729535972883,0,0,0,1,0,0,0,0,0,0,0,0,0,1,2.346
2018,1686.9,17.9,128.3,3.82,0,17.7701,2.1065702090680882,1,0,0,0,0,0,0,0,0,0,0,0,0,1,2.552
2018,1477.6,18.3,128.3,6.22,0,9.1577,2.7087166456453704,1,0,0,1,0,0,0,0,0,0,0,0,0,1,2.552
2018,1171.6,20.9,128.3,2.51,0,20.4625,1.9837562915454279,0,0,0,0,0,0,0,0,0,0,1,0,0,1,2.552
2018,1110.3,18.7,128.3,2.34,0,15.1297,2.2491843162669305,0,0,0,1,0,0,0,0,0,0,0,0,0,1,2.552
2018,1257.1,18.5,75.2,1.78,0,10.43,2.105352923464337,1,0,0,0,0,0,0,0,0,0,0,0,0,1,2.398
2018,1373.2,17.5,75.2,2.89,0,10.3867,2.1090003439213802,1,0,0,1,0,0,0,0,0,0,0,0,0,1,2.398
2018,1048.5,18.0,75.2,1.35,0,10.2313,2.122261538862764,0,0,0,0,0,0,0,0,0,0,0,0,0,1,2.398
2018,964.1,17.6,75.2,1.38,0,5.047,2.766319109226186,0,0,0,1,0,0,0,0,0,0,0,0,1,0,2.398
2018,1415.1,18.8,70.2,0.76,0,25.343,1.3270750014599193,1,0,0,0,0,0,0,0,0,1,0,0,0,1,1.579
2018,1022.1,18.2,70.2,2.45,0,6.3472,2.4898941912990393,1,0,0,1,0,0,0,0,0,1,0,0,0,1,1.579
2018,1307.3,20.3,70.2,1.46,0,86.6667,0.5933268452777344,0,0,0,0,0,0,0,0,0,0,1,0,0,1,1.579
2018,584.7,20.4,70.2,0.5,0,18.7701,1.556037135706985,0,0,0,1,0,0,0,0,0,0,1,1,0,0,1.579
2018,1337.6,20.4,143.2,3.14,0,28.1336,1.8066480817218056,1,0,0,0,0,0,0,0,0,0,0,0,0,1,3.983
2018,989.1,19.2,143.2,8.26,0,43.2628,1.4609379041156565,1,0,0,1,0,0,0,0,0,0,0,0,1,0,3.983
2018,1262.0,16.3,143.2,5.44,0,92.987,0.9321640810304452,1,0,0,0,0,0,0,1,0,1,0,0,0,1,3.983
2018,815.0,17.3,143.2,13.18,0,12.7971,2.5006159434931803,1,0,0,0,1,0,0,0,0,1,0,0,1,0,3.983
2018,925.8,16.2,143.2,1.52,0,18.7435,2.1564025828159643,0,0,0,0,0,0,0,0,0,0,1,0,1,0,3.983
2018,671.9,17.7,143.2,1.85,0,15.8232,2.307572634505085,0,0,0,1,0,0,0,0,0,0,0,1,0,0,3.983
2018,717.9,18.4,143.2,2.66,0,21.0588,2.0541237336955462,0,0,0,0,0,0,0,1,0,0,0,0,1,0,3.983
2018,351.4,17.8,143.2,1.55,0,108.4848,0.8415671856782186,0,0,0,0,1,0,0,0,0,1,0,0,0,0,3.983
2018,1595.1,17.9,126.8,0.56,0,9.0571,2.70805020110221,1,0,0,0,0,0,0,0,0,0,1,0,0,1,2.733
2018,1007.7,17.2,126.8,3.13,0,12.4558,2.414126467726953,1,0,0,1,0,0,0,0,0,1,0,0,0,1,2.733
2018,1567.2,18.3,126.8,7.19,0,44.1812,1.3532545070416904,1,0,0,0,0,0,0,1,0,1,0,0,0,1,2.733
2018,1300.3,18.6,126.8,2.32,0,11.9623,2.451005098112319,0,0,0,0,0,0,0,0,0,1,0,0,0,1,2.733
2018,1304.5,16.7,126.8,2.61,0,30.7767,1.6331544390514163,0,0,0,1,0,0,0,0,0,0,0,0,0,1,2.733
2018,841.7,20.2,126.8,3.44,0,10.931,2.533696813957432,0,0,0,0,0,0,0,1,0,0,0,0,1,0,2.733
2018,784.6,18.4,60.2,1.32,0,9.1908,2.0215475632609334,1,0,0,0,0,0,0,0,0,1,0,0,1,0,1.242
2018,891.4,16.1,60.2,1.52,0,11.2946,1.8453002361560848,1,0,0,1,0,0,0,0,0,0,1,0,1,0,1.242
2018,800.2,16.1,60.2,0.95,0,6.7263,2.2975725511705014,1,0,0,0,0,0,0,1,0,0,1,0,1,0,1.242
2018,979.4,16.3,60.2,1.85,0,9.0663,2.033397603178429,1,0,1,0,0,0,0,0,0,0,1,0,1,0,1.242
2018,458.1,18.3,60.2,1.04,0,5.2076,2.5305171610400525,0,0,0,0,0,0,0,0,0,1,0,1,0,0,1.242
2018,347.4,15.2,60.2,0.2,0,8.6,2.0794415416798357,0,0,0,1,0,0,0,0,0,0,1,0,0,0,1.242
2018,797.5,15.7,60.2,1.94,0,17.8635,1.4747630091074988,0,0,0,0,0,0,0,1,0,0,0,0,1,0,1.242
2018,425.2,18.4,60.2,1.29,0,10.2555,1.927164106234258,0,0,1,0,0,0,0,0,0,0,0,1,0,0,1.242
2018,916.0,18.9,73.7,1.92,0,21.4869,1.4883995840570443,1,0,0,0,0,0,0,0,0,1,0,0,1,0,1.371
2018,704.9,17.6,73.7,1.84,0,42.1143,1.0116009116784799,1,0,0,1,0,0,0,0,0,0,1,0,1,0,1.371
2018,698.4,17.5,73.7,1.86,0,5.8307,2.613006652415316,1,0,0,0,0,0,0,1,0,0,1,1,0,0,1.371
2018,751.6,17.5,73.7,1.09,0,18.2426,1.6174060820832772,1,0,1,0,0,0,0,0,0,0,1,0,1,0,1.371
2018,570.0,19.3,73.7,0.98,0,10.1236,2.1138429683971687,0,0,0,0,0,0,0,0,0,0,0,1,0,0,1.371
2018,476.2,17.8,73.7,1.1,0,6.1519,2.563409711275944,0,0,0,1,0,0,0,0,0,0,1,1,0,0,1.371
2018,900.4,17.5,73.7,3.74,0,25.5903,1.355835153635182,0,0,0,0,0,0,0,1,0,0,1,0,1,0,1.371
2018,186.2,18.7,73.7,0.2,0,5.6823,2.6369121732688705,0,0,1,0,0,0,0,0,0,0,1,0,0,0,1.371
2018,922.9,21.4,69.3,1.84,0,5.4481,2.6188546222977394,1,0,0,0,0,0,0,0,0,0,1,0,1,0,0.987
2018,769.7,19.4,69.3,0.89,0,6.182,2.502255288122613,1,0,0,1,0,0,0,0,0,0,1,0,1,0,0.987
2018,512.1,19.5,69.3,1.53,0,4.8872,2.719978771967484,1,0,1,0,0,0,0,0,0,0,1,1,0,0,0.987
2018,546.6,18.4,69.3,0.84,0,8.1148,2.255493485460195,0,0,0,0,0,0,0,0,0,0,1,1,0,0,0.987
2018,539.7,17.5,69.3,1.26,0,19.3036,1.5238800240724537,0,0,0,1,0,0,0,0,0,1,0,1,0,0,0.987
2018,406.5,18.8,69.3,0.94,0,5.7895,2.5626389983283526,0,0,1,0,0,0,0,0,0,1,0,1,0,0,0.987
2018,1084.8,19.2,47.7,1.92,0,3.4666,2.6919208191723265,1,0,0,0,0,0,0,0,0,0,0,0,0,1,1.215
2018,815.6,21.9,47.7,4.18,0,23.85,1.0986122886681098,1,0,0,1,0,0,0,0,0,0,1,0,1,0,1.215
2018,715.3,16.3,47.7,0.69,0,4.2513,2.503073953743449,1,0,1,0,0,0,0,0,0,0,1,0,1,0,1.215
2018,563.2,18.8,47.7,1.38,0,3.8844,2.5862591440482876,1,0,0,0,0,1,0,0,0,0,0,1,0,0,1.215
2018,646.4,19.8,47.7,0.53,0,4.7748,2.39698576841553,0,0,0,0,0,0,0,0,0,0,1,1,0,0,1.215
2018,749.0,17.8,47.7,0.84,0,10.0421,1.749199854809259,0,0,0,1,0,0,0,0,0,0,1,0,1,0,1.215
2018,738.9,18.7,47.7,0.95,0,3.2874,2.7414849771884473,0,0,1,0,0,0,0,0,0,0,1,0,1,0,1.215
2018,559.9,18.4,47.7,0.74,0,3.7471,2.6195832197798796,0,0,0,0,0,1,0,0,0,0,1,1,0,0,1.215
2018,804.1,18.3,68.1,1.96,0,7.6004,2.298577071596507,1,0,0,0,0,0,0,0,0,0,1,0,1,0,1.367
2018,519.4,22.0,68.1,2.82,0,6.9632,2.377692565480851,1,0,0,1,0,0,0,0,0,1,0,1,0,0,1.367
2018,925.3,21.4,68.1,1.96,0,7.4426,2.3174737054877963,1,0,1,0,0,0,0,0,0,0,0,0,1,0,1.367
2018,312.8,19.7,68.1,0.2,0,13.62,1.791759469228055,0,0,0,0,0,0,0,0,0,0,1,0,0,0,1.367
2018,484.5,22.0,68.1,2.92,0,8.0783,2.2438960966453663,0,0,0,1,0,0,0,0,0,0,0,1,0,0,1.367
2018,644.8,20.0,68.1,2.31,0,27.3494,1.2499017362143359,0,0,1,0,0,0,0,0,0,0,1,1,0,0,1.367
2018,642.6,17.4,38.6,0.49,0,11.2209,1.4906543764441333,1,0,0,0,0,0,0,0,0,1,0,1,0,0,1.854
2018,713.1,17.6,38.6,1.46,0,33.8596,0.76080582903376,1,0,0,1,0,0,0,0,0,0,1,0,1,0,1.854
2018,1250.5,18.5,38.6,1.11,0,7.4662,1.8196988379172965,1,0,1,0,0,0,0,0,0,0,1,0,0,1,1.854
2018,1080.8,16.3,38.6,10.48,0,4.2841,2.303584593327129,1,0,0,0,1,0,0,0,0,0,0,0,0,1,1.854
2018,450.8,17.2,38.6,0.46,0,5.8574,2.0268315914075385,0,0,0,0,0,0,0,0,0,0,1,1,0,0,1.854
2018,795.9,20.2,38.6,3.01,0,3.7403,2.4265710727750367,0,0,0,1,0,0,0,0,0,0,0,0,1,0,1.854
2018,751.3,17.5,38.6,1.71,0,7.9424,1.7681496035889213,0,0,1,0,0,0,0,0,0,0,0,0,1,0,1.854
2018,629.2,17.8,38.6,3.8,0,7.5538,1.809926773183504,0,0,0,0,1,0,0,0,0,1,0,1,0,0,1.854
2018,892.1,21.5,67.1,1.72,0,7.1081,2.3456445824544927,1,0,0,0,0,0,0,0,0,0,0,0,1,0,1.181
2018,902.3,20.3,67.1,2.91,0,4.5896,2.7485521444115397,1,0,0,1,0,0,0,0,0,0,1,0,1,0,1.181
2018,376.0,19.5,67.1,0.43,0,26.5217,1.2612978709452054,0,0,0,0,0,0,0,0,0,0,1,0,0,0,1.181
2018,586.9,20.5,67.1,1.74,0,5.2793,2.6181254935742233,0,0,0,1,0,0,0,0,0,0,1,1,0,0,1.181
2018,1157.6,17.0,141.0,2.76,0,10.8712,2.6369121732688705,1,0,0,0,0,0,0,0,0,0,0,0,0,1,3.861
2018,959.0,17.7,141.0,5.38,0,39.3855,1.5216989981260935,1,0,0,1,0,0,0,0,0,0,1,0,1,0,3.861
2018,484.9,15.5,141.0,5.31,0,11.3162,2.599722324216582,1,0,0,0,1,0,0,0,0,1,0,1,0,0,3.861
2018,734.4,14.8,141.0,0.79,0,150.0,0.6626879730752367,0,0,0,0,0,0,0,0,0,0,0,0,1,0,3.861
2018,291.6,17.4,141.0,0.63,0,223.8095,0.48858001481867097,0,0,0,1,0,0,0,0,0,0,1,0,0,0,3.861
2018,485.7,17.8,141.0,4.85,0,10.9302,2.631888840136646,0,0,0,0,1,0,0,0,0,0,1,1,0,0,3.861
2018,708.2,19.0,31.9,0.92,0,4.1699,2.157559320943788,1,0,0,0,0,0,0,0,0,0,0,0,1,0,0.496
2018,917.2,19.2,31.9,0.54,0,6.2305,1.8115620965242347,1,0,0,1,0,0,0,0,0,0,1,0,1,0,0.496
2018,336.1,21.7,31.9,0.29,0,4.1429,2.163323025660538,0,0,0,0,0,0,0,0,0,0,0,0,0,0,0.496
2018,432.2,20.9,31.9,0.48,0,4.2196,2.1471001901536506,0,0,0,1,0,0,0,0,0,0,1,1,0,0,0.496
2018,617.5,22.3,56.3,1.08,0,12.539,1.7029282555214393,1,0,0,0,0,0,1,0,0,1,0,1,0,0,0.89
2018,796.8,22.7,56.3,0.72,0,52.6168,0.7275486072772778,1,0,0,0,0,0,0,0,0,1,0,0,1,0,0.89
2018,613.4,22.5,56.3,2.92,0,25.8257,1.1568811967920856,1,0,0,1,0,0,0,0,0,0,1,1,0,0,0.89
2018,390.8,23.2,56.3,0.57,0,21.0861,1.3001916620664788,0,0,0,0,0,0,1,0,0,0,0,0,0,0,0.89
2018,560.5,21.8,56.3,0.47,0,15.2162,1.547562508716013,0,0,0,0,0,0,0,0,0,1,0,1,0,0,0.89
2018,487.6,23.8,56.3,1.88,0,32.924,0.9969486348916096,0,0,0,1,0,0,0,0,0,0,0,1,0,0,0.89
2018,395.8,25.1,33.7,0.47,0,3.905,2.2648832258100344,1,0,0,0,0,0,1,0,0,1,0,0,0,0,0.48
2018,141.6,23.8,33.7,0.2,0,2.5863,2.6411978941143697,1,0,0,0,0,0,0,0,0,1,0,0,0,0,0.48
2018,404.8,24.0,33.7,1.1,0,2.9152,2.5305171610400525,1,0,0,1,0,0,0,0,0,1,0,1,0,0,0.48
2018,467.3,23.0,33.7,0.5,0,2.8201,2.5610957881455465,0,0,0,0,0,0,1,0,0,0,1,1,0,0,0.48
2018,245.5,24.3,33.7,0.2,0,3.37,2.3978952727983707,0,0,0,0,0,0,0,0,0,0,0,0,0,0,0.48
2018,482.5,23.0,33.7,0.43,0,3.1973,2.4458192610799534,0,0,0,1,0,0,0,0,0,0,1,1,0,0,0.48
2018,555.5,24.0,24.3,0.53,0,2.1619,2.50470927708418,1,0,0,0,0,0,1,0,0,0,1,1,0,0,0.455
2018,468.1,24.4,24.3,0.2,0,5.1812,1.7387102481382397,1,0,0,0,0,0,0,0,0,0,1,1,0,0,0.455
2018,677.2,25.2,24.3,0.88,0,2.7708,2.2793164660546914,1,0,0,1,0,0,0,0,0,0,0,1,0,0,0.455
2018,353.3,26.7,24.3,0.54,0,2.9067,2.2364452904895007,0,0,0,0,0,0,1,0,0,0,1,0,0,0,0.455
2018,486.1,25.8,24.3,0.35,0,1.9902,2.580974118534234,0,0,0,0,0,0,0,0,0,0,0,1,0,0,0.455
2018,516.0,27.0,24.3,0.54,0,18.8372,0.8285518175661483,0,0,0,1,0,0,0,0,0,0,1,1,0,0,0.455
2018,770.8,28.2,27.4,0.2,0,8.0352,1.4838746894587547,1,0,0,0,0,0,0,0,0,0,1,0,1,0,0.266
2018,1122.4,30.0,27.4,0.34,0,7.7841,1.5085119938441398,1,0,0,1,0,0,0,0,0,0,1,0,0,1,0.266
2018,852.5,28.7,27.4,0.2,0,4.605,1.9387416595767009,0,0,0,0,0,0,0,0,0,0,0,0,1,0,0.266
2018,143.6,29.0,27.4,0.2,0,1.9474,2.712706012638404,0,0,0,1,0,0,0,0,0,0,1,0,0,0,0.266
2018,792.5,29.6,11.5,0.2,0,0.935,2.5877640352277083,1,0,0,0,0,0,0,0,0,0,1,0,1,0,0.661
2018,926.6,27.4,11.5,0.36,0,1.6987,2.050270164379556,1,0,0,1,0,0,0,0,0,0,1,0,1,0,0.661
2018,712.1,25.5,11.5,0.93,0,3.2486,1.5129270120532565,1,1,0,0,0,0,0,0,0,0,1,0,1,0,0.661
2018,764.1,29.3,11.5,0.2,0,1.2486,2.3233676321765744,0,0,0,0,0,0,0,0,0,0,1,0,1,0,0.661
2018,544.3,26.4,11.5,0.47,0,6.6092,1.007957920399979,0,0,0,1,0,0,0,0,0,1,0,1,0,0,0.661
2018,77.7,26.9,11.5,0.2,0,10.5505,0.7371640659767197,0,1,0,0,0,0,0,0,0,1,0,0,0,0,0.661
2018,820.6,28.1,28.9,0.2,0,10.4332,1.3270750014599193,1,0,0,0,0,0,0,0,0,0,0,0,1,0,0.678
2018,1197.9,29.8,28.9,1.1,0,1.9292,2.7713379403381286,1,0,0,1,0,0,0,0,0,0,0,0,0,1,0.678
2018,856.7,27.1,28.9,3.06,0,3.2991,2.278292400425001,1,1,0,0,0,0,0,0,0,0,0,0,1,0,0.678
2018,807.9,27.5,28.9,0.2,0,6.408,1.706564623164823,0,0,0,0,0,0,0,0,0,0,1,0,1,0,0.678
2018,617.9,29.6,28.9,0.59,0,3.1585,2.3174737054877963,0,0,0,1,0,0,0,0,0,0,0,1,0,0,0.678
2018,491.0,31.0,28.9,0.99,1,13.9614,1.1216775615991057,0,1,0,0,0,0,0,0,0,1,0,1,0,0,0.678
2018,320.4,27.3,22.7,0.2,0,2.2365,2.411439497906128,1,0,0,0,0,0,0,0,0,0,1,0,0,0,0.341
2018,429.5,30.9,22.7,0.2,1,2.2837,2.392425796993835,1,0,0,1,0,0,0,0,0,0,1,1,0,0,0.341
2018,321.2,30.5,22.7,0.61,1,3.8671,1.927164106234258,1,0,0,0,0,1,0,0,0,0,0,0,0,0,0.341
2018,171.5,28.0,22.7,0.2,0,3.1616,2.1016921506146558,0,0,0,0,0,0,0,0,0,1,0,0,0,0,0.341
2018,274.9,29.1,22.7,0.21,0,4.1959,1.8578592709325787,0,0,0,1,0,0,0,0,0,0,1,0,0,0,0.341
2018,466.4,30.5,22.7,0.59,1,9.1903,1.244154593958768,0,0,0,0,0,1,0,0,0,0,1,1,0,0,0.341
2018,847.6,30.3,30.5,0.2,1,28.2407,0.7323678937132266,1,0,0,0,0,0,0,0,0,0,1,0,1,0,0.339
2018,704.3,28.4,30.5,0.38,0,2.4577,2.596000697293587,1,0,0,1,0,0,0,0,0,0,1,0,1,0,0.339
2018,332.0,27.9,30.5,0.2,0,4.5522,2.0412203288596382,0,0,0,0,0,0,0,0,0,0,0,0,0,0,0.339
2018,598.4,28.5,30.5,0.25,0,2.3498,2.637627736805664,0,0,0,1,0,0,0,0,0,0,1,1,0,0,0.339
2018,530.5,22.0,34.6,0.2,0,10.1765,1.4816045409242156,1,0,0,0,0,0,0,0,0,0,1,1,0,0,0.628
2018,400.6,24.5,34.6,0.65,0,36.8085,0.6626879730752367,1,0,0,1,0,0,0,0,0,0,1,1,0,0,0.628
2018,549.7,22.6,34.6,0.26,0,2.4196,2.72785282839839,0,0,0,0,0,0,0,0,0,0,1,1,0,0,0.628
2018,557.4,23.6,34.6,0.71,0,11.931,1.3609765531356006,0,0,0,1,0,0,0,0,0,0,1,1,0,0,0.628
2018,292.2,33.6,35.1,0.55,1,17.4627,1.1019400787607843,1,0,0,0,0,0,1,0,0,1,0,0,0,0,0.251
2018,325.4,31.2,35.1,0.2,1,3.5598,2.3850863145057892,1,0,0,0,0,0,0,0,0,0,1,0,0,0,0.251
2018,514.1,33.5,35.1,0.35,1,27.4219,0.8241754429663494,1,0,0,1,0,0,0,0,0,0,0,1,0,0,0.251
2018,50.0,32.4,35.1,0.2,1,2.3447,2.770711962226921,0,0,0,0,0,0,1,0,0,0,1,0,0,0,0.251
2018,200.6,31.0,35.1,0.2,1,2.8747,2.580974118534234,0,0,0,0,0,0,0,0,0,1,0,0,0,0,0.251
2018,255.0,32.7,35.1,0.29,1,4.7885,2.1198634561787513,0,0,0,1,0,0,0,0,0,1,0,0,0,0,0.251
2018,349.9,34.7,9.7,0.38,1,1.0742,2.305580601973844,1,0,0,0,0,0,1,0,0,0,0,0,0,0,0.239
2018,202.9,34.6,9.7,0.2,1,9.7,0.6931471805599453,1,0,0,0,0,0,0,0,0,0,0,0,0,0,0.239
2018,210.3,34.8,9.7,0.2,1,5.3005,1.0402767116551463,1,0,0,1,0,0,0,0,0,0,0,0,0,0,0.239
2018,157.5,35.6,9.7,0.2,1,0.7132,2.681021528714291,0,0,0,0,0,0,1,0,0,0,1,0,0,0,0.239
2018,151.7,32.1,9.7,0.2,1,0.7348,2.653241964607215,0,0,0,0,0,0,0,0,0,0,0,0,0,0,0.239
2018,203.9,32.2,9.7,0.2,1,0.9327,2.4336133554004498,0,0,0,1,0,0,0,0,0,1,0,0,0,0,0.239
2018,193.8,34.3,45.2,0.3,1,3.2897,2.6905648867611904,1,0,0,0,0,0,1,0,0,0,1,0,0,0,0.215
2018,212.3,33.8,45.2,0.2,1,17.2519,1.2864740258376797,1,0,0,0,0,0,0,0,0,0,1,0,0,0,0.215
2018,160.5,32.8,45.2,0.2,1,3.0458,2.7625383863862796,1,0,0,1,0,0,0,0,0,1,0,0,0,0,0.215
2018,179.3,35.1,45.2,0.29,1,3.7263,2.574899688314705,0,0,0,0,0,0,1,0,0,1,0,0,0,0,0.215
2018,219.0,34.9,45.2,0.2,1,12.4518,1.5325568680981427,0,0,0,0,0,0,0,0,0,1,0,0,0,0,0.215
2018,131.2,35.6,45.2,0.2,1,3.7355,2.5726122302071057,0,0,0,1,0,0,0,0,0,0,0,0,0,0,0.215
2018,228.3,34.6,20.0,0.32,1,2.8571,2.0794415416798357,1,0,0,0,0,0,1,0,0,1,0,0,0,0,0.216
2018,250.3,37.2,20.0,0.2,1,2.0367,2.3813962734183356,1,0,0,0,0,0,0,0,0,0,1,0,0,0,0.216
2018,215.2,34.6,20.0,0.2,1,2.1716,2.3233676321765744,1,0,0,1,0,0,0,0,0,0,1,0,0,0,0.216
2018,90.3,34.7,20.0,0.2,1,5.3763,1.551808799597464,0,0,0,0,0,0,1,0,0,1,0,0,0,0,0.216
2018,133.0,37.4,20.0,0.2,1,6.8966,1.3609765531356006,0,0,0,0,0,0,0,0,0,0,0,0,0,0,0.216
2018,205.6,36.3,20.0,0.2,1,3.7807,1.8389610707123492,0,0,0,1,0,0,0,0,0,1,0,0,0,0,0.216
2018,721.5,22.3,33.4,0.52,0,4.6713,2.0980179272527715,1,0,0,0,0,0,0,0,0,1,0,0,1,0,1.081
2018,366.0,21.1,33.4,0.71,0,6.5362,1.809926773183504,1,0,0,1,0,0,0,0,0,0,1,0,0,0,1.081
2018,443.9,22.0,33.4,0.44,0,4.7578,2.081938421878423,0,0,0,0,0,0,0,0,0,0,1,1,0,0,1.081
2018,517.0,23.2,33.4,1.51,0,3.2364,2.4265710727750367,0,0,0,1,0,0,0,0,0,0,0,1,0,0,1.081
2018,378.2,26.1,23.0,0.2,0,1.6631,2.696652156149841,1,0,0,0,0,0,0,0,0,0,1,0,0,0,0.34
2018,247.8,24.5,23.0,0.28,0,2.6744,2.2617630984737906,1,0,0,1,0,0,0,0,0,0,1,0,0,0,0.34
2018,384.1,26.1,23.0,0.23,0,13.2184,1.007957920399979,0,0,0,0,0,0,0,0,0,0,0,0,0,0,0.34
2018,414.0,28.8,23.0,0.31,0,2.0017,2.5249283241374862,0,0,0,1,0,0,0,0,0,0,0,1,0,0,0.34
2018,705.8,22.4,30.9,0.48,0,23.0597,0.8501509293696101,1,0,0,0,0,0,0,0,0,0,1,0,1,0,0.617
2018,699.0,25.6,30.9,1.14,0,2.1252,2.7434173449395014,1,0,0,1,0,0,0,0,0,0,1,1,0,0,0.617
2018,301.3,23.7,30.9,0.2,0,2.5,2.5922651681085,0,0,0,0,0,0,0,0,0,0,0,0,0,0,0.617
2018,515.3,24.4,30.9,0.71,0,9.4495,1.451613827240533,0,0,0,1,0,0,0,0,0,0,1,1,0,0,0.617
2018,614.1,20.0,94.9,3.89,0,16.4757,1.9110228900548727,1,0,0,0,0,0,0,0,1,0,0,1,0,0,1.385
2018,493.3,21.3,94.9,0.64,0,29.5639,1.43746264769429,1,0,0,0,0,0,0,0,0,1,0,1,0,0,1.385
2018,887.5,19.8,94.9,3.41,0,14.357,2.0294631718735947,1,0,0,1,0,0,0,0,0,0,1,0,1,0,1.385
2018,332.9,22.5,94.9,0.5,0,97.8351,0.6780335427498971,0,0,0,0,0,0,0,0,1,0,0,0,0,0,1.385
2018,252.8,19.2,94.9,0.2,0,9.3039,2.4159137783010487,0,0,0,0,0,0,0,0,0,1,0,0,0,0,1.385
2018,466.1,20.2,94.9,1.52,0,18.1453,1.8293763327993617,0,0,0,1,0,0,0,0,0,1,0,1,0,0,1.385
2018,1026.1,23.2,65.2,0.96,0,16.6752,1.5912739418064292,1,0,0,0,0,0,0,0,0,0,1,0,0,1,1.472
2018,777.0,24.6,65.2,3.27,0,20.5031,1.430311246536665,1,0,0,1,0,0,0,0,0,1,0,0,1,0,1.472
2018,381.7,21.5,65.2,0.2,0,5.2794,2.5915163848462583,0,0,0,0,0,0,0,0,0,0,1,0,0,0,1.472
2018,685.1,21.9,65.2,3.03,0,16.2594,1.6114359150967734,0,0,0,1,0,0,0,0,0,0,1,1,0,0,1.472
2018,787.2,22.9,59.6,0.98,0,5.0594,2.5478814489493886,1,0,0,0,0,0,0,0,0,0,0,0,1,0,1.511
2018,973.0,21.7,59.6,4.01,0,8.359,2.0955609235597192,1,0,0,1,0,0,0,0,0,0,1,0,1,0,1.511
2018,997.5,24.1,59.6,5.64,0,6.5066,2.318458442150336,1,1,0,0,0,0,0,0,0,0,0,0,1,0,1.511
2018,800.6,22.9,59.6,0.77,0,7.8215,2.154085084675602,0,0,0,0,0,0,0,0,0,0,1,0,1,0,1.511
2018,276.9,23.0,59.6,0.24,0,62.0833,0.6729444732424258,0,0,0,1,0,0,0,0,0,0,1,0,0,0,1.511
2018,409.5,21.4,59.6,0.35,0,5.2465,2.514465452029545,0,1,0,0,0,0,0,0,0,0,0,1,0,0,1.511
2018,700.1,25.0,75.6,0.57,0,27.0968,1.332366019094335,1,0,0,0,0,0,0,0,0,0,0,0,1,0,1.053
2018,1029.8,23.9,75.6,3.74,0,48.1529,0.9439058989071284,1,0,0,1,0,0,0,0,0,0,0,0,0,1,1.053
2018,575.8,22.9,75.6,0.78,0,8.6499,2.2762411176544437,0,0,0,0,0,0,0,0,0,1,0,1,0,0,1.053
2018,633.0,23.1,75.6,1.48,0,8.5909,2.2823823856765264,0,0,0,1,0,0,0,0,0,0,1,1,0,0,1.053
2018,1407.9,20.2,90.8,1.81,0,7.0279,2.6333266549062735,1,0,0,0,0,0,0,0,0,0,1,0,0,1,1.369
2018,1429.4,22.0,90.8,1.77,0,20.0885,1.7083778602890038,1,0,0,1,0,0,0,0,0,0,1,0,0,1,1.369
2018,1258.5,22.3,90.8,0.91,0,6.3319,2.73046379593911,0,0,0,0,0,0,0,0,0,0,1,0,0,1,1.369
2018,408.1,22.8,90.8,0.97,0,18.0517,1.7967470107390942,0,0,0,1,0,0,0,0,0,0,0,1,0,0,1.369
2018,467.6,21.1,31.8,0.6,0,9.1379,1.4996230464268938,1,0,0,0,0,0,0,0,0,0,0,1,0,0,0.583
2018,461.0,20.8,31.8,1.43,0,4.2627,2.135349173618132,1,0,0,1,0,0,0,0,0,0,0,1,0,0,0.583
2018,88.2,22.8,31.8,0.2,0,5.0,1.9960599327407849,0,0,0,0,0,0,0,0,0,1,0,0,0,0,0.583
2018,308.3,20.7,31.8,0.73,0,3.9651,2.199444334074532,0,0,0,1,0,0,0,0,0,0,1,0,0,0,0.583
2018,789.7,18.0,48.6,2.17,0,14.4643,1.4724720573609429,1,0,0,0,0,0,0,0,1,0,1,0,1,0,1.391
2018,918.9,15.4,48.6,0.92,0,3.3564,2.739548868161581,1,0,0,0,0,0,0,0,0,1,0,0,1,0,1.391
2018,743.4,17.4,48.6,1.21,0,10.4292,1.7334238922150915,1,0,0,1,0,0,0,0,0,0,1,0,1,0,1.391
2018,728.9,18.0,48.6,2.87,0,5.8981,2.2235418856535927,0,0,0,0,0,0,0,0,1,0,1,0,1,0,1.391
2018,460.8,19.1,48.6,0.49,0,4.1468,2.543175557911976,0,0,0,0,0,0,0,0,0,0,1,1,0,0,1.391
2018,463.4,16.2,48.6,0.68,0,15.9344,1.3987168811184478,0,0,0,1,0,0,0,0,0,0,1,1,0,0,1.391
2018,610.0,16.4,60.8,0.74,0,4.4937,2.6762154775821916,1,0,0,0,0,0,0,0,0,1,0,1,0,0,1.144
2018,667.1,17.5,60.8,1.78,0,15.7106,1.5830939370944985,1,0,0,1,0,0,0,0,0,0,1,1,0,0,1.144
2018,830.6,19.1,60.8,1.18,0,13.7868,1.6882490928583902,0,0,0,0,0,0,0,0,0,0,1,0,1,0,1.144
2018,680.6,17.7,60.8,1.57,0,6.3136,2.363680192353857,0,0,0,1,0,0,0,0,0,0,1,1,0,0,1.144
2018,741.9,20.8,71.2,0.74,0,23.9731,1.3787660946990992,1,0,0,0,0,0,0,0,0,0,1,0,1,0,1.602
2018,925.4,19.6,71.2,2.39,0,19.2432,1.547562508716013,1,0,0,1,0,0,0,0,0,1,0,0,1,0,1.602
2018,1012.5,20.5,71.2,3.41,0,5.2741,2.6741486494265287,1,1,0,0,0,0,0,0,0,0,0,0,0,1,1.602
2018,1136.8,19.3,71.2,2.71,0,7.6724,2.330200260027019,1,0,0,0,0,1,0,0,0,0,0,0,0,1,1.602
2018,473.1,19.2,71.2,0.3,0,6.0699,2.543961412569315,0,0,0,0,0,0,0,0,0,0,0,1,0,0,1.602
2018,296.0,20.6,71.2,0.49,0,114.8387,0.4824261492442927,0,0,0,1,0,0,0,0,0,0,0,0,0,0,1.602
2018,756.1,22.3,71.2,2.53,0,25.704,1.3270750014599193,0,1,0,0,0,0,0,0,0,0,1,0,1,0,1.602
2018,799.3,20.2,71.2,2.16,0,26.3704,1.308332819650179,0,0,0,0,0,1,0,0,0,0,1,0,1,0,1.602
2018,299.5,31.0,23.1,0.2,1,2.6644,2.269028309465203,1,0,0,0,0,0,0,0,0,1,0,0,0,0,0.243
2018,301.5,31.8,23.1,0.21,1,9.8298,1.208960345836975,1,0,0,1,0,0,0,0,0,0,1,0,0,0,0.243
2018,82.8,30.6,23.1,0.2,1,1.8304,2.611539300721366,0,0,0,0,0,0,0,0,0,1,0,0,0,0,0.243
2018,85.8,32.0,23.1,0.2,1,5.8629,1.597365331199831,0,0,0,1,0,0,0,0,0,0,0,0,0,0,0.243
2018,257.1,31.5,33.5,0.2,1,3.0262,2.4907230351094403,1,0,0,0,0,0,0,0,0,0,1,0,0,0,0.212
2018,349.2,32.7,33.5,0.2,1,2.4687,2.6789646202071133,1,0,0,1,0,0,0,0,0,1,0,0,0,0,0.212
2018,193.3,31.0,33.5,0.2,1,4.2405,2.186051276738094,0,0,0,0,0,0,0,0,0,0,1,0,0,0,0.212
2018,236.0,31.4,33.5,0.3,1,38.9535,0.6205764877251099,0,0,0,1,0,0,0,0,0,1,0,0,0,0,0.212
2019,1204.6,17.7,137.2,12.85,0,20.9466,2.0215475632609334,1,0,0,0,0,0,0,0,1,0,0,0,0,1,3.582
2019,1313.7,19.2,137.2,2.68,0,27.7733,1.7817091333745536,1,0,0,0,0,0,0,0,0,0,1,0,0,1,3.582
2019,919.1,15.7,137.2,3.74,0,9.6824,2.719319793360441,1,0,0,1,0,0,0,0,0,0,0,0,1,0,3.582
2019,601.8,19.2,137.2,5.0,0,23.0976,1.937301774518713,0,0,0,0,0,0,0,0,1,0,1,1,0,0,3.582
2019,750.3,18.9,137.2,3.2,0,11.2,2.583997552432231,0,0,0,0,0,0,0,0,0,0,0,0,1,0,3.582
2019,626.1,18.7,137.2,4.69,0,9.7512,2.712706012638404,0,0,0,1,0,0,0,0,0,0,0,1,0,0,3.582
2019,1676.3,17.7,134.0,15.39,0,17.3351,2.166765369851511,1,0,0,0,0,0,0,0,1,0,0,0,0,1,4.069
2019,1101.5,18.2,134.0,3.67,0,11.414,2.5447466501440172,1,0,0,0,0,0,0,0,0,0,0,0,0,1,4.069
2019,1236.0,17.9,134.0,12.65,0,11.2605,2.5572273113676265,1,0,0,1,0,0,0,0,0,0,0,0,0,1,4.069
2019,814.8,18.8,134.0,8.53,0,32.9238,1.623340817603092,0,0,0,0,0,0,0,0,1,0,0,0,1,0,4.069
2019,1167.5,17.8,134.0,2.38,0,98.5294,0.8586616190375187,0,0,0,0,0,0,0,0,0,1,0,0,0,1,4.069
2019,972.8,17.6,134.0,5.17,0,33.9241,1.599387576580599,0,0,0,1,0,0,0,0,0,1,0,0,1,0,4.069
2019,1003.8,18.0,107.6,9.6,0,11.5823,2.331172549845958,1,0,0,0,0,0,0,0,1,0,0,0,0,1,3.973
2019,946.8,20.1,107.6,1.88,0,24.6224,1.6808279085207734,1,0,0,0,0,0,0,0,0,0,0,0,1,0,3.973
2019,1424.4,20.5,107.6,5.21,0,64.0476,0.9858167945227653,1,0,0,1,0,0,0,0,0,1,0,0,0,1,3.973
2019,1101.1,18.3,107.6,12.01,0,10.3761,2.4309783077624445,1,0,0,0,1,0,0,0,0,1,0,0,0,1,3.973
2019,316.1,17.6,107.6,1.06,0,7.906,2.681706225762608,0,0,0,0,0,0,0,0,1,0,0,0,0,0,3.973
2019,428.2,17.7,107.6,0.91,0,7.2312,2.7650604558189897,0,0,0,0,0,0,0,0,0,0,1,1,0,0,3.973
2019,452.7,21.8,107.6,3.97,0,58.4783,1.0438040521731147,0,0,0,1,0,0,0,0,0,0,0,1,0,0,3.973
2019,328.2,19.7,107.6,1.18,0,46.3793,1.199964782928397,0,0,0,0,1,0,0,0,0,1,0,0,0,0,3.973
2019,1486.3,21.1,120.7,3.09,0,81.5541,0.9082585601768908,1,0,0,0,0,0,0,0,0,0,0,0,0,1,2.798
2019,880.0,18.2,120.7,5.06,0,21.4007,1.8931119634883424,1,0,0,1,0,0,0,0,0,0,0,0,1,0,2.798
2019,1249.3,17.7,120.7,6.33,0,8.6214,2.70805020110221,1,0,0,0,0,0,0,1,0,0,1,0,0,1,2.798
2019,460.6,18.3,120.7,0.54,0,11.2279,2.463853240590168,0,0,0,0,0,0,0,0,0,0,0,1,0,0,2.798
2019,1105.2,17.2,120.7,5.56,0,21.787,1.8779371654691073,0,0,0,1,0,0,0,0,0,1,0,0,0,1,2.798
2019,936.2,17.6,120.7,2.13,0,19.2197,1.9851308622085946,0,0,0,0,0,0,0,1,0,1,0,0,1,0,2.798
2019,1378.4,18.2,99.0,2.26,0,12.5,2.188295946591918,1,0,0,0,0,0,0,0,0,0,0,0,0,1,2.502
2019,1392.8,17.7,99.0,2.6,0,8.0162,2.5915163848462583,1,0,0,1,0,0,0,0,0,0,1,0,0,1,2.502
2019,530.1,18.7,99.0,1.29,0,42.1277,1.208960345836975,0,0,0,0,0,0,0,0,0,0,0,1,0,0,2.502
2019,598.8,19.5,99.0,3.16,0,8.669,2.519308076505333,0,0,0,1,0,0,0,0,0,1,0,1,0,0,2.502
2019,1799.1,19.5,73.7,1.7,0,8.2346,2.2975725511705014,1,0,0,0,0,0,0,0,0,1,0,0,0,1,2.346
2019,1551.0,18.3,73.7,5.12,0,5.2605,2.7087166456453704,1,0,0,1,0,0,0,0,0,0,0,0,0,1,2.346
2019,676.9,20.8,73.7,1.1,0,32.3246,1.1878434223960523,0,0,0,0,0,0,0,0,0,0,0,1,0,0,2.346
2019,1258.0,17.7,73.7,4.86,0,21.4244,1.4906543764441333,0,0,0,1,0,0,0,0,0,0,0,0,0,1,2.346
2019,1344.4,19.1,159.1,3.34,0,17.5028,2.3115448343655176,1,0,0,0,0,0,0,0,0,1,0,0,0,1,2.552
2019,1270.6,19.2,159.1,2.5,0,11.9894,2.658159431488745,1,0,0,1,0,0,0,0,0,0,0,0,0,1,2.552
2019,668.6,19.5,159.1,0.4,0,24.7434,2.005525858729668,0,0,0,0,0,0,0,0,0,1,0,1,0,0,2.552
2019,1789.6,20.1,159.1,10.03,0,24.4769,2.0149030205422647,0,0,0,1,0,0,0,0,0,0,1,0,0,1,2.552
2019,1510.4,20.1,79.7,1.98,0,15.5969,1.809926773183504,1,0,0,0,0,0,0,0,0,0,1,0,0,1,2.398
2019,1683.8,18.1,79.7,2.37,0,97.1951,0.598836501088704,1,0,0,1,0,0,0,0,0,0,0,0,0,1,2.398
2019,1161.8,18.4,79.7,1.64,0,19.1127,1.6428726885203377,0,0,0,0,0,0,0,0,0,0,0,0,0,1,2.398
2019,1176.2,20.8,79.7,4.16,0,11.1469,2.0980179272527715,0,0,0,1,0,0,0,0,0,1,0,0,0,1,2.398
2019,1152.4,18.4,63.5,1.14,0,5.1086,2.5974910105351463,1,0,0,0,0,0,0,0,0,0,0,0,0,1,1.579
2019,1404.9,19.4,63.5,3.97,0,5.1417,2.5915163848462583,1,0,0,1,0,0,0,0,0,1,0,0,0,1,1.579
2019,795.4,20.5,63.5,0.86,0,7.3666,2.263844264677615,0,0,0,0,0,0,0,0,0,0,1,0,1,0,1.579
2019,138.8,18.5,63.5,0.2,0,23.2601,1.3164082336557241,0,0,0,1,0,0,0,0,0,0,0,0,0,0,1.579
2019,871.7,16.2,109.7,0.25,0,28.4935,1.5789787049493917,1,0,0,0,0,0,0,0,0,0,1,0,1,0,3.983
2019,1154.4,17.8,109.7,5.13,0,10.3981,2.446685436967803,1,0,0,1,0,0,0,0,0,1,0,0,0,1,3.983
2019,1237.2,18.7,109.7,1.54,0,10.9263,2.401525040848949,1,0,0,0,0,0,0,1,0,0,0,0,0,1,3.983
2019,1034.0,16.7,109.7,15.08,0,81.8657,0.8501509293696101,1,0,0,0,1,0,0,0,0,0,0,0,0,1,3.983
2019,627.3,16.8,109.7,0.69,0,11.2282,2.3767644911682972,0,0,0,0,0,0,0,0,0,1,0,1,0,0,3.983
2019,1233.1,20.5,109.7,3.25,0,8.2792,2.6567569067146595,0,0,0,1,0,0,0,0,0,0,1,0,0,1,3.983
2019,1280.9,17.8,109.7,5.94,0,9.9456,2.4874035299865875,0,0,0,0,0,0,0,1,0,0,0,0,0,1,3.983
2019,289.0,18.3,109.7,0.8,0,9.3761,2.5416019934645457,0,0,0,0,1,0,0,0,0,0,1,0,0,0,3.983
2019,1566.5,18.2,110.3,3.29,0,103.0841,0.7275486072772778,1,0,0,0,0,0,0,0,0,0,1,0,0,1,2.733
2019,1650.5,18.2,110.3,6.23,0,10.2892,2.4612967841488667,1,0,0,1,0,0,0,0,0,1,0,0,0,1,2.733
2019,1306.0,17.5,110.3,5.61,0,28.3548,1.5871923034867808,1,0,0,0,0,0,0,1,0,1,0,0,0,1,2.733
2019,629.9,18.5,110.3,0.58,0,30.8964,1.5195132049061133,0,0,0,0,0,0,0,0,0,1,0,1,0,0,2.733
2019,1191.5,16.5,110.3,2.44,0,13.2572,2.2321626286975,0,0,0,1,0,0,0,0,0,1,0,0,0,1,2.733
2019,1220.1,18.1,110.3,4.36,0,16.8913,2.018895041811802,0,0,0,0,0,0,0,1,0,0,0,0,0,1,2.733
2019,883.8,16.7,46.7,0.9,0,19.4583,1.2237754316221157,1,0,0,0,0,0,0,0,0,1,0,0,1,0,1.242
2019,1039.8,15.2,46.7,1.45,0,6.3023,2.1294214739848565,1,0,0,1,0,0,0,0,0,0,1,0,0,1,1.242
2019,964.1,17.3,46.7,3.46,0,34.0876,0.8628899551470398,1,0,0,0,0,0,0,1,0,0,0,0,1,0,1.242
2019,1043.1,16.7,46.7,2.12,0,8.8113,1.840549633397487,1,0,1,0,0,0,0,0,0,0,0,0,0,1,1.242
2019,455.1,16.4,46.7,0.37,0,3.1899,2.7498317351171653,0,0,0,0,0,0,0,0,0,0,1,1,0,0,1.242
2019,696.1,17.1,46.7,2.17,0,26.5341,1.0152306797290584,0,0,0,1,0,0,0,0,0,0,0,1,0,0,1.242
2019,1092.9,15.4,46.7,2.35,0,17.4254,1.3029127521808397,0,0,0,0,0,0,0,1,0,0,1,0,0,1,1.242
2019,473.4,16.4,46.7,0.87,0,67.6812,0.5247285289349821,0,0,1,0,0,0,0,0,0,1,0,1,0,0,1.242
2019,617.7,20.3,52.7,0.58,0,3.8383,2.689886230474539,1,0,0,0,0,0,0,0,0,0,1,1,0,0,1.371
2019,1010.5,19.0,52.7,3.06,0,4.9484,2.4553061800117097,1,0,0,1,0,0,0,0,0,0,1,0,0,1,1.371
2019,626.7,18.2,52.7,2.2,0,4.7477,2.4932054526026954,1,0,0,0,0,0,0,1,0,0,1,1,0,0,1.371
2019,1373.2,20.0,52.7,2.61,0,25.9606,1.1085626195212777,1,0,1,0,0,0,0,0,0,0,1,0,0,1,1.371
2019,362.3,17.6,52.7,0.2,0,37.9137,0.8712933659434193,0,0,0,0,0,0,0,0,0,0,1,0,0,0,1.371
2019,700.2,19.6,52.7,1.95,0,5.2334,2.4042387467205457,0,0,0,1,0,0,0,0,0,0,0,0,1,0,1.371
2019,685.2,19.4,52.7,1.78,0,4.3953,2.5641798306825083,0,0,0,0,0,0,0,1,0,0,1,1,0,0,1.371
2019,346.7,17.3,52.7,0.24,0,5.8621,2.301584592660462,0,0,1,0,0,0,0,0,0,0,0,0,0,0,1.371
2019,961.9,15.8,65.1,0.59,0,5.5076,2.551006451492524,1,0,0,0,0,0,0,0,0,0,1,0,1,0,0.987
2019,747.0,16.8,65.1,1.52,0,9.3804,2.0719132752590443,1,0,0,1,0,0,0,0,0,0,1,0,1,0,0.987
2019,1273.9,17.8,65.1,3.1,0,5.8596,2.494031557565001,1,0,1,0,0,0,0,0,0,0,0,0,0,1,0.987
2019,763.8,20.0,65.1,1.09,0,4.4712,2.7447035187502458,0,0,0,0,0,0,0,0,0,0,1,0,1,0,0.987
2019,390.6,17.6,65.1,0.89,0,5.4937,2.553343811341229,0,0,0,1,0,0,0,0,0,0,1,0,0,0,0.987
2019,796.8,18.0,65.1,1.83,0,5.6072,2.534490149976828,0,0,1,0,0,0,0,0,0,0,1,0,1,0,0.987
2019,1123.0,19.9,74.7,2.03,0,8.5763,2.2731562823032334,1,0,0,0,0,0,0,0,0,0,1,0,0,1,1.215
2019,869.9,19.0,74.7,1.5,0,7.0538,2.4501426573516603,1,0,0,1,0,0,0,0,0,0,0,0,1,0,1.215
2019,1180.5,21.0,74.7,1.77,0,21.5274,1.4973884086254776,1,0,1,0,0,0,0,0,0,0,1,0,0,1,1.215
2019,614.5,18.5,74.7,1.47,0,5.3818,2.700018029404946,1,0,0,0,0,1,0,0,0,0,1,1,0,0,1.215
2019,292.0,18.7,74.7,0.2,0,12.5546,1.9387416595767009,0,0,0,0,0,0,0,0,0,0,1,0,0,0,1.215
2019,830.9,19.2,74.7,2.82,0,30.3659,1.2412685890696329,0,0,0,1,0,0,0,0,0,0,1,0,1,0,1.215
2019,350.4,20.2,74.7,0.37,0,7.701,2.3702437414678603,0,0,1,0,0,0,0,0,0,0,1,0,0,0,1.215
2019,590.9,16.6,74.7,0.65,0,30.121,1.247032293786383,0,0,0,0,0,1,0,0,0,1,0,1,0,0,1.215
2019,750.0,19.3,53.0,1.1,0,7.4965,2.0881534822818573,1,0,0,0,0,0,0,0,0,0,1,0,1,0,1.367
2019,578.3,21.1,53.0,2.6,0,11.991,1.6900958154515549,1,0,0,1,0,0,0,0,0,1,0,1,0,0,1.367
2019,845.0,18.7,53.0,2.3,0,3.6653,2.738256043159276,1,0,1,0,0,0,0,0,0,0,0,0,1,0,1.367
2019,561.0,20.2,53.0,0.21,0,9.6892,1.8671761085128091,0,0,0,0,0,0,0,0,0,0,1,1,0,0,1.367
2019,487.5,19.0,53.0,1.47,0,5.4359,2.3749057545736716,0,0,0,1,0,0,0,0,0,0,1,1,0,0,1.367
2019,943.6,20.3,53.0,2.9,0,54.0816,0.6830968447064438,0,0,1,0,0,0,0,0,0,0,0,0,1,0,1.367
2019,867.2,18.7,38.4,1.05,0,2.807,2.6864860231863696,1,0,0,0,0,0,0,0,0,1,0,0,1,0,1.854
2019,618.4,15.9,38.4,1.29,0,3.5788,2.462149662665384,1,0,0,1,0,0,0,0,0,0,1,1,0,0,1.854
2019,722.1,17.4,38.4,2.18,0,6.5529,1.925707441737794,1,0,1,0,0,0,0,0,0,0,0,0,1,0,1.854
2019,646.3,18.9,38.4,2.47,0,3.038,2.613006652415316,1,0,0,0,1,0,0,0,0,1,0,1,0,0,1.854
2019,409.5,17.5,38.4,0.42,0,5.7744,2.0347056478384444,0,0,0,0,0,0,0,0,0,0,1,1,0,0,1.854
2019,669.1,19.0,38.4,1.87,0,4.183,2.3204250111223765,0,0,0,1,0,0,0,0,0,0,1,1,0,0,1.854
2019,707.2,18.1,38.4,1.06,0,4.539,2.247072383063787,0,0,1,0,0,0,0,0,0,0,1,0,1,0,1.854
2019,222.1,18.4,38.4,0.31,0,4.5552,2.2438960966453663,0,0,0,0,1,0,0,0,0,0,1,0,0,0,1.854
2019,688.6,20.0,61.6,0.64,0,8.7874,2.080690761080268,1,0,0,0,0,0,0,0,0,0,1,1,0,0,1.181
2019,854.6,20.1,61.6,3.84,0,6.5672,2.3398808777377424,1,0,0,1,0,0,0,0,0,0,1,0,1,0,1.181
2019,768.8,22.1,61.6,1.11,0,9.4046,2.0215475632609334,0,0,0,0,0,0,0,0,0,1,0,0,1,0,1.181
2019,354.8,20.9,61.6,1.75,0,8.2574,2.135349173618132,0,0,0,1,0,0,0,0,0,0,0,0,0,0,1.181
2019,855.4,16.6,128.5,1.74,0,20.3645,1.9892432737616872,1,0,0,0,0,0,0,0,0,0,0,0,1,0,3.861
2019,1126.2,17.1,128.5,4.59,0,9.9922,2.6290069937617573,1,0,0,1,0,0,0,0,0,1,0,0,0,1,3.861
2019,1170.1,15.9,128.5,12.29,0,10.0078,2.6275629501895237,1,0,0,0,1,0,0,0,0,1,0,0,0,1,3.861
2019,608.5,16.8,128.5,2.26,0,12.3321,2.435366204227864,0,0,0,0,0,0,0,0,0,0,0,1,0,0,3.861
2019,446.6,15.4,128.5,0.68,0,9.0175,2.7245795030534206,0,0,0,1,0,0,0,0,0,0,1,1,0,0,3.861
2019,955.4,16.1,128.5,10.84,0,12.8758,2.3960754360813845,0,0,0,0,1,0,0,0,0,1,0,0,1,0,3.861
2019,688.5,18.8,30.5,0.36,0,2.3176,2.6504210882655737,1,0,0,0,0,0,0,0,0,0,0,1,0,0,0.496
2019,790.7,20.3,30.5,1.76,0,2.9902,2.4159137783010487,1,0,0,1,0,0,0,0,0,1,0,0,1,0,0.496
2019,268.6,20.1,30.5,0.2,0,4.2302,2.105352923464337,0,0,0,0,0,0,0,0,0,0,0,0,0,0,0.496
2019,729.6,18.9,30.5,0.82,0,5.4758,1.8825138324965192,0,0,0,1,0,0,0,0,0,0,1,0,1,0,0.496
2019,786.5,22.2,87.9,1.54,0,115.6579,0.5653138090500605,1,0,0,0,0,0,1,0,0,0,0,0,1,0,0.89
2019,664.2,25.2,87.9,0.77,0,25.4046,1.4951487660319727,1,0,0,0,0,0,0,0,0,0,1,1,0,0,0.89
2019,696.6,21.3,87.9,2.11,0,17.9022,1.776645831418007,1,0,0,1,0,0,0,0,0,0,1,1,0,0,0.89
2019,674.2,22.6,87.9,0.95,0,13.0804,2.0438143640366846,0,0,0,0,0,0,1,0,0,0,1,1,0,0,0.89
2019,506.9,22.0,87.9,0.49,0,14.1318,1.9768549529047348,0,0,0,0,0,0,0,0,0,0,1,1,0,0,0.89
2019,390.9,23.3,87.9,2.89,0,14.699,1.9430489167742813,0,0,0,1,0,0,0,0,0,0,0,0,0,0,0.89
2019,790.2,25.9,23.9,0.81,0,2.9506,2.2082744135228043,1,0,0,0,0,0,1,0,0,0,0,0,1,0,0.48
2019,786.9,25.1,23.9,0.45,0,3.9374,1.9558604799084813,1,0,0,0,0,0,0,0,0,0,1,0,1,0,0.48
2019,679.1,24.4,23.9,1.22,0,8.2414,1.3609765531356006,1,0,0,1,0,0,0,0,0,1,0,1,0,0,0.48
2019,355.1,23.7,23.9,0.27,0,1.9768,2.5718485799218085,0,0,0,0,0,0,1,0,0,0,1,0,0,0,0.48
2019,396.4,26.3,23.9,0.23,0,3.8057,1.9851308622085946,0,0,0,0,0,0,0,0,0,1,0,0,0,0,0.48
2019,435.2,23.6,23.9,0.89,0,31.8667,0.5596157879354227,0,0,0,1,0,0,0,0,0,0,0,1,0,0,0.48
2019,1042.2,25.5,38.7,0.7,0,31.2097,0.8064758658669484,1,0,0,0,0,0,1,0,0,0,1,0,0,1,0.455
2019,569.3,24.2,38.7,0.43,0,3.1489,2.587011872725154,1,0,0,0,0,0,0,0,0,0,0,1,0,0,0.455
2019,638.6,26.0,38.7,1.2,0,19.5455,1.091923300517313,1,0,0,1,0,0,0,0,0,0,0,1,0,0,0.455
2019,710.6,24.5,38.7,0.92,0,17.5113,1.1662709371419244,0,0,0,0,0,0,1,0,0,0,1,0,1,0,0.455
2019,536.0,26.4,38.7,0.23,0,6.3651,1.9572739077056285,0,0,0,0,0,0,0,0,0,0,0,1,0,0,0.455
2019,609.2,27.6,38.7,0.9,0,9.1059,1.6582280766035324,0,0,0,1,0,0,0,0,0,0,1,1,0,0,0.455
2019,969.5,29.3,15.6,0.2,0,1.8418,2.248128907197987,1,0,0,0,0,0,0,0,0,0,0,0,1,0,0.266
2019,1298.6,28.4,15.6,0.54,0,1.5854,2.3832429960115,1,0,0,1,0,0,0,0,0,0,1,0,0,1,0.266
2019,396.8,28.1,15.6,0.2,0,1.5984,2.3758355547336385,0,0,0,0,0,0,0,0,0,0,1,0,0,0,0.266
2019,887.4,29.1,15.6,0.37,0,1.844,2.247072383063787,0,0,0,1,0,0,0,0,0,1,0,0,1,0,0.266
2019,1130.0,28.6,25.2,0.2,0,2.3077,2.4782176616372036,1,0,0,0,0,0,0,0,0,0,0,0,0,1,0.661
2019,746.8,28.1,25.2,0.69,0,3.7278,2.048982334195127,1,0,0,1,0,0,0,0,0,0,1,0,1,0,0.661
2019,617.5,27.1,25.2,1.5,0,2.0016,2.6093342281630525,1,1,0,0,0,0,0,0,0,0,1,1,0,0,0.661
2019,619.2,26.4,25.2,0.25,0,3.9623,1.9960599327407849,0,0,0,0,0,0,0,0,0,0,1,1,0,0,0.661
2019,504.8,27.2,25.2,0.73,0,9.8438,1.269760544863939,0,0,0,1,0,0,0,0,0,0,1,1,0,0,0.661
2019,618.3,27.9,25.2,1.04,0,1.7834,2.7166795278002644,0,1,0,0,0,0,0,0,0,0,1,1,0,0,0.661
2019,1102.4,25.9,24.4,0.29,0,9.0706,1.3056264580524357,1,0,0,0,0,0,0,0,0,0,1,0,0,1,0.678
2019,832.0,27.3,24.4,0.41,0,9.3846,1.2809338454620642,1,0,0,1,0,0,0,0,0,1,0,0,1,0,0.678
2019,1240.2,27.3,24.4,2.09,0,2.1708,2.50470927708418,1,1,0,0,0,0,0,0,0,0,1,0,0,1,0.678
2019,193.8,29.7,24.4,0.2,0,2.6493,2.3233676321765744,0,0,0,0,0,0,0,0,0,0,1,0,0,0,0.678
2019,400.8,28.0,24.4,0.2,0,4.8413,1.7984040119467235,0,0,0,1,0,0,0,0,0,0,1,1,0,0,0.678
2019,506.1,28.3,24.4,1.05,0,10.2092,1.220829921392359,0,1,0,0,0,0,0,0,0,0,0,1,0,0,0.678
2019,484.8,31.4,20.1,0.2,1,2.0427,2.3832429960115,1,0,0,0,0,0,0,0,0,0,1,1,0,0,0.341
2019,407.6,30.5,20.1,0.2,1,2.8879,2.0744289998562917,1,0,0,1,0,0,0,0,0,0,1,1,0,0,0.341
2019,335.5,26.6,20.1,0.47,0,1.5193,2.655352412101761,1,0,0,0,0,1,0,0,0,0,1,0,0,0,0.341
2019,724.4,30.5,20.1,0.2,1,7.7308,1.2809338454620642,0,0,0,0,0,0,0,0,0,0,1,0,1,0,0.341
2019,98.7,29.0,20.1,0.2,0,3.0828,2.017566137961748,0,0,0,1,0,0,0,0,0,1,0,0,0,0,0.341
2019,244.4,30.7,20.1,0.2,1,19.7059,0.7030975114131134,0,0,0,0,0,1,0,0,0,0,0,0,0,0,0.341
2019,825.4,29.8,22.2,0.2,0,23.125,0.6729444732424258,1,0,0,0,0,0,0,0,0,0,1,0,1,0,0.339
2019,1026.3,29.0,22.2,0.24,0,4.7948,1.728109442151599,1,0,0,1,0,0,0,0,0,0,1,0,0,1,0.339
2019,681.1,27.7,22.2,0.21,0,2.2723,2.3767644911682972,0,0,0,0,0,0,0,0,0,0,0,1,0,0,0.339
2019,569.3,27.7,22.2,0.64,0,1.6169,2.689886230474539,0,0,0,1,0,0,0,0,0,0,0,1,0,0,0.339
2019,926.3,24.1,16.3,0.81,0,2.481,2.0241930674493576,1,0,0,0,0,0,0,0,0,0,0,0,1,0,0.628
2019,852.6,22.7,16.3,1.4,0,1.2228,2.6623552418400807,1,0,0,1,0,0,0,0,0,0,1,0,1,0,0.628
2019,538.0,24.8,16.3,0.34,0,8.0693,1.1052568313867783,0,0,0,0,0,0,0,0,0,1,0,1,0,0,0.628
2019,471.1,22.0,16.3,0.63,0,3.4829,1.7369512327330598,0,0,0,1,0,0,0,0,0,0,0,1,0,0,0.628
2019,464.6,33.2,8.2,0.3,1,0.6508,2.6100697927420065,1,0,0,0,0,0,1,0,0,0,0,1,0,0,0.251
2019,288.9,30.4,8.2,0.2,1,0.935,2.2793164660546914,1,0,0,0,0,0,0,0,0,0,1,0,0,0,0.251
2019,120.2,32.1,8.2,0.2,1,2.0147,1.623340817603092,1,0,0,1,0,0,0,0,0,0,1,0,0,0,0.251
2019,248.4,33.1,8.2,0.2,1,0.9425,2.272125885509337,0,0,0,0,0,0,1,0,0,1,0,0,0,0,0.251
2019,370.3,30.6,8.2,0.2,1,9.8795,0.6043159668533294,0,0,0,0,0,0,0,0,0,0,1,0,0,0,0.251
2019,207.5,33.3,8.2,0.2,1,0.6586,2.598979106047848,0,0,0,1,0,0,0,0,0,0,1,0,0,0,0.251
2019,138.3,33.2,22.1,0.2,1,2.052,2.4655539212721855,1,0,0,0,0,0,1,0,0,1,0,0,0,0,0.239
2019,113.4,32.9,22.1,0.2,1,5.0113,1.6882490928583902,1,0,0,0,0,0,0,0,0,0,1,0,0,0,0.239
2019,257.0,35.3,22.1,0.2,1,4.3849,1.7984040119467235,1,0,0,1,0,0,0,0,0,0,1,0,0,0,0.239
2019,194.6,35.0,22.1,0.2,1,4.0109,1.873339456220478,0,0,0,0,0,0,1,0,0,0,1,0,0,0,0.239
2019,182.4,34.8,22.1,0.2,1,1.7866,2.5930133911138515,0,0,0,0,0,0,0,0,0,1,0,0,0,0,0.239
2019,70.3,33.7,22.1,0.2,1,4.7939,1.724550719534605,0,0,0,1,0,0,0,0,0,0,1,0,0,0,0.239
2019,161.4,37.6,21.7,0.2,1,1.8098,2.5641798306825083,1,0,0,0,0,0,1,0,0,0,1,0,0,0,0.215
2019,416.1,35.0,21.7,0.2,1,1.7642,2.5877640352277083,1,0,0,0,0,0,0,0,0,0,1,1,0,0,0.215
2019,260.9,34.1,21.7,0.2,1,5.978,1.5325568680981427,1,0,0,1,0,0,0,0,0,0,0,0,0,0,0.215
2019,222.9,34.3,21.7,0.28,1,4.1021,1.8389610707123492,0,0,0,0,0,0,1,0,0,0,1,0,0,0,0.215
2019,50.0,36.7,21.7,0.2,1,4.026,1.8547342683894434,0,0,0,0,0,0,0,0,0,0,0,0,0,0,0.215
2019,237.9,32.9,21.7,0.26,1,3.7158,1.922787731634459,0,0,0,1,0,0,0,0,0,0,0,0,0,0,0.215
2019,264.2,36.8,39.7,0.2,1,40.101,0.688134638736401,1,0,0,0,0,0,1,0,0,0,1,0,0,0,0.216
2019,225.6,34.7,39.7,0.2,1,10.9066,1.534714366238164,1,0,0,0,0,0,0,0,0,0,0,0,0,0,0.216
2019,405.9,37.7,39.7,0.37,1,4.4259,2.299580583973747,1,0,0,1,0,0,0,0,0,0,1,1,0,0,0.216
2019,150.0,35.4,39.7,0.23,1,5.961,2.0360119837525,0,0,0,0,0,0,1,0,0,0,0,0,0,0,0.216
2019,176.1,33.7,39.7,0.2,1,4.6596,2.253394848803274,0,0,0,0,0,0,0,0,0,0,0,0,0,0,0.216
2019,167.4,35.2,39.7,0.2,1,12.2531,1.4445632692438664,0,0,0,1,0,0,0,0,0,0,1,0,0,0,0.216
2019,798.9,22.6,51.6,1.03,0,4.8588,2.4527277514237653,1,0,0,0,0,0,0,0,0,0,0,0,1,0,1.081
2019,770.8,22.1,51.6,2.22,0,5.9242,2.2731562823032334,1,0,0,1,0,0,0,0,0,0,1,0,1,0,1.081
2019,399.9,21.0,51.6,0.58,0,6.9262,2.134166441369082,0,0,0,0,0,0,0,0,0,0,1,0,0,0,1.081
2019,577.2,21.8,51.6,1.81,0,7.6331,2.048982334195127,0,0,0,1,0,0,0,0,0,1,0,1,0,0,1.081
2019,755.0,24.0,21.3,0.38,0,4.2262,1.7984040119467235,1,0,0,0,0,0,0,0,0,0,1,0,1,0,0.34
2019,391.8,26.9,21.3,0.42,0,1.841,2.531313022602156,1,0,0,1,0,0,0,0,0,1,0,0,0,0,0.34
2019,374.1,26.6,21.3,0.2,0,2.4596,2.2679936482244267,0,0,0,0,0,0,0,0,0,1,0,0,0,0,0.34
2019,217.8,27.0,21.3,0.42,0,1.5021,2.719978771967484,0,0,0,1,0,0,0,0,0,0,1,0,0,0,0.34
2019,894.4,24.6,11.3,0.33,0,1.4506,2.1736147116970854,1,0,0,0,0,0,0,0,0,0,1,0,1,0,0.617
2019,918.9,25.1,11.3,1.71,0,1.0254,2.4865719291070616,1,0,0,1,0,0,0,0,0,0,0,0,1,0,0.617
2019,468.6,23.5,11.3,0.23,0,2.2555,1.7934247485471162,0,0,0,0,0,0,0,0,0,1,0,1,0,0,0.617
2019,397.6,23.8,11.3,0.64,0,0.8666,2.641910398597665,0,0,0,1,0,0,0,0,0,0,0,0,0,0,0.617
2019,696.1,17.2,74.5,4.37,0,20.927,1.5173226235262949,1,0,0,0,0,0,0,0,1,1,0,1,0,0,1.385
2019,679.9,20.2,74.5,1.97,0,6.5009,2.522523513359307,1,0,0,0,0,0,0,0,0,0,0,1,0,0,1.385
2019,681.8,20.1,74.5,2.23,0,6.4783,2.5257286443082556,1,0,0,1,0,0,0,0,0,0,1,1,0,0,1.385
2019,259.4,19.1,74.5,0.4,0,9.5269,2.1770218700187,0,0,0,0,0,0,0,0,1,0,0,0,0,0,1.385
2019,466.1,18.4,74.5,0.55,0,6.5813,2.511223958105374,0,0,0,0,0,0,0,0,0,0,1,1,0,0,1.385
2019,587.4,19.0,74.5,4.17,0,5.1557,2.7376090033437546,0,0,0,1,0,0,0,0,0,0,0,1,0,0,1.385
2019,1055.1,23.0,74.0,0.32,0,62.1849,0.7839015438284094,1,0,0,0,0,0,0,0,0,0,1,0,0,1,1.472
2019,1338.7,23.2,74.0,5.73,0,10.7402,2.065596134857783,1,0,0,1,0,0,0,0,0,1,0,0,0,1,1.472
2019,585.9,23.0,74.0,0.8,0,5.4133,2.6858045921548905,0,0,0,0,0,0,0,0,0,0,1,1,0,0,1.472
2019,752.5,24.2,74.0,3.38,0,7.2336,2.418588768750352,0,0,0,1,0,0,0,0,0,0,0,0,1,0,1.472
2019,1394.9,23.1,66.8,1.31,0,10.1059,2.0294631718735947,1,0,0,0,0,0,0,0,0,0,0,0,0,1,1.511
2019,1405.7,23.3,66.8,3.54,0,6.3862,2.4388627112865935,1,0,0,1,0,0,0,0,0,0,1,0,0,1,1.511
2019,929.0,24.5,66.8,3.43,0,15.1131,1.6900958154515549,1,1,0,0,0,0,0,0,0,0,1,0,1,0,1.511
2019,1003.1,23.5,66.8,0.74,0,8.6979,2.1610215286722587,0,0,0,0,0,0,0,0,0,0,1,0,0,1,1.511
2019,741.4,23.8,66.8,2.05,0,11.6988,1.9035989509835904,0,0,0,1,0,0,0,0,0,0,1,0,1,0,1.511
2019,325.2,23.7,66.8,0.31,0,17.672,1.5644405465033644,0,1,0,0,0,0,0,0,0,0,1,0,0,0,1.511
2019,1066.6,22.5,82.9,1.36,0,6.3282,2.6461747973841225,1,0,0,0,0,0,0,0,0,0,1,0,0,1,1.053
2019,1205.5,24.8,82.9,2.18,0,6.9199,2.563409711275944,1,0,0,1,0,0,0,0,0,0,1,0,0,1,1.053
2019,269.6,22.8,82.9,0.2,0,110.5333,0.5596157879354227,0,0,0,0,0,0,0,0,0,0,1,0,0,0,1.053
2019,1029.7,23.2,82.9,3.28,0,50.5488,0.9707789171582248,0,0,0,1,0,0,0,0,0,1,0,0,0,1,1.053
2019,1883.0,20.0,32.7,0.89,0,2.1844,2.770711962226921,1,0,0,0,0,0,0,0,0,1,0,0,0,1,1.369
2019,1471.5,21.9,32.7,3.77,0,2.3241,2.712706012638404,1,0,0,1,0,0,0,0,0,0,1,0,0,1,1.369
2019,1115.4,23.0,32.7,0.63,0,2.5077,2.641910398597665,0,0,0,0,0,0,0,0,0,0,0,0,0,1,1.369
2019,1093.7,21.3,32.7,2.34,0,3.209,2.4150205223238337,0,0,0,1,0,0,0,0,0,0,0,0,0,1,1.369
2019,733.4,19.7,20.7,0.51,0,21.5625,0.6729444732424258,1,0,0,0,0,0,0,0,0,0,0,0,1,0,0.583
2019,686.3,21.5,20.7,1.71,0,1.6912,2.5832425505088623,1,0,0,1,0,0,0,0,0,1,0,1,0,0,0.583
2019,433.9,20.0,20.7,0.32,0,1.4946,2.6979998652487085,0,0,0,0,0,0,0,0,0,0,1,1,0,0,0.583
2019,308.5,21.3,20.7,0.4,0,3.4102,1.9558604799084813,0,0,0,1,0,0,0,0,0,0,0,0,0,0,0.583
2019,751.1,19.3,65.9,2.83,0,11.0385,1.9416152247724325,1,0,0,0,0,0,0,0,1,0,0,0,1,0,1.391
2019,1374.5,18.5,65.9,2.2,0,7.9686,2.2267833795777636,1,0,0,0,0,0,0,0,0,0,0,0,0,1,1.391
2019,1238.8,18.3,65.9,1.99,0,5.2177,2.612273245708441,1,0,0,1,0,0,0,0,0,1,0,0,0,1,1.391
2019,499.6,18.3,65.9,2.37,0,4.4377,2.7631695003232895,0,0,0,0,0,0,0,0,1,1,0,1,0,0,1.391
2019,464.2,21.7,65.9,0.24,0,19.9094,1.4609379041156565,0,0,0,0,0,0,0,0,0,0,1,1,0,0,1.391
2019,581.3,19.0,65.9,1.06,0,5.7106,2.5289235352047745,0,0,0,1,0,0,0,0,0,0,1,1,0,0,1.391
2019,1081.7,16.9,55.2,1.48,0,4.3024,2.626840145676667,1,0,0,0,0,0,0,0,0,0,1,0,0,1,1.144
2019,1121.2,15.8,55.2,2.38,0,4.6154,2.561867690924129,1,0,0,1,0,0,0,0,0,0,1,0,0,1,1.144
2019,802.8,18.8,55.2,0.67,0,7.7528,2.0943301541735866,0,0,0,0,0,0,0,0,0,0,1,0,1,0,1.144
2019,325.8,16.3,55.2,0.31,0,18.6486,1.3762440252663892,0,0,0,1,0,0,0,0,0,0,0,0,0,0,1.144
2019,1035.4,21.3,60.7,1.02,0,4.4436,2.6851226964585053,1,0,0,0,0,0,0,0,0,0,1,0,0,1,1.602
2019,1162.4,20.0,60.7,1.58,0,6.0761,2.39698576841553,1,0,0,1,0,0,0,0,0,1,0,0,0,1,1.602
2019,1130.1,17.9,60.7,0.96,0,12.5155,1.766441661243765,1,1,0,0,0,0,0,0,0,1,0,0,0,1,1.602
2019,1338.5,20.0,60.7,2.86,0,50.5833,0.7884573603642702,1,0,0,0,0,1,0,0,0,1,0,0,0,1,1.602
2019,590.9,19.2,60.7,0.8,0,5.5484,2.479894107964456,0,0,0,0,0,0,0,0,0,0,1,1,0,0,1.602
2019,981.9,21.2,60.7,3.9,0,10.1167,1.9459101490553132,0,0,0,1,0,0,0,0,0,1,0,0,1,0,1.602
2019,1075.1,21.0,60.7,3.53,0,9.1554,2.0320878452963655,0,1,0,0,0,0,0,0,0,0,0,0,0,1,1.602
2019,1172.3,19.2,60.7,3.54,0,65.9783,0.6523251860396903,0,0,0,0,0,1,0,0,0,0,0,0,0,1,1.602
2019,309.8,29.2,20.3,0.2,0,1.7854,2.5152741864043966,1,0,0,0,0,0,0,0,0,1,0,0,0,0,0.243
2019,375.1,30.0,20.3,0.25,0,8.3884,1.2296405510745139,1,0,0,1,0,0,0,0,0,0,1,0,0,0,0.243
2019,249.9,30.2,20.3,0.2,1,1.9115,2.4527277514237653,0,0,0,0,0,0,0,0,0,1,0,0,0,0,0.243
2019,356.4,30.2,20.3,0.4,1,1.45,2.70805020110221,0,0,0,1,0,0,0,0,0,0,0,0,0,0,0.243
2019,383.8,33.0,43.0,0.2,1,3.4345,2.604170070614818,1,0,0,0,0,0,0,0,0,1,0,0,0,0,0.212
2019,255.5,31.4,43.0,0.22,1,3.6784,2.540814281726296,1,0,0,1,0,0,0,0,0,0,1,0,0,0,0.212
2019,203.7,32.9,43.0,0.2,1,3.2162,2.6651427000909336,0,0,0,0,0,0,0,0,0,1,0,0,0,0,0.212
2019,211.5,31.9,43.0,0.2,1,7.0261,1.9629077254238845,0,0,0,1,0,0,0,0,0,0,1,0,0,0,0.212
2020,1242.2,20.0,122.5,4.65,0,8.4019,2.7459880404426023,1,0,0,0,0,0,0,0,1,1,0,0,0,1,3.582
2020,1148.2,16.6,122.5,2.7,0,71.6374,0.9969486348916096,1,0,0,0,0,0,0,0,0,0,0,0,0,1,3.582
2020,897.7,17.7,122.5,4.83,0,23.0263,1.843719208158766,1,0,0,1,0,0,0,0,0,0,1,0,1,0,3.582
2020,837.8,17.0,122.5,8.88,0,9.176,2.66374994220563,0,0,0,0,0,0,0,0,1,0,0,0,1,0,3.582
2020,365.6,18.5,122.5,0.44,0,10.2768,2.558776498354456,0,0,0,0,0,0,0,0,0,1,0,0,0,0,3.582
2020,832.2,16.7,122.5,4.09,0,9.6381,2.6181254935742233,0,0,0,1,0,0,0,0,0,0,1,0,1,0,3.582
2020,1242.1,16.6,100.1,9.22,0,7.913,2.613739521630969,1,0,0,0,0,0,0,0,1,0,0,0,0,1,4.069
2020,1247.8,17.5,100.1,1.6,0,10.438,2.359910159613315,1,0,0,0,0,0,0,0,0,0,1,0,0,1,4.069
2020,1141.5,18.1,100.1,4.22,0,22.0971,1.7101878155342434,1,0,0,1,0,0,0,0,0,0,0,0,0,1,4.069
2020,825.5,19.1,100.1,2.9,0,21.0294,1.7509374747078,0,0,0,0,0,0,0,0,1,1,0,0,1,0,4.069
2020,1161.4,18.1,100.1,2.07,0,21.0294,1.7509374747078,0,0,0,0,0,0,0,0,0,1,0,0,0,1,4.069
2020,812.2,16.3,100.1,3.19,0,51.0714,1.085189268335969,0,0,0,1,0,0,0,0,0,1,0,0,1,0,4.069
2020,1097.3,18.8,118.1,8.14,0,11.6126,2.413231613081109,1,0,0,0,0,0,0,0,1,0,0,0,0,1,3.973
2020,1350.0,19.2,118.1,3.58,0,16.4256,2.1029138978649784,1,0,0,0,0,0,0,0,0,0,0,0,0,1,3.973
2020,1496.2,21.7,118.1,17.44,0,11.3996,2.4300984132930052,1,0,0,1,0,0,0,0,0,0,0,0,0,1,3.973
2020,729.2,19.6,118.1,3.86,0,21.241,1.8809906029559975,1,0,0,0,1,0,0,0,0,0,0,0,1,0,3.973
2020,753.4,19.2,118.1,7.21,0,9.9244,2.5572273113676265,0,0,0,0,0,0,0,0,1,0,0,0,1,0,3.973
2020,502.5,20.7,118.1,1.92,0,30.4381,1.5851452198650557,0,0,0,0,0,0,0,0,0,1,0,1,0,0,3.973
2020,520.9,18.8,118.1,1.2,0,9.27,2.620311286794203,0,0,0,1,0,0,0,0,0,0,1,1,0,0,3.973
2020,424.6,18.4,118.1,2.28,0,20.327,1.918392120161421,0,0,0,0,1,0,0,0,0,0,0,1,0,0,3.973
2020,1704.7,18.3,44.3,0.92,0,49.7753,0.636576829071551,1,0,0,0,0,0,0,0,0,1,0,0,0,1,2.798
2020,1460.4,19.9,44.3,6.19,0,4.4929,2.3850863145057892,1,0,0,1,0,0,0,0,0,1,0,0,0,1,2.798
2020,1361.2,18.9,44.3,2.33,0,6.4577,2.061786606441115,1,0,0,0,0,0,0,1,0,0,0,0,0,1,2.798
2020,741.5,17.6,44.3,1.0,0,4.0273,2.4849066497880004,0,0,0,0,0,0,0,0,0,0,0,0,1,0,2.798
2020,806.7,18.9,44.3,2.82,0,3.6581,2.5733752977756086,0,0,0,1,0,0,0,0,0,0,0,0,1,0,2.798
2020,705.7,18.5,44.3,3.2,0,9.2678,1.7544036826842861,0,0,0,0,0,0,0,1,0,0,0,0,1,0,2.798
2020,1164.2,20.1,93.1,2.39,0,45.1942,1.1184149159642893,1,0,0,0,0,0,0,0,0,0,1,0,0,1,2.502
2020,1258.7,18.1,93.1,2.86,0,9.1724,2.411439497906128,1,0,0,1,0,0,0,0,0,1,0,0,0,1,2.502
2020,1088.6,19.0,93.1,1.01,0,7.9709,2.5400259490090797,0,0,0,0,0,0,0,0,0,0,0,0,0,1,2.502
2020,1030.4,18.5,93.1,2.75,0,6.7317,2.696652156149841,0,0,0,1,0,0,0,0,0,0,1,0,0,1,2.502
2020,1569.0,19.3,135.2,2.76,0,10.1122,2.6651427000909336,1,0,0,0,0,0,0,0,0,1,0,0,0,1,2.346
2020,1651.5,18.0,135.2,7.94,0,18.546,2.1150499691472033,1,0,0,1,0,0,0,0,0,0,0,0,0,1,2.346
2020,1149.1,18.7,135.2,1.76,0,11.4382,2.551006451492524,0,0,0,0,0,0,0,0,0,0,0,0,0,1,2.346
2020,1148.5,19.6,135.2,4.83,0,37.9775,1.5173226235262949,0,0,0,1,0,0,0,0,0,1,0,0,0,1,2.346
2020,1457.8,17.5,147.4,2.17,0,19.6011,2.1424163408412245,1,0,0,0,0,0,0,0,0,1,0,0,0,1,2.552
2020,2323.8,20.6,147.4,7.17,0,95.7143,0.9321640810304452,1,0,0,1,0,0,0,0,0,1,0,0,0,1,2.552
2020,1132.9,16.9,147.4,2.18,0,12.4283,2.554121718809473,0,0,0,0,0,0,0,0,0,0,0,0,0,1,2.552
2020,1022.9,17.3,147.4,4.75,0,46.7937,1.423108334242607,0,0,0,1,0,0,0,0,0,0,0,0,0,1,2.552
2020,1327.9,20.4,131.3,2.01,0,50.3065,1.2837077723447896,1,0,0,0,0,0,0,0,0,0,0,0,0,1,2.398
2020,2186.7,18.6,131.3,6.82,0,13.2626,2.388762789235098,1,0,0,1,0,0,0,0,0,0,0,0,0,1,2.398
2020,971.4,17.1,131.3,0.7,0,18.3124,2.1004689088719113,0,0,0,0,0,0,0,0,0,1,0,0,1,0,2.398
2020,1143.3,17.8,131.3,3.58,0,24.7269,1.8421356765531218,0,0,0,1,0,0,0,0,0,0,0,0,0,1,2.398
2020,1445.4,20.4,65.8,1.46,0,4.7101,2.706048198431537,1,0,0,0,0,0,0,0,0,0,1,0,0,1,1.579
2020,1536.8,17.5,65.8,3.09,0,5.8385,2.50715725872282,1,0,0,1,0,0,0,0,0,0,1,0,0,1,1.579
2020,743.5,19.6,65.8,0.69,0,77.4118,0.6151856390902334,0,0,0,0,0,0,0,0,0,0,1,0,1,0,1.579
2020,308.6,19.7,65.8,0.59,0,4.6933,2.7093826463359885,0,0,0,1,0,0,0,0,0,0,0,0,0,0,1.579
2020,1610.7,18.1,76.6,1.54,0,23.2121,1.4586150226995167,1,0,0,0,0,0,0,0,0,0,1,0,0,1,3.983
2020,1431.0,15.8,76.6,3.97,0,6.0745,2.6108048166633746,1,0,0,1,0,0,0,0,0,0,0,0,0,1,3.983
2020,1514.5,18.7,76.6,4.03,0,7.9051,2.3693087250369538,1,0,0,0,0,0,0,1,0,0,0,0,0,1,3.983
2020,1561.2,17.0,76.6,16.59,0,7.2745,2.4449523342809676,1,0,0,0,1,0,0,0,0,0,0,0,0,1,3.983
2020,1128.7,16.9,76.6,1.23,0,14.5076,1.8373699804801074,0,0,0,0,0,0,0,0,0,0,0,0,0,1,3.983
2020,831.6,17.7,76.6,1.85,0,11.0694,2.0693912058263346,0,0,0,1,0,0,0,0,0,1,0,0,1,0,3.983
2020,958.1,17.6,76.6,2.14,0,16.5443,1.728109442151599,0,0,0,0,0,0,0,1,0,1,0,0,1,0,3.983
2020,1074.0,18.5,76.6,5.9,0,28.6891,1.3001916620664788,0,0,0,0,1,0,0,0,0,1,0,0,0,1,3.983
2020,1099.5,17.8,53.9,0.71,0,9.9815,1.8562979903656263,1,0,0,0,0,0,0,0,0,0,1,0,0,1,2.733
2020,1506.5,20.2,53.9,4.82,0,3.9603,2.681706225762608,1,0,0,1,0,0,0,0,0,1,0,0,0,1,2.733
2020,1365.5,19.0,53.9,4.22,0,3.9143,2.6925980965432883,1,0,0,0,0,0,0,1,0,0,0,0,0,1,2.733
2020,1224.6,16.9,53.9,1.34,0,20.9728,1.2725655957915476,0,0,0,0,0,0,0,0,0,1,0,0,0,1,2.733
2020,646.1,16.6,53.9,0.62,0,7.4654,2.1065702090680882,0,0,0,1,0,0,0,0,0,0,1,1,0,0,2.733
2020,533.0,16.3,53.9,0.32,0,4.5067,2.561867690924129,0,0,0,0,0,0,0,1,0,0,1,1,0,0,2.733
2020,913.4,15.8,92.5,1.24,0,144.5312,0.49469624183610705,1,0,0,0,0,0,0,0,0,0,1,0,1,0,1.242
2020,998.8,19.1,92.5,4.85,0,11.0646,2.2364452904895007,1,0,0,1,0,0,0,0,0,0,0,0,1,0,1.242
2020,1127.2,17.3,92.5,5.79,0,14.5899,1.9933388426264242,1,0,0,0,0,0,0,1,0,0,1,0,0,1,1.242
2020,949.4,17.1,92.5,2.52,0,34.1328,1.3110318766193438,1,0,1,0,0,0,0,0,0,0,0,0,1,0,1.242
2020,944.9,17.2,92.5,1.27,0,10.5956,2.2752138961979136,0,0,0,0,0,0,0,0,0,0,1,0,1,0,1.242
2020,558.1,16.1,92.5,2.42,0,11.6206,2.192770226986839,0,0,0,1,0,0,0,0,0,0,0,1,0,0,1.242
2020,816.4,17.4,92.5,3.75,0,43.0233,1.1474024528375417,0,0,0,0,0,0,0,1,0,0,0,0,1,0,1.242
2020,541.7,17.3,92.5,1.54,0,146.8254,0.48858001481867097,0,0,1,0,0,0,0,0,0,0,1,1,0,0,1.242
2020,592.9,18.1,48.0,0.37,0,3.8804,2.5930133911138515,1,0,0,0,0,0,0,0,0,1,0,1,0,0,1.371
2020,1221.6,20.8,48.0,4.51,0,9.0226,1.843719208158766,1,0,0,1,0,0,0,0,0,0,0,0,0,1,1.371
2020,960.1,20.1,48.0,1.81,0,25.2632,1.0647107369924282,1,0,0,0,0,0,0,1,0,0,1,0,1,0,1.371
2020,1079.6,18.3,48.0,2.35,0,3.7588,2.6224923127405635,1,0,1,0,0,0,0,0,0,0,1,0,0,1,1.371
2020,627.1,19.5,48.0,0.63,0,18.9723,1.2612978709452054,0,0,0,0,0,0,0,0,0,0,1,1,0,0,1.371
2020,721.7,17.4,48.0,1.88,0,16.4948,1.3635373739972745,0,0,0,1,0,0,0,0,0,0,1,0,1,0,1.371
2020,349.9,20.0,48.0,0.32,0,4.8193,2.3942522815198695,0,0,0,0,0,0,0,1,0,0,1,0,0,0,1.371
2020,609.5,19.2,48.0,2.22,0,4.5889,2.4388627112865935,0,0,1,0,0,0,0,0,0,0,0,1,0,0,1.371
2020,880.9,17.2,49.6,1.1,0,19.6047,1.2612978709452054,1,0,0,0,0,0,0,0,0,1,0,0,1,0,0.987
2020,1122.5,19.6,49.6,4.89,0,8.2255,1.9501867058225735,1,0,0,1,0,0,0,0,0,1,0,0,0,1,0.987
2020,685.0,17.5,49.6,1.05,0,5.0664,2.378619779270043,1,0,1,0,0,0,0,0,0,0,1,1,0,0,0.987
2020,270.3,17.3,49.6,0.2,0,4.4128,2.50470927708418,0,0,0,0,0,0,0,0,0,0,1,0,0,0,0.987
2020,734.5,19.0,49.6,2.06,0,25.1777,1.0885619528146082,0,0,0,1,0,0,0,0,0,0,1,0,1,0,0.987
2020,549.4,18.4,49.6,0.37,0,3.7604,2.6525374911719513,0,0,1,0,0,0,0,0,0,1,0,1,0,0,0.987
2020,1358.5,18.8,67.2,1.98,0,42.8025,0.9439058989071284,1,0,0,0,0,0,0,0,0,1,0,0,0,1,1.215
2020,1238.3,18.5,67.2,3.14,0,20.805,1.4422019930581866,1,0,0,1,0,0,0,0,0,0,1,0,0,1,1.215
2020,751.6,17.9,67.2,1.76,0,6.2512,2.463853240590168,1,0,1,0,0,0,0,0,0,0,1,0,1,0,1.215
2020,1253.1,16.6,67.2,2.28,0,30.9677,1.1537315878891892,1,0,0,0,0,1,0,0,0,0,1,0,0,1,1.215
2020,512.6,19.0,67.2,1.35,0,8.5824,2.178155014615869,0,0,0,0,0,0,0,0,0,1,0,1,0,0,1.215
2020,833.7,18.5,67.2,3.22,0,14.359,1.7369512327330598,0,0,0,1,0,0,0,0,0,0,1,0,1,0,1.215
2020,602.8,18.3,67.2,1.34,0,5.1259,2.6468837658647226,0,0,1,0,0,0,0,0,0,0,0,1,0,0,1.215
2020,795.1,18.6,67.2,1.47,0,5.7191,2.545531271604435,0,0,0,0,0,1,0,0,0,0,1,0,1,0,1.215
2020,804.4,19.8,75.4,1.27,0,112.5373,0.5128236264286639,1,0,0,0,0,0,0,0,0,1,0,0,1,0,1.367
2020,588.0,19.3,75.4,1.96,0,16.6079,1.7119945007591924,1,0,0,1,0,0,0,0,0,0,1,1,0,0,1.367
2020,1053.1,19.2,75.4,2.73,0,6.8174,2.4898941912990393,1,0,1,0,0,0,0,0,0,0,1,0,0,1,1.367
2020,580.4,18.9,75.4,1.29,0,14.4168,1.8293763327993617,0,0,0,0,0,0,0,0,0,1,0,1,0,0,1.367
2020,502.7,19.5,75.4,3.55,0,96.6667,0.5766133643039938,0,0,0,1,0,0,0,0,0,0,0,1,0,0,1.367
2020,824.0,19.0,75.4,2.89,0,6.7261,2.502255288122613,0,0,1,0,0,0,0,0,0,0,1,0,1,0,1.367
2020,883.8,17.9,87.5,1.5,0,9.542,2.3194422100604686,1,0,0,0,0,0,0,0,0,0,1,0,1,0,1.854
2020,1073.7,16.7,87.5,2.51,0,23.7127,1.5454325824581878,1,0,0,1,0,0,0,0,0,0,0,0,0,1,1.854
2020,1106.0,17.5,87.5,3.66,0,18.7366,1.7351891177396608,1,0,1,0,0,0,0,0,0,0,0,0,0,1,1.854
2020,1094.7,16.5,87.5,10.96,0,6.525,2.667922410011431,1,0,0,0,1,0,0,0,0,1,0,0,0,1,1.854
2020,520.5,18.0,87.5,1.51,0,6.2634,2.706048198431537,0,0,0,0,0,0,0,0,0,1,0,1,0,0,1.854
2020,467.8,18.0,87.5,1.58,0,94.086,0.6575200029167941,0,0,0,1,0,0,0,0,0,0,1,1,0,0,1.854
2020,950.6,17.5,87.5,3.87,0,13.4615,2.0149030205422647,0,0,1,0,0,0,0,0,0,0,0,0,1,0,1.854
2020,399.8,17.7,87.5,3.56,0,14.0,1.9810014688665833,0,0,0,0,1,0,0,0,0,0,1,0,0,0,1.854
2020,1205.1,21.3,83.4,1.46,0,5.6696,2.75429745226753,1,0,0,0,0,0,0,0,0,0,1,0,0,1,1.181
2020,779.2,20.7,83.4,2.99,0,6.1324,2.681021528714291,1,0,0,1,0,0,0,0,0,0,1,0,1,0,1.181
2020,618.1,19.8,83.4,2.19,0,6.2566,2.6623552418400807,0,0,0,0,0,0,0,0,0,0,0,1,0,0,1.181
2020,517.3,21.5,83.4,2.3,0,6.764,2.5900171341906173,0,0,0,1,0,0,0,0,0,0,0,1,0,0,1.181
2020,1012.2,15.7,108.9,1.6,0,22.5,1.7647307968401356,1,0,0,0,0,0,0,0,0,0,1,0,0,1,3.861
2020,786.9,15.8,108.9,2.6,0,7.6367,2.725235025856311,1,0,0,1,0,0,0,0,0,0,0,0,1,0,3.861
2020,1337.6,17.3,108.9,22.91,0,13.2967,2.2181159363675955,1,0,0,0,1,0,0,0,0,0,0,0,0,1,3.861
2020,888.8,15.9,108.9,1.28,0,20.3172,1.8500283773520307,0,0,0,0,0,0,0,0,0,1,0,0,1,0,3.861
2020,595.3,14.2,108.9,1.76,0,59.8352,1.0367368849500223,0,0,0,1,0,0,0,0,0,0,0,1,0,0,3.861
2020,453.1,16.9,108.9,3.55,0,98.1081,0.7466879474879752,0,0,0,0,1,0,0,0,0,0,0,1,0,0,3.861
2020,887.9,19.4,29.0,0.74,0,2.3616,2.5862591440482876,1,0,0,0,0,0,0,0,0,0,0,0,1,0,0.496
2020,846.3,19.2,29.0,0.71,0,2.5801,2.50470927708418,1,0,0,1,0,0,0,0,0,0,1,0,1,0,0.496
2020,826.5,20.8,29.0,0.34,0,25.2174,0.7654678421395714,0,0,0,0,0,0,0,0,0,1,0,0,1,0,0.496
2020,254.9,18.1,29.0,0.2,0,13.4884,1.1474024528375417,0,0,0,1,0,0,0,0,0,0,1,0,0,0,0.496
2020,675.6,22.3,71.0,0.44,0,8.5852,2.2267833795777636,1,0,0,0,0,0,1,0,0,1,0,1,0,0,0.89
2020,685.5,24.2,71.0,0.91,0,12.4561,1.9021075263969205,1,0,0,0,0,0,0,0,0,0,0,1,0,0,0.89
2020,897.7,22.0,71.0,2.55,0,11.2698,1.9878743481543455,1,0,0,1,0,0,0,0,0,1,0,0,1,0,0.89
2020,774.8,22.8,71.0,1.15,0,4.7876,2.761906873892921,0,0,0,0,0,0,1,0,0,0,1,0,1,0,0.89
2020,379.4,23.0,71.0,0.78,0,25.0,1.3454723665996355,0,0,0,0,0,0,0,0,0,1,0,0,0,0,0.89
2020,597.0,22.4,71.0,2.54,0,5.0534,2.711377991194885,0,0,0,1,0,0,0,0,0,1,0,1,0,0,0.89
2020,640.0,24.5,21.8,0.5,0,2.5587,2.253394848803274,1,0,0,0,0,0,1,0,0,0,1,1,0,0,0.48
2020,782.2,23.3,21.8,0.29,0,6.3372,1.4906543764441333,1,0,0,0,0,0,0,0,0,0,0,0,1,0,0.48
2020,659.9,25.8,21.8,0.79,0,9.2766,1.208960345836975,1,0,0,1,0,0,0,0,0,0,0,1,0,0,0.48
2020,403.5,25.7,21.8,0.42,0,8.6508,1.2584609896100056,0,0,0,0,0,0,1,0,0,0,0,1,0,0,0.48
2020,613.2,22.8,21.8,0.3,0,4.7912,1.713797927758343,0,0,0,0,0,0,0,0,0,0,1,1,0,0,0.48
2020,590.4,22.6,21.8,0.87,0,3.4992,1.9782390361706734,0,0,0,1,0,0,0,0,0,0,1,1,0,0,0.48
2020,752.8,24.5,14.0,0.32,0,3.6554,1.5748464676644813,1,0,0,0,0,0,1,0,0,0,0,0,1,0,0.455
2020,873.1,23.8,14.0,0.35,0,1.2567,2.4965057856313524,1,0,0,0,0,0,0,0,0,0,0,0,1,0,0.455
2020,657.7,24.5,14.0,1.13,0,1.072,2.643333886382519,1,0,0,1,0,0,0,0,0,0,0,1,0,0,0.455
2020,627.8,26.0,14.0,0.87,0,1.1032,2.6166656393003573,0,0,0,0,0,0,1,0,0,0,0,1,0,0,0.455
2020,196.6,24.3,14.0,0.2,0,1.6037,2.2752138961979136,0,0,0,0,0,0,0,0,0,1,0,0,0,0,0.455
2020,750.2,23.3,14.0,0.63,0,0.9763,2.73046379593911,0,0,0,1,0,0,0,0,0,0,1,0,1,0,0.455
2020,1130.1,29.9,29.8,0.2,0,5.2281,1.9021075263969205,1,0,0,0,0,0,0,0,0,0,0,0,0,1,0.266
2020,1629.4,29.0,29.8,0.68,0,2.1439,2.7013612129514133,1,0,0,1,0,0,0,0,0,0,1,0,0,1,0.266
2020,711.4,29.5,29.8,0.2,0,2.7017,2.4874035299865875,0,0,0,0,0,0,0,0,0,0,1,0,1,0,0.266
2020,1152.9,28.4,29.8,0.65,0,8.2548,1.528227857008557,0,0,0,1,0,0,0,0,0,0,0,0,0,1,0.266
2020,404.4,27.5,31.7,0.2,0,2.1332,2.7638002162067017,1,0,0,0,0,0,0,0,0,1,0,1,0,0,0.661
2020,659.4,28.2,31.7,0.58,0,2.431,2.641910398597665,1,0,0,1,0,0,0,0,0,0,1,1,0,0,0.661
2020,894.0,26.9,31.7,2.05,0,9.7239,1.449269160281279,1,1,0,0,0,0,0,0,0,0,1,0,1,0,0.661
2020,643.2,27.6,31.7,0.2,0,2.2121,2.7298116928837226,0,0,0,0,0,0,0,0,0,0,0,1,0,0,0.661
2020,661.7,26.8,31.7,1.03,0,3.5941,2.2844211223663744,0,0,0,1,0,0,0,0,0,0,1,1,0,0,0.661
2020,424.5,28.2,31.7,0.83,0,8.0662,1.5953389880545987,0,1,0,0,0,0,0,0,0,1,0,1,0,0,0.661
2020,1006.9,29.1,23.0,0.22,0,2.0175,2.517696472610991,1,0,0,0,0,0,0,0,0,0,0,0,0,1,0.678
2020,1192.3,28.2,23.0,1.25,0,1.7885,2.6290069937617573,1,0,0,1,0,0,0,0,0,1,0,0,0,1,0.678
2020,1154.7,26.7,23.0,1.98,0,2.0628,2.4973291697865574,1,1,0,0,0,0,0,0,0,1,0,0,0,1,0.678
2020,367.2,26.9,23.0,0.2,0,2.6316,2.2762411176544437,0,0,0,0,0,0,0,0,0,0,1,0,0,0,0.678
2020,734.4,28.2,23.0,0.66,0,2.1495,2.4595888418037104,0,0,0,1,0,0,0,0,0,1,0,0,1,0,0.678
2020,145.4,28.1,23.0,0.2,0,5.3991,1.6601310267496185,0,1,0,0,0,0,0,0,0,0,1,0,0,0,0.678
2020,598.2,30.4,27.3,0.2,1,4.1743,2.020222182019865,1,0,0,0,0,0,0,0,0,1,0,1,0,0,0.341
2020,339.5,29.9,27.3,0.26,0,2.3616,2.5305171610400525,1,0,0,1,0,0,0,0,0,0,0,0,0,0,0.341
2020,464.5,28.8,27.3,0.62,0,13.4483,1.1085626195212777,1,0,0,0,0,1,0,0,0,1,0,1,0,0,0.341
2020,356.8,29.9,27.3,0.2,0,8.2727,1.4586150226995167,0,0,0,0,0,0,0,0,0,0,1,0,0,0,0.341
2020,413.9,30.5,27.3,0.32,1,6.6585,1.62924053973028,0,0,0,1,0,0,0,0,0,0,1,1,0,0,0.341
2020,488.3,29.1,27.3,0.7,0,5.7233,1.7526720805200082,0,0,0,0,0,1,0,0,0,0,0,1,0,0,0.341
2020,1133.3,28.7,33.0,0.2,0,10.0,1.4586150226995167,1,0,0,0,0,0,0,0,0,0,1,0,0,1,0.339
2020,781.4,28.9,33.0,0.37,0,2.8796,2.522523513359307,1,0,0,1,0,0,0,0,0,1,0,0,1,0,0.339
2020,503.5,27.9,33.0,0.2,0,29.2035,0.7561219797213337,0,0,0,0,0,0,0,0,0,1,0,1,0,0,0.339
2020,341.6,28.6,33.0,0.2,0,2.2059,2.7700855920216627,0,0,0,1,0,0,0,0,0,0,1,0,0,0,0.339
2020,929.0,23.2,23.1,0.62,0,5.969,1.5830939370944985,1,0,0,0,0,0,0,0,0,1,0,0,1,0,0.628
2020,887.7,23.9,23.1,0.86,0,1.8644,2.5945081597030812,1,0,0,1,0,0,0,0,0,0,1,0,1,0,0.628
2020,680.3,23.2,23.1,0.51,0,2.2471,2.423031246069913,0,0,0,0,0,0,0,0,0,1,0,1,0,0,0.628
2020,536.4,23.2,23.1,0.69,0,9.2771,1.2499017362143359,0,0,0,1,0,0,0,0,0,0,0,1,0,0,0.628
2020,414.2,31.6,12.6,0.39,1,2.4184,1.8261608959453874,1,0,0,0,0,0,1,0,0,1,0,1,0,0,0.251
2020,394.5,33.1,12.6,0.2,1,1.3505,2.3350522831315472,1,0,0,0,0,0,0,0,0,0,0,0,0,0,0.251
2020,240.9,34.6,12.6,0.2,1,1.597,2.1849270495258133,1,0,0,1,0,0,0,0,0,1,0,0,0,0,0.251
2020,107.1,32.2,12.6,0.2,1,1.4789,2.253394848803274,0,0,0,0,0,0,1,0,0,0,1,0,0,0,0.251
2020,50.0,34.2,12.6,0.2,1,0.8974,2.7107133185216936,0,0,0,0,0,0,0,0,0,0,1,0,0,0,0.251
2020,296.7,32.7,12.6,0.2,1,1.4668,2.2607208888953467,0,0,0,1,0,0,0,0,0,0,1,0,0,0,0.251
2020,126.2,34.3,8.2,0.2,1,1.0111,2.209372711271867,1,0,0,0,0,0,1,0,0,0,1,0,0,0,0.239
2020,298.5,35.5,8.2,0.2,1,0.6441,2.6195832197798796,1,0,0,0,0,0,0,0,0,1,0,0,0,0,0.239
2020,202.5,32.1,8.2,0.2,1,0.6147,2.663052835171474,1,0,0,1,0,0,0,0,0,0,1,0,0,0,0.239
2020,291.0,33.6,8.2,0.29,1,0.6629,2.5930133911138515,0,0,0,0,0,0,1,0,0,1,0,0,0,0,0.239
2020,54.2,33.6,8.2,0.2,1,0.6366,2.6304489550786583,0,0,0,0,0,0,0,0,0,0,1,0,0,0,0.239
2020,257.3,33.6,8.2,0.2,1,4.7126,1.007957920399979,0,0,0,1,0,0,0,0,0,0,1,0,0,0,0.239
2020,321.2,33.7,18.4,0.32,1,1.6399,2.503073953743449,1,0,0,0,0,0,1,0,0,1,0,0,0,0,0.215
2020,378.3,33.0,18.4,0.2,1,1.2441,2.7593768282675506,1,0,0,0,0,0,0,0,0,0,0,0,0,0,0.215
2020,297.4,33.3,18.4,0.28,1,2.8178,2.018895041811802,1,0,0,1,0,0,0,0,0,1,0,0,0,0,0.215
2020,110.1,34.3,18.4,0.2,1,1.2813,2.731766727719526,0,0,0,0,0,0,1,0,0,1,0,0,0,0,0.215
2020,87.1,32.7,18.4,0.2,1,1.6788,2.481567748522486,0,0,0,0,0,0,0,0,0,1,0,0,0,0,0.215
2020,228.1,35.9,18.4,0.22,1,1.7658,2.435366204227864,0,0,0,1,0,0,0,0,0,1,0,0,0,0,0.215
2020,276.7,35.6,14.0,0.21,1,13.2075,0.7227059828014898,1,0,0,0,0,0,1,0,0,0,1,0,0,0,0.216
2020,226.9,36.8,14.0,0.2,1,15.5556,0.6418538861723948,1,0,0,0,0,0,0,0,0,0,1,0,0,0,0.216
2020,318.9,37.1,14.0,0.43,1,4.1916,1.4678743481123135,1,0,0,1,0,0,0,0,0,0,0,0,0,0,0.216
2020,92.9,35.5,14.0,0.2,1,4.6823,1.3837912309017721,0,0,0,0,0,0,1,0,0,0,1,0,0,0,0.216
2020,135.8,34.5,14.0,0.2,1,1.4127,2.3896797998449792,0,0,0,0,0,0,0,0,0,0,1,0,0,0,0.216
2020,234.8,36.7,14.0,0.21,1,7.3298,1.0681530811834012,0,0,0,1,0,0,0,0,0,0,1,0,0,0,0.216
2020,651.6,23.1,65.3,0.4,0,13.3265,1.7749523509116738,1,0,0,0,0,0,0,0,0,0,1,1,0,0,1.081
2020,859.4,23.6,65.3,3.13,0,11.0678,1.9315214116032138,1,0,0,1,0,0,0,0,0,0,1,0,1,0,1.081
2020,192.5,23.0,65.3,0.2,0,90.6944,0.5423242908253617,0,0,0,0,0,0,0,0,0,1,0,0,0,0,1.081
2020,387.3,23.8,65.3,0.96,0,5.4146,2.569554123848285,0,0,0,1,0,0,0,0,0,0,1,0,0,0,1.081
2020,630.7,25.1,36.7,0.44,0,5.3499,2.061786606441115,1,0,0,0,0,0,0,0,0,1,0,1,0,0,0.34
2020,453.0,25.4,36.7,1.54,0,3.3485,2.481567748522486,1,0,0,1,0,0,0,0,0,0,0,1,0,0,0.34
2020,245.6,26.4,36.7,0.2,0,7.0849,1.8213182714695995,0,0,0,0,0,0,0,0,0,0,1,0,0,0,0.34
2020,61.0,25.4,36.7,0.2,0,5.5188,2.0347056478384444,0,0,0,1,0,0,0,0,0,0,0,0,0,0,0.34
2020,735.2,23.7,26.3,0.4,0,8.4026,1.4182774069729414,1,0,0,0,0,0,0,0,0,0,1,0,1,0,0.617
2020,650.1,22.8,26.3,0.89,0,13.7696,1.0681530811834012,1,0,0,1,0,0,0,0,0,0,1,1,0,0,0.617
2020,547.0,23.2,26.3,0.23,0,4.6714,1.891604804197771,0,0,0,0,0,0,0,0,0,0,1,1,0,0,0.617
2020,444.6,24.7,26.3,0.85,0,3.4788,2.1471001901536506,0,0,0,1,0,0,0,0,0,0,0,1,0,0,0.617
2020,973.0,17.8,53.2,3.08,0,4.35,2.5824869781268642,1,0,0,0,0,0,0,0,1,0,1,0,1,0,1.385
2020,534.1,17.8,53.2,0.77,0,5.0094,2.4527277514237653,1,0,0,0,0,0,0,0,0,1,0,1,0,0,1.385
2020,1200.6,20.5,53.2,2.3,0,6.6252,2.200552367428894,1,0,0,1,0,0,0,0,0,0,1,0,0,1,1.385
2020,534.6,17.8,53.2,2.92,0,102.3077,0.41871033485818504,0,0,0,0,0,0,0,0,1,0,0,1,0,0,1.385
2020,513.2,18.9,53.2,0.79,0,12.2581,1.6752256529721035,0,0,0,0,0,0,0,0,0,0,0,1,0,0,1.385
2020,256.2,18.0,53.2,0.2,0,19.3455,1.3217558399823195,0,0,0,1,0,0,0,0,0,0,0,0,0,0,1.385
2020,972.9,21.6,29.3,0.88,0,6.2607,1.7369512327330598,1,0,0,0,0,0,0,0,0,0,1,0,1,0,1.472
2020,1524.0,24.0,29.3,1.54,0,9.6382,1.3962446919730587,1,0,0,1,0,0,0,0,0,0,1,0,0,1,1.472
2020,512.6,21.7,29.3,0.39,0,16.5537,1.0188473201992472,0,0,0,0,0,0,0,0,0,0,1,1,0,0,1.472
2020,1022.4,21.3,29.3,2.9,0,6.4254,1.715598108262491,0,0,0,1,0,0,0,0,0,0,1,0,0,1,1.472
2020,940.7,21.8,70.3,1.1,0,4.8483,2.740840023925201,1,0,0,0,0,0,0,0,0,0,1,0,1,0,1.511
2020,863.6,23.0,70.3,2.92,0,6.9125,2.413231613081109,1,0,0,1,0,0,0,0,0,0,1,0,1,0,1.511
2020,1137.9,22.8,70.3,3.75,0,18.6968,1.5602476682433286,1,1,0,0,0,0,0,0,0,0,1,0,0,1,1.511
2020,557.5,23.0,70.3,0.76,0,6.4377,2.4782176616372036,0,0,0,0,0,0,0,0,0,0,0,1,0,0,1.511
2020,1203.1,23.5,70.3,2.88,0,5.1577,2.683074215032033,0,0,0,1,0,0,0,0,0,0,1,0,0,1,1.511
2020,696.5,23.0,70.3,0.79,0,5.1502,2.6844403354630764,0,1,0,0,0,0,0,0,0,1,0,1,0,0,1.511
2020,1139.3,22.7,55.1,1.4,0,15.2632,1.528227857008557,1,0,0,0,0,0,0,0,0,1,0,0,0,1,1.053
2020,1066.7,23.4,55.1,3.17,0,4.44,2.596000697293587,1,0,0,1,0,0,0,0,0,0,1,0,0,1,1.053
2020,982.4,25.4,55.1,0.62,0,22.6749,1.2325602611778486,0,0,0,0,0,0,0,0,0,0,1,0,1,0,1.053
2020,1054.6,23.9,55.1,2.04,0,14.6933,1.55814461804655,0,0,0,1,0,0,0,0,0,0,0,0,0,1,1.053
2020,1216.0,20.4,73.8,1.54,0,9.973,2.128231705849268,1,0,0,0,0,0,0,0,0,0,1,0,0,1,1.369
2020,1276.2,20.1,73.8,4.14,0,9.4737,2.1736147116970854,1,0,0,1,0,0,0,0,0,0,1,0,0,1,1.369
2020,1075.5,20.4,73.8,1.29,0,5.904,2.6026896854443837,0,0,0,0,0,0,0,0,0,1,0,0,0,1,1.369
2020,521.4,20.1,73.8,0.47,0,13.9245,1.840549633397487,0,0,0,1,0,0,0,0,0,0,1,1,0,0,1.369
2020,450.9,22.8,24.0,0.2,0,3.8647,1.9754689512968577,1,0,0,0,0,0,0,0,0,1,0,1,0,0,0.583
2020,447.1,21.1,24.0,0.49,0,1.9818,2.5733752977756086,1,0,0,1,0,0,0,0,0,1,0,1,0,0,0.583
2020,218.3,21.7,24.0,0.2,0,2.4242,2.388762789235098,0,0,0,0,0,0,0,0,0,0,1,0,0,0,0.583
2020,354.0,22.9,24.0,0.56,0,7.2289,1.463255402256019,0,0,0,1,0,0,0,0,0,0,1,0,0,0,0.583
2020,989.3,17.8,50.1,3.58,0,53.2979,0.6626879730752367,1,0,0,0,0,0,0,0,1,0,1,0,1,0,1.391
2020,1013.0,19.5,50.1,1.81,0,32.7451,0.9282193027394289,1,0,0,0,0,0,0,0,0,0,0,0,0,1,1.391
2020,932.7,17.9,50.1,1.83,0,6.7158,2.135349173618132,1,0,0,1,0,0,0,0,0,0,1,0,1,0,1.391
2020,383.6,17.5,50.1,0.5,0,14.6491,1.4861396960896067,0,0,0,0,0,0,0,0,1,1,0,0,0,0,1.391
2020,598.2,20.6,50.1,0.53,0,5.0811,2.3850863145057892,0,0,0,0,0,0,0,0,0,0,1,1,0,0,1.391
2020,247.3,20.8,50.1,0.29,0,3.4768,2.7350166493320245,0,0,0,1,0,0,0,0,0,0,0,0,0,0,1.391
2020,883.9,17.2,51.9,0.75,0,6.4713,2.199444334074532,1,0,0,0,0,0,0,0,0,0,1,0,1,0,1.144
2020,996.4,18.5,51.9,2.57,0,15.9202,1.449269160281279,1,0,0,1,0,0,0,0,0,1,0,0,1,0,1.144
2020,516.7,15.4,51.9,0.63,0,5.0982,2.414126467726953,0,0,0,0,0,0,0,0,0,0,0,1,0,0,1.144
2020,841.5,17.0,51.9,2.3,0,4.0077,2.6354795082673745,0,0,0,1,0,0,0,0,0,0,1,0,1,0,1.144
2020,1228.0,18.3,65.4,2.68,0,7.0247,2.333114298028869,1,0,0,0,0,0,0,0,0,0,0,0,0,1,1.602
2020,1275.5,21.5,65.4,7.44,0,4.8124,2.6803363625346943,1,0,0,1,0,0,0,0,0,0,0,0,0,1,1.602
2020,1564.2,20.5,65.4,4.47,0,6.6194,2.3869262414277967,1,1,0,0,0,0,0,0,0,0,1,0,0,1,1.602
2020,1029.4,21.6,65.4,2.47,0,5.9617,2.482403519569882,1,0,0,0,0,1,0,0,0,0,0,0,0,1,1.602
2020,527.7,19.4,65.4,0.8,0,5.3171,2.5877640352277083,0,0,0,0,0,0,0,0,0,1,0,1,0,0,1.602
2020,850.2,20.0,65.4,1.76,0,13.2657,1.780024213009634,0,0,0,1,0,0,0,0,0,0,1,0,1,0,1.602
2020,1104.5,19.3,65.4,1.14,0,14.0645,1.7316555451583497,0,1,0,0,0,0,0,0,0,0,1,0,0,1,1.602
2020,871.6,20.0,65.4,1.84,0,12.8235,1.8082887711792655,0,0,0,0,0,1,0,0,0,1,0,0,1,0,1.602
2020,496.3,29.8,26.0,0.2,0,1.7943,2.740194654428777,1,0,0,0,0,0,0,0,0,0,1,1,0,0,0.243
2020,356.5,30.5,26.0,0.25,1,4.1868,1.9754689512968577,1,0,0,1,0,0,0,0,0,0,1,0,0,0,0.243
2020,390.3,32.4,26.0,0.2,1,19.697,0.8415671856782186,0,0,0,0,0,0,0,0,0,0,1,0,0,0,0.243
2020,271.4,29.4,26.0,0.39,0,50.9804,0.412109650826833,0,0,0,1,0,0,0,0,0,0,1,0,0,0,0.243
2020,380.1,31.2,19.3,0.2,1,32.1667,0.4700036292457356,1,0,0,0,0,0,0,0,0,0,1,0,0,0,0.212
2020,420.3,32.8,19.3,0.33,1,3.4039,1.8976198599275322,1,0,0,1,0,0,0,0,0,0,1,1,0,0,0.212
2020,498.2,32.0,19.3,0.2,1,1.2962,2.7656899805486246,0,0,0,0,0,0,0,0,0,0,1,1,0,0,0.212
2020,320.0,30.5,19.3,0.36,1,3.6622,1.8357763546448294,0,0,0,1,0,0,0,0,0,1,0,0,0,0,0.212
2021,470.5,17.5,94.6,1.52,0,10.0212,2.3456445824544927,1,0,0,0,0,0,0,0,1,0,0,1,0,0,3.582
2021,644.3,18.4,94.6,0.52,0,10.7868,2.2793164660546914,1,0,0,0,0,0,0,0,0,0,0,1,0,0,3.582
2021,741.5,16.8,94.6,4.79,0,13.8102,2.060513531794317,1,0,0,1,0,0,0,0,0,0,0,0,1,0,3.582
2021,294.1,16.2,94.6,1.64,0,10.5817,2.2965670206684825,0,0,0,0,0,0,0,0,1,0,0,0,0,0,3.582
2021,483.2,17.3,94.6,1.14,0,19.1498,1.7817091333745536,0,0,0,0,0,0,0,0,0,0,0,1,0,0,3.582
2021,711.1,17.4,94.6,2.64,0,18.7698,1.7984040119467235,0,0,0,1,0,0,0,0,0,1,0,0,1,0,3.582
2021,1040.1,17.3,132.6,5.39,0,10.099,2.6483001966964363,1,0,0,0,0,0,0,0,1,0,0,0,0,1,4.069
2021,842.8,17.7,132.6,2.27,0,14.9831,2.2874714551839976,1,0,0,0,0,0,0,0,0,0,0,0,1,0,4.069
2021,556.2,17.2,132.6,4.34,0,29.2715,1.7101878155342434,1,0,0,1,0,0,0,0,0,0,0,1,0,0,4.069
2021,704.0,18.1,132.6,5.32,0,25.7977,1.814824742159051,0,0,0,0,0,0,0,0,1,0,0,0,1,0,4.069
2021,797.8,15.1,132.6,1.11,0,24.375,1.8625285401162623,0,0,0,0,0,0,0,0,0,0,0,0,1,0,4.069
2021,576.4,18.8,132.6,3.91,0,47.87,1.3270750014599193,0,0,0,1,0,0,0,0,0,0,0,1,0,0,4.069
2021,462.1,18.4,101.6,2.31,0,16.2041,1.9837562915454279,1,0,0,0,0,0,0,0,1,1,0,1,0,0,3.973
2021,787.2,19.6,101.6,1.28,0,135.4667,0.5596157879354227,1,0,0,0,0,0,0,0,0,0,0,0,1,0,3.973
2021,637.2,18.5,101.6,2.41,0,9.7225,2.4379897300002487,1,0,0,1,0,0,0,0,0,0,0,1,0,0,3.973
2021,579.9,18.7,101.6,5.21,0,7.2571,2.70805020110221,1,0,0,0,1,0,0,0,0,0,1,1,0,0,3.973
2021,420.3,19.0,101.6,0.94,0,22.9345,1.691939133945844,0,0,0,0,0,0,0,0,1,1,0,1,0,0,3.973
2021,189.1,19.0,101.6,0.2,0,13.9752,2.1126345090356,0,0,0,0,0,0,0,0,0,0,0,0,0,0,3.973
2021,496.9,19.1,101.6,1.58,0,20.4427,1.7867469274045107,0,0,0,1,0,0,0,0,0,1,0,1,0,0,3.973
2021,405.2,18.0,101.6,1.73,0,20.1587,1.7984040119467235,0,0,0,0,1,0,0,0,0,0,1,1,0,0,3.973
2021,936.8,18.6,107.5,2.65,0,9.5386,2.50715725872282,1,0,0,0,0,0,0,0,0,1,0,0,1,0,2.798
2021,671.5,19.2,107.5,3.22,0,22.8238,1.742219023667919,1,0,0,1,0,0,0,0,0,0,0,1,0,0,2.798
2021,598.7,17.0,107.5,2.66,0,19.9074,1.8562979903656263,1,0,0,0,0,0,0,1,0,0,0,1,0,0,2.798
2021,543.2,17.1,107.5,1.06,0,7.6079,2.7166795278002644,0,0,0,0,0,0,0,0,0,0,0,1,0,0,2.798
2021,485.9,18.3,107.5,0.94,0,7.9689,2.673458756332591,0,0,0,1,0,0,0,0,0,0,1,1,0,0,2.798
2021,597.5,18.5,107.5,2.02,0,18.3761,1.9242486522741338,0,0,0,0,0,0,0,1,0,1,0,1,0,0,2.798
2021,678.8,20.3,58.8,0.91,0,22.1887,1.2947271675944,1,0,0,0,0,0,0,0,0,1,0,1,0,0,2.502
2021,953.7,18.7,58.8,3.12,0,4.619,2.6195832197798796,1,0,0,1,0,0,0,0,0,0,0,0,1,0,2.502
2021,621.1,18.4,58.8,0.96,0,38.9404,0.9202827531436926,0,0,0,0,0,0,0,0,0,0,0,1,0,0,2.502
2021,416.9,18.4,58.8,0.45,0,6.3983,2.321406847234633,0,0,0,1,0,0,0,0,0,0,0,1,0,0,2.502
2021,623.8,20.3,132.2,1.15,0,9.2642,2.725890119230541,1,0,0,0,0,0,0,0,0,0,0,1,0,0,2.346
2021,687.5,21.3,132.2,2.43,0,10.4423,2.614471854142644,1,0,0,1,0,0,0,0,0,0,1,1,0,0,2.346
2021,802.5,18.1,132.2,0.56,0,26.3872,1.7934247485471162,0,0,0,0,0,0,0,0,0,0,0,0,1,0,2.346
2021,482.8,19.1,132.2,0.34,0,29.2478,1.7083778602890038,0,0,0,1,0,0,0,0,0,0,0,1,0,0,2.346
2021,1082.7,18.3,114.8,1.9,0,9.5112,2.570319527636131,1,0,0,0,0,0,0,0,0,0,0,0,0,1,2.552
2021,1325.2,17.3,114.8,4.05,0,8.2649,2.7006898466959175,1,0,0,1,0,0,0,0,0,0,0,0,0,1,2.552
2021,445.1,18.5,114.8,0.2,0,14.4221,2.192770226986839,0,0,0,0,0,0,0,0,0,0,0,1,0,0,2.552
2021,1194.3,19.7,114.8,5.21,0,8.824,2.6397713603489157,0,0,0,1,0,0,0,0,0,0,1,0,0,1,2.552
2021,1186.4,20.4,102.3,2.66,0,8.0425,2.6188546222977394,1,0,0,0,0,0,0,0,0,0,0,0,0,1,2.398
2021,1212.3,18.0,102.3,3.33,0,9.0853,2.506341930508065,1,0,0,1,0,0,0,0,0,0,0,0,0,1,2.398
2021,490.0,18.1,102.3,0.2,0,49.6602,1.1184149159642893,0,0,0,0,0,0,0,0,0,1,0,1,0,0,2.398
2021,1089.6,17.5,102.3,3.53,0,49.1827,1.1249295969854831,0,0,0,1,0,0,0,0,0,0,0,0,0,1,2.398
2021,1030.7,20.0,45.8,0.43,0,9.3089,1.7783364488959144,1,0,0,0,0,0,0,0,0,1,0,0,0,1,1.579
2021,724.0,18.5,45.8,0.73,0,4.5391,2.4060438013622756,1,0,0,1,0,0,0,0,0,1,0,0,1,0,1.579
2021,437.8,19.8,45.8,0.2,0,44.902,0.7030975114131134,0,0,0,0,0,0,0,0,0,0,1,1,0,0,1.579
2021,767.0,21.6,45.8,1.96,0,4.7363,2.367436065313662,0,0,0,1,0,0,0,0,0,0,1,0,1,0,1.579
2021,990.6,19.4,93.1,2.58,0,32.5524,1.3506671834767394,1,0,0,0,0,0,0,0,0,0,0,0,1,0,3.983
2021,952.7,17.4,93.1,3.35,0,45.1942,1.1184149159642893,1,0,0,1,0,0,0,0,0,0,0,0,1,0,3.983
2021,721.1,18.8,93.1,2.18,0,12.6495,2.1234584270966104,1,0,0,0,0,0,0,1,0,1,0,0,1,0,3.983
2021,877.8,18.8,93.1,6.36,0,32.5524,1.3506671834767394,1,0,0,0,1,0,0,0,0,0,1,0,1,0,3.983
2021,448.3,17.4,93.1,0.25,0,8.8751,2.4414770918606643,0,0,0,0,0,0,0,0,0,1,0,1,0,0,3.983
2021,435.0,17.5,93.1,0.75,0,44.9758,1.1216775615991057,0,0,0,1,0,0,0,0,0,1,0,1,0,0,3.983
2021,756.0,18.6,93.1,3.1,0,7.5324,2.5922651681085,0,0,0,0,0,0,0,1,0,0,0,0,1,0,3.983
2021,931.5,18.9,93.1,5.08,0,10.4022,2.2975725511705014,0,0,0,0,1,0,0,0,0,1,0,0,1,0,3.983
2021,1177.8,19.0,119.8,2.0,0,8.5146,2.712706012638404,1,0,0,0,0,0,0,0,0,1,0,0,0,1,2.733
2021,772.7,18.4,119.8,3.95,0,57.5962,1.1249295969854831,1,0,0,1,0,0,0,0,0,0,0,0,1,0,2.733
2021,1324.5,16.7,119.8,4.84,0,17.1633,2.0769384114617173,1,0,0,0,0,0,0,1,0,1,0,0,0,1,2.733
2021,586.9,18.1,119.8,0.48,0,21.2789,1.891604804197771,0,0,0,0,0,0,0,0,0,1,0,1,0,0,2.733
2021,736.1,18.5,119.8,3.06,0,10.0084,2.5626389983283526,0,0,0,1,0,0,0,0,0,1,0,0,1,0,2.733
2021,632.2,17.0,119.8,1.27,0,20.6552,1.916922612182061,0,0,0,0,0,0,0,1,0,0,0,1,0,0,2.733
2021,830.6,16.4,67.9,0.99,0,24.3369,1.332366019094335,1,0,0,0,0,0,0,0,0,0,1,0,1,0,1.242
2021,684.0,16.6,67.9,1.77,0,13.58,1.791759469228055,1,0,0,1,0,0,0,0,0,1,0,1,0,0,1.242
2021,1012.6,16.9,67.9,0.54,0,20.7012,1.4539530095937052,1,0,0,0,0,0,0,1,0,0,1,0,0,1,1.242
2021,564.0,15.9,67.9,1.12,0,19.9706,1.4816045409242156,1,0,1,0,0,0,0,0,0,0,1,1,0,0,1.242
2021,478.2,15.4,67.9,0.62,0,21.2188,1.4350845252893227,0,0,0,0,0,0,0,0,0,0,1,1,0,0,1.242
2021,471.4,15.5,67.9,0.76,0,24.5126,1.3270750014599193,0,0,0,1,0,0,0,0,0,0,1,1,0,0,1.242
2021,398.2,17.4,67.9,0.59,0,35.9259,1.0612565021243408,0,0,0,0,0,0,0,1,0,0,1,0,0,0,1.242
2021,294.9,17.7,67.9,0.26,0,6.3517,2.458733775483977,0,0,1,0,0,0,0,0,0,0,1,0,0,0,1.242
2021,697.7,19.3,73.8,1.47,0,9.202,2.199444334074532,1,0,0,0,0,0,0,0,0,0,0,1,0,0,1.371
2021,859.8,19.0,73.8,3.85,0,15.9395,1.728109442151599,1,0,0,1,0,0,0,0,0,0,1,0,1,0,1.371
2021,598.9,17.6,73.8,1.66,0,6.0294,2.5832425505088623,1,0,0,0,0,0,0,1,0,0,1,1,0,0,1.371
2021,744.6,16.0,73.8,1.9,0,7.4621,2.387844936944869,1,0,1,0,0,0,0,0,0,0,1,0,1,0,1.371
2021,511.7,18.4,73.8,0.53,0,36.3547,1.1085626195212777,0,0,0,0,0,0,0,0,0,1,0,1,0,0,1.371
2021,626.7,19.7,73.8,2.54,0,92.25,0.5877866649021191,0,0,0,1,0,0,0,0,0,1,0,1,0,0,1.371
2021,500.2,19.0,73.8,1.35,0,9.8928,2.135349173618132,0,0,0,0,0,0,0,1,0,0,1,1,0,0,1.371
2021,388.4,20.0,73.8,0.38,0,9.5969,2.162172939277301,0,0,1,0,0,0,0,0,0,1,0,0,0,0,1.371
2021,735.2,16.4,70.2,0.86,0,24.375,1.355835153635182,1,0,0,0,0,0,0,0,0,0,1,0,1,0,0.987
2021,660.6,18.1,70.2,2.27,0,6.1687,2.5160822672564502,1,0,0,1,0,0,0,0,0,1,0,1,0,0,0.987
2021,455.8,21.0,70.2,0.84,0,8.561,2.2192034840549946,1,0,1,0,0,0,0,0,0,0,1,1,0,0,0.987
2021,378.3,16.4,70.2,0.2,0,40.3448,1.007957920399979,0,0,0,0,0,0,0,0,0,0,1,0,0,0,0.987
2021,591.1,20.2,70.2,1.46,0,4.7432,2.760009940032921,0,0,0,1,0,0,0,0,0,1,0,1,0,0,0.987
2021,348.3,16.9,70.2,0.46,0,5.2901,2.658159431488745,0,0,1,0,0,0,0,0,0,0,0,0,0,0,0.987
2021,674.1,19.0,62.4,1.22,0,10.8711,1.9080599249242156,1,0,0,0,0,0,0,0,0,0,0,1,0,0,1.215
2021,632.5,19.0,62.4,1.18,0,6.6242,2.343727036325221,1,0,0,1,0,0,0,0,0,0,0,1,0,0,1.215
2021,690.6,19.7,62.4,0.74,0,10.8146,1.9125010869241836,1,0,1,0,0,0,0,0,0,1,0,1,0,0,1.215
2021,883.9,20.1,62.4,1.52,0,10.3654,1.9487632180377197,1,0,0,0,0,1,0,0,0,0,1,0,1,0,1.215
2021,563.1,18.2,62.4,1.44,0,10.3483,1.9501867058225735,0,0,0,0,0,0,0,0,0,0,0,1,0,0,1.215
2021,300.2,18.6,62.4,0.45,0,4.8447,2.6304489550786583,0,0,0,1,0,0,0,0,0,0,0,0,0,0,1.215
2021,379.9,17.9,62.4,0.29,0,14.8219,1.6505798557652755,0,0,1,0,0,0,0,0,0,1,0,0,0,0,1.215
2021,660.9,17.7,62.4,1.25,0,12.2114,1.809926773183504,0,0,0,0,0,1,0,0,0,0,1,1,0,0,1.215
2021,436.4,20.5,47.8,0.59,0,6.6389,2.1041341542702074,1,0,0,0,0,0,0,0,0,0,1,1,0,0,1.367
2021,593.2,20.1,47.8,1.64,0,4.4673,2.4595888418037104,1,0,0,1,0,0,0,0,0,0,1,1,0,0,1.367
2021,332.5,20.8,47.8,0.2,0,4.2115,2.513656063073986,1,0,1,0,0,0,0,0,0,0,1,0,0,0,1.367
2021,316.2,18.5,47.8,0.2,0,16.4261,1.3635373739972745,0,0,0,0,0,0,0,0,0,0,1,0,0,0,1.367
2021,313.3,22.6,47.8,0.51,0,6.1677,2.169053700369523,0,0,0,1,0,0,0,0,0,0,1,0,0,0,1.367
2021,472.7,23.7,47.8,0.88,0,7.5039,1.9974177062012453,0,0,1,0,0,0,0,0,0,0,0,1,0,0,1.367
2021,672.8,19.4,38.5,1.06,0,10.9687,1.506297153514587,1,0,0,0,0,0,0,0,0,0,0,1,0,0,1.854
2021,547.0,15.8,38.5,0.81,0,6.3115,1.9600947840472698,1,0,0,1,0,0,0,0,0,1,0,1,0,0,1.854
2021,763.4,19.3,38.5,1.04,0,2.8164,2.6858045921548905,1,0,1,0,0,0,0,0,0,0,1,0,1,0,1.854
2021,785.7,18.0,38.5,2.31,0,7.0772,1.8625285401162623,1,0,0,0,1,0,0,0,0,0,1,0,1,0,1.854
2021,130.0,18.1,38.5,0.2,0,9.4132,1.6272778305624314,0,0,0,0,0,0,0,0,0,0,1,0,0,0,1.854
2021,373.5,16.8,38.5,0.39,0,6.3427,1.9558604799084813,0,0,0,1,0,0,0,0,0,0,1,0,0,0,1.854
2021,457.9,16.9,38.5,1.06,0,7.4038,1.824549292051046,0,0,1,0,0,0,0,0,0,0,0,1,0,0,1.854
2021,427.6,17.8,38.5,1.71,0,23.4756,0.9707789171582248,0,0,0,0,1,0,0,0,0,0,1,1,0,0,1.854
2021,722.9,22.0,74.5,1.17,0,7.219,2.4265710727750367,1,0,0,0,0,0,0,0,0,0,1,0,1,0,1.181
2021,443.4,21.2,74.5,2.47,0,13.7201,1.860974538249528,1,0,0,1,0,0,0,0,0,1,0,1,0,0,1.181
2021,445.9,19.3,74.5,0.71,0,19.1026,1.589235205116581,0,0,0,0,0,0,0,0,0,0,1,1,0,0,1.181
2021,135.4,20.8,74.5,0.29,0,15.9188,1.7369512327330598,0,0,0,1,0,0,0,0,0,0,1,0,0,0,1.181
2021,742.6,18.0,123.3,2.04,0,12.5432,2.382320061012899,1,0,0,0,0,0,0,0,0,0,0,0,1,0,3.861
2021,1023.0,14.8,123.3,1.91,0,8.8897,2.6993457604720636,1,0,0,1,0,0,0,0,0,0,0,0,0,1,3.861
2021,656.7,14.6,123.3,15.01,0,19.1757,2.005525858729668,1,0,0,0,1,0,0,0,0,0,0,1,0,0,3.861
2021,476.4,13.8,123.3,0.73,0,12.1358,2.412335956953165,0,0,0,0,0,0,0,0,0,0,1,1,0,0,3.861
2021,415.6,15.8,123.3,0.43,0,15.0733,2.217027204632399,0,0,0,1,0,0,0,0,0,1,0,1,0,0,3.861
2021,366.8,17.0,123.3,2.17,0,17.0304,2.1090003439213802,0,0,0,0,1,0,0,0,0,1,0,0,0,0,3.861
2021,502.1,18.6,26.1,0.24,0,5.241,1.7884205679625405,1,0,0,0,0,0,0,0,0,0,0,1,0,0,0.496
2021,563.2,21.1,26.1,1.35,0,2.8968,2.303584593327129,1,0,0,1,0,0,0,0,0,0,0,1,0,0,0.496
2021,378.9,20.2,26.1,0.2,0,2.4952,2.4388627112865935,0,0,0,0,0,0,0,0,0,0,1,0,0,0,0.496
2021,324.0,20.5,26.1,0.31,0,2.6687,2.377692565480851,0,0,0,1,0,0,0,0,0,0,0,0,0,0,0.496
2021,480.0,22.7,53.0,0.76,0,17.608,1.3887912413184778,1,0,0,0,0,0,1,0,0,0,1,1,0,0,0.89
2021,472.3,23.0,53.0,0.68,0,19.4853,1.3137236682850553,1,0,0,0,0,0,0,0,0,1,0,1,0,0,0.89
2021,420.2,21.9,53.0,1.66,0,3.9493,2.668616131856803,1,0,0,1,0,0,0,0,0,1,0,1,0,0,0.89
2021,327.8,23.2,53.0,0.64,0,4.1342,2.626116818339524,0,0,0,0,0,0,1,0,0,0,1,0,0,0,0.89
2021,380.3,22.3,53.0,0.43,0,9.364,1.8961194845522977,0,0,0,0,0,0,0,0,0,1,0,0,0,0,0.89
2021,415.6,24.1,53.0,1.03,0,7.4753,2.0906287310704004,0,0,0,1,0,0,0,0,0,0,1,1,0,0,0.89
2021,471.4,25.5,18.5,0.69,0,1.7146,2.4672517145492794,1,0,0,0,0,0,1,0,0,0,1,1,0,0,0.48
2021,585.1,24.9,18.5,0.64,0,5.3623,1.4929040961781488,1,0,0,0,0,0,0,0,0,0,0,1,0,0,0.48
2021,574.9,24.4,18.5,0.65,0,2.7903,2.0320878452963655,1,0,0,1,0,0,0,0,0,0,1,1,0,0,0.48
2021,407.2,25.5,18.5,0.48,0,2.7736,2.0373166153791646,0,0,0,0,0,0,1,0,0,0,1,1,0,0,0.48
2021,496.1,24.6,18.5,0.3,0,7.8059,1.2149127443642704,0,0,0,0,0,0,0,0,0,0,1,1,0,0,0.48
2021,260.5,26.0,18.5,0.2,0,2.7489,2.0451088625993306,0,0,0,1,0,0,0,0,0,0,1,0,0,0,0.48
2021,346.7,24.4,14.3,0.26,0,1.2929,2.4898941912990393,1,0,0,0,0,0,1,0,0,0,0,0,0,0,0.455
2021,582.6,21.3,14.3,0.28,0,3.1567,1.7101878155342434,1,0,0,0,0,0,0,0,0,0,1,1,0,0,0.455
2021,503.5,24.9,14.3,0.64,0,2.1832,2.0215475632609334,1,0,0,1,0,0,0,0,0,1,0,1,0,0,0.455
2021,529.1,26.0,14.3,0.33,0,1.3606,2.4432162227337915,0,0,0,0,0,0,1,0,0,0,1,1,0,0,0.455
2021,537.1,24.8,14.3,0.29,0,13.1193,0.7371640659767197,0,0,0,0,0,0,0,0,0,0,0,1,0,0,0.455
2021,360.8,24.9,14.3,0.57,0,1.7354,2.2235418856535927,0,0,0,1,0,0,0,0,0,0,1,0,0,0,0.455
2021,588.8,26.0,33.1,0.2,0,2.901,2.5185025992165158,1,0,0,0,0,0,0,0,0,1,0,1,0,0,0.266
2021,795.5,30.2,33.1,0.23,1,18.4916,1.0260415958332743,1,0,0,1,0,0,0,0,0,1,0,0,1,0,0.266
2021,520.7,30.0,33.1,0.2,0,3.6017,2.321406847234633,0,0,0,0,0,0,0,0,0,0,0,1,0,0,0.266
2021,468.7,27.7,33.1,0.42,0,14.2672,1.199964782928397,0,0,0,1,0,0,0,0,0,0,0,1,0,0,0.266
2021,629.1,27.7,10.4,0.2,0,0.7969,2.642622395779755,1,0,0,0,0,0,0,0,0,0,0,1,0,0,0.661
2021,352.0,26.6,10.4,0.23,0,0.8725,2.558776498354456,1,0,0,1,0,0,0,0,0,0,1,0,0,0,0.661
2021,651.9,29.1,10.4,0.74,0,0.7885,2.6525374911719513,1,1,0,0,0,0,0,0,0,0,1,1,0,0,0.661
2021,444.9,26.8,10.4,0.2,0,0.7687,2.6762154775821916,0,0,0,0,0,0,0,0,0,0,1,1,0,0,0.661
2021,446.9,27.8,10.4,0.26,0,4.3882,1.2149127443642704,0,0,0,1,0,0,0,0,0,1,0,1,0,0,0.661
2021,444.8,27.3,10.4,1.2,0,3.5986,1.358409157630355,0,1,0,0,0,0,0,0,0,0,1,1,0,0,0.661
2021,571.0,26.0,17.2,0.2,0,3.1103,1.8764069432883397,1,0,0,0,0,0,0,0,0,1,0,1,0,0,0.678
2021,758.2,28.3,17.2,0.34,0,4.2893,1.6114359150967734,1,0,0,1,0,0,0,0,0,0,1,0,1,0,0.678
2021,471.8,28.6,17.2,0.45,0,2.6917,2.0001277349601105,1,1,0,0,0,0,0,0,0,0,1,1,0,0,0.678
2021,364.2,26.0,17.2,0.2,0,4.6361,1.5496879080283263,0,0,0,0,0,0,0,0,0,0,1,0,0,0,0.678
2021,193.2,26.5,17.2,0.2,0,4.0,1.667706820558076,0,0,0,1,0,0,0,0,0,1,0,0,0,0,0.678
2021,381.4,28.4,17.2,0.2,0,2.3989,2.1004689088719113,0,1,0,0,0,0,0,0,0,0,1,0,0,0,0.678
2021,514.7,29.2,27.8,0.2,0,7.0558,1.597365331199831,1,0,0,0,0,0,0,0,0,1,0,1,0,0,0.341
2021,289.1,31.4,27.8,0.2,1,3.0855,2.303584593327129,1,0,0,1,0,0,0,0,0,1,0,0,0,0,0.341
2021,442.8,29.6,27.8,0.47,0,3.7067,2.1400661634962708,1,0,0,0,0,1,0,0,0,0,1,1,0,0,0.341
2021,270.0,30.2,27.8,0.2,1,2.7552,2.4060438013622756,0,0,0,0,0,0,0,0,0,0,1,0,0,0,0.341
2021,229.5,31.5,27.8,0.2,1,4.0643,2.0592388343623163,0,0,0,1,0,0,0,0,0,1,0,0,0,0,0.341
2021,329.1,30.5,27.8,0.36,1,4.2057,2.0294631718735947,0,0,0,0,0,1,0,0,0,0,1,0,0,0,0.341
2021,639.9,25.8,6.6,0.2,0,0.7604,2.2700619012884857,1,0,0,0,0,0,0,0,0,1,0,1,0,0,0.339
2021,727.4,29.7,6.6,0.3,0,0.5046,2.644755350729896,1,0,0,1,0,0,0,0,0,0,0,0,1,0,0.339
2021,299.4,28.9,6.6,0.2,0,0.6011,2.4832385926873033,0,0,0,0,0,0,0,0,0,0,1,0,0,0,0.339
2021,447.2,29.0,6.6,0.2,0,0.7174,2.322387720290225,0,0,0,1,0,0,0,0,0,0,1,1,0,0,0.339
2021,759.6,23.6,30.5,0.54,0,4.3079,2.089391872533004,1,0,0,0,0,0,0,0,0,0,1,0,1,0,0.628
2021,710.3,22.2,30.5,1.65,0,5.5556,1.8702625307159986,1,0,0,1,0,0,0,0,0,0,1,0,1,0,0.628
2021,421.0,24.4,30.5,0.2,0,23.4615,0.832909122935104,0,0,0,0,0,0,0,0,0,0,1,1,0,0,0.628
2021,532.1,23.2,30.5,1.21,0,4.5522,2.0412203288596382,0,0,0,1,0,0,0,0,0,0,0,1,0,0,0.628
2021,136.1,31.7,37.8,0.2,1,3.5593,2.4527277514237653,1,0,0,0,0,0,1,0,0,0,1,0,0,0,0.251
2021,153.9,32.3,37.8,0.2,1,3.1448,2.5664866367804233,1,0,0,0,0,0,0,0,0,0,1,0,0,0,0.251
2021,178.0,30.9,37.8,0.2,1,3.2116,2.547098670044448,1,0,0,1,0,0,0,0,0,0,1,0,0,0,0.251
2021,174.2,31.9,37.8,0.49,1,10.2439,1.5454325824581878,0,0,0,0,0,0,1,0,0,0,1,0,0,0,0.251
2021,168.2,32.1,37.8,0.2,1,3.5795,2.4475508632442313,0,0,0,0,0,0,0,0,0,0,1,0,0,0,0.251
2021,82.7,32.5,37.8,0.2,1,3.5728,2.449279472144849,0,0,0,1,0,0,0,0,0,1,0,0,0,0,0.251
2021,191.0,33.6,37.8,0.44,1,3.369,2.503073953743449,1,0,0,0,0,0,1,0,0,0,0,0,0,0,0.239
2021,168.0,34.2,37.8,0.2,1,2.7531,2.689886230474539,1,0,0,0,0,0,0,0,0,1,0,0,0,0,0.239
2021,211.2,33.9,37.8,0.2,1,35.6604,0.7227059828014898,1,0,0,1,0,0,0,0,0,0,1,0,0,0,0.239
2021,147.3,31.1,37.8,0.35,1,2.6961,2.7093826463359885,0,0,0,0,0,0,1,0,0,0,1,0,0,0,0.239
2021,86.3,33.6,37.8,0.2,1,7.2414,1.827769906751088,0,0,0,0,0,0,0,0,0,0,1,0,0,0,0.239
2021,203.4,34.1,37.8,0.23,1,2.5455,2.7631695003232895,0,0,0,1,0,0,0,0,0,0,1,0,0,0,0.239
2021,107.6,34.1,29.0,0.2,1,6.1441,1.7439688053917064,1,0,0,0,0,0,1,0,0,0,0,0,0,0,0.215
2021,147.2,34.7,29.0,0.2,1,3.0303,2.3580197998821464,1,0,0,0,0,0,0,0,0,0,1,0,0,0,0.215
2021,154.6,36.4,29.0,0.21,1,2.7488,2.446685436967803,1,0,0,1,0,0,0,0,0,0,1,0,0,0,0.215
2021,142.8,33.4,29.0,0.26,1,4.685,1.9726911717329554,0,0,0,0,0,0,1,0,0,0,0,0,0,0,0.215
2021,108.4,34.9,29.0,0.2,1,3.528,2.2213750375685026,0,0,0,0,0,0,0,0,0,0,1,0,0,0,0.215
2021,91.8,34.5,29.0,0.2,1,2.0,2.740840023925201,0,0,0,1,0,0,0,0,0,0,1,0,0,0,0.215
2021,153.4,36.3,28.8,0.2,1,2.2308,2.6326080059353516,1,0,0,0,0,0,1,0,0,1,0,0,0,0,0.216
2021,181.9,36.8,28.8,0.2,1,2.7299,2.446685436967803,1,0,0,0,0,0,0,0,0,0,0,0,0,0,0.216
2021,69.6,36.1,28.8,0.2,1,4.5141,1.998773638612381,1,0,0,1,0,0,0,0,0,1,0,0,0,0,0.216
2021,105.3,34.2,28.8,0.2,1,6.9231,1.6409365794934714,0,0,0,0,0,0,1,0,0,0,1,0,0,0,0.216
2021,103.1,34.9,28.8,0.2,1,3.2802,2.280339484046726,0,0,0,0,0,0,0,0,0,0,1,0,0,0,0.216
2021,99.8,35.7,28.8,0.2,1,26.1818,0.7419373447293773,0,0,0,1,0,0,0,0,0,1,0,0,0,0,0.216
2021,476.6,21.9,99.4,0.67,0,11.386,2.2752138961979136,1,0,0,0,0,0,0,0,0,1,0,1,0,0,1.081
2021,623.1,21.7,99.4,4.89,0,18.0399,1.873339456220478,1,0,0,1,0,0,0,0,0,0,1,1,0,0,1.081
2021,300.7,24.1,99.4,0.22,0,21.0148,1.7457155307266483,0,0,0,0,0,0,0,0,0,0,1,0,0,0,1.081
2021,369.0,22.4,99.4,1.56,0,11.4384,2.2710944259026746,0,0,0,1,0,0,0,0,0,1,0,0,0,0,1.081
2021,217.4,28.0,25.9,0.2,0,2.0426,2.615934912194404,1,0,0,0,0,0,0,0,0,0,1,0,0,0,0.34
2021,285.1,24.9,25.9,0.48,0,3.0292,2.256541154492639,1,0,0,1,0,0,0,0,0,0,1,0,0,0,0.34
2021,180.2,26.9,25.9,0.2,0,1.7301,2.770711962226921,0,0,0,0,0,0,0,0,0,0,1,0,0,0,0.34
2021,305.8,25.9,25.9,0.43,0,12.7586,1.1085626195212777,0,0,0,1,0,0,0,0,0,1,0,0,0,0,0.34
2021,413.0,25.4,19.7,0.2,0,3.4561,1.9021075263969205,1,0,0,0,0,0,0,0,0,1,0,1,0,0,0.617
2021,537.8,23.4,19.7,0.64,0,3.147,1.9823798288367047,1,0,0,1,0,0,0,0,0,0,1,1,0,0,0.617
2021,223.4,23.5,19.7,0.2,0,5.3825,1.5390154481375546,0,0,0,0,0,0,0,0,0,0,1,0,0,0,0.617
2021,312.8,23.9,19.7,0.2,0,2.172,2.309560706730471,0,0,0,1,0,0,0,0,0,0,1,0,0,0,0.617
2021,585.1,19.9,73.6,3.43,0,6.6788,2.4865719291070616,1,0,0,0,0,0,0,0,1,0,0,1,0,0,1.385
2021,685.4,19.9,73.6,1.26,0,6.1538,2.561867690924129,1,0,0,0,0,0,0,0,0,0,1,1,0,0,1.385
2021,663.4,21.7,73.6,4.46,0,5.3102,2.698673039289613,1,0,0,1,0,0,0,0,0,0,1,1,0,0,1.385
2021,403.6,21.3,73.6,0.96,0,6.0082,2.583997552432231,0,0,0,0,0,0,0,0,1,0,1,1,0,0,1.385
2021,416.4,18.9,73.6,0.41,0,6.9238,2.453587966530573,0,0,0,0,0,0,0,0,0,0,1,1,0,0,1.385
2021,384.8,20.3,73.6,1.46,0,15.1753,1.766441661243765,0,0,0,1,0,0,0,0,0,1,0,0,0,0,1.385
2021,465.8,21.6,78.9,0.62,0,24.1284,1.451613827240533,1,0,0,0,0,0,0,0,0,1,0,1,0,0,1.472
2021,1035.3,22.2,78.9,6.01,0,55.9574,0.8796267475025635,1,0,0,1,0,0,0,0,0,1,0,0,0,1,1.472
2021,237.9,23.2,78.9,0.2,0,9.1958,2.259677591982769,0,0,0,0,0,0,0,0,0,0,1,0,0,0,1.472
2021,267.8,23.2,78.9,0.54,0,38.301,1.1184149159642893,0,0,0,1,0,0,0,0,0,0,1,0,0,0,1.472
2021,930.4,22.2,62.1,0.45,0,19.7771,1.420695787837223,1,0,0,0,0,0,0,0,0,0,1,0,1,0,1.511
2021,656.0,23.4,62.1,1.65,0,5.7025,2.4756977107026903,1,0,0,1,0,0,0,0,0,1,0,1,0,0,1.511
2021,570.7,22.0,62.1,1.64,0,11.0106,1.8931119634883424,1,1,0,0,0,0,0,0,0,0,1,1,0,0,1.511
2021,760.0,23.3,62.1,0.83,0,4.2946,2.738256043159276,0,0,0,0,0,0,0,0,0,0,1,0,1,0,1.511
2021,399.4,20.3,62.1,0.68,0,36.5294,0.9932517730102833,0,0,0,1,0,0,0,0,0,0,0,0,0,0,1.511
2021,495.1,24.8,62.1,1.16,0,6.6205,2.3398808777377424,0,1,0,0,0,0,0,0,0,0,1,1,0,0,1.511
2021,660.8,23.8,49.6,0.42,0,7.1676,2.0693912058263346,1,0,0,0,0,0,0,0,0,0,1,1,0,0,1.053
2021,569.3,24.9,49.6,0.7,0,7.6899,2.0082140323914683,1,0,0,1,0,0,0,0,0,0,1,1,0,0,1.053
2021,437.4,22.7,49.6,0.32,0,10.3766,1.7544036826842861,0,0,0,0,0,0,0,0,0,1,0,1,0,0,1.053
2021,527.3,26.3,49.6,1.47,0,21.9469,1.1817271953786161,0,0,0,1,0,0,0,0,0,0,0,1,0,0,1.053
2021,721.4,22.3,65.9,0.47,0,7.8266,2.2428350885882717,1,0,0,0,0,0,0,0,0,0,1,0,1,0,1.369
2021,934.0,23.4,65.9,3.42,0,16.1916,1.623340817603092,1,0,0,1,0,0,0,0,0,0,0,0,1,0,1.369
2021,733.7,18.7,65.9,0.72,0,11.1885,1.9300710850255671,0,0,0,0,0,0,0,0,0,0,1,0,1,0,1.369
2021,441.4,20.2,65.9,0.64,0,6.4926,2.411439497906128,0,0,0,1,0,0,0,0,0,0,0,1,0,0,1.369
2021,425.8,21.7,28.7,0.2,0,7.474,1.5769147207285403,1,0,0,0,0,0,0,0,0,0,1,1,0,0,0.583
2021,467.7,22.1,28.7,0.94,0,6.7529,1.6582280766035324,1,0,0,1,0,0,0,0,0,1,0,1,0,0,0.583
2021,403.6,20.7,28.7,0.29,0,4.29,2.0399207835175526,0,0,0,0,0,0,0,0,0,1,0,1,0,0,0.583
2021,261.7,21.7,28.7,0.56,0,13.6667,1.1314021114911006,0,0,0,1,0,0,0,0,0,1,0,0,0,0,0.583
2021,672.0,18.8,48.2,1.4,0,5.1496,2.337952236831337,1,0,0,0,0,0,0,0,1,0,1,1,0,0,1.391
2021,694.3,17.4,48.2,0.45,0,10.783,1.6992786164338898,1,0,0,0,0,0,0,0,0,0,1,1,0,0,1.391
2021,543.0,17.1,48.2,1.12,0,6.3757,2.1471001901536506,1,0,0,1,0,0,0,0,0,0,1,1,0,0,1.391
2021,342.8,18.1,48.2,0.65,0,4.3938,2.482403519569882,0,0,0,0,0,0,0,0,1,0,0,0,0,0,1.391
2021,491.0,20.5,48.2,0.38,0,12.5195,1.5789787049493917,0,0,0,0,0,0,0,0,0,0,1,1,0,0,1.391
2021,597.4,17.8,48.2,0.91,0,4.148,2.5352828571130672,0,0,0,1,0,0,0,0,0,0,1,1,0,0,1.391
2021,712.8,16.8,49.8,0.47,0,4.5232,2.485739636091892,1,0,0,0,0,0,0,0,0,0,0,0,1,0,1.144
2021,555.1,19.2,49.8,1.78,0,25.4082,1.085189268335969,1,0,0,1,0,0,0,0,0,0,1,1,0,0,1.144
2021,413.5,16.7,49.8,0.2,0,4.8023,2.4309783077624445,0,0,0,0,0,0,0,0,0,1,0,1,0,0,1.144
2021,726.2,17.1,49.8,2.2,0,5.8726,2.2491843162669305,0,0,0,1,0,0,0,0,0,0,0,0,1,0,1.144
2021,785.9,19.9,62.8,0.94,0,17.2055,1.536867219599265,1,0,0,0,0,0,0,0,0,1,0,0,1,0,1.602
2021,857.1,19.5,62.8,2.55,0,8.0616,2.1736147116970854,1,0,0,1,0,0,0,0,0,0,0,0,1,0,1.602
2021,636.3,19.8,62.8,1.16,0,5.8857,2.4570214462984645,1,1,0,0,0,0,0,0,0,0,1,1,0,0,1.602
2021,638.1,19.7,62.8,0.75,0,4.4921,2.7067159780890733,1,0,0,0,0,1,0,0,0,1,0,1,0,0,1.602
2021,645.7,19.0,62.8,0.72,0,4.9371,2.6188546222977394,0,0,0,0,0,0,0,0,0,0,1,1,0,0,1.602
2021,692.0,24.3,62.8,1.96,0,10.6081,1.9344157696295783,0,0,0,1,0,0,0,0,0,0,1,1,0,0,1.602
2021,562.7,23.2,62.8,2.02,0,4.8834,2.6290069937617573,0,1,0,0,0,0,0,0,0,0,0,1,0,0,1.602
2021,750.6,20.6,62.8,2.9,0,8.1771,2.1610215286722587,0,0,0,0,0,1,0,0,0,0,1,0,1,0,1.602
2021,307.2,32.7,29.4,0.2,1,17.7108,0.9783261227936076,1,0,0,0,0,0,0,0,0,1,0,0,0,0,0.243
2021,316.2,30.3,29.4,0.3,1,2.091,2.7120422223717475,1,0,0,1,0,0,0,0,0,0,1,0,0,0,0.243
2021,198.2,29.9,29.4,0.2,0,4.5866,2.0028304393079956,0,0,0,0,0,0,0,0,0,0,1,0,0,0,0.243
2021,283.7,30.8,29.4,0.2,1,6.2025,1.747459210331475,0,0,0,1,0,0,0,0,0,0,1,0,0,0,0.243
2021,276.2,32.3,26.8,0.2,1,2.0474,2.645465325910589,1,0,0,0,0,0,0,0,0,0,1,0,0,0,0.212
2021,279.8,31.5,26.8,0.21,1,2.7888,2.3617969526258915,1,0,0,1,0,0,0,0,0,0,0,0,0,0,0.212
2021,143.0,30.0,26.8,0.2,0,8.535,1.420695787837223,0,0,0,0,0,0,0,0,0,0,0,0,0,0,0.212
2021,225.0,32.8,26.8,0.3,1,5.3386,1.7950872593207297,0,0,0,1,0,0,0,0,0,0,0,0,0,0,0.212
2022,1248.4,17.7,128.9,3.21,0,9.2801,2.7006898466959175,1,0,0,0,0,0,0,0,1,1,0,0,0,1,3.582
2022,922.1,17.1,128.9,1.62,0,13.4131,2.3617969526258915,1,0,0,0,0,0,0,0,0,0,0,0,1,0,3.582
2022,1138.1,18.7,128.9,5.23,0,8.7508,2.7555697170701863,1,0,0,1,0,0,0,0,0,0,0,0,0,1,3.582
2022,651.9,20.1,128.9,3.76,0,115.0893,0.7514160886839212,0,0,0,0,0,0,0,0,1,0,0,1,0,0,3.582
2022,389.7,19.3,128.9,0.26,0,40.1558,1.43746264769429,0,0,0,0,0,0,0,0,0,1,0,0,0,0,3.582
2022,226.3,14.7,128.9,0.2,0,49.0114,1.2892326482767593,0,0,0,1,0,0,0,0,0,0,0,0,0,0,3.582
2022,1348.1,18.8,104.8,6.53,0,9.7761,2.4612967841488667,1,0,0,0,0,0,0,0,1,0,1,0,0,1,4.069
2022,770.4,18.1,104.8,0.45,0,25.8765,1.6193882432872684,1,0,0,0,0,0,0,0,0,0,1,0,1,0,4.069
2022,1486.4,17.6,104.8,3.78,0,7.01,2.7694588292308535,1,0,0,1,0,0,0,0,0,0,0,0,0,1,4.069
2022,599.3,17.1,104.8,2.18,0,62.0118,0.9895411936137477,0,0,0,0,0,0,0,0,1,0,0,1,0,0,4.069
2022,625.6,14.7,104.8,0.32,0,31.3772,1.4678743481123135,0,0,0,0,0,0,0,0,0,0,1,1,0,0,4.069
2022,703.0,18.2,104.8,0.59,0,97.9439,0.7275486072772778,0,0,0,1,0,0,0,0,0,0,1,0,1,0,4.069
2022,1049.1,19.9,132.8,2.44,0,177.0667,0.5596157879354227,1,0,0,0,0,0,0,0,1,0,1,0,0,1,3.973
2022,924.3,19.4,132.8,0.76,0,12.5758,2.4475508632442313,1,0,0,0,0,0,0,0,0,0,0,0,1,0,3.973
2022,928.0,19.2,132.8,3.18,0,12.1057,2.482403519569882,1,0,0,1,0,0,0,0,0,0,0,0,1,0,3.973
2022,948.0,18.4,132.8,10.21,0,241.4545,0.4382549309311553,1,0,0,0,1,0,0,0,0,0,0,0,1,0,3.973
2022,405.1,19.8,132.8,0.97,0,17.2244,2.1644717908644115,0,0,0,0,0,0,0,0,1,0,0,1,0,0,3.973
2022,353.2,19.8,132.8,0.2,0,14.772,2.301584592660462,0,0,0,0,0,0,0,0,0,1,0,0,0,0,3.973
2022,511.6,19.4,132.8,0.52,0,13.28,2.3978952727983707,0,0,0,1,0,0,0,0,0,0,1,1,0,0,3.973
2022,442.3,18.8,132.8,3.49,0,19.1631,2.0706530356467567,0,0,0,0,1,0,0,0,0,0,0,1,0,0,3.973
2022,707.1,16.9,95.3,0.99,0,23.6476,1.6154199841116479,1,0,0,0,0,0,0,0,0,0,0,0,1,0,2.798
2022,703.6,18.6,95.3,1.24,0,9.1988,2.4300984132930052,1,0,0,1,0,0,0,0,0,0,1,0,1,0,2.798
2022,961.3,18.2,95.3,2.03,0,10.3813,2.3204250111223765,1,0,0,0,0,0,0,1,0,1,0,0,1,0,2.798
2022,816.7,17.9,95.3,0.49,0,16.69,1.9035989509835904,0,0,0,0,0,0,0,0,0,0,0,0,1,0,2.798
2022,733.3,18.1,95.3,1.88,0,31.2459,1.3987168811184478,0,0,0,1,0,0,0,0,0,0,0,0,1,0,2.798
2022,1084.9,20.0,95.3,1.47,0,10.3587,2.322387720290225,0,0,0,0,0,0,0,1,0,1,0,0,0,1,2.798
2022,1068.7,17.6,126.1,1.92,0,13.98,2.3045830956567186,1,0,0,0,0,0,0,0,0,1,0,0,0,1,2.502
2022,712.7,17.3,126.1,1.32,0,15.322,2.222459048514761,1,0,0,1,0,0,0,0,0,0,1,0,1,0,2.502
2022,915.3,16.2,126.1,0.64,0,18.7928,2.0425181875752383,0,0,0,0,0,0,0,0,0,0,0,0,1,0,2.502
2022,783.5,18.8,126.1,2.99,0,9.867,2.6232182655855123,0,0,0,1,0,0,0,0,0,1,0,0,1,0,2.502
2022,1161.7,19.0,74.8,1.07,0,36.3107,1.1184149159642893,1,0,0,0,0,0,0,0,0,0,1,0,0,1,2.346
2022,829.4,21.4,74.8,2.82,0,5.085,2.75429745226753,1,0,0,1,0,0,0,0,0,0,0,0,1,0,2.346
2022,589.5,18.7,74.8,0.2,0,14.4123,1.8229350866965048,0,0,0,0,0,0,0,0,0,0,1,1,0,0,2.346
2022,870.1,21.2,74.8,2.07,0,13.1922,1.8976198599275322,0,0,0,1,0,0,0,0,0,0,0,0,1,0,2.346
2022,1107.5,19.7,152.2,0.89,0,29.5534,1.8164520818184267,1,0,0,0,0,0,0,0,0,1,0,0,0,1,2.552
2022,1437.5,20.5,152.2,2.58,0,11.4781,2.65745841498615,1,0,0,1,0,0,0,0,0,0,0,0,0,1,2.552
2022,1116.6,19.6,152.2,0.67,0,153.7374,0.688134638736401,0,0,0,0,0,0,0,0,0,0,0,0,0,1,2.552
2022,1122.7,21.4,152.2,2.28,0,169.1111,0.6418538861723948,0,0,0,1,0,0,0,0,0,0,1,0,0,1,2.552
2022,1727.0,16.5,109.1,1.5,0,10.1019,2.468099531471619,1,0,0,0,0,0,0,0,0,0,0,0,0,1,2.398
2022,1171.4,20.2,109.1,2.19,0,25.7311,1.6563214983329508,1,0,0,1,0,0,0,0,0,0,1,0,0,1,2.398
2022,1152.3,18.5,109.1,1.57,0,16.2351,2.0438143640366846,0,0,0,0,0,0,0,0,0,0,0,0,0,1,2.398
2022,449.1,17.3,109.1,0.29,0,9.4787,2.5265283244788197,0,0,0,1,0,0,0,0,0,0,0,1,0,0,2.398
2022,1020.5,19.8,61.4,0.97,0,4.2847,2.7298116928837226,1,0,0,0,0,0,0,0,0,0,0,0,0,1,1.579
2022,1225.6,20.7,61.4,1.36,0,4.258,2.7356653681351832,1,0,0,1,0,0,0,0,0,0,1,0,0,1,1.579
2022,1062.5,20.1,61.4,0.46,0,21.6197,1.3454723665996355,0,0,0,0,0,0,0,0,0,1,0,0,0,1,1.579
2022,893.0,19.6,61.4,1.41,0,4.3639,2.712706012638404,0,0,0,1,0,0,0,0,0,0,0,0,1,0,1.579
2022,952.0,16.8,109.0,1.3,0,10.2251,2.4561641809223462,1,0,0,0,0,0,0,0,0,0,0,0,1,0,3.983
2022,1076.7,16.2,109.0,2.26,0,16.8731,2.0095554142156695,1,0,0,1,0,0,0,0,0,0,0,0,0,1,3.983
2022,725.0,18.4,109.0,1.32,0,10.6134,2.422144328051685,1,0,0,0,0,0,0,1,0,0,0,0,1,0,3.983
2022,864.1,16.0,109.0,9.32,0,19.5691,1.8825138324965192,1,0,0,0,1,0,0,0,0,0,0,0,1,0,3.983
2022,949.7,17.9,109.0,0.72,0,88.6179,0.8020015854720274,0,0,0,0,0,0,0,0,0,0,1,0,1,0,3.983
2022,584.8,16.9,109.0,0.3,0,10.8458,2.402430427963762,0,0,0,1,0,0,0,0,0,0,0,1,0,0,3.983
2022,582.0,19.4,109.0,0.74,0,28.836,1.5644405465033644,0,0,0,0,0,0,0,1,0,0,0,1,0,0,3.983
2022,384.8,19.4,109.0,0.7,0,132.9268,0.598836501088704,0,0,0,0,1,0,0,0,0,0,0,0,0,0,3.983
2022,1235.3,18.1,65.5,0.87,0,34.4737,1.0647107369924282,1,0,0,0,0,0,0,0,0,0,0,0,0,1,2.733
2022,1337.6,18.6,65.5,1.15,0,4.4347,2.758109400974947,1,0,0,1,0,0,0,0,0,0,0,0,0,1,2.733
2022,1279.3,18.4,65.5,1.57,0,9.8054,2.038619547159581,1,0,0,0,0,0,0,1,0,0,1,0,0,1,2.733
2022,940.1,17.6,65.5,0.6,0,7.4432,2.2823823856765264,0,0,0,0,0,0,0,0,0,0,0,0,1,0,2.733
2022,996.4,16.7,65.5,1.96,0,4.9027,2.664446563620078,0,0,0,1,0,0,0,0,0,0,0,0,1,0,2.733
2022,1052.0,19.3,65.5,1.71,0,44.2568,0.9082585601768908,0,0,0,0,0,0,0,1,0,0,0,0,0,1,2.733
2022,904.3,14.3,75.1,0.35,0,19.2564,1.589235205116581,1,0,0,0,0,0,0,0,0,0,1,0,1,0,1.242
2022,736.1,17.3,75.1,1.51,0,6.3056,2.558002204858551,1,0,0,1,0,0,0,0,0,0,1,0,1,0,1.242
2022,603.8,16.0,75.1,1.24,0,14.0901,1.8453002361560848,1,0,0,0,0,0,0,1,0,0,0,1,0,0,1.242
2022,843.1,15.8,75.1,1.15,0,7.443,2.4060438013622756,1,0,1,0,0,0,0,0,0,0,1,0,1,0,1.242
2022,541.6,16.9,75.1,0.58,0,36.4563,1.1184149159642893,0,0,0,0,0,0,0,0,0,0,0,1,0,0,1.242
2022,461.4,17.0,75.1,0.85,0,5.2008,2.73696154459663,0,0,0,1,0,0,0,0,0,1,0,1,0,0,1.242
2022,431.2,18.3,75.1,0.74,0,49.4079,0.9242589015233319,0,0,0,0,0,0,0,1,0,0,1,1,0,0,1.242
2022,379.4,17.2,75.1,0.21,0,11.4482,2.0228711901914416,0,0,1,0,0,0,0,0,0,1,0,0,0,0,1.242
2022,755.8,19.6,58.6,0.81,0,19.5333,1.3862943611198906,1,0,0,0,0,0,0,0,0,1,0,0,1,0,1.371
2022,811.8,18.5,58.6,1.13,0,6.4044,2.3174737054877963,1,0,0,1,0,0,0,0,0,1,0,0,1,0,1.371
2022,963.4,19.2,58.6,1.88,0,4.5925,2.6217658325051976,1,0,0,0,0,0,0,1,0,0,1,0,1,0,1.371
2022,1011.2,17.9,58.6,1.3,0,9.8322,1.9401794743463283,1,0,1,0,0,0,0,0,0,0,1,0,0,1,1.371
2022,525.2,17.7,58.6,0.44,0,13.3182,1.6863989535702288,0,0,0,0,0,0,0,0,0,0,1,1,0,0,1.371
2022,580.2,18.2,58.6,0.71,0,5.1404,2.517696472610991,0,0,0,1,0,0,0,0,0,0,1,1,0,0,1.371
2022,530.4,19.8,58.6,1.16,0,4.0526,2.738256043159276,0,0,0,0,0,0,0,1,0,0,0,1,0,0,1.371
2022,382.0,18.2,58.6,0.23,0,6.6591,2.2823823856765264,0,0,1,0,0,0,0,0,0,0,1,0,0,0,1.371
2022,645.1,18.1,69.0,0.6,0,10.2832,2.0425181875752383,1,0,0,0,0,0,0,0,0,1,0,1,0,0,0.987
2022,1085.9,17.9,69.0,2.12,0,5.081,2.6796507265805123,1,0,0,1,0,0,0,0,0,0,0,0,0,1,0.987
2022,800.9,19.2,69.0,1.02,0,8.7121,2.188295946591918,1,0,1,0,0,0,0,0,0,0,1,0,1,0,0.987
2022,477.0,19.0,69.0,0.34,0,23.3108,1.3762440252663892,0,0,0,0,0,0,0,0,0,0,1,1,0,0,0.987
2022,481.9,16.1,69.0,0.44,0,13.9113,1.7850704810772584,0,0,0,1,0,0,0,0,0,0,1,1,0,0,0.987
2022,354.5,18.9,69.0,0.2,0,5.6604,2.579458966729223,0,0,1,0,0,0,0,0,0,0,0,0,0,0,0.987
2022,732.2,17.5,55.8,0.52,0,20.2174,1.324418957401803,1,0,0,0,0,0,0,0,0,0,0,0,1,0,1.215
2022,849.7,17.2,55.8,0.89,0,50.7273,0.7419373447293773,1,0,0,1,0,0,0,0,0,0,1,0,1,0,1.215
2022,1109.9,16.8,55.8,0.94,0,10.6692,1.8293763327993617,1,0,1,0,0,0,0,0,0,1,0,0,0,1,1.215
2022,858.9,16.9,55.8,0.51,0,8.5191,2.0215475632609334,1,0,0,0,0,1,0,0,0,0,1,0,1,0,1.215
2022,314.9,19.0,55.8,0.2,0,4.6539,2.5641798306825083,0,0,0,0,0,0,0,0,0,0,1,0,0,0,1.215
2022,432.7,18.3,55.8,0.56,0,6.9925,2.194999882314108,0,0,0,1,0,0,0,0,0,1,0,1,0,0,1.215
2022,391.7,20.0,55.8,0.22,0,93.0,0.4700036292457356,0,0,1,0,0,0,0,0,0,0,1,0,0,0,1.215
2022,166.6,15.6,55.8,0.2,0,7.1815,2.1713368063840917,0,0,0,0,0,1,0,0,0,1,0,0,0,0,1.215
2022,752.2,19.7,43.1,0.71,0,7.6827,1.888583653863595,1,0,0,0,0,0,0,0,0,0,1,0,1,0,1.367
2022,787.6,19.2,43.1,1.5,0,46.3441,0.6575200029167941,1,0,0,1,0,0,0,0,0,0,0,0,1,0,1.367
2022,688.5,20.5,43.1,0.5,0,13.2615,1.4469189829363254,1,0,1,0,0,0,0,0,0,1,0,1,0,0,1.367
2022,551.5,20.3,43.1,0.5,0,44.433,0.6780335427498971,0,0,0,0,0,0,0,0,0,0,1,1,0,0,1.367
2022,472.2,18.7,43.1,0.58,0,5.5045,2.178155014615869,0,0,0,1,0,0,0,0,0,0,0,1,0,0,1.367
2022,558.5,19.0,43.1,0.53,0,6.8304,1.9892432737616872,0,0,1,0,0,0,0,0,0,0,1,1,0,0,1.367
2022,823.2,19.4,64.3,0.69,0,44.6528,0.8919980393051105,1,0,0,0,0,0,0,0,0,0,1,0,1,0,1.854
2022,1103.4,15.2,64.3,1.48,0,9.6983,2.0320878452963655,1,0,0,1,0,0,0,0,0,0,0,0,0,1,1.854
2022,505.0,15.4,64.3,0.48,0,13.2577,1.766441661243765,1,0,1,0,0,0,0,0,0,0,1,1,0,0,1.854
2022,456.0,19.4,64.3,2.33,0,5.5193,2.5376572151735295,1,0,0,0,1,0,0,0,0,1,0,1,0,0,1.854
2022,488.3,16.9,64.3,0.33,0,11.2021,1.9080599249242156,0,0,0,0,0,0,0,0,0,0,1,1,0,0,1.854
2022,564.1,17.4,64.3,1.04,0,4.3212,2.7650604558189897,0,0,0,1,0,0,0,0,0,0,0,1,0,0,1.854
2022,481.3,17.8,64.3,0.44,0,25.315,1.264126727145683,0,0,1,0,0,0,0,0,0,1,0,1,0,0,1.854
2022,522.2,15.8,64.3,1.43,0,38.7349,0.9783261227936076,0,0,0,0,1,0,0,0,0,0,1,1,0,0,1.854
2022,508.4,18.9,63.5,0.71,0,4.7566,2.66374994220563,1,0,0,0,0,0,0,0,0,0,0,1,0,0,1.181
2022,642.3,20.5,63.5,2.08,0,6.5195,2.3739750890807185,1,0,0,1,0,0,0,0,0,0,0,1,0,0,1.181
2022,495.3,20.3,63.5,0.43,0,9.1499,2.0719132752590443,0,0,0,0,0,0,0,0,0,1,0,1,0,0,1.181
2022,474.1,21.3,63.5,1.45,0,4.2362,2.771963526845863,0,0,0,1,0,0,0,0,0,0,1,1,0,0,1.181
2022,914.3,18.6,100.9,0.5,0,8.3526,2.5710843460290524,1,0,0,0,0,0,0,0,0,0,1,0,1,0,3.861
2022,1255.8,15.9,100.9,2.37,0,43.4914,1.199964782928397,1,0,0,1,0,0,0,0,0,0,0,0,0,1,3.861
2022,1056.7,15.9,100.9,4.88,0,6.911,2.747270914255491,1,0,0,0,1,0,0,0,0,0,1,0,0,1,3.861
2022,630.9,15.4,100.9,0.31,0,10.5544,2.3570732782781154,0,0,0,0,0,0,0,0,0,1,0,1,0,0,3.861
2022,439.3,15.5,100.9,0.31,0,37.7903,1.3001916620664788,0,0,0,1,0,0,0,0,0,0,0,1,0,0,3.861
2022,570.4,13.8,100.9,2.5,0,10.8262,2.334083760053417,0,0,0,0,1,0,0,0,0,0,1,1,0,0,3.861
2022,716.8,19.0,42.0,0.29,0,3.1343,2.667228206581955,1,0,0,0,0,0,0,0,0,0,1,0,1,0,0.496
2022,397.6,20.7,42.0,0.21,0,10.219,1.631199404215613,1,0,0,1,0,0,0,0,0,1,0,0,0,0,0.496
2022,323.8,20.1,42.0,0.2,0,2.9957,2.7093826463359885,0,0,0,0,0,0,0,0,0,0,1,0,0,0,0.496
2022,437.5,20.1,42.0,0.28,0,3.8426,2.4790562361098245,0,0,0,1,0,0,0,0,0,1,0,1,0,0,0.496
2022,557.0,22.5,87.9,0.31,0,38.7225,1.184789984909162,1,0,0,0,0,0,1,0,0,1,0,1,0,0,0.89
2022,512.8,20.4,87.9,0.44,0,5.9877,2.7523860149222616,1,0,0,0,0,0,0,0,0,1,0,1,0,0,0.89
2022,607.0,23.3,87.9,0.69,0,13.9303,1.9892432737616872,1,0,0,1,0,0,0,0,0,1,0,1,0,0,0.89
2022,402.3,24.1,87.9,0.51,0,53.5976,0.9707789171582248,0,0,0,0,0,0,1,0,0,0,1,1,0,0,0.89
2022,578.8,23.3,87.9,0.47,0,7.8552,2.5006159434931803,0,0,0,0,0,0,0,0,0,0,0,1,0,0,0.89
2022,369.5,24.8,87.9,0.53,0,6.234,2.714694743820879,0,0,0,1,0,0,0,0,0,1,0,0,0,0,0.89
2022,627.0,25.5,27.6,0.38,0,3.7912,2.1138429683971687,1,0,0,0,0,0,1,0,0,0,1,1,0,0,0.48
2022,498.7,24.1,27.6,0.2,0,2.0429,2.6748380668960965,1,0,0,0,0,0,0,0,0,0,1,1,0,0,0.48
2022,668.7,24.2,27.6,0.57,0,3.0804,2.298577071596507,1,0,0,1,0,0,0,0,0,0,1,1,0,0,0.48
2022,357.1,25.7,27.6,0.31,0,8.8462,1.415853163361435,0,0,0,0,0,0,1,0,0,0,1,0,0,0,0.48
2022,528.7,25.4,27.6,0.2,0,3.0296,2.3135250330323798,0,0,0,0,0,0,0,0,0,0,0,1,0,0,0.48
2022,515.5,25.9,27.6,0.48,0,1.9382,2.7239235502585,0,0,0,1,0,0,0,0,0,1,0,1,0,0,0.48
2022,563.4,25.1,26.8,0.54,0,7.1277,1.5602476682433286,1,0,0,0,0,0,1,0,0,0,0,1,0,0,0.455
2022,519.0,27.8,26.8,0.2,0,2.9004,2.3263016196113617,1,0,0,0,0,0,0,0,0,0,1,1,0,0,0.455
2022,480.2,26.2,26.8,0.39,0,7.4652,1.5238800240724537,1,0,0,1,0,0,0,0,0,1,0,1,0,0,0.455
2022,371.1,26.4,26.8,0.38,0,5.7143,1.7387102481382397,0,0,0,0,0,0,1,0,0,0,1,0,0,0,0.455
2022,302.3,26.2,26.8,0.2,0,7.507,1.5195132049061133,0,0,0,0,0,0,0,0,0,1,0,0,0,0,0.455
2022,265.2,24.6,26.8,0.2,0,1.8047,2.7631695003232895,0,0,0,1,0,0,0,0,0,0,1,0,0,0,0.455
2022,964.2,30.9,8.7,0.2,1,0.6517,2.66374994220563,1,0,0,0,0,0,0,0,0,0,1,0,1,0,0.266
2022,741.7,31.6,8.7,0.2,1,0.8555,2.413231613081109,1,0,0,1,0,0,0,0,0,0,1,0,1,0,0.266
2022,274.9,29.3,8.7,0.2,0,0.7143,2.578700529074361,0,0,0,0,0,0,0,0,0,0,1,0,0,0,0.266
2022,829.1,28.4,8.7,0.2,0,0.7519,2.531313022602156,0,0,0,1,0,0,0,0,0,0,0,0,1,0,0.266
2022,694.0,26.4,11.7,0.2,0,1.0209,2.522523513359307,1,0,0,0,0,0,0,0,0,1,0,1,0,0,0.661
2022,566.8,28.1,11.7,0.32,0,2.2414,1.827769906751088,1,0,0,1,0,0,0,0,0,0,0,1,0,0,0.661
2022,460.5,27.9,11.7,0.45,0,1.2049,2.3711778844596574,1,1,0,0,0,0,0,0,0,0,1,1,0,0,0.661
2022,197.4,27.1,11.7,0.2,0,1.0965,2.4570214462984645,0,0,0,0,0,0,0,0,0,0,0,0,0,0,0.661
2022,789.1,26.3,11.7,0.36,0,3.1283,1.556037135706985,0,0,0,1,0,0,0,0,0,1,0,0,1,0,0.661
2022,385.9,27.7,11.7,0.47,0,1.1111,2.4449523342809676,0,1,0,0,0,0,0,0,0,0,1,0,0,0,0.661
2022,846.7,30.5,18.7,0.2,1,1.6908,2.4898941912990393,1,0,0,0,0,0,0,0,0,0,1,0,1,0,0.678
2022,1001.2,28.2,18.7,0.38,0,2.3346,2.1983350716202463,1,0,0,1,0,0,0,0,0,0,1,0,0,1,0.678
2022,915.8,27.1,18.7,1.0,0,23.6709,0.5822156198526637,1,1,0,0,0,0,0,0,0,0,1,0,1,0,0.678
2022,647.7,26.1,18.7,0.2,0,2.0801,2.301584592660462,0,0,0,0,0,0,0,0,0,1,0,1,0,0,0.678
2022,653.9,28.0,18.7,0.28,0,4.6867,1.6074359097634274,0,0,0,1,0,0,0,0,0,0,1,1,0,0,0.678
2022,531.4,29.6,18.7,0.39,0,1.3234,2.7166795278002644,0,1,0,0,0,0,0,0,0,1,0,1,0,0,0.678
2022,581.1,30.1,42.3,0.2,1,2.9436,2.7324175575505043,1,0,0,0,0,0,0,0,0,1,0,1,0,0,0.341
2022,638.5,32.2,42.3,0.29,1,6.2389,2.0515563381903004,1,0,0,1,0,0,0,0,0,1,0,1,0,0,0.341
2022,165.0,26.6,42.3,0.2,0,19.3151,1.1600209167967532,1,0,0,0,0,1,0,0,0,0,1,0,0,0,0.341
2022,143.7,29.1,42.3,0.2,0,6.693,1.9906103279732201,0,0,0,0,0,0,0,0,0,1,0,0,0,0,0.341
2022,302.8,31.6,42.3,0.2,1,8.0571,1.8325814637483102,0,0,0,1,0,0,0,0,0,1,0,0,0,0,0.341
2022,275.2,30.7,42.3,0.27,1,5.1523,2.2202898502672155,0,0,0,0,0,1,0,0,0,0,1,0,0,0,0.341
2022,627.0,29.0,13.9,0.2,0,3.4577,1.6134299337036377,1,0,0,0,0,0,0,0,0,0,0,1,0,0,0.339
2022,910.5,27.8,13.9,0.22,0,2.2862,1.9572739077056285,1,0,0,1,0,0,0,0,0,0,1,0,1,0,0.339
2022,649.5,27.8,13.9,0.2,0,5.6048,1.247032293786383,0,0,0,0,0,0,0,0,0,0,0,1,0,0,0.339
2022,565.0,26.1,13.9,0.23,0,4.2769,1.4469189829363254,0,0,0,1,0,0,0,0,0,0,0,1,0,0,0.339
2022,566.0,23.1,17.8,0.2,0,1.9518,2.3145136638593193,1,0,0,0,0,0,0,0,0,1,0,1,0,0,0.628
2022,718.8,25.1,17.8,0.64,0,1.7944,2.390595970316759,1,0,0,1,0,0,0,0,0,0,1,0,1,0,0.628
2022,337.8,23.3,17.8,0.2,0,2.5392,2.080690761080268,0,0,0,0,0,0,0,0,0,1,0,0,0,0,0.628
2022,541.2,21.4,17.8,0.2,0,1.5332,2.534490149976828,0,0,0,1,0,0,0,0,0,0,1,1,0,0,0.628
2022,130.4,32.9,37.7,0.2,1,2.8155,2.6665335208992764,1,0,0,0,0,0,1,0,0,0,1,0,0,0,0.251
2022,240.9,33.8,37.7,0.2,1,2.9569,2.6210388241125804,1,0,0,0,0,0,0,0,0,0,0,0,0,0,0.251
2022,240.6,31.0,37.7,0.22,1,3.8509,2.378619779270043,1,0,0,1,0,0,0,0,0,1,0,0,0,0,0.251
2022,59.2,34.4,37.7,0.2,1,3.3661,2.501435951739211,0,0,0,0,0,0,1,0,0,0,0,0,0,0,0.251
2022,298.5,33.9,37.7,0.2,1,3.4779,2.4714836294558595,0,0,0,0,0,0,0,0,0,0,1,0,0,0,0.251
2022,212.9,33.0,37.7,0.2,1,53.0986,0.5364933705145685,0,0,0,1,0,0,0,0,0,0,1,0,0,0,0.251
2022,205.8,32.8,40.3,0.2,1,3.7593,2.4612967841488667,1,0,0,0,0,0,1,0,0,0,1,0,0,0,0.239
2022,151.7,31.7,40.3,0.2,1,11.8879,1.4793292270870801,1,0,0,0,0,0,0,0,0,0,0,0,0,0,0.239
2022,246.2,33.0,40.3,0.24,1,9.3072,1.673351238177753,1,0,0,1,0,0,0,0,0,0,0,0,0,0,0.239
2022,75.1,31.9,40.3,0.2,1,3.5258,2.5201129055226197,0,0,0,0,0,0,1,0,0,0,1,0,0,0,0.239
2022,172.7,33.3,40.3,0.2,1,2.6939,2.7700855920216627,0,0,0,0,0,0,0,0,0,0,0,0,0,0,0.239
2022,232.8,33.8,40.3,0.21,1,4.5179,2.2945529212967815,0,0,0,1,0,0,0,0,0,0,1,0,0,0,0.239
2022,206.6,36.4,19.8,0.2,1,1.3479,2.753023566744941,1,0,0,0,0,0,1,0,0,0,1,0,0,0,0.215
2022,273.9,36.1,19.8,0.2,1,1.5764,2.6071242825122494,1,0,0,0,0,0,0,0,0,1,0,0,0,0,0.215
2022,127.8,34.6,19.8,0.2,1,4.4295,1.6992786164338898,1,0,0,1,0,0,0,0,0,1,0,0,0,0,0.215
2022,133.9,33.9,19.8,0.2,1,3.2945,1.9473377010464987,0,0,0,0,0,0,1,0,0,0,1,0,0,0,0.215
2022,211.2,35.1,19.8,0.2,1,1.3769,2.733067964077498,0,0,0,0,0,0,0,0,0,1,0,0,0,0,0.215
2022,70.7,35.2,19.8,0.2,1,1.4887,2.6602595372658615,0,0,0,1,0,0,0,0,0,0,1,0,0,0,0.215
2022,272.1,35.6,24.1,0.2,1,3.5441,2.0541237336955462,1,0,0,0,0,0,1,0,0,0,0,0,0,0,0.216
2022,223.0,34.3,24.1,0.2,1,2.7293,2.285438934159075,1,0,0,0,0,0,0,0,0,1,0,0,0,0,0.216
2022,188.5,34.5,24.1,0.2,1,3.4233,2.0844290831908747,1,0,0,1,0,0,0,0,0,0,1,0,0,0,0.216
2022,196.9,34.0,24.1,0.2,1,6.4611,1.5539252025038417,0,0,0,0,0,0,1,0,0,0,1,0,0,0,0.216
2022,76.1,34.5,24.1,0.2,1,8.3972,1.3532545070416904,0,0,0,0,0,0,0,0,0,0,0,0,0,0,0.216
2022,112.0,33.4,24.1,0.2,1,3.0391,2.189416394888408,0,0,0,1,0,0,0,0,0,0,1,0,0,0,0.216
2022,844.8,24.5,37.2,0.3,0,2.8118,2.655352412101761,1,0,0,0,0,0,0,0,0,1,0,0,1,0,1.081
2022,632.0,21.7,37.2,0.95,0,3.843,2.3683728335320486,1,0,0,1,0,0,0,0,0,0,0,1,0,0,1.081
2022,50.0,24.5,37.2,0.2,0,32.6316,0.76080582903376,0,0,0,0,0,0,0,0,0,0,1,0,0,0,1.081
2022,487.9,23.3,37.2,0.88,0,7.1815,1.8213182714695995,0,0,0,1,0,0,0,0,0,0,0,1,0,0,1.081
2022,391.5,29.0,39.7,0.2,0,2.8216,2.712706012638404,1,0,0,0,0,0,0,0,0,1,0,0,0,0,0.34
2022,244.3,25.5,39.7,0.22,0,3.3816,2.5447466501440172,1,0,0,1,0,0,0,0,0,0,1,0,0,0,0.34
2022,111.1,26.7,39.7,0.2,0,3.1162,2.620311286794203,0,0,0,0,0,0,0,0,0,0,1,0,0,0,0.34
2022,250.4,26.4,39.7,0.37,0,60.1515,0.5068176023684519,0,0,0,1,0,0,0,0,0,0,1,0,0,0,0.34
2022,924.4,27.1,38.1,0.3,0,7.4853,1.8066480817218056,1,0,0,0,0,0,0,0,0,1,0,0,1,0,0.617
2022,930.2,24.3,38.1,1.16,0,2.739,2.702032128776647,1,0,0,1,0,0,0,0,0,0,0,0,1,0,0.617
2022,625.1,22.1,38.1,0.25,0,2.7312,2.7047112998366956,0,0,0,0,0,0,0,0,0,0,1,1,0,0,0.617
2022,508.6,24.4,38.1,0.41,0,2.7117,2.711377991194885,0,0,0,1,0,0,0,0,0,0,1,1,0,0,0.617
2022,454.3,21.3,58.3,0.92,0,4.1495,2.711377991194885,1,0,0,0,0,0,0,0,1,0,0,1,0,0,1.385
2022,709.2,18.8,58.3,0.69,0,4.2994,2.67827804276854,1,0,0,0,0,0,0,0,0,0,0,0,1,0,1.385
2022,699.3,19.1,58.3,0.75,0,5.5683,2.4397349311412793,1,0,0,1,0,0,0,0,0,0,1,1,0,0,1.385
2022,626.7,21.4,58.3,0.86,0,10.5045,1.8794650496471605,0,0,0,0,0,0,0,0,1,0,1,1,0,0,1.385
2022,477.8,19.8,58.3,0.32,0,5.4486,2.4595888418037104,0,0,0,0,0,0,0,0,0,0,1,1,0,0,1.385
2022,183.0,19.3,58.3,0.2,0,5.9308,2.382320061012899,0,0,0,1,0,0,0,0,0,0,0,0,0,0,1.385
2022,300.8,23.1,50.3,0.2,0,9.6917,1.8229350866965048,1,0,0,0,0,0,0,0,0,0,0,0,0,0,1.472
2022,1006.9,23.1,50.3,1.67,0,31.6352,0.9516578757114464,1,0,0,1,0,0,0,0,0,0,1,0,0,1,1.472
2022,628.4,18.6,50.3,0.63,0,5.1696,2.373043556642607,0,0,0,0,0,0,0,0,0,1,0,1,0,0,1.472
2022,674.0,24.0,50.3,0.97,0,10.8874,1.7263316639055997,0,0,0,1,0,0,0,0,0,0,0,1,0,0,1.472
2022,859.6,23.1,90.0,0.83,0,6.7517,2.6623552418400807,1,0,0,0,0,0,0,0,0,1,0,0,1,0,1.511
2022,850.8,23.2,90.0,0.87,0,8.982,2.3997118037247684,1,0,0,1,0,0,0,0,0,0,1,0,1,0,1.511
2022,889.3,19.1,90.0,0.76,0,75.0,0.7884573603642702,1,1,0,0,0,0,0,0,0,0,1,0,1,0,1.511
2022,245.6,23.8,90.0,0.2,0,21.4286,1.6486586255873816,0,0,0,0,0,0,0,0,0,0,1,0,0,0,1.511
2022,848.6,23.1,90.0,1.56,0,8.7209,2.4265710727750367,0,0,0,1,0,0,0,0,0,0,0,0,1,0,1.511
2022,781.1,24.6,90.0,2.36,0,6.7064,2.668616131856803,0,1,0,0,0,0,0,0,0,0,1,0,1,0,1.511
2022,722.2,22.8,38.5,0.26,0,2.8926,2.6609585935683597,1,0,0,0,0,0,0,0,0,0,1,0,1,0,1.053
2022,366.2,25.2,38.5,0.2,0,9.322,1.6351056591826783,1,0,0,1,0,0,0,0,0,0,1,0,0,0,1.053
2022,442.3,23.7,38.5,0.21,0,3.3802,2.516889695641051,0,0,0,0,0,0,0,0,0,0,0,1,0,0,1.053
2022,560.7,26.4,38.5,0.56,0,55.7971,0.5247285289349821,0,0,0,1,0,0,0,0,0,0,1,1,0,0,1.053
2022,1178.1,23.7,74.4,0.7,0,7.623,2.3758355547336385,1,0,0,0,0,0,0,0,0,0,1,0,0,1,1.369
2022,1242.9,22.4,74.4,1.68,0,7.1884,2.4292177439274116,1,0,0,1,0,0,0,0,0,0,1,0,0,1,1.369
2022,464.7,22.2,74.4,0.2,0,5.0372,2.758109400974947,0,0,0,0,0,0,0,0,0,1,0,1,0,0,1.369
2022,485.7,20.6,74.4,0.36,0,8.9639,2.2300144001592104,0,0,0,1,0,0,0,0,0,0,0,1,0,0,1.369
2022,613.5,18.6,21.6,0.22,0,2.6799,2.203869120054888,1,0,0,0,0,0,0,0,0,1,0,1,0,0,0.583
2022,460.2,21.2,21.6,0.67,0,1.5073,2.7298116928837226,1,0,0,1,0,0,0,0,0,0,1,1,0,0,0.583
2022,394.9,22.6,21.6,0.2,0,2.0769,2.4336133554004498,0,0,0,0,0,0,0,0,0,0,1,0,0,0,0.583
2022,170.9,21.5,21.6,0.2,0,14.5946,0.9082585601768908,0,0,0,1,0,0,0,0,0,0,1,0,0,0,0.583
2022,767.9,16.7,48.1,1.51,0,5.8445,2.222459048514761,1,0,0,0,0,0,0,0,1,0,1,0,1,0,1.391
2022,543.6,17.0,48.1,0.2,0,18.1509,1.2947271675944,1,0,0,0,0,0,0,0,0,0,1,1,0,0,1.391
2022,555.2,19.9,48.1,0.41,0,5.2169,2.3243465847755584,1,0,0,1,0,0,0,0,0,0,1,1,0,0,1.391
2022,369.1,18.1,48.1,0.2,0,3.603,2.66374994220563,0,0,0,0,0,0,0,0,1,0,1,0,0,0,1.391
2022,343.5,18.3,48.1,0.2,0,7.5274,2.0001277349601105,0,0,0,0,0,0,0,0,0,0,0,0,0,0,1.391
2022,311.7,19.5,48.1,0.2,0,3.5033,2.689886230474539,0,0,0,1,0,0,0,0,0,0,1,0,0,0,1.391
2022,916.6,16.8,47.2,0.53,0,29.1358,0.9631743177730056,1,0,0,0,0,0,0,0,0,0,1,0,1,0,1.144
2022,818.7,16.9,47.2,1.45,0,9.5354,1.7833912195575383,1,0,0,1,0,0,0,0,0,0,0,0,1,0,1.144
2022,415.0,17.6,47.2,0.2,0,13.6023,1.4973884086254776,0,0,0,0,0,0,0,0,0,1,0,1,0,0,1.144
2022,620.9,18.2,47.2,1.13,0,6.8012,2.0719132752590443,0,0,0,1,0,0,0,0,0,1,0,1,0,0,1.144
2022,1223.9,19.6,46.1,1.14,0,4.7428,2.372111155642656,1,0,0,0,0,0,0,0,0,0,0,0,0,1,1.602
2022,710.0,19.4,46.1,1.03,0,12.4932,1.5454325824581878,1,0,0,1,0,0,0,0,0,0,0,0,1,0,1.602
2022,949.1,19.1,46.1,0.41,0,4.5916,2.401525040848949,1,1,0,0,0,0,0,0,0,1,0,0,1,0,1.602
2022,1023.1,20.9,46.1,1.31,0,4.6378,2.392425796993835,1,0,0,0,0,1,0,0,0,1,0,0,0,1,1.602
2022,703.8,20.9,46.1,0.57,0,5.3233,2.2679936482244267,0,0,0,0,0,0,0,0,0,1,0,0,1,0,1.602
2022,609.4,19.9,46.1,0.99,0,4.7477,2.3711778844596574,0,0,0,1,0,0,0,0,0,0,1,1,0,0,1.602
2022,734.7,20.2,46.1,0.58,0,5.4881,2.2407096892759584,0,1,0,0,0,0,0,0,0,0,1,0,1,0,1.602
2022,780.5,19.6,46.1,0.86,0,3.8707,2.558002204858551,0,0,0,0,0,1,0,0,0,1,0,0,1,0,1.602
2022,359.0,32.9,19.9,0.2,1,13.1788,0.9202827531436926,1,0,0,0,0,0,0,0,0,0,1,0,0,0,0.243
2022,316.1,29.4,19.9,0.2,0,34.3103,0.4574248470388754,1,0,0,1,0,0,0,0,0,0,1,0,0,0,0.243
2022,317.3,32.0,19.9,0.2,1,1.8809,2.449279472144849,0,0,0,0,0,0,0,0,0,0,1,0,0,0,0.243
2022,219.2,30.7,19.9,0.2,1,1.9135,2.4336133554004498,0,0,0,1,0,0,0,0,0,0,1,0,0,0,0.243
2022,185.1,30.7,15.8,0.2,1,4.6608,1.4793292270870801,1,0,0,0,0,0,0,0,0,0,1,0,0,0,0.212
2022,251.5,29.4,15.8,0.2,0,3.6916,1.6639260977181702,1,0,0,1,0,0,0,0,0,0,1,0,0,0,0.212
2022,287.0,33.5,15.8,0.2,1,1.1533,2.6878474937846906,0,0,0,0,0,0,0,0,0,0,0,0,0,0,0.212
2022,162.3,32.6,15.8,0.2,1,1.8266,2.2669579153508947,0,0,0,1,0,0,0,0,0,0,1,0,0,0,0.212
2023,1328.0,16.2,138.6,13.97,0,10.1094,2.688527534613346,1,0,0,0,0,0,0,0,1,0,0,0,0,1,3.582
2023,975.3,17.5,138.6,2.53,0,10.8706,2.6210388241125804,1,0,0,0,0,0,0,0,0,0,0,0,1,0,3.582
2023,1191.8,18.3,138.6,3.34,0,25.4312,1.864080130807681,1,0,0,1,0,0,0,0,0,0,0,0,0,1,3.582
2023,925.1,17.8,138.6,9.11,0,13.8185,2.400618833265411,0,0,0,0,0,0,0,0,1,0,0,0,1,0,3.582
2023,753.8,16.5,138.6,2.69,0,16.7391,2.2278615467981093,0,0,0,0,0,0,0,0,0,0,0,0,1,0,3.582
2023,923.2,16.6,138.6,3.87,0,52.5,1.2919836816486494,0,0,0,1,0,0,0,0,0,0,1,0,1,0,3.582
2023,1053.7,15.6,130.5,12.12,0,9.2422,2.716018370751387,1,0,0,0,0,0,0,0,1,1,0,0,0,1,4.069
2023,1830.8,17.8,130.5,5.32,0,8.9506,2.7459880404426023,1,0,0,0,0,0,0,0,0,0,0,0,0,1,4.069
2023,1231.2,17.4,130.5,6.24,0,18.2773,2.096790180014449,1,0,0,1,0,0,0,0,0,1,0,0,0,1,4.069
2023,903.8,17.5,130.5,11.83,0,129.2079,0.6981347220709844,0,0,0,0,0,0,0,0,1,0,0,0,1,0,4.069
2023,895.7,17.4,130.5,2.7,0,19.5359,2.038619547159581,0,0,0,0,0,0,0,0,0,0,0,0,1,0,4.069
2023,1272.0,18.4,130.5,11.74,0,12.3814,2.4458192610799534,0,0,0,1,0,0,0,0,0,0,0,0,0,1,4.069
2023,1244.5,21.1,159.2,12.4,0,12.0789,2.6518325211039815,1,0,0,0,0,0,0,0,1,0,0,0,0,1,3.973
2023,836.4,19.8,159.2,2.05,0,248.75,0.49469624183610705,1,0,0,0,0,0,0,0,0,1,0,0,1,0,3.973
2023,890.1,19.5,159.2,2.95,0,15.5469,2.419478844465545,1,0,0,1,0,0,0,0,0,1,0,0,1,0,3.973
2023,985.8,19.8,159.2,11.85,0,11.7664,2.6762154775821916,1,0,0,0,1,0,0,0,0,0,1,0,1,0,3.973
2023,580.6,19.8,159.2,4.87,0,26.8919,1.9344157696295783,0,0,0,0,0,0,0,0,1,1,0,1,0,0,3.973
2023,649.1,18.2,159.2,2.43,0,19.1346,2.2321626286975,0,0,0,0,0,0,0,0,0,0,1,1,0,0,3.973
2023,775.9,19.9,159.2,4.75,0,43.027,1.547562508716013,0,0,0,1,0,0,0,0,0,0,1,0,1,0,3.973
2023,840.7,19.6,159.2,14.95,0,41.8947,1.5686159179138452,0,0,0,0,1,0,0,0,0,0,0,0,1,0,3.973
2023,1017.0,19.3,163.3,3.52,0,16.3137,2.3988039507345884,1,0,0,0,0,0,0,0,0,0,1,0,0,1,2.798
2023,1335.9,19.2,163.3,10.94,0,12.39,2.6518325211039815,1,0,0,1,0,0,0,0,0,1,0,0,0,1,2.798
2023,1530.2,17.2,163.3,10.12,0,12.4943,2.644044871126298,1,0,0,0,0,0,0,1,0,0,0,0,0,1,2.798
2023,1174.6,15.8,163.3,2.43,0,38.881,1.6486586255873816,0,0,0,0,0,0,0,0,0,1,0,0,0,1,2.798
2023,1139.4,18.7,163.3,5.59,0,86.8617,1.0577902941478545,0,0,0,1,0,0,0,0,0,0,1,0,0,1,2.798
2023,1044.9,18.3,163.3,9.31,0,24.9694,2.020222182019865,0,0,0,0,0,0,0,1,0,0,0,0,0,1,2.798
2023,1076.5,19.9,118.0,3.43,0,10.4889,2.505525936990736,1,0,0,0,0,0,0,0,0,0,0,0,0,1,2.502
2023,980.7,19.5,118.0,6.54,0,22.3485,1.8373699804801074,1,0,0,1,0,0,0,0,0,0,0,0,1,0,2.502
2023,1283.4,19.1,118.0,2.77,0,28.2974,1.6428726885203377,0,0,0,0,0,0,0,0,0,0,1,0,0,1,2.502
2023,833.1,19.8,118.0,1.09,0,8.2982,2.7226103524335397,0,0,0,1,0,0,0,0,0,0,0,0,1,0,2.502
2023,1852.1,19.5,64.8,2.28,0,12.4615,1.824549292051046,1,0,0,0,0,0,0,0,0,0,0,0,0,1,2.346
2023,1037.7,19.9,64.8,2.97,0,7.4913,2.2669579153508947,1,0,0,1,0,0,0,0,0,1,0,0,0,1,2.346
2023,844.4,20.1,64.8,1.26,0,5.3202,2.578700529074361,0,0,0,0,0,0,0,0,0,0,1,0,1,0,2.346
2023,1017.4,19.0,64.8,1.64,0,59.4495,0.7371640659767197,0,0,0,1,0,0,0,0,0,1,0,0,0,1,2.346
2023,1810.7,19.8,80.2,2.71,0,6.59,2.5779415157551897,1,0,0,0,0,0,0,0,0,0,1,0,0,1,2.552
2023,1634.6,20.1,80.2,3.76,0,74.2593,0.7323678937132266,1,0,0,1,0,0,0,0,0,0,0,0,0,1,2.552
2023,1070.8,17.0,80.2,1.04,0,10.1777,2.1838015570040787,0,0,0,0,0,0,0,0,0,1,0,0,0,1,2.552
2023,1333.3,19.5,80.2,2.79,0,11.523,2.0744289998562917,0,0,0,1,0,0,0,0,0,1,0,0,0,1,2.552
2023,1418.6,17.0,127.9,2.01,0,8.9754,2.7245795030534206,1,0,0,0,0,0,0,0,0,1,0,0,0,1,2.398
2023,1430.2,18.4,127.9,3.95,0,25.0784,1.8082887711792655,1,0,0,1,0,0,0,0,0,0,1,0,0,1,2.398
2023,1069.7,17.7,127.9,1.72,0,14.1482,2.306577114263583,0,0,0,0,0,0,0,0,0,0,0,0,0,1,2.398
2023,982.2,20.3,127.9,3.52,0,28.8713,1.691939133945844,0,0,0,1,0,0,0,0,0,0,0,0,1,0,2.398
2023,1442.3,18.4,80.0,1.9,0,6.5628,2.579458966729223,1,0,0,0,0,0,0,0,0,0,0,0,0,1,1.579
2023,1607.6,23.0,80.0,1.79,0,55.1724,0.8960880245566356,1,0,0,1,0,0,0,0,0,1,0,0,0,1,1.579
2023,600.3,21.2,80.0,0.22,0,21.9178,1.536867219599265,0,0,0,0,0,0,0,0,0,0,1,1,0,0,1.579
2023,774.5,19.5,80.0,1.65,0,8.0402,2.3933394562625097,0,0,0,1,0,0,0,0,0,0,1,0,1,0,1.579
2023,1262.2,18.0,120.7,2.66,0,9.3857,2.6290069937617573,1,0,0,0,0,0,0,0,0,0,1,0,0,1,3.983
2023,1685.1,16.9,120.7,3.96,0,10.3251,2.540814281726296,1,0,0,1,0,0,0,0,0,0,1,0,0,1,3.983
2023,1374.6,18.0,120.7,7.25,0,16.4218,2.122261538862764,1,0,0,0,0,0,0,1,0,0,0,0,0,1,3.983
2023,1153.5,17.4,120.7,16.84,0,25.9013,1.7334238922150915,1,0,0,0,1,0,0,0,0,0,0,0,0,1,3.983
2023,832.3,20.3,120.7,2.4,0,9.1997,2.647592232065096,0,0,0,0,0,0,0,0,0,0,0,0,1,0,3.983
2023,698.6,18.0,120.7,3.63,0,9.6637,2.6019486702196644,0,0,0,1,0,0,0,0,0,0,0,1,0,0,3.983
2023,919.0,17.5,120.7,4.81,0,57.4762,1.1314021114911006,0,0,0,0,0,0,0,1,0,0,0,0,1,0,3.983
2023,1013.9,18.0,120.7,9.04,0,12.9785,2.33214389523559,0,0,0,0,1,0,0,0,0,1,0,0,0,1,3.983
2023,1770.1,18.3,110.3,2.78,0,23.4681,1.7404661748405046,1,0,0,0,0,0,0,0,0,1,0,0,0,1,2.733
2023,1477.6,18.3,110.3,4.52,0,39.8195,1.3270750014599193,1,0,0,1,0,0,0,0,0,0,1,0,0,1,2.733
2023,2089.9,17.0,110.3,5.35,0,8.4134,2.6468837658647226,1,0,0,0,0,0,0,1,0,1,0,0,0,1,2.733
2023,1813.0,17.2,110.3,3.22,0,131.3095,0.6097655716208943,0,0,0,0,0,0,0,0,0,0,1,0,0,1,2.733
2023,975.3,18.7,110.3,3.51,0,28.0662,1.5953389880545987,0,0,0,1,0,0,0,0,0,0,0,0,1,0,2.733
2023,477.0,19.5,110.3,0.28,0,67.2561,0.9707789171582248,0,0,0,0,0,0,0,1,0,0,0,1,0,0,2.733
2023,1084.9,15.0,92.2,2.48,0,24.9189,1.547562508716013,1,0,0,0,0,0,0,0,0,0,0,0,0,1,1.242
2023,592.1,15.6,92.2,1.5,0,43.6967,1.1346227261911428,1,0,0,1,0,0,0,0,0,0,0,1,0,0,1.242
2023,1125.9,18.1,92.2,3.29,0,11.2576,2.2181159363675955,1,0,0,0,0,0,0,1,0,0,1,0,0,1,1.242
2023,1015.0,19.3,92.2,3.75,0,16.6426,1.8779371654691073,1,0,1,0,0,0,0,0,0,0,1,0,0,1,1.242
2023,795.7,15.5,92.2,1.64,0,6.4072,2.733717947850788,0,0,0,0,0,0,0,0,0,1,0,0,1,0,1.242
2023,457.2,18.7,92.2,2.09,0,9.8821,2.3350522831315472,0,0,0,1,0,0,0,0,0,1,0,1,0,0,1.242
2023,757.3,17.5,92.2,5.44,0,12.2444,2.143589361503588,0,0,0,0,0,0,0,1,0,0,0,0,1,0,1.242
2023,607.3,15.9,92.2,1.65,0,13.9486,2.0294631718735947,0,0,1,0,0,0,0,0,0,0,1,1,0,0,1.242
2023,1250.5,19.4,68.7,1.34,0,8.1591,2.2428350885882717,1,0,0,0,0,0,0,0,0,0,1,0,0,1,1.371
2023,867.9,17.0,68.7,2.01,0,8.6198,2.1938856760707046,1,0,0,1,0,0,0,0,0,0,1,0,1,0,1.371
2023,1214.1,18.1,68.7,6.35,0,29.1102,1.2119409739751128,1,0,0,0,0,0,0,1,0,0,0,0,0,1,1.371
2023,624.8,18.8,68.7,1.46,0,33.8424,1.1085626195212777,1,0,1,0,0,0,0,0,0,0,1,1,0,0,1.371
2023,512.9,17.5,68.7,0.79,0,6.5679,2.4388627112865935,0,0,0,0,0,0,0,0,0,1,0,1,0,0,1.371
2023,567.8,17.9,68.7,1.69,0,10.9048,1.9878743481543455,0,0,0,1,0,0,0,0,0,0,0,1,0,0,1.371
2023,889.8,18.4,68.7,2.09,0,7.1637,2.359910159613315,0,0,0,0,0,0,0,1,0,0,1,0,1,0,1.371
2023,847.8,19.7,68.7,1.17,0,4.7642,2.7356653681351832,0,0,1,0,0,0,0,0,0,0,1,0,1,0,1.371
2023,1000.3,17.3,64.5,1.33,0,4.5875,2.7120422223717475,1,0,0,0,0,0,0,0,0,1,0,0,0,1,0.987
2023,622.5,17.0,64.5,1.32,0,4.4885,2.7324175575505043,1,0,0,1,0,0,0,0,0,0,1,1,0,0,0.987
2023,900.5,18.8,64.5,2.2,0,4.657,2.6979998652487085,1,0,1,0,0,0,0,0,0,0,1,0,1,0,0.987
2023,531.0,17.5,64.5,0.4,0,102.381,0.48858001481867097,0,0,0,0,0,0,0,0,0,0,1,1,0,0,0.987
2023,528.2,17.4,64.5,1.7,0,13.5504,1.7509374747078,0,0,0,1,0,0,0,0,0,0,1,1,0,0,0.987
2023,554.9,17.9,64.5,1.09,0,7.2472,2.2925347571405443,0,0,1,0,0,0,0,0,0,0,0,1,0,0,0.987
2023,905.6,17.6,41.4,0.24,0,3.5385,2.5416019934645457,1,0,0,0,0,0,0,0,0,0,1,0,1,0,1.215
2023,914.9,19.6,41.4,4.21,0,8.2306,1.7967470107390942,1,0,0,1,0,0,0,0,0,0,0,0,1,0,1.215
2023,980.1,19.2,41.4,1.63,0,15.5056,1.3001916620664788,1,0,1,0,0,0,0,0,0,0,1,0,1,0,1.215
2023,992.4,18.5,41.4,1.02,0,2.8106,2.7555697170701863,1,0,0,0,0,1,0,0,0,0,1,0,1,0,1.215
2023,629.4,17.4,41.4,1.12,0,3.8764,2.457877977400081,0,0,0,0,0,0,0,0,0,0,0,1,0,0,1.215
2023,398.7,19.6,41.4,0.2,0,6.9815,1.9358598132018119,0,0,0,1,0,0,0,0,0,0,1,0,0,0,1.215
2023,178.5,19.5,41.4,0.2,0,5.3906,2.1610215286722587,0,0,1,0,0,0,0,0,0,1,0,0,0,0,1.215
2023,688.6,18.3,41.4,0.96,0,6.6774,1.9740810260220096,0,0,0,0,0,1,0,0,0,0,0,1,0,0,1.215
2023,783.9,20.0,65.8,2.76,0,27.5314,1.220829921392359,1,0,0,0,0,0,0,0,0,1,0,0,1,0,1.367
2023,829.5,21.5,65.8,7.9,0,5.315,2.5937610547000824,1,0,0,1,0,0,0,0,0,0,0,0,1,0,1.367
2023,684.6,19.9,65.8,2.1,0,16.9588,1.5851452198650557,1,0,1,0,0,0,0,0,0,0,1,1,0,0,1.367
2023,459.3,21.4,65.8,0.5,0,4.8995,2.6693093727857793,0,0,0,0,0,0,0,0,0,0,1,1,0,0,1.367
2023,475.1,20.1,65.8,2.43,0,5.9173,2.4948569806411682,0,0,0,1,0,0,0,0,0,1,0,1,0,0,1.367
2023,608.3,21.2,65.8,1.44,0,29.375,1.1755733298042381,0,0,1,0,0,0,0,0,0,1,0,1,0,0,1.367
2023,1093.2,18.8,53.4,1.74,0,4.6719,2.5201129055226197,1,0,0,0,0,0,0,0,0,0,1,0,0,1,1.854
2023,1108.7,19.5,53.4,2.05,0,3.9381,2.67827804276854,1,0,0,1,0,0,0,0,0,1,0,0,0,1,1.854
2023,898.6,17.4,53.4,1.2,0,6.3496,2.2417729535972883,1,0,1,0,0,0,0,0,0,0,1,0,1,0,1.854
2023,1174.1,17.1,53.4,5.59,0,4.2618,2.604909442182697,1,0,0,0,1,0,0,0,0,0,0,0,0,1,1.854
2023,874.5,15.9,53.4,0.49,0,5.6748,2.3427668826268775,0,0,0,0,0,0,0,0,0,0,1,0,1,0,1.854
2023,622.9,16.6,53.4,1.39,0,4.8812,2.479894107964456,0,0,0,1,0,0,0,0,0,0,1,1,0,0,1.854
2023,896.7,18.0,53.4,2.38,0,44.1322,0.7929925155296614,0,0,1,0,0,0,0,0,0,0,1,0,1,0,1.854
2023,133.1,18.4,53.4,0.33,0,7.3961,2.1065702090680882,0,0,0,0,1,0,0,0,0,0,1,0,0,0,1.854
2023,490.0,21.6,52.6,0.36,0,6.5668,2.1983350716202463,1,0,0,0,0,0,0,0,0,1,0,1,0,0,1.181
2023,868.9,20.4,52.6,1.77,0,8.1048,2.0135687975291283,1,0,0,1,0,0,0,0,0,1,0,0,1,0,1.181
2023,645.9,23.3,52.6,1.0,0,28.2796,1.0508216248317612,0,0,0,0,0,0,0,0,0,0,0,1,0,0,1.181
2023,420.1,19.9,52.6,1.91,0,5.9435,2.2874714551839976,0,0,0,1,0,0,0,0,0,1,0,1,0,0,1.181
2023,552.7,18.1,61.1,0.86,0,5.5095,2.492378664626701,1,0,0,0,0,0,0,0,0,1,0,1,0,0,3.861
2023,1038.7,18.5,61.1,4.18,0,24.0551,1.264126727145683,1,0,0,1,0,0,0,0,0,0,0,0,0,1,3.861
2023,1048.0,15.2,61.1,15.27,0,36.369,0.9858167945227653,1,0,0,0,1,0,0,0,0,0,0,0,0,1,3.861
2023,728.1,14.8,61.1,0.67,0,5.892,2.4309783077624445,0,0,0,0,0,0,0,0,0,0,1,0,1,0,3.861
2023,537.4,14.8,61.1,1.18,0,6.6126,2.3263016196113617,0,0,0,1,0,0,0,0,0,0,0,1,0,0,3.861
2023,578.7,17.7,61.1,2.45,0,4.6606,2.6468837658647226,0,0,0,0,1,0,0,0,0,1,0,1,0,0,3.861
2023,882.8,20.6,17.0,0.68,0,1.2977,2.6461747973841225,1,0,0,0,0,0,0,0,0,1,0,0,1,0,0.496
2023,955.4,18.0,17.0,0.2,0,3.0797,1.8748743759385615,1,0,0,1,0,0,0,0,0,0,1,0,1,0,0.496
2023,647.9,21.4,17.0,0.35,0,1.1676,2.7447035187502458,0,0,0,0,0,0,0,0,0,0,1,1,0,0,0.496
2023,515.8,21.7,17.0,0.88,0,1.5219,2.498973906999436,0,0,0,1,0,0,0,0,0,0,1,1,0,0,0.496
2023,836.3,23.1,78.4,0.98,0,9.0219,2.2710944259026746,1,0,0,0,0,0,1,0,0,0,0,0,1,0,0.89
2023,860.2,21.3,78.4,0.77,0,117.0149,0.5128236264286639,1,0,0,0,0,0,0,0,0,0,1,0,1,0,0.89
2023,346.1,22.1,78.4,1.87,0,6.5497,2.5626389983283526,1,0,0,1,0,0,0,0,0,1,0,0,0,0,0.89
2023,397.2,22.8,78.4,1.05,0,6.7181,2.5392369943330477,0,0,0,0,0,0,1,0,0,0,0,0,0,0,0.89
2023,521.5,20.3,78.4,1.58,0,10.1161,2.169053700369523,0,0,0,0,0,0,0,0,0,0,0,1,0,0,0.89
2023,291.8,22.8,78.4,0.41,0,113.6232,0.5247285289349821,0,0,0,1,0,0,0,0,0,1,0,0,0,0,0.89
2023,722.7,24.2,19.4,1.01,0,3.5993,1.8547342683894434,1,0,0,0,0,0,1,0,0,0,1,0,1,0,0.48
2023,645.2,24.6,19.4,0.36,0,2.0749,2.336986519711378,1,0,0,0,0,0,0,0,0,1,0,1,0,0,0.48
2023,827.5,24.7,19.4,0.93,0,2.6395,2.122261538862764,1,0,0,1,0,0,0,0,0,1,0,0,1,0,0.48
2023,359.7,23.4,19.4,0.38,0,1.2933,2.772588722239781,0,0,0,0,0,0,1,0,0,1,0,0,0,0,0.48
2023,485.1,23.7,19.4,0.24,0,34.6429,0.44468582126144574,0,0,0,0,0,0,0,0,0,0,1,1,0,0,0.48
2023,537.1,24.2,19.4,1.36,0,13.4722,0.8919980393051105,0,0,0,1,0,0,0,0,0,0,0,1,0,0,0.48
2023,995.0,27.2,19.7,0.86,0,2.6803,2.122261538862764,1,0,0,0,0,0,1,0,0,0,0,0,1,0,0.455
2023,475.0,26.3,19.7,0.22,0,1.6924,2.5368663887187113,1,0,0,0,0,0,0,0,0,0,0,1,0,0,0.455
2023,671.5,24.7,19.7,1.28,0,1.4296,2.6932749155200555,1,0,0,1,0,0,0,0,0,0,0,1,0,0,0.455
2023,228.0,25.0,19.7,0.2,0,17.9091,0.7419373447293773,0,0,0,0,0,0,1,0,0,0,1,0,0,0,0.455
2023,543.2,25.9,19.7,0.26,0,2.0957,2.341805806147327,0,0,0,0,0,0,0,0,0,0,1,1,0,0,0.455
2023,336.0,24.5,19.7,0.53,0,6.3548,1.410986973710262,0,0,0,1,0,0,0,0,0,1,0,0,0,0,0.455
2023,896.0,28.9,30.5,0.2,0,2.4092,2.614471854142644,1,0,0,0,0,0,0,0,0,0,1,0,1,0,0.266
2023,957.0,27.9,30.5,0.37,0,5.3887,1.8961194845522977,1,0,0,1,0,0,0,0,0,0,1,0,1,0,0.266
2023,1083.5,30.0,30.5,0.2,0,4.5052,2.050270164379556,0,0,0,0,0,0,0,0,0,0,1,0,0,1,0.266
2023,777.2,31.4,30.5,0.21,1,2.1739,2.710048203764883,0,0,0,1,0,0,0,0,0,1,0,0,1,0,0.266
2023,500.5,27.7,26.0,0.2,0,3.4166,2.152924318439639,1,0,0,0,0,0,0,0,0,0,1,1,0,0,0.661
2023,598.2,25.8,26.0,0.66,0,2.2414,2.533696813957432,1,0,0,1,0,0,0,0,0,0,0,1,0,0,0.661
2023,1087.1,27.2,26.0,3.75,0,2.2827,2.516889695641051,1,1,0,0,0,0,0,0,0,1,0,0,0,1,0.661
2023,391.0,28.2,26.0,0.2,0,2.5974,2.3988039507345884,0,0,0,0,0,0,0,0,0,0,1,0,0,0,0.661
2023,628.3,29.5,26.0,0.25,0,7.2222,1.5260563034950492,0,0,0,1,0,0,0,0,0,0,1,1,0,0,0.661
2023,1048.0,25.4,26.0,1.16,0,5.2738,1.780024213009634,0,1,0,0,0,0,0,0,0,0,1,0,0,1,0.661
2023,1429.0,29.5,30.2,0.29,0,3.8471,2.180417459019838,1,0,0,0,0,0,0,0,0,0,0,0,0,1,0.678
2023,1108.1,27.9,30.2,0.7,0,3.2473,2.33214389523559,1,0,0,1,0,0,0,0,0,0,0,0,0,1,0.678
2023,1024.9,28.2,30.2,1.65,0,9.8371,1.4036429994545037,1,1,0,0,0,0,0,0,0,0,1,0,0,1,0.678
2023,766.0,30.4,30.2,0.2,1,2.9812,2.4096441652874536,0,0,0,0,0,0,0,0,0,0,1,0,1,0,0.678
2023,351.5,26.0,30.2,0.23,0,2.6868,2.50470927708418,0,0,0,1,0,0,0,0,0,0,1,0,0,0,0.678
2023,945.6,29.8,30.2,0.73,0,2.0255,2.7669478423496954,0,1,0,0,0,0,0,0,0,1,0,0,1,0,0.678
2023,468.8,30.1,33.5,0.2,1,4.1307,2.209372711271867,1,0,0,0,0,0,0,0,0,0,1,1,0,0,0.341
2023,744.0,27.4,33.5,0.99,0,2.9594,2.511223958105374,1,0,0,1,0,0,0,0,0,1,0,0,1,0,0.341
2023,466.3,30.1,33.5,0.6,1,4.041,2.2289385528257473,1,0,0,0,0,1,0,0,0,0,1,1,0,0,0.341
2023,220.7,30.5,33.5,0.2,1,6.2734,1.8468787684491346,0,0,0,0,0,0,0,0,0,0,0,0,0,0,0.341
2023,367.5,28.3,33.5,0.4,0,42.9487,0.5766133643039938,0,0,0,1,0,0,0,0,0,1,0,0,0,0,0.341
2023,302.9,30.4,33.5,0.5,1,4.1307,2.209372711271867,0,0,0,0,0,1,0,0,0,1,0,0,0,0,0.341
2023,868.9,28.3,27.7,0.2,0,4.8511,1.9035989509835904,1,0,0,0,0,0,0,0,0,0,1,0,1,0,0.339
2023,1203.9,27.8,27.7,1.06,0,2.1708,2.6217658325051976,1,0,0,1,0,0,0,0,0,0,0,0,0,1,0.339
2023,872.4,28.9,27.7,0.2,0,5.8936,1.7404661748405046,0,0,0,0,0,0,0,0,0,1,0,0,1,0,0.339
2023,727.7,29.8,27.7,0.33,0,2.2231,2.599722324216582,0,0,0,1,0,0,0,0,0,1,0,0,1,0,0.339
2023,876.5,24.0,11.0,0.41,0,2.4887,1.6900958154515549,1,0,0,0,0,0,0,0,0,1,0,0,1,0,0.628
2023,514.2,22.9,11.0,0.55,0,0.898,2.583997552432231,1,0,0,1,0,0,0,0,0,1,0,1,0,0,0.628
2023,498.2,24.8,11.0,0.21,0,0.9426,2.5392369943330477,0,0,0,0,0,0,0,0,0,0,1,1,0,0,0.628
2023,402.7,22.8,11.0,0.72,0,3.0556,1.5260563034950492,0,0,0,1,0,0,0,0,0,0,1,1,0,0,0.628
2023,362.4,32.6,42.2,0.41,1,4.8843,2.265921108622454,1,0,0,0,0,0,1,0,0,1,0,0,0,0,0.251
2023,282.6,33.9,42.2,0.2,1,3.2165,2.647592232065096,1,0,0,0,0,0,0,0,0,1,0,0,0,0,0.251
2023,160.1,32.1,42.2,0.2,1,2.9265,2.7356653681351832,1,0,0,1,0,0,0,0,0,0,1,0,0,0,0.251
2023,298.7,33.0,42.2,0.42,1,23.9773,1.0152306797290584,0,0,0,0,0,0,1,0,0,1,0,0,0,0,0.251
2023,116.7,31.9,42.2,0.2,1,29.7183,0.883767540168595,0,0,0,0,0,0,0,0,0,1,0,0,0,0,0.251
2023,159.1,31.4,42.2,0.2,1,3.1777,2.658859956911438,0,0,0,1,0,0,0,0,0,0,1,0,0,0,0.251
2023,176.3,33.5,16.8,0.2,1,2.963,1.8976198599275322,1,0,0,0,0,0,1,0,0,0,1,0,0,0,0.239
2023,241.3,34.2,16.8,0.2,1,1.3714,2.583997552432231,1,0,0,0,0,0,0,0,0,1,0,0,0,0,0.239
2023,165.7,35.5,16.8,0.2,1,2.3662,2.0918640616783932,1,0,0,1,0,0,0,0,0,0,1,0,0,0,0.239
2023,50.0,35.2,16.8,0.2,1,1.5745,2.4570214462984645,0,0,0,0,0,0,1,0,0,0,0,0,0,0,0.239
2023,102.2,33.2,16.8,0.2,1,3.1638,1.8421356765531218,0,0,0,0,0,0,0,0,0,0,1,0,0,0,0.239
2023,213.9,34.9,16.8,0.2,1,1.6851,2.395164274287139,0,0,0,1,0,0,0,0,0,0,0,0,0,0,0.239
2023,201.3,33.8,23.3,0.21,1,5.1322,1.7119945007591924,1,0,0,0,0,0,1,0,0,0,1,0,0,0,0.215
2023,149.0,33.1,23.3,0.2,1,1.6466,2.7180005319553784,1,0,0,0,0,0,0,0,0,0,0,0,0,0,0.215
2023,208.5,35.1,23.3,0.2,1,4.4466,1.8309801823813363,1,0,0,1,0,0,0,0,0,0,1,0,0,0,0.215
2023,132.6,34.9,23.3,0.2,1,1.5926,2.749192144433385,0,0,0,0,0,0,1,0,0,1,0,0,0,0,0.215
2023,263.8,34.9,23.3,0.2,1,4.4213,1.8357763546448294,0,0,0,0,0,0,0,0,0,0,1,0,0,0,0.215
2023,122.1,34.5,23.3,0.2,1,1.9177,2.5764217586237734,0,0,0,1,0,0,0,0,0,1,0,0,0,0,0.215
2023,335.6,37.5,29.5,0.21,1,7.0238,1.6486586255873816,1,0,0,0,0,0,1,0,0,1,0,0,0,0,0.216
2023,313.7,35.7,29.5,0.2,1,2.3752,2.5967461315435356,1,0,0,0,0,0,0,0,0,0,1,0,0,0,0.216
2023,210.3,35.9,29.5,0.21,1,11.9433,1.244154593958768,1,0,0,1,0,0,0,0,0,0,1,0,0,0,0.216
2023,89.2,38.5,29.5,0.2,1,2.0095,2.7523860149222616,0,0,0,0,0,0,1,0,0,0,1,0,0,0,0.216
2023,69.8,35.3,29.5,0.2,1,4.2878,2.064327903869788,0,0,0,0,0,0,0,0,0,0,1,0,0,0,0.216
2023,140.5,38.0,29.5,0.2,1,2.5171,2.543175557911976,0,0,0,1,0,0,0,0,0,0,1,0,0,0,0.216
2023,652.6,23.2,30.3,0.65,0,3.7087,2.2159372862683733,1,0,0,0,0,0,0,0,0,0,0,1,0,0,1.081
2023,591.1,22.3,30.3,1.23,0,3.0918,2.379546134130174,1,0,0,1,0,0,0,0,0,0,1,1,0,0,1.081
2023,472.8,20.9,30.3,0.49,0,6.0239,1.7967470107390942,0,0,0,0,0,0,0,0,0,0,1,1,0,0,1.081
2023,263.4,20.7,30.3,0.3,0,2.5377,2.5603232890727545,0,0,0,1,0,0,0,0,0,0,1,0,0,0,1.081
2023,459.4,26.6,33.3,0.2,0,3.5961,2.3282528397426234,1,0,0,0,0,0,0,0,0,0,1,1,0,0,0.34
2023,781.7,25.1,33.3,0.75,0,3.118,2.457877977400081,1,0,0,1,0,0,0,0,0,1,0,0,1,0,0.34
2023,547.2,27.9,33.3,0.21,0,3.4259,2.372111155642656,0,0,0,0,0,0,0,0,0,1,0,1,0,0,0.34
2023,230.7,27.2,33.3,0.3,0,6.0656,1.8702625307159986,0,0,0,1,0,0,0,0,0,0,1,0,0,0,0.34
2023,564.3,22.5,24.5,0.36,0,1.9647,2.6004649904222727,1,0,0,0,0,0,0,0,0,0,1,1,0,0,0.617
2023,872.6,22.7,24.5,1.98,0,39.5161,0.4824261492442927,1,0,0,1,0,0,0,0,0,0,0,0,1,0,0.617
2023,443.2,23.4,24.5,0.21,0,44.5455,0.4382549309311553,0,0,0,0,0,0,0,0,0,0,1,1,0,0,0.617
2023,379.9,24.6,24.5,0.4,0,4.4627,1.8702625307159986,0,0,0,1,0,0,0,0,0,0,1,0,0,0,0.617
2023,908.4,17.5,73.3,3.37,0,5.1045,2.731766727719526,1,0,0,0,0,0,0,0,1,0,1,0,1,0,1.385
2023,789.9,18.1,73.3,1.13,0,22.8349,1.43746264769429,1,0,0,0,0,0,0,0,0,0,1,0,1,0,1.385
2023,768.2,20.6,73.3,3.05,0,5.1439,2.7245795030534206,1,0,0,1,0,0,0,0,0,1,0,0,1,0,1.385
2023,689.4,18.2,73.3,2.9,0,7.6754,2.3561258599220753,0,0,0,0,0,0,0,0,1,1,0,1,0,0,1.385
2023,313.3,18.7,73.3,0.2,0,8.3201,2.2834022735772717,0,0,0,0,0,0,0,0,0,0,1,0,0,0,1.385
2023,319.3,18.4,73.3,0.5,0,5.37,2.6844403354630764,0,0,0,1,0,0,0,0,0,0,0,0,0,0,1.385
2023,1343.1,22.2,43.8,1.33,0,7.5,1.922787731634459,1,0,0,0,0,0,0,0,0,0,1,0,0,1,1.472
2023,914.8,24.3,43.8,2.75,0,4.7046,2.333114298028869,1,0,0,1,0,0,0,0,0,0,0,0,1,0,1.472
2023,1098.6,21.9,43.8,1.55,0,4.8775,2.300583090323373,0,0,0,0,0,0,0,0,0,1,0,0,0,1,1.472
2023,739.6,22.5,43.8,3.09,0,3.0249,2.739548868161581,0,0,0,1,0,0,0,0,0,1,0,0,1,0,1.472
2023,1079.7,23.7,70.8,0.98,0,17.9241,1.599387576580599,1,0,0,0,0,0,0,0,0,0,0,0,0,1,1.511
2023,1166.1,24.6,70.8,2.54,0,15.4923,1.7173950539391927,1,0,0,1,0,0,0,0,0,0,1,0,0,1,1.511
2023,1157.5,22.2,70.8,4.1,0,13.0387,1.860974538249528,1,1,0,0,0,0,0,0,0,0,1,0,0,1,1.511
2023,704.5,23.2,70.8,0.58,0,19.7765,1.5216989981260935,0,0,0,0,0,0,0,0,0,0,0,0,1,0,1.511
2023,670.6,21.2,70.8,1.93,0,5.3881,2.6490076604684267,0,0,0,1,0,0,0,0,0,0,1,1,0,0,1.511
2023,970.5,24.2,70.8,2.95,0,5.8658,2.570319527636131,0,1,0,0,0,0,0,0,0,1,0,0,1,0,1.511
2023,1260.8,24.6,64.7,1.08,0,5.2602,2.5877640352277083,1,0,0,0,0,0,0,0,0,0,1,0,0,1,1.053
2023,1032.2,24.6,64.7,2.85,0,82.9487,0.5766133643039938,1,0,0,1,0,0,0,0,0,0,0,0,0,1,1.053
2023,772.1,23.0,64.7,0.2,0,7.1413,2.3085671646715933,0,0,0,0,0,0,0,0,0,0,1,0,1,0,1.053
2023,503.1,24.6,64.7,0.43,0,6.3184,2.419478844465545,0,0,0,1,0,0,0,0,0,0,1,1,0,0,1.053
2023,1247.7,22.8,64.4,0.95,0,6.5714,2.379546134130174,1,0,0,0,0,0,0,0,0,0,1,0,0,1,1.369
2023,1548.4,21.3,64.4,8.43,0,28.0,1.1939224684724346,1,0,0,1,0,0,0,0,0,0,0,0,0,1,1.369
2023,561.2,21.8,64.4,0.2,0,4.3661,2.7568403652716422,0,0,0,0,0,0,0,0,0,1,0,1,0,0,1.369
2023,788.9,23.2,64.4,1.03,0,11.7518,1.8687205103641833,0,0,0,1,0,0,0,0,0,0,1,0,1,0,1.369
2023,388.2,23.7,37.5,0.31,0,3.178,2.5494451709255714,1,0,0,0,0,0,0,0,0,1,0,0,0,0,0.583
2023,762.9,20.7,37.5,1.41,0,3.1834,2.5478814489493886,1,0,0,1,0,0,0,0,0,0,1,0,1,0,0.583
2023,464.8,21.2,37.5,0.29,0,3.592,2.437115985951652,0,0,0,0,0,0,0,0,0,0,0,1,0,0,0.583
2023,270.0,23.1,37.5,0.6,0,4.1391,2.3085671646715933,0,0,0,1,0,0,0,0,0,0,1,0,0,0,0.583
2023,1453.0,19.3,54.0,2.98,0,5.2427,2.424802725718295,1,0,0,0,0,0,0,0,1,0,1,0,0,1,1.391
2023,918.9,20.5,54.0,1.41,0,14.5553,1.5496879080283263,1,0,0,0,0,0,0,0,0,0,1,0,1,0,1.391
2023,875.0,20.1,54.0,1.87,0,6.3529,2.2512917986064953,1,0,0,1,0,0,0,0,0,0,1,0,1,0,1.391
2023,653.7,18.2,54.0,1.96,0,3.9764,2.6796507265805123,0,0,0,0,0,0,0,0,1,0,1,1,0,0,1.391
2023,907.4,18.0,54.0,0.44,0,4.1796,2.6333266549062735,0,0,0,0,0,0,0,0,0,0,1,0,1,0,1.391
2023,403.0,18.8,54.0,1.51,0,40.2985,0.8501509293696101,0,0,0,1,0,0,0,0,0,0,1,1,0,0,1.391
2023,889.7,17.1,67.3,1.04,0,9.6006,2.080690761080268,1,0,0,0,0,0,0,0,0,0,1,0,1,0,1.144
2023,878.8,18.4,67.3,3.53,0,7.0324,2.3580197998821464,1,0,0,1,0,0,0,0,0,1,0,0,1,0,1.144
2023,468.1,16.8,67.3,0.55,0,10.8548,1.9740810260220096,0,0,0,0,0,0,0,0,0,0,0,1,0,0,1.144
2023,624.7,16.6,67.3,2.18,0,24.4727,1.3217558399823195,0,0,0,1,0,0,0,0,0,0,0,1,0,0,1.144
2023,947.7,21.3,45.8,1.1,0,3.3309,2.691243082785829,1,0,0,0,0,0,0,0,0,0,1,0,1,0,1.602
2023,1399.5,22.9,45.8,4.05,0,4.0747,2.50470927708418,1,0,0,1,0,0,0,0,0,0,1,0,0,1,1.602
2023,1551.3,22.4,45.8,4.0,0,7.1008,2.0082140323914683,1,1,0,0,0,0,0,0,0,0,0,0,0,1,1.602
2023,1303.4,19.3,45.8,1.67,0,3.9112,2.542389085201363,1,0,0,0,0,1,0,0,0,0,1,0,0,1,1.602
2023,187.0,19.1,45.8,0.2,0,5.0055,2.3174737054877963,0,0,0,0,0,0,0,0,0,0,1,0,0,0,1.602
2023,404.5,19.2,45.8,0.4,0,9.9565,1.7227665977411035,0,0,0,1,0,0,0,0,0,1,0,1,0,0,1.602
2023,1277.0,23.0,45.8,2.43,0,11.45,1.6094379124341003,0,1,0,0,0,0,0,0,0,0,1,0,0,1,1.602
2023,813.8,19.1,45.8,1.31,0,3.2902,2.702702594775615,0,0,0,0,0,1,0,0,0,0,0,0,1,0,1.602
2023,416.2,30.0,16.3,0.2,0,1.8565,2.280339484046726,1,0,0,0,0,0,0,0,0,0,1,1,0,0,0.243
2023,588.0,31.2,16.3,0.33,1,2.1938,2.131796772013764,1,0,0,1,0,0,0,0,0,1,0,1,0,0,0.243
2023,328.9,28.8,16.3,0.2,0,1.6481,2.387844936944869,0,0,0,0,0,0,0,0,0,0,0,0,0,0,0.243
2023,161.3,31.4,16.3,0.2,1,2.6038,1.9823798288367047,0,0,0,1,0,0,0,0,0,0,1,0,0,0,0.243
2023,289.1,29.9,17.4,0.2,0,2.0375,2.255493485460195,1,0,0,0,0,0,0,0,0,0,1,0,0,0,0.212
2023,249.3,34.0,17.4,0.2,1,17.0588,0.7030975114131134,1,0,0,1,0,0,0,0,0,1,0,0,0,0,0.212
2023,50.0,32.3,17.4,0.2,1,3.7744,1.724550719534605,0,0,0,0,0,0,0,0,0,0,1,0,0,0,0.212
2023,368.3,31.9,17.4,0.31,1,6.3971,1.3137236682850553,0,0,0,1,0,0,0,0,0,1,0,0,0,0,0.212
