year,county,season,crop,area_harvested_ha,rainfall_mm,avg_temp_c,fertiliser_use_kg_ha,seed_variety,yield_tonnes_ha
1990,Uasin Gishu,Long Rains,Wheat,0.8,838.1,18.2,118.0,Traditional,4.51
1990,Uasin Gishu,Long Rains,Beans,6.76,704.0,16.3,118.0,Hybrid,1.27
1990,Uasin Gishu,Long Rains,Maize,4.74,927.6,15.2,118.0,Hybrid,2.83
1990,Uasin Gishu,Short Rains,Wheat,9.09,158.0,16.2,118.0,Hybrid,0.79
1990,Uasin Gishu,Short Rains,Beans,1.44,534.9,16.4,118.0,Hybrid,1.1
1990,Uasin Gishu,Short Rains,Maize,2.27,672.4,17.3,118.0,Hybrid,2.99
1990,Trans Nzoia,Long Rains,Wheat,5.02,915.5,16.2,96.7,Traditional,6.54
1990,Trans Nzoia,Long Rains,Beans,14.56,1425.8,17.9,96.7,Hybrid,3.69
1990,Trans Nzoia,Long Rains,Maize,12.52,1078.2,15.3,96.7,Hybrid,1.83
1990,Trans Nzoia,Short Rains,Wheat,2.54,348.9,15.4,96.7,Hybrid,1.38
1990,Trans Nzoia,Short Rains,Beans,5.7,758.5,17.6,96.7,Hybrid,2.18
1990,Trans Nzoia,Short Rains,Maize,5.01,319.3,17.8,96.7,Hybrid,0.83
1990,Nakuru,Long Rains,Wheat,2.23,833.4,18.9,87.5,Hybrid,6.98
1990,Nakuru,Long Rains,Beans,8.08,827.6,20.3,87.5,Hybrid,2.52
1990,Nakuru,Long Rains,Maize,0.96,648.4,18.4,87.5,Hybrid,1.85
1990,Nakuru,Long Rains,Potatoes,6.45,864.6,19.6,87.5,Hybrid,7.62
1990,Nakuru,Short Rains,Wheat,4.7,342.0,19.4,87.5,Hybrid,0.96
1990,Nakuru,Short Rains,Beans,13.44,634.1,18.8,87.5,Hybrid,1.77
1990,Nakuru,Short Rains,Maize,5.11,666.1,18.7,87.5,Improved Traditional,2.58
1990,Nakuru,Short Rains,Potatoes,0.6,405.2,20.0,87.5,Improved Traditional,0.99
1990,Nandi,Long Rains,Beans,14.17,887.9,17.0,43.6,Hybrid,1.03
1990,Nandi,Long Rains,Maize,5.77,867.2,15.1,43.6,Traditional,1.14
1990,Nandi,Long Rains,Tea,9.34,568.3,16.2,43.6,Hybrid,1.15
1990,Nandi,Short Rains,Beans,13.67,437.2,17.5,43.6,Hybrid,0.2
1990,Nandi,Short Rains,Maize,10.25,474.9,17.9,43.6,Hybrid,0.53
1990,Nandi,Short Rains,Tea,5.83,418.8,18.4,43.6,Traditional,0.58
1990,Bungoma,Long Rains,Beans,5.15,720.8,18.1,144.8,Improved Traditional,2.57
1990,Bungoma,Long Rains,Maize,9.86,1027.7,18.0,144.8,Hybrid,5.26
1990,Bungoma,Short Rains,Beans,14.08,662.5,16.9,144.8,Hybrid,1.5
1990,Bungoma,Short Rains,Maize,12.35,413.7,17.6,144.8,Traditional,0.78
1990,Kakamega,Long Rains,Beans,13.56,1528.8,18.6,144.1,Improved Traditional,2.78
1990,Kakamega,Long Rains,Maize,11.03,699.9,20.4,144.1,Hybrid,4.85
1990,Kakamega,Short Rains,Beans,1.97,903.4,19.3,144.1,Hybrid,2.87
1990,Kakamega,Short Rains,Maize,9.95,686.3,17.5,144.1,Traditional,2.62
1990,Kisii,Long Rains,Beans,9.92,991.3,17.1,86.1,Traditional,1.04
1990,Kisii,Long Rains,Maize,4.35,1385.9,17.5,86.1,Hybrid,3.69
1990,Kisii,Short Rains,Beans,12.02,963.2,18.2,86.1,Traditional,1.82
1990,Kisii,Short Rains,Maize,4.57,780.1,16.8,86.1,Traditional,1.33
1990,Nyamira,Long Rains,Beans,14.47,1094.0,17.9,111.0,Improved Traditional,1.76
1990,Nyamira,Long Rains,Maize,12.84,1023.1,18.9,111.0,Hybrid,2.7
1990,Nyamira,Short Rains,Beans,8.77,615.7,18.9,111.0,Traditional,0.33
1990,Nyamira,Short Rains,Maize,2.53,783.1,17.0,111.0,Improved Traditional,2.42
1990,Vihiga,Long Rains,Beans,5.71,1230.5,20.3,60.8,Traditional,1.54
1990,Vihiga,Long Rains,Maize,7.91,910.7,19.4,60.8,Improved Traditional,2.12
1990,Vihiga,Short Rains,Beans,10.68,988.4,19.0,60.8,Traditional,0.98
1990,Vihiga,Short Rains,Maize,8.89,715.2,17.6,60.8,Hybrid,0.85
1990,Bomet,Long Rains,Beans,0.94,827.4,14.9,109.0,Traditional,0.99
1990,Bomet,Long Rains,Maize,11.66,767.7,16.6,109.0,Hybrid,3.15
1990,Bomet,Long Rains,Tea,11.03,704.8,19.9,109.0,Traditional,3.51
1990,Bomet,Long Rains,Potatoes,12.03,919.1,17.5,109.0,Hybrid,8.05
1990,Bomet,Short Rains,Beans,2.77,317.6,16.1,109.0,Hybrid,0.33
1990,Bomet,Short Rains,Maize,10.07,648.7,15.1,109.0,Traditional,1.45
1990,Bomet,Short Rains,Tea,5.66,870.9,15.4,109.0,Hybrid,5.43
1990,Bomet,Short Rains,Potatoes,7.63,556.2,19.2,109.0,Hybrid,2.81
1990,Kericho,Long Rains,Beans,9.71,684.2,15.9,107.4,Traditional,0.72
1990,Kericho,Long Rains,Maize,10.05,990.1,17.6,107.4,Improved Traditional,4.81
1990,Kericho,Long Rains,Tea,14.13,1042.7,17.6,107.4,Traditional,1.42
1990,Kericho,Short Rains,Beans,14.15,960.1,16.8,107.4,Hybrid,2.54
1990,Kericho,Short Rains,Maize,3.34,791.9,17.4,107.4,Improved Traditional,1.88
1990,Kericho,Short Rains,Tea,12.31,745.6,18.6,107.4,Hybrid,2.71
1990,Nyeri,Long Rains,Beans,11.16,616.2,17.1,50.7,Improved Traditional,1.05
1990,Nyeri,Long Rains,Maize,11.38,577.4,17.1,50.7,Hybrid,0.75
1990,Nyeri,Long Rains,Tea,12.95,493.7,15.2,50.7,Improved Traditional,1.59
1990,Nyeri,Long Rains,Coffee,2.0,886.5,15.5,50.7,Improved Traditional,1.47
1990,Nyeri,Short Rains,Beans,6.14,565.1,15.4,50.7,Improved Traditional,0.7
1990,Nyeri,Short Rains,Maize,14.28,394.9,15.3,50.7,Improved Traditional,0.42
1990,Nyeri,Short Rains,Tea,10.25,584.2,13.8,50.7,Traditional,0.94
1990,Nyeri,Short Rains,Coffee,1.82,542.4,16.8,50.7,Improved Traditional,0.82
1990,Muranga,Long Rains,Beans,5.59,394.8,20.1,59.9,Improved Traditional,0.29
1990,Muranga,Long Rains,Maize,10.74,911.9,17.5,59.9,Improved Traditional,2.34
1990,Muranga,Long Rains,Tea,14.8,881.4,17.4,59.9,Improved Traditional,2.08
1990,Muranga,Long Rains,Coffee,2.11,912.2,15.6,59.9,Improved Traditional,2.23
1990,Muranga,Short Rains,Beans,1.32,415.0,18.0,59.9,Traditional,0.27
1990,Muranga,Short Rains,Maize,4.64,576.0,18.6,59.9,Traditional,1.49
1990,Muranga,Short Rains,Tea,0.68,408.9,18.5,59.9,Improved Traditional,0.49
1990,Muranga,Short Rains,Coffee,9.63,607.9,18.6,59.9,Traditional,1.26
1990,Kiambu,Long Rains,Beans,1.16,905.6,18.9,53.5,Improved Traditional,1.77
1990,Kiambu,Long Rains,Maize,4.52,634.7,18.7,53.5,Traditional,1.38
1990,Kiambu,Long Rains,Coffee,14.63,463.6,18.7,53.5,Hybrid,0.53
1990,Kiambu,Short Rains,Beans,10.43,159.5,17.9,53.5,Improved Traditional,0.2
1990,Kiambu,Short Rains,Maize,1.16,625.5,18.3,53.5,Improved Traditional,1.45
1990,Kiambu,Short Rains,Coffee,14.82,412.3,17.2,53.5,Improved Traditional,0.79
1990,Kirinyaga,Long Rains,Beans,12.66,731.5,17.9,43.5,Improved Traditional,0.21
1990,Kirinyaga,Long Rains,Maize,12.29,555.6,17.9,43.5,Improved Traditional,1.15
1990,Kirinyaga,Long Rains,Coffee,12.82,898.0,18.4,43.5,Improved Traditional,1.49
1990,Kirinyaga,Long Rains,Rice,9.46,456.7,16.4,43.5,Traditional,0.51
1990,Kirinyaga,Short Rains,Beans,8.04,326.8,17.6,43.5,Traditional,0.2
1990,Kirinyaga,Short Rains,Maize,13.21,663.8,18.2,43.5,Traditional,1.79
1990,Kirinyaga,Short Rains,Coffee,11.45,299.6,17.7,43.5,Hybrid,0.37
1990,Kirinyaga,Short Rains,Rice,5.58,568.4,17.5,43.5,Hybrid,0.83
1990,Embu,Long Rains,Beans,7.95,763.8,20.6,34.0,Traditional,0.85
1990,Embu,Long Rains,Maize,13.0,522.4,21.1,34.0,Traditional,1.46
1990,Embu,Long Rains,Coffee,7.64,682.8,19.2,34.0,Improved Traditional,0.68
1990,Embu,Short Rains,Beans,1.6,519.4,17.8,34.0,Hybrid,0.47
1990,Embu,Short Rains,Maize,10.18,440.1,20.4,34.0,Traditional,1.06
1990,Embu,Short Rains,Coffee,2.95,323.3,18.9,34.0,Hybrid,0.24
1990,Meru,Long Rains,Beans,7.8,433.7,16.8,51.6,Traditional,0.45
1990,Meru,Long Rains,Maize,13.17,630.5,17.6,51.6,Hybrid,2.7
1990,Meru,Long Rains,Coffee,3.18,738.4,16.3,51.6,Traditional,1.05
1990,Meru,Long Rains,Potatoes,7.21,461.2,19.8,51.6,Traditional,1.83
1990,Meru,Short Rains,Beans,7.92,519.7,15.8,51.6,Improved Traditional,0.39
1990,Meru,Short Rains,Maize,4.4,416.8,18.8,51.6,Hybrid,0.4
1990,Meru,Short Rains,Coffee,3.57,381.3,16.9,51.6,Traditional,0.53
1990,Meru,Short Rains,Potatoes,11.94,359.4,17.3,51.6,Traditional,1.09
1990,Tharaka-Nithi,Long Rains,Beans,6.76,541.2,22.8,46.9,Traditional,0.68
1990,Tharaka-Nithi,Long Rains,Maize,9.87,493.1,19.2,46.9,Traditional,0.51
1990,Tharaka-Nithi,Short Rains,Beans,1.98,469.7,20.0,46.9,Hybrid,0.83
1990,Tharaka-Nithi,Short Rains,Maize,3.21,294.8,19.2,46.9,Hybrid,0.29
1990,Nyandarua,Long Rains,Beans,2.12,374.5,16.3,96.4,Improved Traditional,0.25
1990,Nyandarua,Long Rains,Maize,2.98,737.2,15.8,96.4,Hybrid,2.56
1990,Nyandarua,Long Rains,Potatoes,8.79,829.1,15.7,96.4,Traditional,9.8
1990,Nyandarua,Short Rains,Beans,7.86,373.2,14.8,96.4,Hybrid,0.2
1990,Nyandarua,Short Rains,Maize,4.69,418.6,15.1,96.4,Traditional,0.23
1990,Nyandarua,Short Rains,Potatoes,5.38,527.6,18.8,96.4,Hybrid,2.46
1990,Nairobi,Long Rains,Beans,7.34,630.3,20.3,19.0,Traditional,0.41
1990,Nairobi,Long Rains,Maize,12.54,335.1,17.8,19.0,Improved Traditional,0.34
1990,Nairobi,Short Rains,Beans,2.53,362.5,19.6,19.0,Improved Traditional,0.31
1990,Nairobi,Short Rains,Maize,2.88,282.7,19.7,19.0,Hybrid,0.2
1990,Machakos,Long Rains,Sorghum,6.19,224.0,22.4,75.5,Improved Traditional,0.2
1990,Machakos,Long Rains,Beans,11.34,662.5,21.2,75.5,Traditional,0.3
1990,Machakos,Long Rains,Maize,6.07,302.4,22.0,75.5,Improved Traditional,1.62
1990,Machakos,Short Rains,Sorghum,9.6,336.9,20.9,75.5,Improved Traditional,0.45
1990,Machakos,Short Rains,Beans,9.49,215.6,21.5,75.5,Improved Traditional,0.2
1990,Machakos,Short Rains,Maize,4.1,335.2,21.4,75.5,Traditional,1.38
1990,Makueni,Long Rains,Sorghum,2.1,505.2,23.6,40.1,Improved Traditional,0.78
1990,Makueni,Long Rains,Beans,3.82,608.4,23.5,40.1,Hybrid,0.77
1990,Makueni,Long Rains,Maize,4.15,571.8,25.7,40.1,Traditional,1.32
1990,Makueni,Short Rains,Sorghum,8.96,174.4,23.4,40.1,Improved Traditional,0.2
1990,Makueni,Short Rains,Beans,0.76,50.0,24.2,40.1,Traditional,0.2
1990,Makueni,Short Rains,Maize,10.75,505.8,24.7,40.1,Improved Traditional,1.18
1990,Kitui,Long Rains,Sorghum,14.05,315.6,26.8,13.6,Traditional,0.29
1990,Kitui,Long Rains,Beans,1.29,580.9,27.5,13.6,Traditional,0.2
1990,Kitui,Long Rains,Maize,5.34,617.1,23.8,13.6,Hybrid,1.34
1990,Kitui,Short Rains,Sorghum,11.19,50.0,24.2,13.6,Traditional,0.2
1990,Kitui,Short Rains,Beans,2.54,126.3,24.2,13.6,Traditional,0.2
1990,Kitui,Short Rains,Maize,8.92,149.3,25.5,13.6,Traditional,0.2
1990,Mombasa,Long Rains,Beans,7.78,836.0,27.5,14.8,Improved Traditional,0.2
1990,Mombasa,Long Rains,Maize,3.54,637.0,28.7,14.8,Traditional,0.21
1990,Mombasa,Short Rains,Beans,11.75,513.3,31.6,14.8,Hybrid,0.2
1990,Mombasa,Short Rains,Maize,6.31,718.8,25.3,14.8,Traditional,0.26
1990,Kilifi,Long Rains,Beans,5.91,626.7,26.7,27.0,Improved Traditional,0.24
1990,Kilifi,Long Rains,Maize,10.88,384.3,26.6,27.0,Hybrid,0.49
1990,Kilifi,Long Rains,Cassava,3.85,569.9,27.0,27.0,Hybrid,1.84
1990,Kilifi,Short Rains,Beans,1.94,359.6,27.6,27.0,Hybrid,0.2
1990,Kilifi,Short Rains,Maize,12.54,501.2,25.9,27.0,Improved Traditional,0.87
1990,Kilifi,Short Rains,Cassava,0.69,228.1,26.2,27.0,Improved Traditional,0.2
1990,Kwale,Long Rains,Beans,9.06,987.6,26.0,8.3,Traditional,0.2
1990,Kwale,Long Rains,Maize,8.5,828.0,25.8,8.3,Traditional,0.27
1990,Kwale,Long Rains,Cassava,6.67,622.0,28.7,8.3,Improved Traditional,0.87
1990,Kwale,Short Rains,Beans,2.52,801.6,28.3,8.3,Traditional,0.2
1990,Kwale,Short Rains,Maize,9.95,476.3,25.5,8.3,Traditional,0.39
1990,Kwale,Short Rains,Cassava,2.48,386.1,28.1,8.3,Hybrid,0.42
1990,Tana River,Long Rains,Beans,6.57,274.6,29.6,40.7,Improved Traditional,0.2
1990,Tana River,Long Rains,Maize,4.06,138.0,28.6,40.7,Traditional,0.2
1990,Tana River,Long Rains,Rice,10.93,222.6,28.0,40.7,Traditional,0.21
1990,Tana River,Short Rains,Beans,11.12,68.4,31.5,40.7,Improved Traditional,0.2
1990,Tana River,Short Rains,Maize,7.7,304.5,27.2,40.7,Hybrid,0.28
1990,Tana River,Short Rains,Rice,11.06,342.4,28.6,40.7,Hybrid,0.94
1990,Lamu,Long Rains,Beans,12.09,659.5,26.1,44.8,Improved Traditional,0.2
1990,Lamu,Long Rains,Maize,5.73,503.4,29.1,44.8,Traditional,0.2
1990,Lamu,Short Rains,Beans,12.2,399.3,29.3,44.8,Traditional,0.2
1990,Lamu,Short Rains,Maize,4.12,626.2,29.3,44.8,Improved Traditional,0.23
1990,Taita Taveta,Long Rains,Beans,10.61,650.7,23.2,24.4,Hybrid,0.55
1990,Taita Taveta,Long Rains,Maize,5.13,513.2,24.4,24.4,Improved Traditional,0.82
1990,Taita Taveta,Short Rains,Beans,1.62,164.7,23.6,24.4,Hybrid,0.2
1990,Taita Taveta,Short Rains,Maize,8.32,522.4,22.7,24.4,Traditional,0.95
1990,Garissa,Long Rains,Sorghum,3.88,277.9,33.0,18.5,Traditional,0.32
1990,Garissa,Long Rains,Beans,14.97,255.9,32.1,18.5,Improved Traditional,0.2
1990,Garissa,Long Rains,Maize,13.17,162.7,31.4,18.5,Traditional,0.2
1990,Garissa,Short Rains,Sorghum,3.96,50.0,29.9,18.5,Traditional,0.2
1990,Garissa,Short Rains,Beans,1.11,81.8,30.8,18.5,Hybrid,0.2
1990,Garissa,Short Rains,Maize,3.66,50.0,30.6,18.5,Traditional,0.2
1990,Wajir,Long Rains,Sorghum,14.87,318.0,32.2,16.7,Hybrid,0.74
1990,Wajir,Long Rains,Beans,3.7,277.9,31.1,16.7,Hybrid,0.2
1990,Wajir,Long Rains,Maize,1.34,215.7,32.3,16.7,Traditional,0.2
1990,Wajir,Short Rains,Sorghum,12.33,50.7,34.0,16.7,Hybrid,0.2
1990,Wajir,Short Rains,Beans,9.1,78.0,32.2,16.7,Traditional,0.2
1990,Wajir,Short Rains,Maize,13.39,128.8,32.6,16.7,Hybrid,0.2
1990,Mandera,Long Rains,Sorghum,5.9,229.8,33.0,30.4,Traditional,0.3
1990,Mandera,Long Rains,Beans,1.68,218.2,32.9,30.4,Traditional,0.2
1990,Mandera,Long Rains,Maize,12.46,104.8,29.8,30.4,Traditional,0.2
1990,Mandera,Short Rains,Sorghum,4.37,185.5,32.6,30.4,Traditional,0.26
1990,Mandera,Short Rains,Beans,10.77,126.1,35.1,30.4,Improved Traditional,0.2
1990,Mandera,Short Rains,Maize,9.47,137.6,35.0,30.4,Traditional,0.2
1990,Turkana,Long Rains,Sorghum,2.83,145.0,34.0,29.8,Traditional,0.2
1990,Turkana,Long Rains,Beans,9.45,190.0,34.7,29.8,Traditional,0.2
1990,Turkana,Long Rains,Maize,9.69,168.1,35.1,29.8,Traditional,0.25
1990,Turkana,Short Rains,Sorghum,14.46,120.8,35.3,29.8,Traditional,0.2
1990,Turkana,Short Rains,Beans,1.99,178.8,33.3,29.8,Improved Traditional,0.2
1990,Turkana,Short Rains,Maize,1.48,132.1,34.8,29.8,Traditional,0.2
1990,West Pokot,Long Rains,Beans,14.62,620.5,21.4,32.9,Improved Traditional,0.64
1990,West Pokot,Long Rains,Maize,0.82,545.8,21.4,32.9,Hybrid,1.73
1990,West Pokot,Short Rains,Beans,4.47,70.6,22.9,32.9,Traditional,0.2
1990,West Pokot,Short Rains,Maize,10.56,171.2,21.8,32.9,Improved Traditional,0.26
1990,Samburu,Long Rains,Beans,6.59,314.8,24.6,38.1,Improved Traditional,0.2
1990,Samburu,Long Rains,Maize,3.59,471.6,27.1,38.1,Hybrid,0.84
1990,Samburu,Short Rains,Beans,13.03,222.8,25.7,38.1,Traditional,0.2
1990,Samburu,Short Rains,Maize,11.68,214.2,26.3,38.1,Improved Traditional,0.34
1990,Baringo,Long Rains,Beans,13.85,622.6,21.9,29.6,Hybrid,0.58
1990,Baringo,Long Rains,Maize,2.2,708.1,23.6,29.6,Traditional,1.28
1990,Baringo,Short Rains,Beans,1.43,251.1,21.4,29.6,Traditional,0.2
1990,Baringo,Short Rains,Maize,5.0,139.9,23.7,29.6,Improved Traditional,0.2
1990,Laikipia,Long Rains,Wheat,9.2,558.7,18.2,59.6,Traditional,2.55
1990,Laikipia,Long Rains,Beans,7.47,428.3,19.4,59.6,Hybrid,0.9
1990,Laikipia,Long Rains,Maize,2.57,546.0,18.5,59.6,Improved Traditional,2.61
1990,Laikipia,Short Rains,Wheat,5.23,375.9,19.6,59.6,Hybrid,2.32
1990,Laikipia,Short Rains,Beans,0.98,255.0,19.0,59.6,Traditional,0.2
1990,Laikipia,Short Rains,Maize,12.11,275.4,19.2,59.6,Traditional,0.21
1990,Kisumu,Long Rains,Beans,0.96,675.7,22.3,52.6,Traditional,0.47
1990,Kisumu,Long Rains,Maize,10.85,1051.9,22.4,52.6,Improved Traditional,2.61
1990,Kisumu,Short Rains,Beans,7.06,668.9,22.1,52.6,Improved Traditional,0.88
1990,Kisumu,Short Rains,Maize,1.68,554.3,24.6,52.6,Traditional,0.85
1990,Siaya,Long Rains,Beans,8.55,899.8,23.9,52.1,Traditional,0.43
1990,Siaya,Long Rains,Maize,1.55,923.4,21.1,52.1,Traditional,2.43
1990,Siaya,Long Rains,Cassava,11.27,982.5,22.4,52.1,Traditional,0.97
1990,Siaya,Short Rains,Beans,7.56,356.8,20.6,52.1,Traditional,0.21
1990,Siaya,Short Rains,Maize,13.73,228.8,21.8,52.1,Traditional,0.25
1990,Siaya,Short Rains,Cassava,10.88,295.1,24.2,52.1,Hybrid,0.54
1990,Homa Bay,Long Rains,Beans,6.96,662.1,21.0,64.9,Improved Traditional,0.73
1990,Homa Bay,Long Rains,Maize,2.87,354.5,23.3,64.9,Traditional,0.39
1990,Homa Bay,Short Rains,Beans,11.72,446.6,24.0,64.9,Traditional,0.21
1990,Homa Bay,Short Rains,Maize,2.96,214.0,22.7,64.9,Hybrid,0.2
1990,Migori,Long Rains,Beans,9.45,866.9,22.5,63.8,Hybrid,0.69
1990,Migori,Long Rains,Maize,12.74,1016.3,22.0,63.8,Traditional,3.44
1990,Migori,Short Rains,Beans,3.48,665.3,22.6,63.8,Improved Traditional,0.51
1990,Migori,Short Rains,Maize,1.07,490.2,21.1,63.8,Improved Traditional,0.39
1990,Kajiado,Long Rains,Beans,1.1,304.5,20.8,23.7,Traditional,0.25
1990,Kajiado,Long Rains,Maize,7.09,431.7,21.5,23.7,Improved Traditional,0.32
1990,Kajiado,Short Rains,Beans,4.96,589.0,20.0,23.7,Hybrid,0.68
1990,Kajiado,Short Rains,Maize,14.56,169.1,21.8,23.7,Traditional,0.2
1990,Narok,Long Rains,Wheat,10.54,827.5,17.8,50.2,Hybrid,3.5
1990,Narok,Long Rains,Beans,0.94,967.0,19.2,50.2,Traditional,1.22
1990,Narok,Long Rains,Maize,3.63,696.2,18.5,50.2,Traditional,1.03
1990,Narok,Short Rains,Wheat,14.99,677.9,17.1,50.2,Traditional,2.5
1990,Narok,Short Rains,Beans,8.72,584.0,17.7,50.2,Improved Traditional,0.75
1990,Narok,Short Rains,Maize,12.21,486.6,16.0,50.2,Traditional,0.54
1990,Elgeyo-Marakwet,Long Rains,Beans,8.4,803.5,18.5,70.8,Hybrid,1.37
1990,Elgeyo-Marakwet,Long Rains,Maize,6.13,516.6,15.0,70.8,Traditional,0.45
1990,Elgeyo-Marakwet,Short Rains,Beans,9.25,414.8,15.4,70.8,Hybrid,0.2
1990,Elgeyo-Marakwet,Short Rains,Maize,6.01,623.8,18.8,70.8,Traditional,1.83
1990,Busia,Long Rains,Beans,6.01,753.7,20.0,76.9,Traditional,1.51
1990,Busia,Long Rains,Maize,12.29,514.0,22.8,76.9,Improved Traditional,2.25
1990,Busia,Long Rains,Cassava,1.37,789.0,20.5,76.9,Improved Traditional,1.96
1990,Busia,Long Rains,Rice,4.63,930.0,20.0,76.9,Traditional,1.49
1990,Busia,Short Rains,Beans,5.01,711.5,19.3,76.9,Traditional,1.36
1990,Busia,Short Rains,Maize,3.13,676.9,19.3,76.9,Hybrid,1.3
1990,Busia,Short Rains,Cassava,10.78,372.0,20.7,76.9,Traditional,0.39
1990,Busia,Short Rains,Rice,1.13,377.6,21.7,76.9,Traditional,0.41
1990,Isiolo,Long Rains,Beans,3.81,260.4,31.4,29.7,Improved Traditional,0.2
1990,Isiolo,Long Rains,Maize,12.68,287.4,28.4,29.7,Traditional,0.32
1990,Isiolo,Short Rains,Beans,12.43,218.8,30.9,29.7,Traditional,0.2
1990,Isiolo,Short Rains,Maize,9.55,298.9,29.0,29.7,Hybrid,0.73
1990,Marsabit,Long Rains,Beans,3.64,270.4,30.1,12.6,Improved Traditional,0.2
1990,Marsabit,Long Rains,Maize,9.12,348.3,29.2,12.6,Traditional,0.29
1990,Marsabit,Short Rains,Beans,10.58,173.9,31.0,12.6,Hybrid,0.2
1990,Marsabit,Short Rains,Maize,2.36,50.0,32.2,12.6,Improved Traditional,0.2
1991,Uasin Gishu,Long Rains,Wheat,13.47,474.4,16.8,150.7,Hybrid,1.91
1991,Uasin Gishu,Long Rains,Beans,8.03,405.4,16.2,150.7,Hybrid,0.31
1991,Uasin Gishu,Long Rains,Maize,9.94,540.9,15.2,150.7,Improved Traditional,0.82
1991,Uasin Gishu,Short Rains,Wheat,10.1,375.7,18.5,150.7,Improved Traditional,0.8
1991,Uasin Gishu,Short Rains,Beans,1.37,516.6,17.5,150.7,Hybrid,2.08
1991,Uasin Gishu,Short Rains,Maize,8.27,343.4,17.7,150.7,Hybrid,0.69
1991,Trans Nzoia,Long Rains,Wheat,12.03,489.0,15.6,107.2,Traditional,1.83
1991,Trans Nzoia,Long Rains,Beans,13.94,466.5,16.1,107.2,Improved Traditional,0.44
1991,Trans Nzoia,Long Rains,Maize,11.45,613.9,19.3,107.2,Hybrid,4.21
1991,Trans Nzoia,Short Rains,Wheat,10.78,404.0,16.3,107.2,Improved Traditional,0.93
1991,Trans Nzoia,Short Rains,Beans,6.98,229.1,14.3,107.2,Hybrid,0.2
1991,Trans Nzoia,Short Rains,Maize,7.71,434.4,19.5,107.2,Improved Traditional,0.91
1991,Nakuru,Long Rains,Wheat,12.19,551.0,18.2,107.5,Improved Traditional,2.89
1991,Nakuru,Long Rains,Beans,10.58,558.2,18.3,107.5,Hybrid,1.22
1991,Nakuru,Long Rains,Maize,12.43,464.0,18.5,107.5,Traditional,1.98
1991,Nakuru,Long Rains,Potatoes,7.79,541.2,20.2,107.5,Hybrid,5.88
1991,Nakuru,Short Rains,Wheat,1.49,195.8,18.2,107.5,Hybrid,0.64
1991,Nakuru,Short Rains,Beans,7.84,351.6,18.4,107.5,Hybrid,0.46
1991,Nakuru,Short Rains,Maize,3.63,208.1,18.3,107.5,Traditional,0.51
1991,Nakuru,Short Rains,Potatoes,14.93,418.9,18.3,107.5,Hybrid,2.9
1991,Nandi,Long Rains,Beans,1.4,507.9,16.8,113.7,Traditional,0.78
1991,Nandi,Long Rains,Maize,9.42,559.2,17.5,113.7,Improved Traditional,2.86
1991,Nandi,Long Rains,Tea,13.36,389.6,14.5,113.7,Hybrid,0.88
1991,Nandi,Short Rains,Beans,6.5,211.8,17.3,113.7,Hybrid,0.24
1991,Nandi,Short Rains,Maize,4.27,431.0,16.8,113.7,Hybrid,0.2
1991,Nandi,Short Rains,Tea,3.62,296.4,18.0,113.7,Hybrid,0.73
1991,Bungoma,Long Rains,Beans,12.74,583.4,16.9,124.5,Hybrid,1.31
1991,Bungoma,Long Rains,Maize,7.4,463.5,17.5,124.5,Traditional,0.48
1991,Bungoma,Short Rains,Beans,11.88,214.0,16.1,124.5,Hybrid,0.2
1991,Bungoma,Short Rains,Maize,12.69,488.9,17.3,124.5,Hybrid,1.41
1991,Kakamega,Long Rains,Beans,9.4,569.0,19.9,163.9,Traditional,0.54
1991,Kakamega,Long Rains,Maize,11.19,655.6,18.1,163.9,Hybrid,5.3
1991,Kakamega,Short Rains,Beans,0.68,441.8,18.6,163.9,Hybrid,0.49
1991,Kakamega,Short Rains,Maize,11.73,240.5,17.9,163.9,Hybrid,0.32
1991,Kisii,Long Rains,Beans,0.8,939.9,19.4,123.4,Hybrid,2.46
1991,Kisii,Long Rains,Maize,2.26,644.7,16.8,123.4,Hybrid,1.13
1991,Kisii,Short Rains,Beans,8.19,695.7,19.2,123.4,Traditional,0.33
1991,Kisii,Short Rains,Maize,11.35,634.8,18.6,123.4,Traditional,0.77
1991,Nyamira,Long Rains,Beans,3.76,889.8,17.6,123.5,Improved Traditional,0.92
1991,Nyamira,Long Rains,Maize,9.39,579.5,15.7,123.5,Hybrid,0.54
1991,Nyamira,Short Rains,Beans,12.33,435.6,18.4,123.5,Hybrid,0.4
1991,Nyamira,Short Rains,Maize,7.18,451.7,18.4,123.5,Improved Traditional,0.63
1991,Vihiga,Long Rains,Beans,8.4,771.9,20.4,71.0,Hybrid,1.25
1991,Vihiga,Long Rains,Maize,12.69,586.4,18.4,71.0,Traditional,0.54
1991,Vihiga,Short Rains,Beans,7.87,484.5,21.1,71.0,Traditional,0.23
1991,Vihiga,Short Rains,Maize,11.54,192.5,19.9,71.0,Traditional,0.2
1991,Bomet,Long Rains,Beans,3.46,464.1,16.8,106.5,Improved Traditional,0.21
1991,Bomet,Long Rains,Maize,3.23,778.2,17.5,106.5,Traditional,3.08
1991,Bomet,Long Rains,Tea,1.01,530.8,16.9,106.5,Improved Traditional,0.79
1991,Bomet,Long Rains,Potatoes,5.84,511.8,17.8,106.5,Improved Traditional,1.18
1991,Bomet,Short Rains,Beans,5.84,340.5,17.9,106.5,Improved Traditional,0.2
1991,Bomet,Short Rains,Maize,9.1,575.4,16.5,106.5,Improved Traditional,0.92
1991,Bomet,Short Rains,Tea,1.85,196.9,15.2,106.5,Improved Traditional,0.34
1991,Bomet,Short Rains,Potatoes,1.44,328.1,20.1,106.5,Traditional,1.03
1991,Kericho,Long Rains,Beans,12.17,974.0,19.0,160.2,Traditional,2.45
1991,Kericho,Long Rains,Maize,5.35,633.7,16.5,160.2,Hybrid,1.04
1991,Kericho,Long Rains,Tea,8.0,796.2,18.7,160.2,Improved Traditional,2.43
1991,Kericho,Short Rains,Beans,3.7,433.3,16.7,160.2,Hybrid,0.2
1991,Kericho,Short Rains,Maize,14.03,655.7,18.3,160.2,Improved Traditional,1.92
1991,Kericho,Short Rains,Tea,6.44,700.0,19.0,160.2,Hybrid,4.55
1991,Nyeri,Long Rains,Beans,5.75,534.6,18.3,54.4,Hybrid,1.33
1991,Nyeri,Long Rains,Maize,14.14,447.1,13.9,54.4,Traditional,0.46
1991,Nyeri,Long Rains,Tea,7.5,287.0,16.6,54.4,Traditional,0.25
1991,Nyeri,Long Rains,Coffee,11.08,431.6,18.1,54.4,Traditional,0.73
1991,Nyeri,Short Rains,Beans,10.03,325.4,14.8,54.4,Improved Traditional,0.2
1991,Nyeri,Short Rains,Maize,4.08,273.0,15.8,54.4,Traditional,0.2
1991,Nyeri,Short Rains,Tea,11.76,316.1,17.1,54.4,Traditional,0.26
1991,Nyeri,Short Rains,Coffee,1.41,280.2,15.1,54.4,Hybrid,0.2
1991,Muranga,Long Rains,Beans,10.12,533.2,17.7,73.3,Hybrid,0.95
1991,Muranga,Long Rains,Maize,14.73,511.7,16.1,73.3,Traditional,0.88
1991,Muranga,Long Rains,Tea,8.7,538.9,16.5,73.3,Hybrid,2.32
1991,Muranga,Long Rains,Coffee,2.69,457.8,16.1,73.3,Hybrid,1.51
1991,Muranga,Short Rains,Beans,8.64,228.1,17.0,73.3,Improved Traditional,0.2
1991,Muranga,Short Rains,Maize,10.76,305.9,18.5,73.3,Hybrid,0.57
1991,Muranga,Short Rains,Tea,7.53,219.0,18.1,73.3,Traditional,0.31
1991,Muranga,Short Rains,Coffee,8.41,388.1,15.2,73.3,Traditional,0.2
1991,Kiambu,Long Rains,Beans,11.9,358.1,17.3,60.3,Hybrid,0.29
1991,Kiambu,Long Rains,Maize,5.29,365.4,16.6,60.3,Hybrid,0.38
1991,Kiambu,Long Rains,Coffee,13.12,568.8,17.9,60.3,Improved Traditional,1.06
1991,Kiambu,Short Rains,Beans,11.69,249.0,15.6,60.3,Improved Traditional,0.2
1991,Kiambu,Short Rains,Maize,10.02,268.2,17.3,60.3,Hybrid,0.58
1991,Kiambu,Short Rains,Coffee,14.48,237.0,18.9,60.3,Improved Traditional,0.22
1991,Kirinyaga,Long Rains,Beans,9.7,529.8,17.2,38.4,Traditional,0.39
1991,Kirinyaga,Long Rains,Maize,10.59,563.2,18.1,38.4,Hybrid,1.77
1991,Kirinyaga,Long Rains,Coffee,13.64,385.6,19.3,38.4,Improved Traditional,0.25
1991,Kirinyaga,Long Rains,Rice,9.42,407.8,16.9,38.4,Traditional,0.2
1991,Kirinyaga,Short Rains,Beans,6.56,291.5,19.7,38.4,Improved Traditional,0.2
1991,Kirinyaga,Short Rains,Maize,0.68,328.8,17.8,38.4,Hybrid,0.41
1991,Kirinyaga,Short Rains,Coffee,13.41,398.8,21.1,38.4,Traditional,0.23
1991,Kirinyaga,Short Rains,Rice,8.34,256.7,18.4,38.4,Improved Traditional,0.2
1991,Embu,Long Rains,Beans,5.69,472.7,21.1,44.9,Traditional,0.58
1991,Embu,Long Rains,Maize,3.02,485.4,19.5,44.9,Traditional,1.68
1991,Embu,Long Rains,Coffee,5.55,424.4,19.2,44.9,Hybrid,1.05
1991,Embu,Short Rains,Beans,9.5,378.4,19.1,44.9,Traditional,0.64
1991,Embu,Short Rains,Maize,2.33,211.8,20.0,44.9,Traditional,0.24
1991,Embu,Short Rains,Coffee,1.51,150.9,20.9,44.9,Traditional,0.2
1991,Meru,Long Rains,Beans,9.82,457.9,16.5,56.1,Traditional,0.51
1991,Meru,Long Rains,Maize,4.91,575.4,15.8,56.1,Hybrid,1.15
1991,Meru,Long Rains,Coffee,11.61,451.6,17.2,56.1,Improved Traditional,1.16
1991,Meru,Long Rains,Potatoes,8.63,503.4,17.5,56.1,Traditional,2.84
1991,Meru,Short Rains,Beans,13.04,253.0,15.9,56.1,Traditional,0.2
1991,Meru,Short Rains,Maize,13.81,338.1,16.4,56.1,Traditional,0.27
1991,Meru,Short Rains,Coffee,13.71,326.2,16.5,56.1,Traditional,0.29
1991,Meru,Short Rains,Potatoes,4.58,318.0,15.9,56.1,Improved Traditional,1.32
1991,Tharaka-Nithi,Long Rains,Beans,7.3,502.4,19.8,65.5,Hybrid,0.92
1991,Tharaka-Nithi,Long Rains,Maize,4.85,417.9,18.1,65.5,Traditional,1.39
1991,Tharaka-Nithi,Short Rains,Beans,1.0,368.5,19.9,65.5,Improved Traditional,0.59
1991,Tharaka-Nithi,Short Rains,Maize,12.55,235.0,21.4,65.5,Hybrid,0.34
1991,Nyandarua,Long Rains,Beans,8.79,583.7,16.1,116.0,Improved Traditional,0.2
1991,Nyandarua,Long Rains,Maize,9.23,554.6,14.7,116.0,Improved Traditional,0.61
1991,Nyandarua,Long Rains,Potatoes,9.65,475.0,16.7,116.0,Traditional,6.88
1991,Nyandarua,Short Rains,Beans,6.08,390.0,15.6,116.0,Hybrid,0.2
1991,Nyandarua,Short Rains,Maize,9.21,529.5,15.3,116.0,Improved Traditional,1.47
1991,Nyandarua,Short Rains,Potatoes,5.75,483.0,14.8,116.0,Hybrid,7.63
1991,Nairobi,Long Rains,Beans,5.3,349.9,18.5,18.9,Improved Traditional,0.2
1991,Nairobi,Long Rains,Maize,4.57,245.9,18.9,18.9,Traditional,0.2
1991,Nairobi,Short Rains,Beans,8.79,118.5,18.6,18.9,Improved Traditional,0.2
1991,Nairobi,Short Rains,Maize,6.26,86.8,19.2,18.9,Improved Traditional,0.2
1991,Machakos,Long Rains,Sorghum,13.18,299.6,21.1,48.7,Traditional,0.2
1991,Machakos,Long Rains,Beans,6.46,320.7,21.2,48.7,Traditional,0.2
1991,Machakos,Long Rains,Maize,4.99,347.3,22.6,48.7,Traditional,0.83
1991,Machakos,Short Rains,Sorghum,6.07,223.6,24.0,48.7,Hybrid,0.21
1991,Machakos,Short Rains,Beans,6.57,50.0,21.2,48.7,Hybrid,0.2
1991,Machakos,Short Rains,Maize,10.19,217.9,21.8,48.7,Improved Traditional,0.22
1991,Makueni,Long Rains,Sorghum,13.74,405.7,23.9,14.1,Traditional,0.32
1991,Makueni,Long Rains,Beans,2.25,370.9,24.4,14.1,Traditional,0.2
1991,Makueni,Long Rains,Maize,7.55,306.7,24.0,14.1,Traditional,0.41
1991,Makueni,Short Rains,Sorghum,8.6,152.3,24.1,14.1,Hybrid,0.2
1991,Makueni,Short Rains,Beans,6.73,128.2,25.2,14.1,Traditional,0.2
1991,Makueni,Short Rains,Maize,11.94,103.3,25.1,14.1,Traditional,0.2
1991,Kitui,Long Rains,Sorghum,6.75,338.3,24.8,22.5,Improved Traditional,0.42
1991,Kitui,Long Rains,Beans,10.48,172.4,26.1,22.5,Traditional,0.2
1991,Kitui,Long Rains,Maize,2.57,225.9,24.0,22.5,Traditional,0.2
1991,Kitui,Short Rains,Sorghum,1.54,268.1,26.1,22.5,Traditional,0.2
1991,Kitui,Short Rains,Beans,9.28,67.6,23.6,22.5,Traditional,0.2
1991,Kitui,Short Rains,Maize,2.54,156.4,24.5,22.5,Traditional,0.2
1991,Mombasa,Long Rains,Beans,1.07,486.8,29.2,20.3,Traditional,0.2
1991,Mombasa,Long Rains,Maize,0.84,478.8,28.1,20.3,Hybrid,0.25
1991,Mombasa,Short Rains,Beans,14.36,491.0,29.2,20.3,Hybrid,0.2
1991,Mombasa,Short Rains,Maize,12.49,393.1,28.1,20.3,Traditional,0.2
1991,Kilifi,Long Rains,Beans,2.74,226.4,25.7,29.5,Traditional,0.2
1991,Kilifi,Long Rains,Maize,4.88,597.8,27.8,29.5,Traditional,0.57
1991,Kilifi,Long Rains,Cassava,5.47,302.9,26.3,29.5,Hybrid,0.2
1991,Kilifi,Short Rains,Beans,9.58,320.0,25.7,29.5,Traditional,0.2
1991,Kilifi,Short Rains,Maize,13.26,50.0,26.7,29.5,Improved Traditional,0.2
1991,Kilifi,Short Rains,Cassava,1.07,438.2,25.5,29.5,Traditional,1.07
1991,Kwale,Long Rains,Beans,13.11,306.3,27.8,51.4,Traditional,0.2
1991,Kwale,Long Rains,Maize,12.02,493.0,27.1,51.4,Hybrid,0.86
1991,Kwale,Long Rains,Cassava,13.02,423.2,28.0,51.4,Traditional,0.44
1991,Kwale,Short Rains,Beans,3.45,117.0,29.0,51.4,Traditional,0.2
1991,Kwale,Short Rains,Maize,13.05,441.5,25.0,51.4,Traditional,1.22
1991,Kwale,Short Rains,Cassava,11.59,294.2,27.9,51.4,Improved Traditional,0.4
1991,Tana River,Long Rains,Beans,6.87,231.4,28.8,25.9,Improved Traditional,0.2
1991,Tana River,Long Rains,Maize,7.41,52.7,29.8,25.9,Hybrid,0.2
1991,Tana River,Long Rains,Rice,2.45,317.4,30.2,25.9,Traditional,0.28
1991,Tana River,Short Rains,Beans,14.38,68.9,28.3,25.9,Hybrid,0.2
1991,Tana River,Short Rains,Maize,0.71,220.8,29.6,25.9,Traditional,0.2
1991,Tana River,Short Rains,Rice,11.65,192.3,28.3,25.9,Improved Traditional,0.2
1991,Lamu,Long Rains,Beans,7.57,503.3,28.4,36.9,Hybrid,0.2
1991,Lamu,Long Rains,Maize,1.46,418.2,27.1,36.9,Traditional,0.26
1991,Lamu,Short Rains,Beans,7.76,252.1,25.7,36.9,Hybrid,0.2
1991,Lamu,Short Rains,Maize,1.56,346.6,29.1,36.9,Hybrid,0.2
1991,Taita Taveta,Long Rains,Beans,13.97,286.0,21.9,17.4,Improved Traditional,0.2
1991,Taita Taveta,Long Rains,Maize,9.79,335.9,22.7,17.4,Hybrid,0.28
1991,Taita Taveta,Short Rains,Beans,9.89,234.5,23.4,17.4,Traditional,0.2
1991,Taita Taveta,Short Rains,Maize,10.4,245.2,25.2,17.4,Hybrid,0.22
1991,Garissa,Long Rains,Sorghum,8.04,93.4,32.6,33.1,Traditional,0.2
1991,Garissa,Long Rains,Beans,7.7,152.7,31.4,33.1,Traditional,0.2
1991,Garissa,Long Rains,Maize,5.11,117.9,31.4,33.1,Traditional,0.2
1991,Garissa,Short Rains,Sorghum,4.5,88.2,32.0,33.1,Hybrid,0.2
1991,Garissa,Short Rains,Beans,1.98,94.9,33.0,33.1,Traditional,0.2
1991,Garissa,Short Rains,Maize,5.04,50.0,31.0,33.1,Improved Traditional,0.2
1991,Wajir,Long Rains,Sorghum,14.48,151.7,32.9,26.9,Traditional,0.21
1991,Wajir,Long Rains,Beans,10.71,97.3,30.1,26.9,Traditional,0.2
1991,Wajir,Long Rains,Maize,11.54,156.1,34.5,26.9,Improved Traditional,0.2
1991,Wajir,Short Rains,Sorghum,9.84,85.1,32.3,26.9,Improved Traditional,0.2
1991,Wajir,Short Rains,Beans,7.76,72.3,32.5,26.9,Improved Traditional,0.2
1991,Wajir,Short Rains,Maize,1.26,50.0,32.4,26.9,Traditional,0.2
1991,Mandera,Long Rains,Sorghum,10.03,163.7,34.4,20.5,Hybrid,0.21
1991,Mandera,Long Rains,Beans,10.33,148.0,33.9,20.5,Hybrid,0.2
1991,Mandera,Long Rains,Maize,5.08,139.6,34.5,20.5,Traditional,0.2
1991,Mandera,Short Rains,Sorghum,3.39,50.0,36.0,20.5,Traditional,0.2
1991,Mandera,Short Rains,Beans,7.98,93.5,33.4,20.5,Hybrid,0.2
1991,Mandera,Short Rains,Maize,6.0,98.7,33.4,20.5,Hybrid,0.2
1991,Turkana,Long Rains,Sorghum,9.13,50.0,34.8,15.1,Traditional,0.2
1991,Turkana,Long Rains,Beans,5.02,98.5,35.0,15.1,Traditional,0.2
1991,Turkana,Long Rains,Maize,14.65,135.7,35.9,15.1,Traditional,0.2
1991,Turkana,Short Rains,Sorghum,4.75,93.0,34.6,15.1,Hybrid,0.2
1991,Turkana,Short Rains,Beans,5.89,74.4,36.9,15.1,Traditional,0.2
1991,Turkana,Short Rains,Maize,7.14,72.5,35.2,15.1,Improved Traditional,0.2
1991,West Pokot,Long Rains,Beans,7.37,258.2,21.9,36.0,Traditional,0.2
1991,West Pokot,Long Rains,Maize,1.6,327.3,22.3,36.0,Improved Traditional,0.59
1991,West Pokot,Short Rains,Beans,11.83,161.5,21.6,36.0,Traditional,0.2
1991,West Pokot,Short Rains,Maize,9.72,121.2,22.3,36.0,Improved Traditional,0.21
1991,Samburu,Long Rains,Beans,4.71,173.1,24.5,14.8,Improved Traditional,0.2
1991,Samburu,Long Rains,Maize,0.61,212.9,25.6,14.8,Hybrid,0.36
1991,Samburu,Short Rains,Beans,14.39,95.8,28.5,14.8,Hybrid,0.2
1991,Samburu,Short Rains,Maize,4.48,151.1,28.4,14.8,Hybrid,0.2
1991,Baringo,Long Rains,Beans,2.9,471.9,20.4,23.2,Hybrid,0.61
1991,Baringo,Long Rains,Maize,12.73,229.1,22.7,23.2,Hybrid,0.2
1991,Baringo,Short Rains,Beans,9.11,280.4,21.1,23.2,Traditional,0.2
1991,Baringo,Short Rains,Maize,3.26,245.8,22.2,23.2,Improved Traditional,0.2
1991,Laikipia,Long Rains,Wheat,10.92,320.7,19.6,60.3,Traditional,0.47
1991,Laikipia,Long Rains,Beans,11.69,260.6,17.9,60.3,Traditional,0.2
1991,Laikipia,Long Rains,Maize,5.68,351.0,19.0,60.3,Hybrid,0.8
1991,Laikipia,Short Rains,Wheat,1.88,302.7,20.1,60.3,Traditional,0.3
1991,Laikipia,Short Rains,Beans,10.11,206.6,18.9,60.3,Traditional,0.2
1991,Laikipia,Short Rains,Maize,1.15,187.2,19.9,60.3,Improved Traditional,0.23
1991,Kisumu,Long Rains,Beans,14.29,631.8,23.7,50.3,Improved Traditional,0.43
1991,Kisumu,Long Rains,Maize,4.14,285.8,23.2,50.3,Improved Traditional,0.2
1991,Kisumu,Short Rains,Beans,13.81,414.3,20.6,50.3,Hybrid,0.29
1991,Kisumu,Short Rains,Maize,1.06,319.0,20.9,50.3,Hybrid,0.38
1991,Siaya,Long Rains,Beans,8.91,527.6,23.2,70.3,Traditional,0.67
1991,Siaya,Long Rains,Maize,14.22,527.4,21.4,70.3,Improved Traditional,0.96
1991,Siaya,Long Rains,Cassava,7.41,494.0,23.6,70.3,Improved Traditional,0.96
1991,Siaya,Short Rains,Beans,12.9,333.7,21.0,70.3,Traditional,0.2
1991,Siaya,Short Rains,Maize,12.62,50.0,22.8,70.3,Improved Traditional,0.2
1991,Siaya,Short Rains,Cassava,13.2,213.0,23.3,70.3,Hybrid,0.47
1991,Homa Bay,Long Rains,Beans,11.6,494.2,22.4,33.3,Hybrid,0.4
1991,Homa Bay,Long Rains,Maize,3.78,391.6,23.1,33.3,Improved Traditional,0.21
1991,Homa Bay,Short Rains,Beans,12.8,187.9,23.8,33.3,Traditional,0.2
1991,Homa Bay,Short Rains,Maize,10.83,121.9,22.2,33.3,Traditional,0.2
1991,Migori,Long Rains,Beans,14.78,694.7,20.7,66.9,Improved Traditional,0.6
1991,Migori,Long Rains,Maize,8.4,774.5,23.1,66.9,Hybrid,3.13
1991,Migori,Short Rains,Beans,8.96,284.4,21.6,66.9,Improved Traditional,0.2
1991,Migori,Short Rains,Maize,1.99,200.4,22.3,66.9,Improved Traditional,0.2
1991,Kajiado,Long Rains,Beans,10.61,490.7,21.7,45.0,Improved Traditional,0.44
1991,Kajiado,Long Rains,Maize,10.57,248.7,23.2,45.0,Improved Traditional,0.3
1991,Kajiado,Short Rains,Beans,5.51,206.1,22.0,45.0,Hybrid,0.2
1991,Kajiado,Short Rains,Maize,8.65,207.4,22.0,45.0,Traditional,0.21
1991,Narok,Long Rains,Wheat,11.15,327.5,17.6,70.0,Improved Traditional,0.52
1991,Narok,Long Rains,Beans,12.35,427.1,16.2,70.0,Traditional,0.39
1991,Narok,Long Rains,Maize,7.82,483.0,18.1,70.0,Hybrid,2.01
1991,Narok,Short Rains,Wheat,6.25,323.3,18.6,70.0,Traditional,0.39
1991,Narok,Short Rains,Beans,13.14,235.4,17.0,70.0,Traditional,0.2
1991,Narok,Short Rains,Maize,12.58,342.5,18.8,70.0,Traditional,0.23
1991,Elgeyo-Marakwet,Long Rains,Beans,5.62,475.3,14.9,54.5,Traditional,0.41
1991,Elgeyo-Marakwet,Long Rains,Maize,6.37,312.6,18.4,54.5,Traditional,0.24
1991,Elgeyo-Marakwet,Short Rains,Beans,5.92,133.1,15.7,54.5,Hybrid,0.2
1991,Elgeyo-Marakwet,Short Rains,Maize,9.67,315.5,17.6,54.5,Traditional,0.24
1991,Busia,Long Rains,Beans,4.51,495.6,20.3,40.1,Traditional,0.2
1991,Busia,Long Rains,Maize,14.57,537.1,20.1,40.1,Hybrid,1.13
1991,Busia,Long Rains,Cassava,10.72,516.4,18.9,40.1,Traditional,0.27
1991,Busia,Long Rains,Rice,7.5,436.7,18.2,40.1,Hybrid,0.22
1991,Busia,Short Rains,Beans,14.54,247.7,18.8,40.1,Traditional,0.2
1991,Busia,Short Rains,Maize,9.54,372.9,19.4,40.1,Traditional,0.26
1991,Busia,Short Rains,Cassava,14.49,204.6,21.0,40.1,Hybrid,0.25
1991,Busia,Short Rains,Rice,4.43,221.9,21.0,40.1,Traditional,0.23
1991,Isiolo,Long Rains,Beans,9.02,176.1,30.7,35.2,Hybrid,0.2
1991,Isiolo,Long Rains,Maize,0.72,214.0,31.4,35.2,Traditional,0.2
1991,Isiolo,Short Rains,Beans,12.68,130.9,30.7,35.2,Traditional,0.2
1991,Isiolo,Short Rains,Maize,1.98,133.4,28.8,35.2,Improved Traditional,0.2
1991,Marsabit,Long Rains,Beans,6.79,162.3,30.6,23.3,Improved Traditional,0.2
1991,Marsabit,Long Rains,Maize,4.01,77.8,33.1,23.3,Traditional,0.2
1991,Marsabit,Short Rains,Beans,13.22,75.6,31.3,23.3,Hybrid,0.2
1991,Marsabit,Short Rains,Maize,7.15,66.9,29.9,23.3,Hybrid,0.2
1992,Uasin Gishu,Long Rains,Wheat,14.02,1281.5,17.6,134.9,Improved Traditional,6.27
1992,Uasin Gishu,Long Rains,Beans,8.06,1231.5,18.7,134.9,Traditional,3.91
1992,Uasin Gishu,Long Rains,Maize,8.97,1134.2,16.3,134.9,Improved Traditional,2.34
1992,Uasin Gishu,Short Rains,Wheat,11.92,837.9,18.0,134.9,Traditional,5.66
1992,Uasin Gishu,Short Rains,Beans,10.73,1299.1,16.1,134.9,Hybrid,1.81
1992,Uasin Gishu,Short Rains,Maize,12.46,261.4,17.7,134.9,Hybrid,0.7
1992,Trans Nzoia,Long Rains,Wheat,13.94,881.8,15.7,98.0,Hybrid,7.66
1992,Trans Nzoia,Long Rains,Beans,10.0,1435.4,16.1,98.0,Hybrid,2.27
1992,Trans Nzoia,Long Rains,Maize,12.3,1231.9,17.2,98.0,Improved Traditional,3.07
1992,Trans Nzoia,Short Rains,Wheat,4.99,698.4,16.9,98.0,Hybrid,5.9
1992,Trans Nzoia,Short Rains,Beans,12.51,434.6,14.0,98.0,Hybrid,0.3
1992,Trans Nzoia,Short Rains,Maize,14.32,705.6,17.7,98.0,Improved Traditional,1.81
1992,Nakuru,Long Rains,Wheat,1.99,1214.1,18.6,75.9,Improved Traditional,8.78
1992,Nakuru,Long Rains,Beans,10.32,577.3,16.9,75.9,Improved Traditional,0.9
1992,Nakuru,Long Rains,Maize,6.87,1095.0,18.7,75.9,Traditional,2.55
1992,Nakuru,Long Rains,Potatoes,3.83,1136.2,17.4,75.9,Traditional,10.12
1992,Nakuru,Short Rains,Wheat,1.71,711.4,20.6,75.9,Hybrid,3.09
1992,Nakuru,Short Rains,Beans,8.03,781.4,17.6,75.9,Hybrid,1.47
1992,Nakuru,Short Rains,Maize,6.17,369.4,19.3,75.9,Hybrid,0.57
1992,Nakuru,Short Rains,Potatoes,6.53,530.2,18.7,75.9,Traditional,3.98
1992,Nandi,Long Rains,Beans,7.75,692.1,18.8,143.5,Hybrid,3.06
1992,Nandi,Long Rains,Maize,8.22,1481.9,17.3,143.5,Traditional,6.86
1992,Nandi,Long Rains,Tea,10.54,1025.8,17.1,143.5,Hybrid,5.4
1992,Nandi,Short Rains,Beans,3.46,695.9,16.0,143.5,Improved Traditional,0.27
1992,Nandi,Short Rains,Maize,9.61,868.7,17.5,143.5,Traditional,2.87
1992,Nandi,Short Rains,Tea,10.99,548.7,18.5,143.5,Hybrid,5.35
1992,Bungoma,Long Rains,Beans,5.34,1398.6,18.4,113.3,Hybrid,3.23
1992,Bungoma,Long Rains,Maize,7.26,1677.4,18.4,113.3,Improved Traditional,5.65
1992,Bungoma,Short Rains,Beans,13.58,799.7,17.2,113.3,Improved Traditional,1.31
1992,Bungoma,Short Rains,Maize,9.9,1093.2,18.6,113.3,Hybrid,5.7
1992,Kakamega,Long Rains,Beans,8.61,1284.7,18.7,105.2,Improved Traditional,2.78
1992,Kakamega,Long Rains,Maize,5.9,1156.0,18.2,105.2,Hybrid,3.96
1992,Kakamega,Short Rains,Beans,10.78,777.1,21.2,105.2,Traditional,1.01
1992,Kakamega,Short Rains,Maize,12.17,904.1,21.6,105.2,Hybrid,5.0
1992,Kisii,Long Rains,Beans,12.14,2224.9,19.0,147.8,Improved Traditional,2.44
1992,Kisii,Long Rains,Maize,2.96,1759.1,19.8,147.8,Traditional,9.51
1992,Kisii,Short Rains,Beans,13.67,1182.9,18.4,147.8,Traditional,2.16
1992,Kisii,Short Rains,Maize,9.67,1631.9,19.5,147.8,Traditional,6.38
1992,Nyamira,Long Rains,Beans,5.05,1268.8,16.9,107.7,Hybrid,2.3
1992,Nyamira,Long Rains,Maize,13.66,1422.8,17.2,107.7,Hybrid,2.42
1992,Nyamira,Short Rains,Beans,12.42,1100.5,18.3,107.7,Hybrid,1.55
1992,Nyamira,Short Rains,Maize,10.54,1461.8,18.8,107.7,Hybrid,5.27
1992,Vihiga,Long Rains,Beans,3.27,1093.5,20.4,59.2,Traditional,0.73
1992,Vihiga,Long Rains,Maize,12.32,1779.3,17.2,59.2,Traditional,3.49
1992,Vihiga,Short Rains,Beans,1.78,1239.5,20.0,59.2,Hybrid,1.18
1992,Vihiga,Short Rains,Maize,0.99,1472.7,18.5,59.2,Traditional,2.53
1992,Bomet,Long Rains,Beans,5.18,1488.6,16.4,101.7,Traditional,1.92
1992,Bomet,Long Rains,Maize,12.47,1533.1,16.7,101.7,Improved Traditional,3.64
1992,Bomet,Long Rains,Tea,14.98,1526.6,16.2,101.7,Hybrid,6.55
1992,Bomet,Long Rains,Potatoes,12.94,1655.0,16.1,101.7,Improved Traditional,14.63
1992,Bomet,Short Rains,Beans,5.04,763.0,18.5,101.7,Traditional,0.99
1992,Bomet,Short Rains,Maize,11.58,589.7,17.9,101.7,Hybrid,3.3
1992,Bomet,Short Rains,Tea,13.03,1044.7,18.3,101.7,Traditional,5.89
1992,Bomet,Short Rains,Potatoes,11.47,1294.2,19.1,101.7,Improved Traditional,12.86
1992,Kericho,Long Rains,Beans,13.96,1211.2,16.9,97.7,Traditional,1.29
1992,Kericho,Long Rains,Maize,14.73,1782.0,15.8,97.7,Improved Traditional,3.78
1992,Kericho,Long Rains,Tea,9.1,1948.4,18.2,97.7,Traditional,5.85
1992,Kericho,Short Rains,Beans,14.15,855.0,19.0,97.7,Hybrid,2.19
1992,Kericho,Short Rains,Maize,10.61,1050.1,16.0,97.7,Traditional,1.22
1992,Kericho,Short Rains,Tea,3.1,1308.4,18.0,97.7,Traditional,2.78
1992,Nyeri,Long Rains,Beans,0.78,1378.1,17.2,54.0,Hybrid,1.86
1992,Nyeri,Long Rains,Maize,12.65,1104.3,17.6,54.0,Traditional,1.82
1992,Nyeri,Long Rains,Tea,4.52,1640.4,14.7,54.0,Traditional,1.67
1992,Nyeri,Long Rains,Coffee,5.65,1025.7,17.0,54.0,Traditional,1.42
1992,Nyeri,Short Rains,Beans,10.06,614.5,17.2,54.0,Improved Traditional,0.82
1992,Nyeri,Short Rains,Maize,3.35,736.5,15.6,54.0,Improved Traditional,1.02
1992,Nyeri,Short Rains,Tea,12.79,856.3,16.4,54.0,Traditional,2.23
1992,Nyeri,Short Rains,Coffee,14.64,607.4,15.5,54.0,Hybrid,1.41
1992,Muranga,Long Rains,Beans,3.83,906.9,17.8,64.6,Hybrid,0.71
1992,Muranga,Long Rains,Maize,5.23,1004.3,16.0,64.6,Improved Traditional,1.76
1992,Muranga,Long Rains,Tea,4.22,829.0,17.1,64.6,Hybrid,4.32
1992,Muranga,Long Rains,Coffee,13.04,801.3,17.6,64.6,Traditional,1.72
1992,Muranga,Short Rains,Beans,12.16,257.4,17.9,64.6,Traditional,0.2
1992,Muranga,Short Rains,Maize,4.47,448.6,16.6,64.6,Traditional,0.92
1992,Muranga,Short Rains,Tea,4.94,497.0,18.0,64.6,Traditional,0.95
1992,Muranga,Short Rains,Coffee,11.77,167.1,18.7,64.6,Traditional,0.22
1992,Kiambu,Long Rains,Beans,13.4,1134.1,19.0,53.8,Improved Traditional,1.61
1992,Kiambu,Long Rains,Maize,11.25,726.2,16.9,53.8,Traditional,0.2
1992,Kiambu,Long Rains,Coffee,6.4,667.9,17.0,53.8,Improved Traditional,1.52
1992,Kiambu,Short Rains,Beans,2.33,522.0,15.2,53.8,Improved Traditional,0.47
1992,Kiambu,Short Rains,Maize,3.83,372.6,17.1,53.8,Traditional,0.5
1992,Kiambu,Short Rains,Coffee,2.55,200.1,18.6,53.8,Traditional,0.2
1992,Kirinyaga,Long Rains,Beans,12.47,826.8,17.2,64.4,Hybrid,1.39
1992,Kirinyaga,Long Rains,Maize,5.93,978.3,18.1,64.4,Hybrid,3.71
1992,Kirinyaga,Long Rains,Coffee,8.57,906.2,19.5,64.4,Hybrid,2.89
1992,Kirinyaga,Long Rains,Rice,3.66,1117.5,18.7,64.4,Hybrid,2.03
1992,Kirinyaga,Short Rains,Beans,0.51,586.0,18.7,64.4,Traditional,0.83
1992,Kirinyaga,Short Rains,Maize,7.15,741.4,19.7,64.4,Hybrid,3.56
1992,Kirinyaga,Short Rains,Coffee,13.85,511.2,17.7,64.4,Traditional,0.81
1992,Kirinyaga,Short Rains,Rice,11.53,507.3,18.0,64.4,Traditional,1.07
1992,Embu,Long Rains,Beans,11.66,643.4,21.9,59.3,Improved Traditional,0.57
1992,Embu,Long Rains,Maize,0.94,1087.9,19.1,59.3,Hybrid,3.54
1992,Embu,Long Rains,Coffee,7.89,662.7,22.4,59.3,Improved Traditional,1.36
1992,Embu,Short Rains,Beans,8.49,443.9,19.5,59.3,Hybrid,1.28
1992,Embu,Short Rains,Maize,11.01,524.5,17.7,59.3,Hybrid,1.68
1992,Embu,Short Rains,Coffee,3.02,611.7,18.5,59.3,Traditional,1.95
1992,Meru,Long Rains,Beans,11.71,1215.7,16.3,52.7,Hybrid,1.81
1992,Meru,Long Rains,Maize,1.46,709.4,17.9,52.7,Traditional,1.8
1992,Meru,Long Rains,Coffee,5.5,1236.6,17.2,52.7,Hybrid,3.09
1992,Meru,Long Rains,Potatoes,5.1,970.6,17.9,52.7,Traditional,3.07
1992,Meru,Short Rains,Beans,4.58,671.5,17.7,52.7,Traditional,1.04
1992,Meru,Short Rains,Maize,6.92,812.0,15.7,52.7,Hybrid,1.2
1992,Meru,Short Rains,Coffee,14.06,442.6,15.5,52.7,Improved Traditional,0.66
1992,Meru,Short Rains,Potatoes,6.98,376.1,15.7,52.7,Improved Traditional,3.14
1992,Tharaka-Nithi,Long Rains,Beans,11.43,809.3,22.5,35.3,Improved Traditional,0.69
1992,Tharaka-Nithi,Long Rains,Maize,11.48,968.7,20.2,35.3,Improved Traditional,3.05
1992,Tharaka-Nithi,Short Rains,Beans,13.49,316.6,18.0,35.3,Improved Traditional,0.2
1992,Tharaka-Nithi,Short Rains,Maize,4.44,474.5,20.8,35.3,Traditional,0.99
1992,Nyandarua,Long Rains,Beans,2.24,931.1,13.3,97.7,Improved Traditional,0.96
1992,Nyandarua,Long Rains,Maize,9.14,1501.0,15.5,97.7,Hybrid,1.7
1992,Nyandarua,Long Rains,Potatoes,8.43,847.7,15.3,97.7,Hybrid,10.21
1992,Nyandarua,Short Rains,Beans,12.4,886.6,16.6,97.7,Improved Traditional,1.9
1992,Nyandarua,Short Rains,Maize,6.29,1153.7,16.5,97.7,Improved Traditional,3.9
1992,Nyandarua,Short Rains,Potatoes,2.22,839.9,15.8,97.7,Hybrid,7.68
1992,Nairobi,Long Rains,Beans,3.0,689.3,19.5,26.5,Hybrid,0.89
1992,Nairobi,Long Rains,Maize,12.37,504.1,19.7,26.5,Improved Traditional,0.68
1992,Nairobi,Short Rains,Beans,10.53,603.2,18.5,26.5,Hybrid,0.42
1992,Nairobi,Short Rains,Maize,4.17,260.4,18.8,26.5,Traditional,0.2
1992,Machakos,Long Rains,Sorghum,5.59,825.4,22.6,75.4,Traditional,1.64
1992,Machakos,Long Rains,Beans,7.27,648.7,20.7,75.4,Hybrid,1.02
1992,Machakos,Long Rains,Maize,6.02,975.3,22.0,75.4,Hybrid,5.05
1992,Machakos,Short Rains,Sorghum,14.02,570.5,21.1,75.4,Traditional,0.21
1992,Machakos,Short Rains,Beans,7.4,547.1,24.4,75.4,Hybrid,0.47
1992,Machakos,Short Rains,Maize,10.86,426.3,22.2,75.4,Traditional,1.63
1992,Makueni,Long Rains,Sorghum,10.1,560.4,24.4,23.7,Improved Traditional,0.44
1992,Makueni,Long Rains,Beans,6.35,645.6,23.3,23.7,Traditional,0.43
1992,Makueni,Long Rains,Maize,2.04,757.6,22.2,23.7,Traditional,2.14
1992,Makueni,Short Rains,Sorghum,10.04,258.1,21.9,23.7,Traditional,0.2
1992,Makueni,Short Rains,Beans,1.11,325.9,23.6,23.7,Improved Traditional,0.2
1992,Makueni,Short Rains,Maize,8.58,235.4,23.7,23.7,Improved Traditional,0.2
1992,Kitui,Long Rains,Sorghum,13.79,786.4,24.2,9.2,Improved Traditional,0.81
1992,Kitui,Long Rains,Beans,10.32,986.9,26.3,9.2,Traditional,0.2
1992,Kitui,Long Rains,Maize,2.62,1023.6,23.9,9.2,Improved Traditional,1.01
1992,Kitui,Short Rains,Sorghum,13.77,702.1,24.3,9.2,Traditional,0.63
1992,Kitui,Short Rains,Beans,7.95,590.3,24.0,9.2,Traditional,0.26
1992,Kitui,Short Rains,Maize,0.59,139.5,24.3,9.2,Traditional,0.2
1992,Mombasa,Long Rains,Beans,14.23,946.1,30.1,40.1,Improved Traditional,0.2
1992,Mombasa,Long Rains,Maize,14.86,1452.6,28.0,40.1,Traditional,0.73
1992,Mombasa,Short Rains,Beans,14.11,643.1,30.1,40.1,Hybrid,0.2
1992,Mombasa,Short Rains,Maize,4.95,836.9,27.2,40.1,Hybrid,0.23
1992,Kilifi,Long Rains,Beans,11.48,796.3,26.6,37.6,Traditional,0.2
1992,Kilifi,Long Rains,Maize,0.84,819.3,25.7,37.6,Hybrid,1.52
1992,Kilifi,Long Rains,Cassava,13.93,786.0,26.4,37.6,Improved Traditional,1.83
1992,Kilifi,Short Rains,Beans,0.92,541.5,27.1,37.6,Traditional,0.2
1992,Kilifi,Short Rains,Maize,4.94,524.4,27.1,37.6,Improved Traditional,0.62
1992,Kilifi,Short Rains,Cassava,4.49,452.6,27.5,37.6,Traditional,1.15
1992,Kwale,Long Rains,Beans,1.23,1276.5,27.2,14.8,Traditional,0.28
1992,Kwale,Long Rains,Maize,3.75,1341.6,27.2,14.8,Improved Traditional,1.03
1992,Kwale,Long Rains,Cassava,1.71,926.4,25.2,14.8,Improved Traditional,1.19
1992,Kwale,Short Rains,Beans,7.64,846.2,26.6,14.8,Hybrid,0.2
1992,Kwale,Short Rains,Maize,8.79,526.9,28.3,14.8,Hybrid,0.2
1992,Kwale,Short Rains,Cassava,2.66,829.9,28.4,14.8,Hybrid,1.27
1992,Tana River,Long Rains,Beans,1.0,812.1,28.0,11.5,Hybrid,0.24
1992,Tana River,Long Rains,Maize,13.35,430.9,29.7,11.5,Traditional,0.2
1992,Tana River,Long Rains,Rice,6.46,512.4,29.8,11.5,Hybrid,0.89
1992,Tana River,Short Rains,Beans,6.26,192.5,29.7,11.5,Improved Traditional,0.2
1992,Tana River,Short Rains,Maize,10.23,435.2,28.2,11.5,Traditional,0.29
1992,Tana River,Short Rains,Rice,13.06,332.6,29.8,11.5,Traditional,0.46
1992,Lamu,Long Rains,Beans,5.29,585.5,26.5,22.2,Traditional,0.2
1992,Lamu,Long Rains,Maize,14.05,1249.7,28.3,22.2,Hybrid,1.13
1992,Lamu,Short Rains,Beans,12.37,767.3,29.8,22.2,Hybrid,0.2
1992,Lamu,Short Rains,Maize,13.05,794.3,27.2,22.2,Traditional,0.46
1992,Taita Taveta,Long Rains,Beans,10.4,986.7,25.1,33.9,Traditional,0.23
1992,Taita Taveta,Long Rains,Maize,10.54,1170.7,24.1,33.9,Hybrid,1.52
1992,Taita Taveta,Short Rains,Beans,3.67,647.8,21.5,33.9,Traditional,0.64
1992,Taita Taveta,Short Rains,Maize,5.31,589.5,22.7,33.9,Improved Traditional,0.48
1992,Garissa,Long Rains,Sorghum,9.65,308.3,31.8,21.8,Hybrid,0.5
1992,Garissa,Long Rains,Beans,4.79,454.0,29.4,21.8,Hybrid,0.2
1992,Garissa,Long Rains,Maize,1.51,318.2,34.0,21.8,Traditional,0.42
1992,Garissa,Short Rains,Sorghum,13.8,221.4,31.1,21.8,Traditional,0.22
1992,Garissa,Short Rains,Beans,10.62,174.1,30.8,21.8,Traditional,0.2
1992,Garissa,Short Rains,Maize,10.35,212.9,32.2,21.8,Traditional,0.2
1992,Wajir,Long Rains,Sorghum,9.11,330.0,31.7,27.5,Traditional,0.67
1992,Wajir,Long Rains,Beans,1.87,165.0,30.7,27.5,Hybrid,0.2
1992,Wajir,Long Rains,Maize,11.07,207.2,33.4,27.5,Traditional,0.2
1992,Wajir,Short Rains,Sorghum,8.33,201.7,31.5,27.5,Hybrid,0.32
1992,Wajir,Short Rains,Beans,8.46,230.5,36.4,27.5,Hybrid,0.2
1992,Wajir,Short Rains,Maize,5.07,50.0,31.4,27.5,Hybrid,0.2
1992,Mandera,Long Rains,Sorghum,8.95,272.3,35.3,24.7,Improved Traditional,0.24
1992,Mandera,Long Rains,Beans,6.34,199.6,35.3,24.7,Traditional,0.2
1992,Mandera,Long Rains,Maize,2.36,347.7,33.1,24.7,Traditional,0.2
1992,Mandera,Short Rains,Sorghum,11.43,312.1,34.9,24.7,Traditional,0.25
1992,Mandera,Short Rains,Beans,0.87,255.7,34.9,24.7,Hybrid,0.2
1992,Mandera,Short Rains,Maize,12.82,121.5,32.0,24.7,Traditional,0.2
1992,Turkana,Long Rains,Sorghum,1.75,470.6,34.3,22.6,Traditional,0.24
1992,Turkana,Long Rains,Beans,1.1,446.6,35.8,22.6,Improved Traditional,0.2
1992,Turkana,Long Rains,Maize,4.96,419.8,35.0,22.6,Traditional,0.24
1992,Turkana,Short Rains,Sorghum,5.79,182.3,35.5,22.6,Traditional,0.21
1992,Turkana,Short Rains,Beans,10.68,116.3,37.6,22.6,Hybrid,0.2
1992,Turkana,Short Rains,Maize,10.68,231.8,34.6,22.6,Improved Traditional,0.23
1992,West Pokot,Long Rains,Beans,6.48,526.4,23.8,78.4,Traditional,0.5
1992,West Pokot,Long Rains,Maize,5.98,786.0,20.9,78.4,Improved Traditional,3.1
1992,West Pokot,Short Rains,Beans,14.97,392.4,20.5,78.4,Traditional,0.63
1992,West Pokot,Short Rains,Maize,2.17,99.7,21.2,78.4,Traditional,0.2
1992,Samburu,Long Rains,Beans,9.9,693.6,24.7,34.6,Traditional,0.32
1992,Samburu,Long Rains,Maize,6.32,560.4,29.0,34.6,Traditional,0.52
1992,Samburu,Short Rains,Beans,2.86,219.5,25.6,34.6,Traditional,0.2
1992,Samburu,Short Rains,Maize,13.14,407.0,26.1,34.6,Traditional,0.49
1992,Baringo,Long Rains,Beans,8.7,990.3,23.3,6.5,Hybrid,0.68
1992,Baringo,Long Rains,Maize,2.58,766.9,24.0,6.5,Traditional,0.75
1992,Baringo,Short Rains,Beans,11.45,296.4,22.1,6.5,Improved Traditional,0.2
1992,Baringo,Short Rains,Maize,7.41,763.9,23.4,6.5,Hybrid,1.51
1992,Laikipia,Long Rains,Wheat,2.3,720.3,20.1,66.5,Improved Traditional,2.77
1992,Laikipia,Long Rains,Beans,8.92,697.8,18.9,66.5,Traditional,0.82
1992,Laikipia,Long Rains,Maize,12.24,909.0,19.6,66.5,Traditional,2.28
1992,Laikipia,Short Rains,Wheat,6.02,743.5,18.8,66.5,Traditional,1.76
1992,Laikipia,Short Rains,Beans,6.06,593.0,18.3,66.5,Improved Traditional,0.78
1992,Laikipia,Short Rains,Maize,12.1,259.1,19.4,66.5,Traditional,0.42
1992,Kisumu,Long Rains,Beans,6.51,1170.9,23.5,79.0,Traditional,1.41
1992,Kisumu,Long Rains,Maize,3.7,1130.9,22.7,79.0,Traditional,5.14
1992,Kisumu,Short Rains,Beans,3.79,1207.5,23.7,79.0,Traditional,1.41
1992,Kisumu,Short Rains,Maize,2.87,579.5,22.3,79.0,Traditional,1.73
1992,Siaya,Long Rains,Beans,7.92,1039.7,22.4,51.8,Traditional,0.23
1992,Siaya,Long Rains,Maize,1.4,1091.8,22.3,51.8,Traditional,2.72
1992,Siaya,Long Rains,Cassava,13.23,1213.1,21.7,51.8,Traditional,2.84
1992,Siaya,Short Rains,Beans,14.22,785.0,25.1,51.8,Hybrid,0.7
1992,Siaya,Short Rains,Maize,2.96,639.8,23.5,51.8,Hybrid,0.93
1992,Siaya,Short Rains,Cassava,6.04,798.3,22.9,51.8,Hybrid,2.68
1992,Homa Bay,Long Rains,Beans,6.52,1080.0,21.7,48.2,Traditional,1.32
1992,Homa Bay,Long Rains,Maize,5.07,1082.0,23.6,48.2,Traditional,1.27
1992,Homa Bay,Short Rains,Beans,7.39,552.7,23.8,48.2,Traditional,0.46
1992,Homa Bay,Short Rains,Maize,14.89,474.5,21.5,48.2,Improved Traditional,1.34
1992,Migori,Long Rains,Beans,6.44,1224.7,21.8,54.8,Traditional,0.78
1992,Migori,Long Rains,Maize,12.57,1674.4,20.4,54.8,Traditional,4.78
1992,Migori,Short Rains,Beans,10.53,985.3,21.4,54.8,Hybrid,0.99
1992,Migori,Short Rains,Maize,14.95,582.5,18.4,54.8,Traditional,1.23
1992,Kajiado,Long Rains,Beans,14.26,487.3,19.8,29.0,Hybrid,0.49
1992,Kajiado,Long Rains,Maize,6.57,842.1,19.6,29.0,Traditional,1.53
1992,Kajiado,Short Rains,Beans,8.53,123.9,19.6,29.0,Traditional,0.2
1992,Kajiado,Short Rains,Maize,0.87,178.1,21.4,29.0,Traditional,0.2
1992,Narok,Long Rains,Wheat,8.73,631.2,18.6,50.6,Traditional,2.22
1992,Narok,Long Rains,Beans,4.29,1179.0,17.7,50.6,Hybrid,2.91
1992,Narok,Long Rains,Maize,4.68,1398.4,16.3,50.6,Traditional,1.72
1992,Narok,Short Rains,Wheat,8.98,595.0,19.2,50.6,Hybrid,1.6
1992,Narok,Short Rains,Beans,8.48,446.7,18.0,50.6,Traditional,0.54
1992,Narok,Short Rains,Maize,12.99,84.5,18.0,50.6,Hybrid,0.2
1992,Elgeyo-Marakwet,Long Rains,Beans,11.37,1097.2,18.5,74.0,Traditional,1.73
1992,Elgeyo-Marakwet,Long Rains,Maize,4.4,1088.2,18.0,74.0,Hybrid,3.21
1992,Elgeyo-Marakwet,Short Rains,Beans,6.68,518.8,17.7,74.0,Traditional,0.3
1992,Elgeyo-Marakwet,Short Rains,Maize,2.99,524.2,17.3,74.0,Hybrid,0.96
1992,Busia,Long Rains,Beans,0.7,1054.7,18.2,61.4,Improved Traditional,1.68
1992,Busia,Long Rains,Maize,10.11,1550.7,19.9,61.4,Traditional,4.83
1992,Busia,Long Rains,Cassava,10.94,1367.4,20.3,61.4,Improved Traditional,3.61
1992,Busia,Long Rains,Rice,2.5,1147.3,19.7,61.4,Hybrid,3.29
1992,Busia,Short Rains,Beans,3.97,807.5,21.4,61.4,Traditional,1.07
1992,Busia,Short Rains,Maize,14.66,1012.5,19.1,61.4,Hybrid,1.55
1992,Busia,Short Rains,Cassava,11.84,953.5,20.3,61.4,Traditional,2.34
1992,Busia,Short Rains,Rice,10.24,1082.5,19.9,61.4,Hybrid,3.18
1992,Isiolo,Long Rains,Beans,6.7,554.1,30.1,30.3,Traditional,0.2
1992,Isiolo,Long Rains,Maize,6.38,516.9,31.0,30.3,Hybrid,0.32
1992,Isiolo,Short Rains,Beans,11.39,170.9,30.2,30.3,Traditional,0.2
1992,Isiolo,Short Rains,Maize,7.55,73.6,28.7,30.3,Hybrid,0.2
1992,Marsabit,Long Rains,Beans,4.89,452.4,30.3,20.5,Improved Traditional,0.2
1992,Marsabit,Long Rains,Maize,5.31,392.5,31.4,20.5,Traditional,0.3
1992,Marsabit,Short Rains,Beans,2.24,460.6,31.1,20.5,Traditional,0.2
1992,Marsabit,Short Rains,Maize,11.4,161.1,30.9,20.5,Traditional,0.2
1993,Uasin Gishu,Long Rains,Wheat,4.16,1131.2,18.1,118.5,Traditional,7.32
1993,Uasin Gishu,Long Rains,Beans,12.81,944.0,17.1,118.5,Hybrid,2.48
1993,Uasin Gishu,Long Rains,Maize,8.46,710.6,16.6,118.5,Improved Traditional,3.38
1993,Uasin Gishu,Short Rains,Wheat,12.52,437.9,20.0,118.5,Hybrid,1.36
1993,Uasin Gishu,Short Rains,Beans,12.66,708.7,18.1,118.5,Hybrid,2.93
1993,Uasin Gishu,Short Rains,Maize,2.13,811.3,18.1,118.5,Traditional,3.31
1993,Trans Nzoia,Long Rains,Wheat,4.11,1028.6,17.8,133.3,Hybrid,13.97
1993,Trans Nzoia,Long Rains,Beans,6.2,1046.3,16.9,133.3,Improved Traditional,2.66
1993,Trans Nzoia,Long Rains,Maize,8.05,1085.0,14.8,133.3,Hybrid,2.46
1993,Trans Nzoia,Short Rains,Wheat,7.86,917.8,16.4,133.3,Hybrid,9.39
1993,Trans Nzoia,Short Rains,Beans,6.62,676.9,17.8,133.3,Hybrid,3.09
1993,Trans Nzoia,Short Rains,Maize,9.91,565.8,17.3,133.3,Improved Traditional,1.66
1993,Nakuru,Long Rains,Wheat,5.15,983.0,17.6,52.1,Hybrid,6.5
1993,Nakuru,Long Rains,Beans,6.57,810.4,18.0,52.1,Hybrid,1.32
1993,Nakuru,Long Rains,Maize,1.48,706.0,19.2,52.1,Hybrid,3.03
1993,Nakuru,Long Rains,Potatoes,5.56,861.5,17.4,52.1,Hybrid,6.7
1993,Nakuru,Short Rains,Wheat,2.1,792.4,16.8,52.1,Traditional,4.63
1993,Nakuru,Short Rains,Beans,7.88,461.8,17.7,52.1,Traditional,0.23
1993,Nakuru,Short Rains,Maize,14.81,589.6,18.5,52.1,Hybrid,1.62
1993,Nakuru,Short Rains,Potatoes,1.91,685.8,18.8,52.1,Improved Traditional,3.92
1993,Nandi,Long Rains,Beans,12.5,1221.1,18.4,85.6,Hybrid,2.24
1993,Nandi,Long Rains,Maize,3.21,833.3,16.6,85.6,Hybrid,1.38
1993,Nandi,Long Rains,Tea,13.63,1066.4,15.4,85.6,Improved Traditional,2.18
1993,Nandi,Short Rains,Beans,14.32,250.2,17.5,85.6,Hybrid,0.2
1993,Nandi,Short Rains,Maize,11.86,575.4,16.3,85.6,Hybrid,1.25
1993,Nandi,Short Rains,Tea,1.52,695.0,16.5,85.6,Hybrid,3.26
1993,Bungoma,Long Rains,Beans,12.88,1148.1,17.6,142.6,Hybrid,3.12
1993,Bungoma,Long Rains,Maize,4.69,960.7,17.9,142.6,Hybrid,5.7
1993,Bungoma,Short Rains,Beans,2.82,382.6,16.1,142.6,Hybrid,0.26
1993,Bungoma,Short Rains,Maize,11.22,773.5,18.1,142.6,Improved Traditional,1.48
1993,Kakamega,Long Rains,Beans,6.5,1277.2,18.0,85.2,Hybrid,2.01
1993,Kakamega,Long Rains,Maize,6.19,1080.7,18.9,85.2,Hybrid,3.23
1993,Kakamega,Short Rains,Beans,5.47,829.3,19.0,85.2,Improved Traditional,1.2
1993,Kakamega,Short Rains,Maize,14.1,475.6,19.6,85.2,Hybrid,0.95
1993,Kisii,Long Rains,Beans,9.72,1314.7,17.9,122.0,Hybrid,1.63
1993,Kisii,Long Rains,Maize,2.42,1261.2,20.0,122.0,Hybrid,6.2
1993,Kisii,Short Rains,Beans,9.82,722.3,17.7,122.0,Hybrid,1.83
1993,Kisii,Short Rains,Maize,7.3,1117.6,19.9,122.0,Hybrid,4.17
1993,Nyamira,Long Rains,Beans,10.51,1451.7,19.6,96.9,Hybrid,1.67
1993,Nyamira,Long Rains,Maize,3.99,1224.6,17.9,96.9,Traditional,2.07
1993,Nyamira,Short Rains,Beans,13.71,807.2,17.5,96.9,Hybrid,0.87
1993,Nyamira,Short Rains,Maize,4.96,856.9,17.8,96.9,Hybrid,2.72
1993,Vihiga,Long Rains,Beans,3.33,1258.9,20.3,84.8,Traditional,1.03
1993,Vihiga,Long Rains,Maize,11.2,847.5,18.2,84.8,Improved Traditional,2.69
1993,Vihiga,Short Rains,Beans,4.23,1036.9,19.4,84.8,Hybrid,0.89
1993,Vihiga,Short Rains,Maize,5.46,745.2,19.4,84.8,Traditional,1.92
1993,Bomet,Long Rains,Beans,8.75,1181.5,14.4,108.4,Improved Traditional,1.25
1993,Bomet,Long Rains,Maize,6.79,1212.2,17.8,108.4,Hybrid,4.41
1993,Bomet,Long Rains,Tea,12.75,1272.6,18.7,108.4,Improved Traditional,6.02
1993,Bomet,Long Rains,Potatoes,10.27,967.7,16.9,108.4,Hybrid,15.41
1993,Bomet,Short Rains,Beans,11.37,636.7,18.7,108.4,Hybrid,0.83
1993,Bomet,Short Rains,Maize,11.35,422.7,17.3,108.4,Hybrid,0.36
1993,Bomet,Short Rains,Tea,13.52,681.8,17.0,108.4,Hybrid,3.7
1993,Bomet,Short Rains,Potatoes,6.98,1062.9,17.3,108.4,Hybrid,10.06
1993,Kericho,Long Rains,Beans,2.72,1497.8,18.1,101.6,Traditional,2.4
1993,Kericho,Long Rains,Maize,8.82,1631.2,18.6,101.6,Improved Traditional,6.25
1993,Kericho,Long Rains,Tea,13.51,1565.8,16.0,101.6,Hybrid,4.96
1993,Kericho,Short Rains,Beans,7.36,645.5,18.0,101.6,Hybrid,0.63
1993,Kericho,Short Rains,Maize,1.78,730.2,18.7,101.6,Improved Traditional,2.66
1993,Kericho,Short Rains,Tea,10.75,927.6,17.2,101.6,Hybrid,2.28
1993,Nyeri,Long Rains,Beans,5.17,877.9,15.4,92.8,Hybrid,1.23
1993,Nyeri,Long Rains,Maize,6.81,968.8,16.3,92.8,Traditional,2.67
1993,Nyeri,Long Rains,Tea,8.22,910.9,15.3,92.8,Traditional,3.26
1993,Nyeri,Long Rains,Coffee,6.01,1118.2,17.6,92.8,Hybrid,4.59
1993,Nyeri,Short Rains,Beans,9.08,523.3,16.5,92.8,Improved Traditional,0.89
1993,Nyeri,Short Rains,Maize,9.24,603.4,14.8,92.8,Traditional,2.44
1993,Nyeri,Short Rains,Tea,12.18,322.0,16.4,92.8,Hybrid,0.23
1993,Nyeri,Short Rains,Coffee,4.51,828.9,15.1,92.8,Traditional,0.71
1993,Muranga,Long Rains,Beans,1.03,468.1,18.1,71.3,Traditional,0.23
1993,Muranga,Long Rains,Maize,1.74,775.5,20.0,71.3,Traditional,2.82
1993,Muranga,Long Rains,Tea,3.93,835.1,18.6,71.3,Traditional,0.47
1993,Muranga,Long Rains,Coffee,7.82,720.9,17.5,71.3,Hybrid,2.38
1993,Muranga,Short Rains,Beans,1.26,367.2,18.3,71.3,Hybrid,0.26
1993,Muranga,Short Rains,Maize,1.08,438.7,17.5,71.3,Traditional,1.3
1993,Muranga,Short Rains,Tea,5.32,923.0,16.4,71.3,Traditional,1.99
1993,Muranga,Short Rains,Coffee,14.51,484.7,17.1,71.3,Improved Traditional,0.98
1993,Kiambu,Long Rains,Beans,7.49,892.9,18.6,84.0,Traditional,0.76
1993,Kiambu,Long Rains,Maize,13.91,632.7,18.7,84.0,Traditional,1.9
1993,Kiambu,Long Rains,Coffee,4.12,652.1,17.8,84.0,Traditional,1.81
1993,Kiambu,Short Rains,Beans,7.96,646.8,17.1,84.0,Traditional,0.79
1993,Kiambu,Short Rains,Maize,14.02,559.7,16.7,84.0,Traditional,1.37
1993,Kiambu,Short Rains,Coffee,11.61,331.5,17.8,84.0,Traditional,0.39
1993,Kirinyaga,Long Rains,Beans,2.4,927.3,18.4,56.4,Traditional,0.76
1993,Kirinyaga,Long Rains,Maize,4.86,697.2,18.3,56.4,Traditional,1.77
1993,Kirinyaga,Long Rains,Coffee,3.77,897.7,17.2,56.4,Traditional,1.34
1993,Kirinyaga,Long Rains,Rice,14.78,821.3,17.6,56.4,Hybrid,0.63
1993,Kirinyaga,Short Rains,Beans,11.65,457.0,17.7,56.4,Hybrid,1.01
1993,Kirinyaga,Short Rains,Maize,1.76,203.6,19.6,56.4,Improved Traditional,0.23
1993,Kirinyaga,Short Rains,Coffee,12.53,664.6,18.2,56.4,Traditional,0.84
1993,Kirinyaga,Short Rains,Rice,10.66,758.0,17.9,56.4,Traditional,1.23
1993,Embu,Long Rains,Beans,4.6,598.5,19.4,68.9,Traditional,1.04
1993,Embu,Long Rains,Maize,5.97,883.4,20.6,68.9,Improved Traditional,3.51
1993,Embu,Long Rains,Coffee,3.67,884.2,19.3,68.9,Improved Traditional,2.72
1993,Embu,Short Rains,Beans,9.32,613.5,18.6,68.9,Traditional,1.45
1993,Embu,Short Rains,Maize,5.64,390.6,19.3,68.9,Hybrid,0.79
1993,Embu,Short Rains,Coffee,13.32,356.1,19.4,68.9,Traditional,1.01
1993,Meru,Long Rains,Beans,6.46,596.1,19.2,43.6,Traditional,0.69
1993,Meru,Long Rains,Maize,5.84,734.4,18.3,43.6,Hybrid,3.18
1993,Meru,Long Rains,Coffee,13.69,725.3,17.5,43.6,Traditional,1.5
1993,Meru,Long Rains,Potatoes,7.39,990.6,17.5,43.6,Traditional,5.72
1993,Meru,Short Rains,Beans,1.71,537.9,16.9,43.6,Traditional,0.53
1993,Meru,Short Rains,Maize,13.23,653.7,17.2,43.6,Traditional,1.01
1993,Meru,Short Rains,Coffee,1.29,559.6,16.5,43.6,Traditional,0.89
1993,Meru,Short Rains,Potatoes,4.92,552.2,16.7,43.6,Improved Traditional,1.56
1993,Tharaka-Nithi,Long Rains,Beans,3.8,600.0,21.2,55.5,Traditional,0.59
1993,Tharaka-Nithi,Long Rains,Maize,5.47,565.1,18.9,55.5,Improved Traditional,1.6
1993,Tharaka-Nithi,Short Rains,Beans,1.23,458.6,22.2,55.5,Improved Traditional,0.51
1993,Tharaka-Nithi,Short Rains,Maize,3.17,454.4,19.4,55.5,Traditional,1.07
1993,Nyandarua,Long Rains,Beans,0.89,1294.6,14.7,119.0,Hybrid,2.74
1993,Nyandarua,Long Rains,Maize,6.14,927.2,17.1,119.0,Hybrid,1.16
1993,Nyandarua,Long Rains,Potatoes,14.45,1074.1,13.7,119.0,Improved Traditional,1.18
1993,Nyandarua,Short Rains,Beans,4.55,673.1,15.9,119.0,Hybrid,0.92
1993,Nyandarua,Short Rains,Maize,2.74,592.0,14.8,119.0,Hybrid,2.11
1993,Nyandarua,Short Rains,Potatoes,4.9,69.6,14.5,119.0,Hybrid,0.27
1993,Nairobi,Long Rains,Beans,4.24,381.4,19.1,33.0,Hybrid,0.38
1993,Nairobi,Long Rains,Maize,14.93,890.5,18.5,33.0,Traditional,1.16
1993,Nairobi,Short Rains,Beans,14.67,166.3,16.2,33.0,Hybrid,0.2
1993,Nairobi,Short Rains,Maize,3.8,412.7,20.5,33.0,Traditional,0.95
1993,Machakos,Long Rains,Sorghum,5.88,627.8,22.1,66.3,Traditional,0.64
1993,Machakos,Long Rains,Beans,11.84,661.3,20.2,66.3,Traditional,0.6
1993,Machakos,Long Rains,Maize,5.46,800.6,22.0,66.3,Traditional,2.33
1993,Machakos,Short Rains,Sorghum,0.63,484.3,22.1,66.3,Traditional,0.33
1993,Machakos,Short Rains,Beans,14.52,405.8,24.7,66.3,Traditional,0.46
1993,Machakos,Short Rains,Maize,8.96,412.6,22.3,66.3,Improved Traditional,1.05
1993,Makueni,Long Rains,Sorghum,13.07,733.5,23.9,16.6,Traditional,0.45
1993,Makueni,Long Rains,Beans,6.93,642.3,23.7,16.6,Improved Traditional,0.38
1993,Makueni,Long Rains,Maize,1.25,264.9,22.7,16.6,Traditional,0.23
1993,Makueni,Short Rains,Sorghum,5.08,331.8,23.4,16.6,Traditional,0.2
1993,Makueni,Short Rains,Beans,6.46,336.0,23.3,16.6,Improved Traditional,0.2
1993,Makueni,Short Rains,Maize,4.0,636.7,22.2,16.6,Improved Traditional,1.67
1993,Kitui,Long Rains,Sorghum,1.43,453.3,24.8,34.7,Traditional,0.71
1993,Kitui,Long Rains,Beans,12.74,656.5,25.2,34.7,Hybrid,0.37
1993,Kitui,Long Rains,Maize,14.32,349.8,24.3,34.7,Hybrid,1.09
1993,Kitui,Short Rains,Sorghum,3.96,144.8,23.3,34.7,Traditional,0.2
1993,Kitui,Short Rains,Beans,3.65,306.8,22.9,34.7,Traditional,0.2
1993,Kitui,Short Rains,Maize,5.1,134.4,23.8,34.7,Hybrid,0.2
1993,Mombasa,Long Rains,Beans,5.72,539.1,29.2,25.4,Improved Traditional,0.2
1993,Mombasa,Long Rains,Maize,10.67,660.1,29.9,25.4,Hybrid,0.27
1993,Mombasa,Short Rains,Beans,4.91,551.5,30.0,25.4,Improved Traditional,0.2
1993,Mombasa,Short Rains,Maize,11.04,456.0,29.6,25.4,Traditional,0.2
1993,Kilifi,Long Rains,Beans,11.4,818.0,27.3,13.5,Hybrid,0.2
1993,Kilifi,Long Rains,Maize,13.39,773.7,24.6,13.5,Traditional,0.68
1993,Kilifi,Long Rains,Cassava,1.24,1028.3,28.3,13.5,Traditional,1.77
1993,Kilifi,Short Rains,Beans,5.18,166.6,25.9,13.5,Traditional,0.2
1993,Kilifi,Short Rains,Maize,13.95,401.4,25.1,13.5,Hybrid,0.56
1993,Kilifi,Short Rains,Cassava,11.63,571.4,27.3,13.5,Improved Traditional,1.03
1993,Kwale,Long Rains,Beans,7.15,678.5,27.9,28.1,Traditional,0.2
1993,Kwale,Long Rains,Maize,1.68,734.1,27.6,28.1,Traditional,0.26
1993,Kwale,Long Rains,Cassava,12.03,730.3,26.2,28.1,Traditional,1.5
1993,Kwale,Short Rains,Beans,9.92,99.7,30.0,28.1,Hybrid,0.2
1993,Kwale,Short Rains,Maize,1.21,573.5,26.8,28.1,Hybrid,0.69
1993,Kwale,Short Rains,Cassava,6.08,427.8,27.1,28.1,Traditional,0.93
1993,Tana River,Long Rains,Beans,11.17,500.9,30.0,30.9,Hybrid,0.22
1993,Tana River,Long Rains,Maize,0.86,281.0,28.0,30.9,Improved Traditional,0.24
1993,Tana River,Long Rains,Rice,14.63,567.2,30.2,30.9,Improved Traditional,0.97
1993,Tana River,Short Rains,Beans,14.75,412.2,28.0,30.9,Traditional,0.2
1993,Tana River,Short Rains,Maize,5.75,271.6,30.1,30.9,Hybrid,0.3
1993,Tana River,Short Rains,Rice,7.3,389.2,28.3,30.9,Traditional,0.66
1993,Lamu,Long Rains,Beans,14.6,890.2,28.4,27.0,Hybrid,0.2
1993,Lamu,Long Rains,Maize,10.4,721.1,25.4,27.0,Traditional,0.89
1993,Lamu,Short Rains,Beans,10.0,675.5,27.0,27.0,Hybrid,0.2
1993,Lamu,Short Rains,Maize,13.42,527.0,27.5,27.0,Improved Traditional,0.2
1993,Taita Taveta,Long Rains,Beans,4.05,671.6,22.4,2.7,Improved Traditional,0.39
1993,Taita Taveta,Long Rains,Maize,3.29,593.5,22.7,2.7,Traditional,0.79
1993,Taita Taveta,Short Rains,Beans,12.73,499.9,23.9,2.7,Hybrid,0.2
1993,Taita Taveta,Short Rains,Maize,8.95,294.3,22.0,2.7,Improved Traditional,0.2
1993,Garissa,Long Rains,Sorghum,1.21,205.7,33.4,20.1,Hybrid,0.31
1993,Garissa,Long Rains,Beans,5.57,343.9,32.4,20.1,Traditional,0.2
1993,Garissa,Long Rains,Maize,10.29,296.5,33.5,20.1,Traditional,0.37
1993,Garissa,Short Rains,Sorghum,2.38,113.6,30.7,20.1,Hybrid,0.2
1993,Garissa,Short Rains,Beans,2.03,191.7,32.2,20.1,Hybrid,0.2
1993,Garissa,Short Rains,Maize,11.83,184.3,33.6,20.1,Traditional,0.2
1993,Wajir,Long Rains,Sorghum,5.06,183.7,34.0,30.1,Traditional,0.2
1993,Wajir,Long Rains,Beans,7.67,234.9,32.0,30.1,Hybrid,0.2
1993,Wajir,Long Rains,Maize,13.72,244.1,32.4,30.1,Traditional,0.26
1993,Wajir,Short Rains,Sorghum,9.11,74.4,32.4,30.1,Traditional,0.2
1993,Wajir,Short Rains,Beans,6.38,84.8,34.4,30.1,Traditional,0.2
1993,Wajir,Short Rains,Maize,4.35,50.0,31.2,30.1,Improved Traditional,0.2
1993,Mandera,Long Rains,Sorghum,4.87,213.9,34.8,31.9,Traditional,0.2
1993,Mandera,Long Rains,Beans,2.59,155.4,32.9,31.9,Hybrid,0.2
1993,Mandera,Long Rains,Maize,9.83,133.2,33.6,31.9,Hybrid,0.2
1993,Mandera,Short Rains,Sorghum,8.29,93.8,35.3,31.9,Traditional,0.2
1993,Mandera,Short Rains,Beans,7.11,205.6,32.4,31.9,Hybrid,0.2
1993,Mandera,Short Rains,Maize,14.88,138.7,35.2,31.9,Improved Traditional,0.2
1993,Turkana,Long Rains,Sorghum,11.82,246.6,34.3,16.2,Hybrid,0.29
1993,Turkana,Long Rains,Beans,5.0,248.2,33.8,16.2,Traditional,0.2
1993,Turkana,Long Rains,Maize,1.48,221.1,35.8,16.2,Traditional,0.21
1993,Turkana,Short Rains,Sorghum,10.93,111.4,36.7,16.2,Traditional,0.2
1993,Turkana,Short Rains,Beans,2.62,121.8,34.7,16.2,Traditional,0.2
1993,Turkana,Short Rains,Maize,2.06,172.1,33.8,16.2,Traditional,0.22
1993,West Pokot,Long Rains,Beans,13.78,503.4,23.1,71.9,Improved Traditional,0.41
1993,West Pokot,Long Rains,Maize,14.67,800.4,22.1,71.9,Hybrid,3.49
1993,West Pokot,Short Rains,Beans,1.78,337.8,23.0,71.9,Traditional,0.33
1993,West Pokot,Short Rains,Maize,14.8,208.9,24.2,71.9,Hybrid,0.3
1993,Samburu,Long Rains,Beans,7.7,412.0,24.9,33.3,Improved Traditional,0.23
1993,Samburu,Long Rains,Maize,5.74,508.2,27.3,33.3,Hybrid,1.12
1993,Samburu,Short Rains,Beans,8.25,194.4,26.3,33.3,Traditional,0.2
1993,Samburu,Short Rains,Maize,9.13,269.9,25.7,33.3,Improved Traditional,0.65
1993,Baringo,Long Rains,Beans,2.59,782.9,25.0,22.8,Traditional,0.43
1993,Baringo,Long Rains,Maize,11.17,582.1,23.6,22.8,Hybrid,1.17
1993,Baringo,Short Rains,Beans,0.62,97.2,24.8,22.8,Hybrid,0.2
1993,Baringo,Short Rains,Maize,8.01,422.2,22.7,22.8,Traditional,0.67
1993,Laikipia,Long Rains,Wheat,3.88,609.6,21.1,58.4,Traditional,1.63
1993,Laikipia,Long Rains,Beans,12.53,895.0,18.3,58.4,Traditional,0.84
1993,Laikipia,Long Rains,Maize,10.2,428.0,18.4,58.4,Improved Traditional,0.92
1993,Laikipia,Short Rains,Wheat,14.94,50.0,19.7,58.4,Traditional,0.2
1993,Laikipia,Short Rains,Beans,13.79,109.7,15.7,58.4,Traditional,0.2
1993,Laikipia,Short Rains,Maize,3.29,676.4,19.8,58.4,Traditional,2.89
1993,Kisumu,Long Rains,Beans,8.23,835.9,21.8,35.7,Improved Traditional,0.86
1993,Kisumu,Long Rains,Maize,5.95,1018.5,24.6,35.7,Hybrid,2.66
1993,Kisumu,Short Rains,Beans,2.89,415.5,23.8,35.7,Hybrid,0.2
1993,Kisumu,Short Rains,Maize,6.57,713.1,21.9,35.7,Traditional,1.21
1993,Siaya,Long Rains,Beans,14.5,1063.8,20.6,60.5,Hybrid,1.65
1993,Siaya,Long Rains,Maize,10.26,712.9,23.5,60.5,Improved Traditional,1.29
1993,Siaya,Long Rains,Cassava,5.3,1106.8,22.9,60.5,Hybrid,5.6
1993,Siaya,Short Rains,Beans,4.58,460.6,21.3,60.5,Hybrid,0.28
1993,Siaya,Short Rains,Maize,13.25,307.6,22.0,60.5,Hybrid,0.43
1993,Siaya,Short Rains,Cassava,2.82,654.3,23.7,60.5,Hybrid,2.94
1993,Homa Bay,Long Rains,Beans,5.85,1068.5,23.2,67.7,Traditional,0.77
1993,Homa Bay,Long Rains,Maize,14.23,955.8,23.8,67.7,Traditional,3.31
1993,Homa Bay,Short Rains,Beans,1.77,450.7,24.2,67.7,Improved Traditional,0.36
1993,Homa Bay,Short Rains,Maize,12.83,427.6,23.8,67.7,Improved Traditional,1.17
1993,Migori,Long Rains,Beans,0.75,1614.2,22.5,59.4,Traditional,1.56
1993,Migori,Long Rains,Maize,8.36,1101.7,22.3,59.4,Hybrid,3.99
1993,Migori,Short Rains,Beans,10.42,681.5,17.3,59.4,Hybrid,1.0
1993,Migori,Short Rains,Maize,3.0,704.1,19.6,59.4,Traditional,1.32
1993,Kajiado,Long Rains,Beans,4.17,611.2,20.1,27.9,Traditional,0.5
1993,Kajiado,Long Rains,Maize,7.78,555.4,21.7,27.9,Improved Traditional,1.79
1993,Kajiado,Short Rains,Beans,1.8,281.8,21.2,27.9,Traditional,0.2
1993,Kajiado,Short Rains,Maize,1.94,458.5,20.8,27.9,Improved Traditional,0.86
1993,Narok,Long Rains,Wheat,5.66,688.7,18.4,53.9,Traditional,1.71
1993,Narok,Long Rains,Beans,13.17,910.1,16.5,53.9,Traditional,1.0
1993,Narok,Long Rains,Maize,2.83,607.8,18.4,53.9,Traditional,1.79
1993,Narok,Short Rains,Wheat,14.07,649.3,18.1,53.9,Improved Traditional,1.62
1993,Narok,Short Rains,Beans,6.22,622.6,18.1,53.9,Traditional,0.67
1993,Narok,Short Rains,Maize,12.56,720.7,16.7,53.9,Improved Traditional,0.2
1993,Elgeyo-Marakwet,Long Rains,Beans,12.01,659.5,20.4,34.6,Hybrid,0.83
1993,Elgeyo-Marakwet,Long Rains,Maize,3.96,463.6,16.9,34.6,Hybrid,0.91
1993,Elgeyo-Marakwet,Short Rains,Beans,1.01,587.3,16.9,34.6,Traditional,0.28
1993,Elgeyo-Marakwet,Short Rains,Maize,5.67,626.4,14.7,34.6,Traditional,0.75
1993,Busia,Long Rains,Beans,7.14,691.9,19.2,59.1,Hybrid,0.81
1993,Busia,Long Rains,Maize,8.67,1112.7,21.8,59.1,Traditional,2.84
1993,Busia,Long Rains,Cassava,12.86,1114.2,19.1,59.1,Hybrid,2.5
1993,Busia,Long Rains,Rice,13.64,927.8,21.6,59.1,Traditional,1.61
1993,Busia,Short Rains,Beans,1.69,603.6,19.8,59.1,Traditional,0.7
1993,Busia,Short Rains,Maize,10.68,685.7,20.2,59.1,Traditional,2.14
1993,Busia,Short Rains,Cassava,2.15,814.7,18.6,59.1,Hybrid,1.75
1993,Busia,Short Rains,Rice,4.63,763.5,17.8,59.1,Hybrid,1.38
1993,Isiolo,Long Rains,Beans,1.98,236.0,29.1,38.5,Hybrid,0.2
1993,Isiolo,Long Rains,Maize,12.13,354.0,29.9,38.5,Traditional,0.2
1993,Isiolo,Short Rains,Beans,7.57,144.2,29.4,38.5,Traditional,0.2
1993,Isiolo,Short Rains,Maize,8.33,237.6,30.2,38.5,Traditional,0.28
1993,Marsabit,Long Rains,Beans,4.87,284.9,30.9,34.5,Hybrid,0.2
1993,Marsabit,Long Rains,Maize,14.81,161.7,31.0,34.5,Traditional,0.2
1993,Marsabit,Short Rains,Beans,12.63,190.3,30.4,34.5,Hybrid,0.2
1993,Marsabit,Short Rains,Maize,5.12,291.3,29.6,34.5,Hybrid,0.41
1994,Uasin Gishu,Long Rains,Wheat,2.47,1016.4,17.8,104.0,Hybrid,9.61
1994,Uasin Gishu,Long Rains,Beans,10.53,752.9,18.5,104.0,Improved Traditional,2.08
1994,Uasin Gishu,Long Rains,Maize,3.53,816.1,16.3,104.0,Improved Traditional,3.04
1994,Uasin Gishu,Short Rains,Wheat,1.81,507.8,18.0,104.0,Traditional,2.92
1994,Uasin Gishu,Short Rains,Beans,7.7,395.3,15.1,104.0,Hybrid,0.28
1994,Uasin Gishu,Short Rains,Maize,2.72,404.1,18.5,104.0,Improved Traditional,0.61
1994,Trans Nzoia,Long Rains,Wheat,3.26,744.0,17.0,75.6,Traditional,3.25
1994,Trans Nzoia,Long Rains,Beans,2.26,877.8,16.3,75.6,Traditional,1.55
1994,Trans Nzoia,Long Rains,Maize,5.99,657.9,16.7,75.6,Hybrid,2.87
1994,Trans Nzoia,Short Rains,Wheat,13.07,769.4,17.8,75.6,Traditional,3.72
1994,Trans Nzoia,Short Rains,Beans,2.92,492.8,17.6,75.6,Traditional,0.36
1994,Trans Nzoia,Short Rains,Maize,7.23,818.0,17.6,75.6,Hybrid,2.74
1994,Nakuru,Long Rains,Wheat,9.48,801.1,18.3,84.8,Hybrid,6.97
1994,Nakuru,Long Rains,Beans,2.77,890.6,18.1,84.8,Improved Traditional,1.56
1994,Nakuru,Long Rains,Maize,4.89,876.6,18.6,84.8,Hybrid,2.53
1994,Nakuru,Long Rains,Potatoes,4.21,1029.9,21.2,84.8,Traditional,6.93
1994,Nakuru,Short Rains,Wheat,12.49,701.9,18.1,84.8,Hybrid,7.04
1994,Nakuru,Short Rains,Beans,13.08,589.0,17.5,84.8,Traditional,1.15
1994,Nakuru,Short Rains,Maize,2.57,608.6,18.5,84.8,Hybrid,3.46
1994,Nakuru,Short Rains,Potatoes,5.58,504.4,19.5,84.8,Improved Traditional,3.13
1994,Nandi,Long Rains,Beans,7.54,878.2,18.8,115.5,Hybrid,1.98
1994,Nandi,Long Rains,Maize,5.95,852.4,19.2,115.5,Hybrid,5.79
1994,Nandi,Long Rains,Tea,10.23,546.4,17.0,115.5,Hybrid,4.22
1994,Nandi,Short Rains,Beans,10.99,451.6,16.4,115.5,Improved Traditional,0.51
1994,Nandi,Short Rains,Maize,8.41,795.0,17.7,115.5,Hybrid,3.6
1994,Nandi,Short Rains,Tea,14.29,498.2,17.3,115.5,Hybrid,0.87
1994,Bungoma,Long Rains,Beans,4.03,1062.9,20.2,49.9,Hybrid,1.38
1994,Bungoma,Long Rains,Maize,4.09,1104.7,17.9,49.9,Hybrid,1.8
1994,Bungoma,Short Rains,Beans,6.56,919.2,19.6,49.9,Improved Traditional,1.15
1994,Bungoma,Short Rains,Maize,0.61,584.9,18.1,49.9,Traditional,1.34
1994,Kakamega,Long Rains,Beans,8.34,1148.5,20.0,96.1,Improved Traditional,1.93
1994,Kakamega,Long Rains,Maize,1.44,1302.1,19.0,96.1,Traditional,1.88
1994,Kakamega,Short Rains,Beans,5.67,693.0,16.1,96.1,Traditional,0.34
1994,Kakamega,Short Rains,Maize,10.13,746.5,17.6,96.1,Improved Traditional,2.2
1994,Kisii,Long Rains,Beans,0.9,1395.8,19.7,105.3,Hybrid,2.37
1994,Kisii,Long Rains,Maize,4.56,903.4,19.7,105.3,Traditional,4.13
1994,Kisii,Short Rains,Beans,11.38,642.4,18.7,105.3,Hybrid,0.43
1994,Kisii,Short Rains,Maize,10.42,386.4,17.8,105.3,Improved Traditional,0.2
1994,Nyamira,Long Rains,Beans,7.93,1359.7,17.7,104.5,Hybrid,2.52
1994,Nyamira,Long Rains,Maize,3.39,1528.0,17.6,104.5,Hybrid,1.95
1994,Nyamira,Short Rains,Beans,14.83,514.5,18.3,104.5,Hybrid,0.35
1994,Nyamira,Short Rains,Maize,6.82,657.8,18.0,104.5,Hybrid,0.63
1994,Vihiga,Long Rains,Beans,13.28,1584.3,19.9,73.3,Improved Traditional,2.86
1994,Vihiga,Long Rains,Maize,2.33,1212.1,21.2,73.3,Hybrid,6.98
1994,Vihiga,Short Rains,Beans,10.98,344.7,19.3,73.3,Hybrid,0.2
1994,Vihiga,Short Rains,Maize,1.42,669.0,19.7,73.3,Traditional,1.55
1994,Bomet,Long Rains,Beans,9.42,1082.8,17.8,140.1,Hybrid,2.52
1994,Bomet,Long Rains,Maize,4.35,952.8,17.0,140.1,Hybrid,4.67
1994,Bomet,Long Rains,Tea,8.3,1072.7,18.0,140.1,Hybrid,5.42
1994,Bomet,Long Rains,Potatoes,9.89,1182.5,18.5,140.1,Improved Traditional,10.65
1994,Bomet,Short Rains,Beans,9.09,834.7,17.2,140.1,Hybrid,1.37
1994,Bomet,Short Rains,Maize,3.33,1126.9,16.7,140.1,Hybrid,5.79
1994,Bomet,Short Rains,Tea,9.25,678.8,15.6,140.1,Traditional,1.07
1994,Bomet,Short Rains,Potatoes,14.51,541.2,15.1,140.1,Hybrid,3.0
1994,Kericho,Long Rains,Beans,7.38,1089.8,18.3,86.6,Hybrid,2.1
1994,Kericho,Long Rains,Maize,12.76,1391.0,17.2,86.6,Improved Traditional,3.36
1994,Kericho,Long Rains,Tea,12.76,1247.8,19.3,86.6,Hybrid,3.68
1994,Kericho,Short Rains,Beans,1.47,677.4,18.3,86.6,Hybrid,0.9
1994,Kericho,Short Rains,Maize,8.54,707.9,18.8,86.6,Improved Traditional,2.51
1994,Kericho,Short Rains,Tea,3.23,536.0,17.5,86.6,Traditional,0.75
1994,Nyeri,Long Rains,Beans,2.59,478.0,16.2,59.4,Traditional,0.38
1994,Nyeri,Long Rains,Maize,8.99,449.5,15.3,59.4,Traditional,0.56
1994,Nyeri,Long Rains,Tea,2.75,989.6,14.9,59.4,Traditional,1.9
1994,Nyeri,Long Rains,Coffee,6.1,983.8,14.9,59.4,Traditional,2.21
1994,Nyeri,Short Rains,Beans,5.87,172.3,16.6,59.4,Traditional,0.2
1994,Nyeri,Short Rains,Maize,11.22,656.0,16.3,59.4,Improved Traditional,1.58
1994,Nyeri,Short Rains,Tea,3.27,394.7,15.1,59.4,Hybrid,0.2
1994,Nyeri,Short Rains,Coffee,6.07,458.5,17.8,59.4,Traditional,1.09
1994,Muranga,Long Rains,Beans,13.85,709.3,17.7,69.3,Traditional,1.15
1994,Muranga,Long Rains,Maize,8.09,1227.8,16.0,69.3,Improved Traditional,3.88
1994,Muranga,Long Rains,Tea,13.11,934.0,18.2,69.3,Traditional,2.18
1994,Muranga,Long Rains,Coffee,7.77,948.9,17.1,69.3,Traditional,2.2
1994,Muranga,Short Rains,Beans,7.53,427.9,18.5,69.3,Traditional,0.81
1994,Muranga,Short Rains,Maize,8.56,555.4,18.6,69.3,Traditional,1.32
1994,Muranga,Short Rains,Tea,10.15,400.3,20.1,69.3,Hybrid,0.92
1994,Muranga,Short Rains,Coffee,1.74,593.5,18.9,69.3,Traditional,1.25
1994,Kiambu,Long Rains,Beans,4.38,694.4,17.5,83.7,Improved Traditional,1.45
1994,Kiambu,Long Rains,Maize,10.44,881.0,17.3,83.7,Improved Traditional,2.17
1994,Kiambu,Long Rains,Coffee,4.14,871.4,16.9,83.7,Traditional,1.44
1994,Kiambu,Short Rains,Beans,8.8,354.8,17.1,83.7,Traditional,0.2
1994,Kiambu,Short Rains,Maize,5.31,365.3,18.1,83.7,Improved Traditional,0.49
1994,Kiambu,Short Rains,Coffee,5.51,379.5,18.1,83.7,Hybrid,0.39
1994,Kirinyaga,Long Rains,Beans,8.55,839.7,19.2,71.0,Traditional,2.0
1994,Kirinyaga,Long Rains,Maize,10.56,842.0,18.7,71.0,Traditional,2.11
1994,Kirinyaga,Long Rains,Coffee,11.96,880.0,15.6,71.0,Hybrid,2.39
1994,Kirinyaga,Long Rains,Rice,10.1,606.4,18.4,71.0,Traditional,1.65
1994,Kirinyaga,Short Rains,Beans,8.78,689.3,17.5,71.0,Traditional,0.67
1994,Kirinyaga,Short Rains,Maize,13.98,733.4,17.6,71.0,Improved Traditional,0.88
1994,Kirinyaga,Short Rains,Coffee,1.93,833.9,18.8,71.0,Improved Traditional,2.58
1994,Kirinyaga,Short Rains,Rice,1.8,349.0,18.4,71.0,Traditional,0.29
1994,Embu,Long Rains,Beans,12.5,617.4,20.7,37.5,Hybrid,0.77
1994,Embu,Long Rains,Maize,5.39,939.5,17.9,37.5,Hybrid,2.5
1994,Embu,Long Rains,Coffee,14.18,862.9,18.4,37.5,Traditional,1.35
1994,Embu,Short Rains,Beans,7.42,458.5,18.4,37.5,Improved Traditional,0.29
1994,Embu,Short Rains,Maize,0.52,333.8,17.4,37.5,Hybrid,0.41
1994,Embu,Short Rains,Coffee,14.99,608.6,19.4,37.5,Traditional,0.79
1994,Meru,Long Rains,Beans,12.0,669.3,16.7,45.4,Traditional,0.75
1994,Meru,Long Rains,Maize,9.72,668.0,16.2,45.4,Improved Traditional,1.17
1994,Meru,Long Rains,Coffee,11.18,676.1,15.6,45.4,Traditional,1.07
1994,Meru,Long Rains,Potatoes,7.8,710.8,16.9,45.4,Traditional,3.49
1994,Meru,Short Rains,Beans,14.11,637.7,16.0,45.4,Improved Traditional,0.72
1994,Meru,Short Rains,Maize,6.28,518.6,18.6,45.4,Traditional,1.35
1994,Meru,Short Rains,Coffee,14.44,411.3,14.7,45.4,Traditional,0.44
1994,Meru,Short Rains,Potatoes,3.68,419.8,16.3,45.4,Hybrid,3.51
1994,Tharaka-Nithi,Long Rains,Beans,5.34,434.2,20.9,23.6,Traditional,0.47
1994,Tharaka-Nithi,Long Rains,Maize,0.69,772.5,19.2,23.6,Hybrid,1.8
1994,Tharaka-Nithi,Short Rains,Beans,12.96,608.6,19.6,23.6,Improved Traditional,0.51
1994,Tharaka-Nithi,Short Rains,Maize,14.64,380.1,22.3,23.6,Traditional,0.73
1994,Nyandarua,Long Rains,Beans,14.01,970.6,14.3,123.5,Hybrid,1.63
1994,Nyandarua,Long Rains,Maize,2.81,705.8,15.1,123.5,Traditional,1.22
1994,Nyandarua,Long Rains,Potatoes,9.19,796.5,14.0,123.5,Hybrid,15.48
1994,Nyandarua,Short Rains,Beans,1.54,304.1,16.1,123.5,Traditional,0.2
1994,Nyandarua,Short Rains,Maize,6.2,568.0,14.6,123.5,Hybrid,1.9
1994,Nyandarua,Short Rains,Potatoes,9.49,342.3,15.6,123.5,Hybrid,2.45
1994,Nairobi,Long Rains,Beans,11.65,564.9,17.5,34.1,Hybrid,0.38
1994,Nairobi,Long Rains,Maize,5.16,736.4,18.2,34.1,Hybrid,1.39
1994,Nairobi,Short Rains,Beans,7.18,395.4,17.9,34.1,Traditional,0.2
1994,Nairobi,Short Rains,Maize,12.2,379.7,16.2,34.1,Improved Traditional,0.21
1994,Machakos,Long Rains,Sorghum,3.85,383.8,23.0,53.7,Hybrid,0.75
1994,Machakos,Long Rains,Beans,3.41,623.0,19.0,53.7,Improved Traditional,0.66
1994,Machakos,Long Rains,Maize,6.0,471.9,20.9,53.7,Hybrid,1.93
1994,Machakos,Short Rains,Sorghum,3.55,481.1,22.9,53.7,Hybrid,0.78
1994,Machakos,Short Rains,Beans,6.34,657.3,23.4,53.7,Hybrid,1.11
1994,Machakos,Short Rains,Maize,6.69,515.6,20.4,53.7,Hybrid,2.49
1994,Makueni,Long Rains,Sorghum,12.27,488.1,24.1,5.2,Traditional,0.49
1994,Makueni,Long Rains,Beans,8.71,575.9,25.1,5.2,Hybrid,0.22
1994,Makueni,Long Rains,Maize,11.41,575.4,24.6,5.2,Hybrid,0.8
1994,Makueni,Short Rains,Sorghum,12.38,50.0,22.5,5.2,Hybrid,0.2
1994,Makueni,Short Rains,Beans,8.2,56.4,25.5,5.2,Improved Traditional,0.2
1994,Makueni,Short Rains,Maize,4.82,411.1,23.9,5.2,Traditional,0.71
1994,Kitui,Long Rains,Sorghum,1.38,350.9,24.4,12.9,Traditional,0.35
1994,Kitui,Long Rains,Beans,11.68,231.7,26.5,12.9,Improved Traditional,0.2
1994,Kitui,Long Rains,Maize,12.72,657.7,24.7,12.9,Improved Traditional,0.68
1994,Kitui,Short Rains,Sorghum,14.23,107.9,23.1,12.9,Hybrid,0.2
1994,Kitui,Short Rains,Beans,13.96,246.7,23.6,12.9,Hybrid,0.2
1994,Kitui,Short Rains,Maize,1.06,481.9,24.3,12.9,Traditional,0.7
1994,Mombasa,Long Rains,Beans,8.24,777.9,27.8,29.4,Traditional,0.2
1994,Mombasa,Long Rains,Maize,4.56,730.1,27.6,29.4,Improved Traditional,0.41
1994,Mombasa,Short Rains,Beans,5.67,292.6,28.1,29.4,Hybrid,0.2
1994,Mombasa,Short Rains,Maize,14.41,620.5,30.5,29.4,Improved Traditional,0.22
1994,Kilifi,Long Rains,Beans,6.06,567.8,27.1,38.0,Improved Traditional,0.21
1994,Kilifi,Long Rains,Maize,6.96,509.3,27.9,38.0,Traditional,0.24
1994,Kilifi,Long Rains,Cassava,8.3,579.4,28.0,38.0,Traditional,1.94
1994,Kilifi,Short Rains,Beans,14.02,544.8,29.0,38.0,Hybrid,0.2
1994,Kilifi,Short Rains,Maize,3.48,682.4,26.2,38.0,Hybrid,1.43
1994,Kilifi,Short Rains,Cassava,7.61,427.3,28.0,38.0,Traditional,1.08
1994,Kwale,Long Rains,Beans,14.18,762.1,28.1,27.1,Improved Traditional,0.2
1994,Kwale,Long Rains,Maize,2.4,1175.1,27.9,27.1,Improved Traditional,0.8
1994,Kwale,Long Rains,Cassava,5.79,826.6,26.1,27.1,Hybrid,2.14
1994,Kwale,Short Rains,Beans,7.8,884.0,26.3,27.1,Hybrid,0.34
1994,Kwale,Short Rains,Maize,5.37,295.7,28.6,27.1,Traditional,0.2
1994,Kwale,Short Rains,Cassava,9.9,457.3,29.4,27.1,Traditional,0.41
1994,Tana River,Long Rains,Beans,5.67,454.4,29.7,34.5,Hybrid,0.23
1994,Tana River,Long Rains,Maize,0.91,465.3,27.3,34.5,Hybrid,0.96
1994,Tana River,Long Rains,Rice,10.94,484.3,28.7,34.5,Traditional,0.8
1994,Tana River,Short Rains,Beans,12.16,366.5,29.2,34.5,Improved Traditional,0.2
1994,Tana River,Short Rains,Maize,13.66,299.7,28.6,34.5,Traditional,0.32
1994,Tana River,Short Rains,Rice,1.52,158.8,28.8,34.5,Traditional,0.2
1994,Lamu,Long Rains,Beans,10.23,559.2,28.0,15.6,Traditional,0.2
1994,Lamu,Long Rains,Maize,13.07,753.6,26.6,15.6,Traditional,0.7
1994,Lamu,Short Rains,Beans,14.04,686.0,28.5,15.6,Traditional,0.2
1994,Lamu,Short Rains,Maize,6.92,658.9,29.1,15.6,Hybrid,0.53
1994,Taita Taveta,Long Rains,Beans,8.02,570.6,23.7,30.8,Improved Traditional,0.2
1994,Taita Taveta,Long Rains,Maize,9.62,558.7,25.0,30.8,Traditional,1.0
1994,Taita Taveta,Short Rains,Beans,12.97,566.0,24.3,30.8,Hybrid,0.2
1994,Taita Taveta,Short Rains,Maize,5.99,357.5,23.0,30.8,Improved Traditional,0.38
1994,Garissa,Long Rains,Sorghum,3.55,256.6,32.4,21.1,Improved Traditional,0.34
1994,Garissa,Long Rains,Beans,11.81,117.2,32.1,21.1,Traditional,0.2
1994,Garissa,Long Rains,Maize,7.78,293.5,32.3,21.1,Traditional,0.3
1994,Garissa,Short Rains,Sorghum,7.82,244.7,34.6,21.1,Traditional,0.24
1994,Garissa,Short Rains,Beans,14.02,119.2,30.8,21.1,Improved Traditional,0.2
1994,Garissa,Short Rains,Maize,8.02,143.5,32.7,21.1,Hybrid,0.2
1994,Wajir,Long Rains,Sorghum,7.12,95.1,31.4,17.6,Improved Traditional,0.2
1994,Wajir,Long Rains,Beans,8.7,159.1,31.7,17.6,Traditional,0.2
1994,Wajir,Long Rains,Maize,14.22,228.6,33.2,17.6,Improved Traditional,0.2
1994,Wajir,Short Rains,Sorghum,12.96,111.1,33.8,17.6,Improved Traditional,0.2
1994,Wajir,Short Rains,Beans,1.17,125.4,33.0,17.6,Traditional,0.2
1994,Wajir,Short Rains,Maize,10.1,172.8,35.9,17.6,Improved Traditional,0.2
1994,Mandera,Long Rains,Sorghum,10.19,172.9,31.9,37.8,Hybrid,0.4
1994,Mandera,Long Rains,Beans,12.87,181.6,34.3,37.8,Improved Traditional,0.2
1994,Mandera,Long Rains,Maize,1.23,216.2,33.7,37.8,Traditional,0.26
1994,Mandera,Short Rains,Sorghum,10.21,50.0,33.6,37.8,Hybrid,0.2
1994,Mandera,Short Rains,Beans,9.8,50.0,32.4,37.8,Improved Traditional,0.2
1994,Mandera,Short Rains,Maize,4.87,120.1,33.6,37.8,Improved Traditional,0.2
1994,Turkana,Long Rains,Sorghum,2.54,276.8,37.4,21.7,Hybrid,0.2
1994,Turkana,Long Rains,Beans,14.25,225.4,38.8,21.7,Traditional,0.2
1994,Turkana,Long Rains,Maize,2.04,223.2,36.0,21.7,Hybrid,0.2
1994,Turkana,Short Rains,Sorghum,2.37,122.1,32.4,21.7,Traditional,0.2
1994,Turkana,Short Rains,Beans,1.09,50.0,34.5,21.7,Improved Traditional,0.2
1994,Turkana,Short Rains,Maize,1.46,78.7,32.8,21.7,Traditional,0.2
1994,West Pokot,Long Rains,Beans,1.49,853.8,20.2,49.1,Traditional,2.18
1994,West Pokot,Long Rains,Maize,3.24,489.5,21.3,49.1,Traditional,0.84
1994,West Pokot,Short Rains,Beans,1.22,423.6,19.5,49.1,Hybrid,0.75
1994,West Pokot,Short Rains,Maize,14.19,492.9,20.6,49.1,Traditional,2.02
1994,Samburu,Long Rains,Beans,7.1,649.4,23.2,16.4,Traditional,0.46
1994,Samburu,Long Rains,Maize,7.7,356.2,25.9,16.4,Hybrid,0.65
1994,Samburu,Short Rains,Beans,14.78,128.0,26.3,16.4,Improved Traditional,0.2
1994,Samburu,Short Rains,Maize,7.46,314.0,28.4,16.4,Improved Traditional,0.2
1994,Baringo,Long Rains,Beans,10.28,262.8,21.5,23.8,Improved Traditional,0.2
1994,Baringo,Long Rains,Maize,2.25,500.2,23.4,23.8,Traditional,0.77
1994,Baringo,Short Rains,Beans,6.75,277.4,24.9,23.8,Hybrid,0.2
1994,Baringo,Short Rains,Maize,1.87,682.1,23.8,23.8,Traditional,1.55
1994,Laikipia,Long Rains,Wheat,2.86,381.1,19.4,45.8,Hybrid,1.48
1994,Laikipia,Long Rains,Beans,5.77,774.8,19.9,45.8,Traditional,1.44
1994,Laikipia,Long Rains,Maize,3.05,774.2,17.8,45.8,Improved Traditional,0.95
1994,Laikipia,Short Rains,Wheat,7.54,735.7,17.1,45.8,Improved Traditional,2.41
1994,Laikipia,Short Rains,Beans,1.75,130.8,19.6,45.8,Hybrid,0.2
1994,Laikipia,Short Rains,Maize,7.3,535.1,18.0,45.8,Traditional,1.61
1994,Kisumu,Long Rains,Beans,4.65,807.7,23.4,48.2,Traditional,0.39
1994,Kisumu,Long Rains,Maize,0.83,595.4,21.9,48.2,Hybrid,2.04
1994,Kisumu,Short Rains,Beans,9.77,598.8,21.2,48.2,Hybrid,0.57
1994,Kisumu,Short Rains,Maize,8.58,298.2,23.6,48.2,Traditional,0.35
1994,Siaya,Long Rains,Beans,4.38,924.4,21.4,41.0,Traditional,0.9
1994,Siaya,Long Rains,Maize,7.45,960.1,20.9,41.0,Traditional,1.59
1994,Siaya,Long Rains,Cassava,5.91,1047.8,22.3,41.0,Traditional,2.71
1994,Siaya,Short Rains,Beans,12.36,512.1,24.0,41.0,Traditional,0.43
1994,Siaya,Short Rains,Maize,10.18,88.6,23.0,41.0,Traditional,0.2
1994,Siaya,Short Rains,Cassava,6.35,453.3,22.4,41.0,Traditional,0.24
1994,Homa Bay,Long Rains,Beans,2.09,1130.7,23.2,48.2,Improved Traditional,0.97
1994,Homa Bay,Long Rains,Maize,12.99,510.7,21.8,48.2,Traditional,1.04
1994,Homa Bay,Short Rains,Beans,2.31,614.4,23.7,48.2,Improved Traditional,0.7
1994,Homa Bay,Short Rains,Maize,6.52,555.9,21.8,48.2,Improved Traditional,1.82
1994,Migori,Long Rains,Beans,4.64,1103.6,20.0,35.8,Improved Traditional,1.07
1994,Migori,Long Rains,Maize,8.63,899.4,20.9,35.8,Traditional,1.24
1994,Migori,Short Rains,Beans,8.99,497.2,22.7,35.8,Traditional,0.2
1994,Migori,Short Rains,Maize,3.76,836.3,20.7,35.8,Hybrid,1.7
1994,Kajiado,Long Rains,Beans,6.37,476.4,22.2,37.4,Traditional,0.43
1994,Kajiado,Long Rains,Maize,9.07,323.2,20.6,37.4,Hybrid,1.08
1994,Kajiado,Short Rains,Beans,10.1,244.3,21.4,37.4,Traditional,0.2
1994,Kajiado,Short Rains,Maize,3.24,583.2,20.4,37.4,Traditional,2.31
1994,Narok,Long Rains,Wheat,2.14,865.6,19.0,73.4,Traditional,3.03
1994,Narok,Long Rains,Beans,2.65,1072.4,17.9,73.4,Traditional,1.23
1994,Narok,Long Rains,Maize,13.79,812.4,16.6,73.4,Traditional,2.29
1994,Narok,Short Rains,Wheat,6.55,703.3,18.2,73.4,Traditional,1.85
1994,Narok,Short Rains,Beans,3.28,523.8,20.2,73.4,Hybrid,1.25
1994,Narok,Short Rains,Maize,8.91,624.7,19.2,73.4,Hybrid,1.6
1994,Elgeyo-Marakwet,Long Rains,Beans,5.38,919.6,15.8,55.7,Traditional,0.95
1994,Elgeyo-Marakwet,Long Rains,Maize,13.58,695.9,15.8,55.7,Hybrid,0.88
1994,Elgeyo-Marakwet,Short Rains,Beans,14.58,427.0,14.8,55.7,Traditional,0.27
1994,Elgeyo-Marakwet,Short Rains,Maize,2.78,714.9,16.9,55.7,Traditional,1.44
1994,Busia,Long Rains,Beans,13.57,1110.9,20.4,89.3,Traditional,1.62
1994,Busia,Long Rains,Maize,10.18,1284.6,18.1,89.3,Improved Traditional,4.79
1994,Busia,Long Rains,Cassava,1.32,930.6,19.7,89.3,Traditional,2.11
1994,Busia,Long Rains,Rice,2.89,869.7,19.2,89.3,Traditional,0.83
1994,Busia,Short Rains,Beans,5.13,649.5,22.4,89.3,Hybrid,0.85
1994,Busia,Short Rains,Maize,10.89,649.9,20.8,89.3,Improved Traditional,3.04
1994,Busia,Short Rains,Cassava,1.06,563.5,22.5,89.3,Traditional,2.86
1994,Busia,Short Rains,Rice,9.82,732.6,17.4,89.3,Traditional,1.15
1994,Isiolo,Long Rains,Beans,13.3,319.3,31.5,32.5,Traditional,0.2
1994,Isiolo,Long Rains,Maize,11.37,437.2,33.4,32.5,Traditional,0.65
1994,Isiolo,Short Rains,Beans,11.33,237.5,29.0,32.5,Improved Traditional,0.2
1994,Isiolo,Short Rains,Maize,1.55,89.3,28.8,32.5,Improved Traditional,0.2
1994,Marsabit,Long Rains,Beans,6.51,320.4,31.2,30.3,Traditional,0.2
1994,Marsabit,Long Rains,Maize,1.21,372.2,32.0,30.3,Traditional,0.39
1994,Marsabit,Short Rains,Beans,8.29,177.9,30.5,30.3,Improved Traditional,0.2
1994,Marsabit,Short Rains,Maize,3.74,120.2,30.2,30.3,Improved Traditional,0.2
1995,Uasin Gishu,Long Rains,Wheat,11.35,1142.6,17.2,109.0,Hybrid,9.93
1995,Uasin Gishu,Long Rains,Beans,2.55,806.5,17.2,109.0,Hybrid,2.55
1995,Uasin Gishu,Long Rains,Maize,3.53,1036.1,16.2,109.0,Improved Traditional,3.06
1995,Uasin Gishu,Short Rains,Wheat,4.87,689.9,15.7,109.0,Traditional,5.61
1995,Uasin Gishu,Short Rains,Beans,11.25,1128.1,16.1,109.0,Hybrid,3.37
1995,Uasin Gishu,Short Rains,Maize,6.67,378.9,17.7,109.0,Hybrid,0.61
1995,Trans Nzoia,Long Rains,Wheat,3.35,952.2,17.3,130.6,Improved Traditional,6.84
1995,Trans Nzoia,Long Rains,Beans,10.84,969.4,16.9,130.6,Hybrid,3.54
1995,Trans Nzoia,Long Rains,Maize,10.93,1486.2,15.6,130.6,Hybrid,3.59
1995,Trans Nzoia,Short Rains,Wheat,5.2,1170.7,16.6,130.6,Hybrid,16.16
1995,Trans Nzoia,Short Rains,Beans,0.95,612.7,16.7,130.6,Hybrid,2.08
1995,Trans Nzoia,Short Rains,Maize,13.9,739.6,17.4,130.6,Hybrid,4.27
1995,Nakuru,Long Rains,Wheat,9.96,607.2,18.9,100.7,Hybrid,3.32
1995,Nakuru,Long Rains,Beans,0.8,720.7,19.5,100.7,Hybrid,2.45
1995,Nakuru,Long Rains,Maize,7.98,854.0,17.5,100.7,Hybrid,4.35
1995,Nakuru,Long Rains,Potatoes,11.05,1046.8,17.1,100.7,Hybrid,7.3
1995,Nakuru,Short Rains,Wheat,5.37,787.0,18.4,100.7,Improved Traditional,3.53
1995,Nakuru,Short Rains,Beans,13.21,599.2,18.1,100.7,Hybrid,0.96
1995,Nakuru,Short Rains,Maize,10.53,545.0,17.1,100.7,Traditional,2.42
1995,Nakuru,Short Rains,Potatoes,7.24,517.2,16.5,100.7,Hybrid,11.2
1995,Nandi,Long Rains,Beans,0.7,1270.2,17.6,120.4,Hybrid,4.55
1995,Nandi,Long Rains,Maize,4.79,1253.6,16.3,120.4,Improved Traditional,0.81
1995,Nandi,Long Rains,Tea,3.35,1010.1,15.9,120.4,Hybrid,4.63
1995,Nandi,Short Rains,Beans,0.62,566.7,16.3,120.4,Hybrid,2.14
1995,Nandi,Short Rains,Maize,1.15,1044.6,16.2,120.4,Traditional,4.79
1995,Nandi,Short Rains,Tea,13.37,663.3,16.8,120.4,Hybrid,3.33
1995,Bungoma,Long Rains,Beans,7.8,896.5,16.1,77.4,Hybrid,1.22
1995,Bungoma,Long Rains,Maize,7.61,1390.7,19.5,77.4,Traditional,4.44
1995,Bungoma,Short Rains,Beans,3.71,823.2,17.7,77.4,Traditional,1.35
1995,Bungoma,Short Rains,Maize,7.64,571.6,18.4,77.4,Hybrid,1.96
1995,Kakamega,Long Rains,Beans,4.05,1499.5,18.3,104.5,Hybrid,2.77
1995,Kakamega,Long Rains,Maize,6.46,1051.1,19.5,104.5,Hybrid,6.17
1995,Kakamega,Short Rains,Beans,11.65,1052.4,18.4,104.5,Improved Traditional,1.8
1995,Kakamega,Short Rains,Maize,2.27,370.6,20.3,104.5,Hybrid,1.2
1995,Kisii,Long Rains,Beans,9.79,1343.0,16.0,117.5,Hybrid,1.28
1995,Kisii,Long Rains,Maize,4.54,1359.0,20.3,117.5,Improved Traditional,6.0
1995,Kisii,Short Rains,Beans,8.18,771.3,18.8,117.5,Improved Traditional,1.49
1995,Kisii,Short Rains,Maize,7.29,1089.9,18.2,117.5,Hybrid,4.65
1995,Nyamira,Long Rains,Beans,9.74,1427.2,19.2,99.9,Improved Traditional,1.86
1995,Nyamira,Long Rains,Maize,11.48,1064.1,18.2,99.9,Improved Traditional,3.42
1995,Nyamira,Short Rains,Beans,3.69,1198.3,17.4,99.9,Traditional,1.03
1995,Nyamira,Short Rains,Maize,7.07,1319.0,17.7,99.9,Improved Traditional,3.62
1995,Vihiga,Long Rains,Beans,5.07,977.6,19.9,66.5,Traditional,0.93
1995,Vihiga,Long Rains,Maize,2.01,1141.2,18.8,66.5,Improved Traditional,1.4
1995,Vihiga,Short Rains,Beans,13.88,1103.9,20.5,66.5,Hybrid,0.64
1995,Vihiga,Short Rains,Maize,1.08,1109.2,18.1,66.5,Traditional,2.52
1995,Bomet,Long Rains,Beans,11.7,1395.6,15.6,105.4,Traditional,1.94
1995,Bomet,Long Rains,Maize,13.46,1627.0,16.5,105.4,Hybrid,7.79
1995,Bomet,Long Rains,Tea,6.39,1142.0,16.6,105.4,Hybrid,7.04
1995,Bomet,Long Rains,Potatoes,12.19,1036.1,17.8,105.4,Hybrid,13.78
1995,Bomet,Short Rains,Beans,1.94,460.9,16.6,105.4,Improved Traditional,0.24
1995,Bomet,Short Rains,Maize,14.61,887.0,16.6,105.4,Hybrid,2.19
1995,Bomet,Short Rains,Tea,10.55,719.7,16.9,105.4,Improved Traditional,2.54
1995,Bomet,Short Rains,Potatoes,3.9,653.5,18.6,105.4,Hybrid,10.44
1995,Kericho,Long Rains,Beans,2.96,1013.8,18.5,84.1,Improved Traditional,0.51
1995,Kericho,Long Rains,Maize,6.52,1292.8,20.2,84.1,Hybrid,2.75
1995,Kericho,Long Rains,Tea,4.12,1575.7,18.9,84.1,Improved Traditional,6.26
1995,Kericho,Short Rains,Beans,2.56,1324.5,17.3,84.1,Hybrid,0.59
1995,Kericho,Short Rains,Maize,10.08,813.9,17.4,84.1,Traditional,1.64
1995,Kericho,Short Rains,Tea,13.63,1152.6,18.0,84.1,Hybrid,4.38
1995,Nyeri,Long Rains,Beans,9.26,577.5,15.5,90.9,Improved Traditional,0.78
1995,Nyeri,Long Rains,Maize,11.67,827.4,14.4,90.9,Traditional,0.65
1995,Nyeri,Long Rains,Tea,4.01,831.0,14.2,90.9,Traditional,1.86
1995,Nyeri,Long Rains,Coffee,9.62,852.4,14.6,90.9,Traditional,1.81
1995,Nyeri,Short Rains,Beans,9.32,396.7,15.7,90.9,Improved Traditional,0.26
1995,Nyeri,Short Rains,Maize,1.42,526.1,16.5,90.9,Traditional,1.64
1995,Nyeri,Short Rains,Tea,10.7,523.2,13.9,90.9,Hybrid,2.1
1995,Nyeri,Short Rains,Coffee,0.82,313.6,17.9,90.9,Improved Traditional,0.44
1995,Muranga,Long Rains,Beans,12.45,670.9,17.1,56.6,Traditional,0.58
1995,Muranga,Long Rains,Maize,11.86,979.1,17.1,56.6,Traditional,2.87
1995,Muranga,Long Rains,Tea,5.77,766.0,15.0,56.6,Traditional,1.62
1995,Muranga,Long Rains,Coffee,12.14,822.6,16.5,56.6,Improved Traditional,1.34
1995,Muranga,Short Rains,Beans,4.68,218.9,17.9,56.6,Traditional,0.2
1995,Muranga,Short Rains,Maize,14.07,406.3,17.2,56.6,Hybrid,0.39
1995,Muranga,Short Rains,Tea,6.23,152.8,18.5,56.6,Improved Traditional,0.2
1995,Muranga,Short Rains,Coffee,4.7,458.5,16.3,56.6,Traditional,0.51
1995,Kiambu,Long Rains,Beans,5.97,832.2,17.1,49.5,Improved Traditional,0.52
1995,Kiambu,Long Rains,Maize,1.35,603.7,18.6,49.5,Hybrid,1.31
1995,Kiambu,Long Rains,Coffee,8.59,728.1,18.2,49.5,Hybrid,1.33
1995,Kiambu,Short Rains,Beans,5.04,549.3,14.7,49.5,Traditional,0.49
1995,Kiambu,Short Rains,Maize,13.52,370.9,17.3,49.5,Hybrid,0.4
1995,Kiambu,Short Rains,Coffee,2.32,646.0,15.2,49.5,Traditional,0.96
1995,Kirinyaga,Long Rains,Beans,9.06,812.2,16.4,97.5,Improved Traditional,1.25
1995,Kirinyaga,Long Rains,Maize,2.71,692.3,19.2,97.5,Traditional,3.08
1995,Kirinyaga,Long Rains,Coffee,6.47,1028.8,19.5,97.5,Hybrid,5.26
1995,Kirinyaga,Long Rains,Rice,12.07,638.6,18.6,97.5,Improved Traditional,1.03
1995,Kirinyaga,Short Rains,Beans,14.72,742.4,17.8,97.5,Traditional,1.61
1995,Kirinyaga,Short Rains,Maize,10.59,641.0,16.6,97.5,Traditional,2.44
1995,Kirinyaga,Short Rains,Coffee,9.04,419.5,17.7,97.5,Hybrid,2.21
1995,Kirinyaga,Short Rains,Rice,0.88,579.6,14.9,97.5,Traditional,1.02
1995,Embu,Long Rains,Beans,0.76,853.6,20.9,54.5,Traditional,1.32
1995,Embu,Long Rains,Maize,10.55,730.8,18.6,54.5,Improved Traditional,2.63
1995,Embu,Long Rains,Coffee,12.51,799.5,21.4,54.5,Hybrid,2.75
1995,Embu,Short Rains,Beans,3.62,366.1,20.6,54.5,Traditional,0.46
1995,Embu,Short Rains,Maize,4.42,313.5,19.9,54.5,Traditional,0.2
1995,Embu,Short Rains,Coffee,4.83,485.9,19.2,54.5,Traditional,1.25
1995,Meru,Long Rains,Beans,10.6,777.0,18.5,68.7,Hybrid,1.46
1995,Meru,Long Rains,Maize,9.48,546.4,17.0,68.7,Traditional,1.84
1995,Meru,Long Rains,Coffee,7.21,729.3,18.7,68.7,Improved Traditional,2.03
1995,Meru,Long Rains,Potatoes,8.54,897.4,18.9,68.7,Improved Traditional,5.48
1995,Meru,Short Rains,Beans,11.42,484.7,15.5,68.7,Improved Traditional,0.95
1995,Meru,Short Rains,Maize,5.1,428.7,17.3,68.7,Hybrid,2.06
1995,Meru,Short Rains,Coffee,2.8,549.0,14.9,68.7,Hybrid,1.17
1995,Meru,Short Rains,Potatoes,11.57,547.6,16.8,68.7,Traditional,2.18
1995,Tharaka-Nithi,Long Rains,Beans,6.84,635.2,19.0,81.5,Hybrid,1.51
1995,Tharaka-Nithi,Long Rains,Maize,6.13,905.0,19.4,81.5,Traditional,2.66
1995,Tharaka-Nithi,Short Rains,Beans,2.97,344.5,18.0,81.5,Traditional,0.77
1995,Tharaka-Nithi,Short Rains,Maize,7.63,581.6,20.6,81.5,Traditional,1.73
1995,Nyandarua,Long Rains,Beans,10.88,788.4,15.8,114.7,Improved Traditional,1.53
1995,Nyandarua,Long Rains,Maize,14.37,1115.8,14.1,114.7,Improved Traditional,3.91
1995,Nyandarua,Long Rains,Potatoes,8.31,1079.3,15.6,114.7,Traditional,6.51
1995,Nyandarua,Short Rains,Beans,14.72,566.0,12.7,114.7,Hybrid,0.71
1995,Nyandarua,Short Rains,Maize,1.2,485.7,13.1,114.7,Hybrid,1.22
1995,Nyandarua,Short Rains,Potatoes,4.18,880.6,14.9,114.7,Traditional,11.04
1995,Nairobi,Long Rains,Beans,9.02,564.8,18.2,21.1,Hybrid,0.32
1995,Nairobi,Long Rains,Maize,6.5,618.0,19.1,21.1,Traditional,0.49
1995,Nairobi,Short Rains,Beans,10.49,341.8,17.9,21.1,Hybrid,0.33
1995,Nairobi,Short Rains,Maize,11.89,600.3,19.3,21.1,Hybrid,0.69
1995,Machakos,Long Rains,Sorghum,2.55,538.8,24.3,65.1,Improved Traditional,0.62
1995,Machakos,Long Rains,Beans,13.57,863.3,22.0,65.1,Improved Traditional,1.32
1995,Machakos,Long Rains,Maize,4.16,753.7,21.3,65.1,Improved Traditional,3.46
1995,Machakos,Short Rains,Sorghum,2.98,50.0,21.2,65.1,Traditional,0.2
1995,Machakos,Short Rains,Beans,9.93,465.6,22.9,65.1,Hybrid,0.74
1995,Machakos,Short Rains,Maize,7.95,424.8,23.2,65.1,Hybrid,2.22
1995,Makueni,Long Rains,Sorghum,14.11,491.8,23.7,18.5,Traditional,0.45
1995,Makueni,Long Rains,Beans,5.08,574.1,24.3,18.5,Hybrid,0.2
1995,Makueni,Long Rains,Maize,9.14,470.6,24.7,18.5,Hybrid,0.73
1995,Makueni,Short Rains,Sorghum,9.95,337.1,24.7,18.5,Hybrid,0.56
1995,Makueni,Short Rains,Beans,13.89,535.8,22.7,18.5,Improved Traditional,0.25
1995,Makueni,Short Rains,Maize,6.65,545.0,23.9,18.5,Traditional,0.79
1995,Kitui,Long Rains,Sorghum,11.83,538.5,24.6,13.4,Traditional,0.54
1995,Kitui,Long Rains,Beans,5.2,825.8,26.3,13.4,Traditional,0.28
1995,Kitui,Long Rains,Maize,10.28,766.5,24.5,13.4,Traditional,1.06
1995,Kitui,Short Rains,Sorghum,5.92,561.4,25.0,13.4,Improved Traditional,0.2
1995,Kitui,Short Rains,Beans,1.82,266.0,24.3,13.4,Improved Traditional,0.2
1995,Kitui,Short Rains,Maize,9.11,670.1,26.6,13.4,Hybrid,0.61
1995,Mombasa,Long Rains,Beans,8.36,1041.7,29.6,31.1,Traditional,0.2
1995,Mombasa,Long Rains,Maize,6.12,580.0,28.1,31.1,Traditional,0.2
1995,Mombasa,Short Rains,Beans,1.39,416.4,27.5,31.1,Traditional,0.2
1995,Mombasa,Short Rains,Maize,3.71,794.1,27.7,31.1,Improved Traditional,0.2
1995,Kilifi,Long Rains,Beans,10.23,792.5,27.7,1.2,Traditional,0.2
1995,Kilifi,Long Rains,Maize,5.54,691.2,27.5,1.2,Traditional,0.54
1995,Kilifi,Long Rains,Cassava,10.86,1127.4,27.4,1.2,Traditional,1.37
1995,Kilifi,Short Rains,Beans,4.12,479.3,24.4,1.2,Traditional,0.2
1995,Kilifi,Short Rains,Maize,13.71,636.2,27.5,1.2,Traditional,0.45
1995,Kilifi,Short Rains,Cassava,13.0,474.7,27.2,1.2,Traditional,0.62
1995,Kwale,Long Rains,Beans,6.43,660.1,26.3,34.8,Hybrid,0.32
1995,Kwale,Long Rains,Maize,7.13,1059.5,26.9,34.8,Improved Traditional,1.56
1995,Kwale,Long Rains,Cassava,4.34,1194.3,27.3,34.8,Traditional,4.2
1995,Kwale,Short Rains,Beans,1.82,110.1,29.6,34.8,Traditional,0.2
1995,Kwale,Short Rains,Maize,8.97,711.7,27.1,34.8,Hybrid,0.51
1995,Kwale,Short Rains,Cassava,3.45,409.0,25.1,34.8,Traditional,0.2
1995,Tana River,Long Rains,Beans,8.6,467.5,28.4,10.2,Traditional,0.2
1995,Tana River,Long Rains,Maize,2.47,537.3,30.0,10.2,Improved Traditional,0.25
1995,Tana River,Long Rains,Rice,5.22,281.3,29.1,10.2,Hybrid,0.48
1995,Tana River,Short Rains,Beans,12.22,210.4,27.7,10.2,Hybrid,0.2
1995,Tana River,Short Rains,Maize,8.99,352.2,27.7,10.2,Traditional,0.23
1995,Tana River,Short Rains,Rice,10.05,271.9,28.3,10.2,Traditional,0.28
1995,Lamu,Long Rains,Beans,8.81,913.5,28.2,49.4,Traditional,0.22
1995,Lamu,Long Rains,Maize,7.81,622.0,27.2,49.4,Traditional,0.6
1995,Lamu,Short Rains,Beans,4.7,857.5,28.3,49.4,Improved Traditional,0.2
1995,Lamu,Short Rains,Maize,12.76,386.1,30.3,49.4,Improved Traditional,0.2
1995,Taita Taveta,Long Rains,Beans,11.43,673.8,24.3,27.6,Traditional,0.28
1995,Taita Taveta,Long Rains,Maize,3.61,455.8,23.6,27.6,Traditional,0.92
1995,Taita Taveta,Short Rains,Beans,11.28,215.1,22.0,27.6,Hybrid,0.2
1995,Taita Taveta,Short Rains,Maize,1.66,168.6,23.3,27.6,Traditional,0.2
1995,Garissa,Long Rains,Sorghum,1.28,192.1,30.3,26.8,Traditional,0.5
1995,Garissa,Long Rains,Beans,2.01,344.0,36.3,26.8,Hybrid,0.2
1995,Garissa,Long Rains,Maize,12.89,297.3,31.3,26.8,Improved Traditional,0.25
1995,Garissa,Short Rains,Sorghum,7.63,109.0,30.7,26.8,Hybrid,0.2
1995,Garissa,Short Rains,Beans,2.34,173.5,32.6,26.8,Improved Traditional,0.2
1995,Garissa,Short Rains,Maize,4.32,72.1,31.7,26.8,Traditional,0.2
1995,Wajir,Long Rains,Sorghum,12.94,178.8,34.5,38.4,Hybrid,0.36
1995,Wajir,Long Rains,Beans,11.12,135.1,31.8,38.4,Traditional,0.2
1995,Wajir,Long Rains,Maize,1.34,247.5,32.3,38.4,Improved Traditional,0.33
1995,Wajir,Short Rains,Sorghum,7.85,96.5,30.7,38.4,Hybrid,0.2
1995,Wajir,Short Rains,Beans,4.24,143.8,31.8,38.4,Improved Traditional,0.2
1995,Wajir,Short Rains,Maize,11.63,148.0,34.2,38.4,Traditional,0.2
1995,Mandera,Long Rains,Sorghum,10.79,113.2,33.6,20.7,Traditional,0.2
1995,Mandera,Long Rains,Beans,5.46,77.4,35.4,20.7,Traditional,0.2
1995,Mandera,Long Rains,Maize,4.3,259.1,32.5,20.7,Traditional,0.28
1995,Mandera,Short Rains,Sorghum,7.92,62.5,32.0,20.7,Traditional,0.2
1995,Mandera,Short Rains,Beans,13.21,142.2,35.4,20.7,Hybrid,0.2
1995,Mandera,Short Rains,Maize,1.15,149.3,34.7,20.7,Traditional,0.2
1995,Turkana,Long Rains,Sorghum,1.44,130.3,35.0,33.3,Hybrid,0.29
1995,Turkana,Long Rains,Beans,9.43,292.6,36.7,33.3,Improved Traditional,0.2
1995,Turkana,Long Rains,Maize,5.58,321.5,32.8,33.3,Traditional,0.29
1995,Turkana,Short Rains,Sorghum,6.92,86.3,33.6,33.3,Traditional,0.2
1995,Turkana,Short Rains,Beans,10.5,133.5,35.0,33.3,Improved Traditional,0.2
1995,Turkana,Short Rains,Maize,12.56,213.3,34.3,33.3,Traditional,0.21
1995,West Pokot,Long Rains,Beans,14.18,686.0,23.0,59.9,Hybrid,0.46
1995,West Pokot,Long Rains,Maize,11.45,735.2,21.8,59.9,Improved Traditional,4.18
1995,West Pokot,Short Rains,Beans,14.8,616.5,23.7,59.9,Traditional,0.86
1995,West Pokot,Short Rains,Maize,3.63,541.6,23.0,59.9,Improved Traditional,1.92
1995,Samburu,Long Rains,Beans,8.78,550.0,26.2,16.5,Traditional,0.2
1995,Samburu,Long Rains,Maize,9.12,419.2,27.5,16.5,Hybrid,0.61
1995,Samburu,Short Rains,Beans,14.71,150.0,26.5,16.5,Hybrid,0.2
1995,Samburu,Short Rains,Maize,9.83,215.0,26.7,16.5,Traditional,0.2
1995,Baringo,Long Rains,Beans,13.97,520.7,20.4,9.3,Improved Traditional,0.23
1995,Baringo,Long Rains,Maize,14.0,803.2,22.6,9.3,Improved Traditional,1.27
1995,Baringo,Short Rains,Beans,8.69,186.0,24.1,9.3,Hybrid,0.2
1995,Baringo,Short Rains,Maize,12.85,227.7,21.7,9.3,Traditional,0.2
1995,Laikipia,Long Rains,Wheat,0.67,753.0,17.0,64.9,Traditional,4.91
1995,Laikipia,Long Rains,Beans,1.47,849.2,20.9,64.9,Traditional,1.38
1995,Laikipia,Long Rains,Maize,1.65,769.5,18.0,64.9,Traditional,2.84
1995,Laikipia,Short Rains,Wheat,5.33,105.3,20.5,64.9,Traditional,0.2
1995,Laikipia,Short Rains,Beans,8.52,602.4,20.6,64.9,Traditional,1.0
1995,Laikipia,Short Rains,Maize,3.45,445.4,19.5,64.9,Traditional,1.82
1995,Kisumu,Long Rains,Beans,14.68,498.1,22.3,55.4,Hybrid,0.28
1995,Kisumu,Long Rains,Maize,6.82,946.7,23.1,55.4,Traditional,1.4
1995,Kisumu,Short Rains,Beans,8.9,855.9,22.9,55.4,Traditional,0.37
1995,Kisumu,Short Rains,Maize,1.26,425.7,20.4,55.4,Hybrid,0.54
1995,Siaya,Long Rains,Beans,13.14,1010.1,22.2,58.1,Traditional,0.36
1995,Siaya,Long Rains,Maize,2.16,955.0,19.8,58.1,Traditional,2.22
1995,Siaya,Long Rains,Cassava,12.58,1274.6,21.5,58.1,Traditional,4.05
1995,Siaya,Short Rains,Beans,5.09,562.3,21.6,58.1,Hybrid,0.82
1995,Siaya,Short Rains,Maize,8.78,537.7,22.5,58.1,Traditional,1.33
1995,Siaya,Short Rains,Cassava,5.07,778.4,22.8,58.1,Hybrid,3.7
1995,Homa Bay,Long Rains,Beans,3.42,903.3,22.6,68.9,Hybrid,1.27
1995,Homa Bay,Long Rains,Maize,7.23,779.4,24.7,68.9,Traditional,1.75
1995,Homa Bay,Short Rains,Beans,8.0,242.4,23.5,68.9,Traditional,0.2
1995,Homa Bay,Short Rains,Maize,11.57,844.3,22.2,68.9,Improved Traditional,1.94
1995,Migori,Long Rains,Beans,11.45,1051.4,18.6,69.9,Traditional,0.73
1995,Migori,Long Rains,Maize,9.38,1047.2,21.4,69.9,Hybrid,3.47
1995,Migori,Short Rains,Beans,10.68,565.8,21.0,69.9,Traditional,0.72
1995,Migori,Short Rains,Maize,5.98,752.6,20.5,69.9,Improved Traditional,1.76
1995,Kajiado,Long Rains,Beans,4.72,568.4,22.5,38.7,Hybrid,0.41
1995,Kajiado,Long Rains,Maize,10.9,562.3,20.7,38.7,Hybrid,1.62
1995,Kajiado,Short Rains,Beans,7.4,430.7,18.6,38.7,Traditional,0.59
1995,Kajiado,Short Rains,Maize,13.0,359.2,21.1,38.7,Improved Traditional,0.85
1995,Narok,Long Rains,Wheat,14.45,971.6,18.5,74.9,Traditional,5.61
1995,Narok,Long Rains,Beans,11.32,554.9,18.3,74.9,Hybrid,1.03
1995,Narok,Long Rains,Maize,8.51,505.4,18.3,74.9,Improved Traditional,0.94
1995,Narok,Short Rains,Wheat,3.38,756.7,20.9,74.9,Traditional,1.87
1995,Narok,Short Rains,Beans,6.46,543.2,18.8,74.9,Traditional,0.51
1995,Narok,Short Rains,Maize,7.71,215.1,19.4,74.9,Traditional,0.2
1995,Elgeyo-Marakwet,Long Rains,Beans,9.27,674.0,17.0,59.8,Improved Traditional,0.77
1995,Elgeyo-Marakwet,Long Rains,Maize,9.75,689.2,19.1,59.8,Improved Traditional,1.65
1995,Elgeyo-Marakwet,Short Rains,Beans,4.64,815.1,16.8,59.8,Traditional,0.91
1995,Elgeyo-Marakwet,Short Rains,Maize,1.6,703.2,16.6,59.8,Hybrid,1.36
1995,Busia,Long Rains,Beans,0.58,1192.2,19.3,50.4,Traditional,0.52
1995,Busia,Long Rains,Maize,10.95,718.5,20.5,50.4,Traditional,1.33
1995,Busia,Long Rains,Cassava,6.92,1196.7,22.3,50.4,Improved Traditional,2.68
1995,Busia,Long Rains,Rice,8.95,1575.0,22.5,50.4,Improved Traditional,3.8
1995,Busia,Short Rains,Beans,5.28,643.6,19.3,50.4,Hybrid,1.12
1995,Busia,Short Rains,Maize,4.36,692.9,20.3,50.4,Traditional,1.21
1995,Busia,Short Rains,Cassava,11.18,873.3,19.8,50.4,Traditional,0.98
1995,Busia,Short Rains,Rice,5.82,661.1,20.0,50.4,Traditional,1.42
1995,Isiolo,Long Rains,Beans,10.71,308.2,31.6,44.7,Traditional,0.2
1995,Isiolo,Long Rains,Maize,7.03,392.7,30.1,44.7,Traditional,0.33
1995,Isiolo,Short Rains,Beans,4.91,111.2,30.2,44.7,Hybrid,0.2
1995,Isiolo,Short Rains,Maize,2.95,135.8,31.4,44.7,Hybrid,0.2
1995,Marsabit,Long Rains,Beans,9.68,331.4,27.4,28.4,Traditional,0.2
1995,Marsabit,Long Rains,Maize,8.07,205.2,30.6,28.4,Traditional,0.2
1995,Marsabit,Short Rains,Beans,5.37,90.4,32.9,28.4,Traditional,0.2
1995,Marsabit,Short Rains,Maize,1.78,50.0,31.9,28.4,Traditional,0.2
1996,Uasin Gishu,Long Rains,Wheat,7.92,969.6,18.6,146.8,Hybrid,14.89
1996,Uasin Gishu,Long Rains,Beans,13.2,1552.5,17.9,146.8,Improved Traditional,3.92
1996,Uasin Gishu,Long Rains,Maize,12.77,990.1,16.6,146.8,Hybrid,8.64
1996,Uasin Gishu,Short Rains,Wheat,2.89,690.3,16.6,146.8,Traditional,5.06
1996,Uasin Gishu,Short Rains,Beans,10.77,396.4,16.1,146.8,Hybrid,0.57
1996,Uasin Gishu,Short Rains,Maize,3.54,226.5,18.9,146.8,Traditional,0.33
1996,Trans Nzoia,Long Rains,Wheat,11.45,1433.5,15.1,116.8,Improved Traditional,9.96
1996,Trans Nzoia,Long Rains,Beans,10.59,1065.8,15.3,116.8,Improved Traditional,1.6
1996,Trans Nzoia,Long Rains,Maize,9.67,1586.2,15.7,116.8,Hybrid,9.95
1996,Trans Nzoia,Short Rains,Wheat,12.73,1272.2,16.1,116.8,Hybrid,14.19
1996,Trans Nzoia,Short Rains,Beans,1.63,1009.5,17.6,116.8,Hybrid,2.45
1996,Trans Nzoia,Short Rains,Maize,12.89,919.6,17.2,116.8,Hybrid,4.92
1996,Nakuru,Long Rains,Wheat,4.63,880.8,20.1,159.2,Hybrid,15.34
1996,Nakuru,Long Rains,Beans,11.82,1047.0,19.3,159.2,Traditional,3.81
1996,Nakuru,Long Rains,Maize,13.21,1101.9,17.3,159.2,Hybrid,8.98
1996,Nakuru,Long Rains,Potatoes,13.73,598.3,19.4,159.2,Improved Traditional,2.25
1996,Nakuru,Short Rains,Wheat,14.26,555.8,16.6,159.2,Hybrid,5.41
1996,Nakuru,Short Rains,Beans,10.46,896.1,17.5,159.2,Hybrid,0.29
1996,Nakuru,Short Rains,Maize,2.92,712.9,16.5,159.2,Hybrid,2.45
1996,Nakuru,Short Rains,Potatoes,2.78,512.5,16.9,159.2,Hybrid,9.98
1996,Nandi,Long Rains,Beans,9.17,1269.7,17.5,139.1,Hybrid,2.57
1996,Nandi,Long Rains,Maize,13.9,1147.6,15.6,139.1,Hybrid,8.02
1996,Nandi,Long Rains,Tea,4.64,1379.6,18.3,139.1,Improved Traditional,7.65
1996,Nandi,Short Rains,Beans,12.43,670.3,19.0,139.1,Improved Traditional,2.14
1996,Nandi,Short Rains,Maize,11.02,525.3,16.4,139.1,Hybrid,1.73
1996,Nandi,Short Rains,Tea,3.94,546.0,18.3,139.1,Hybrid,3.33
1996,Bungoma,Long Rains,Beans,7.0,936.2,19.5,51.9,Hybrid,1.08
1996,Bungoma,Long Rains,Maize,6.01,1244.1,18.5,51.9,Hybrid,3.45
1996,Bungoma,Short Rains,Beans,10.41,839.9,19.1,51.9,Hybrid,1.88
1996,Bungoma,Short Rains,Maize,7.24,741.3,18.2,51.9,Hybrid,2.73
1996,Kakamega,Long Rains,Beans,2.13,1422.7,18.7,127.6,Hybrid,3.69
1996,Kakamega,Long Rains,Maize,13.54,1554.9,17.3,127.6,Improved Traditional,4.76
1996,Kakamega,Short Rains,Beans,9.88,232.8,19.0,127.6,Hybrid,0.2
1996,Kakamega,Short Rains,Maize,14.36,745.7,15.3,127.6,Hybrid,2.06
1996,Kisii,Long Rains,Beans,5.98,1670.7,20.6,72.7,Improved Traditional,1.4
1996,Kisii,Long Rains,Maize,8.4,1523.7,16.8,72.7,Hybrid,3.9
1996,Kisii,Short Rains,Beans,9.54,757.7,18.7,72.7,Traditional,0.7
1996,Kisii,Short Rains,Maize,5.17,583.5,18.9,72.7,Hybrid,0.98
1996,Nyamira,Long Rains,Beans,13.42,1538.1,17.5,125.3,Hybrid,2.78
1996,Nyamira,Long Rains,Maize,6.57,1436.7,18.8,125.3,Improved Traditional,7.44
1996,Nyamira,Short Rains,Beans,5.55,703.4,16.6,125.3,Hybrid,1.21
1996,Nyamira,Short Rains,Maize,2.61,358.4,17.7,125.3,Hybrid,0.49
1996,Vihiga,Long Rains,Beans,2.05,1781.2,20.7,52.2,Improved Traditional,2.98
1996,Vihiga,Long Rains,Maize,10.52,1395.0,20.5,52.2,Hybrid,4.17
1996,Vihiga,Short Rains,Beans,9.5,247.7,19.9,52.2,Traditional,0.2
1996,Vihiga,Short Rains,Maize,1.39,1183.1,18.7,52.2,Hybrid,3.62
1996,Bomet,Long Rains,Beans,1.24,1099.8,18.6,106.5,Traditional,1.31
1996,Bomet,Long Rains,Maize,2.6,1055.6,16.0,106.5,Hybrid,2.83
1996,Bomet,Long Rains,Tea,7.9,1323.9,15.0,106.5,Improved Traditional,2.71
1996,Bomet,Long Rains,Potatoes,4.31,1299.6,16.4,106.5,Hybrid,14.25
1996,Bomet,Short Rains,Beans,0.78,269.1,15.7,106.5,Hybrid,0.2
1996,Bomet,Short Rains,Maize,9.98,655.3,17.7,106.5,Hybrid,3.17
1996,Bomet,Short Rains,Tea,10.65,914.5,15.4,106.5,Traditional,2.64
1996,Bomet,Short Rains,Potatoes,14.75,872.3,16.8,106.5,Hybrid,10.47
1996,Kericho,Long Rains,Beans,6.91,1467.7,17.9,130.2,Hybrid,2.94
1996,Kericho,Long Rains,Maize,9.13,1257.3,16.8,130.2,Hybrid,6.54
1996,Kericho,Long Rains,Tea,2.03,1149.1,17.2,130.2,Traditional,2.55
1996,Kericho,Short Rains,Beans,7.51,1188.3,17.6,130.2,Hybrid,2.18
1996,Kericho,Short Rains,Maize,5.96,395.3,17.6,130.2,Hybrid,0.86
1996,Kericho,Short Rains,Tea,4.67,1111.6,20.5,130.2,Hybrid,5.61
1996,Nyeri,Long Rains,Beans,14.2,759.0,16.3,52.6,Traditional,0.41
1996,Nyeri,Long Rains,Maize,8.62,984.3,14.7,52.6,Improved Traditional,1.15
1996,Nyeri,Long Rains,Tea,7.1,717.4,17.0,52.6,Improved Traditional,1.48
1996,Nyeri,Long Rains,Coffee,6.27,720.1,18.0,52.6,Hybrid,2.28
1996,Nyeri,Short Rains,Beans,7.87,595.0,16.1,52.6,Traditional,0.45
1996,Nyeri,Short Rains,Maize,4.64,615.9,17.7,52.6,Traditional,1.05
1996,Nyeri,Short Rains,Tea,6.69,290.8,13.7,52.6,Improved Traditional,0.2
1996,Nyeri,Short Rains,Coffee,8.21,288.6,16.5,52.6,Traditional,0.23
1996,Muranga,Long Rains,Beans,5.52,1078.7,17.0,69.4,Improved Traditional,0.53
1996,Muranga,Long Rains,Maize,4.24,803.8,16.5,69.4,Improved Traditional,1.99
1996,Muranga,Long Rains,Tea,3.62,917.9,16.3,69.4,Traditional,1.86
1996,Muranga,Long Rains,Coffee,10.85,833.6,19.2,69.4,Traditional,2.32
1996,Muranga,Short Rains,Beans,12.4,483.1,18.6,69.4,Improved Traditional,0.6
1996,Muranga,Short Rains,Maize,11.32,505.6,17.9,69.4,Improved Traditional,2.11
1996,Muranga,Short Rains,Tea,5.02,930.6,19.2,69.4,Hybrid,2.31
1996,Muranga,Short Rains,Coffee,1.02,787.3,19.3,69.4,Traditional,2.12
1996,Kiambu,Long Rains,Beans,3.71,961.8,17.6,57.1,Improved Traditional,0.78
1996,Kiambu,Long Rains,Maize,3.36,697.0,16.6,57.1,Improved Traditional,1.7
1996,Kiambu,Long Rains,Coffee,14.8,886.6,18.3,57.1,Improved Traditional,1.14
1996,Kiambu,Short Rains,Beans,3.05,660.6,16.8,57.1,Traditional,0.89
1996,Kiambu,Short Rains,Maize,6.29,493.9,20.3,57.1,Improved Traditional,0.58
1996,Kiambu,Short Rains,Coffee,10.59,278.4,19.2,57.1,Traditional,0.22
1996,Kirinyaga,Long Rains,Beans,7.78,863.3,18.3,70.7,Hybrid,1.39
1996,Kirinyaga,Long Rains,Maize,13.92,908.7,18.2,70.7,Traditional,1.16
1996,Kirinyaga,Long Rains,Coffee,11.88,708.1,20.3,70.7,Improved Traditional,1.45
1996,Kirinyaga,Long Rains,Rice,11.21,853.5,18.9,70.7,Improved Traditional,3.08
1996,Kirinyaga,Short Rains,Beans,4.15,400.9,18.2,70.7,Improved Traditional,0.29
1996,Kirinyaga,Short Rains,Maize,9.73,896.0,15.5,70.7,Traditional,1.3
1996,Kirinyaga,Short Rains,Coffee,7.66,740.5,19.5,70.7,Hybrid,2.15
1996,Kirinyaga,Short Rains,Rice,6.44,863.2,20.0,70.7,Traditional,2.27
1996,Embu,Long Rains,Beans,4.76,622.6,20.0,72.3,Improved Traditional,1.37
1996,Embu,Long Rains,Maize,12.8,668.2,20.0,72.3,Traditional,3.51
1996,Embu,Long Rains,Coffee,1.31,482.7,22.3,72.3,Improved Traditional,1.09
1996,Embu,Short Rains,Beans,1.64,680.8,19.9,72.3,Traditional,0.53
1996,Embu,Short Rains,Maize,14.03,617.1,19.9,72.3,Traditional,2.2
1996,Embu,Short Rains,Coffee,6.7,603.5,20.8,72.3,Hybrid,1.6
1996,Meru,Long Rains,Beans,9.19,524.4,17.3,47.5,Hybrid,1.09
1996,Meru,Long Rains,Maize,5.8,683.6,14.6,47.5,Traditional,1.33
1996,Meru,Long Rains,Coffee,3.17,956.5,17.5,47.5,Improved Traditional,2.54
1996,Meru,Long Rains,Potatoes,10.91,654.7,18.3,47.5,Hybrid,5.74
1996,Meru,Short Rains,Beans,0.84,704.3,17.7,47.5,Hybrid,0.75
1996,Meru,Short Rains,Maize,12.75,473.9,18.1,47.5,Traditional,1.16
1996,Meru,Short Rains,Coffee,2.28,362.0,19.8,47.5,Improved Traditional,0.2
1996,Meru,Short Rains,Potatoes,8.21,450.5,17.5,47.5,Traditional,3.25
1996,Tharaka-Nithi,Long Rains,Beans,4.9,573.7,19.9,58.2,Hybrid,0.99
1996,Tharaka-Nithi,Long Rains,Maize,13.18,707.1,18.9,58.2,Traditional,1.17
1996,Tharaka-Nithi,Short Rains,Beans,7.92,627.5,19.1,58.2,Traditional,0.54
1996,Tharaka-Nithi,Short Rains,Maize,6.11,564.7,16.7,58.2,Traditional,0.9
1996,Nyandarua,Long Rains,Beans,10.17,1248.2,14.7,97.2,Improved Traditional,1.73
1996,Nyandarua,Long Rains,Maize,7.63,707.3,14.9,97.2,Hybrid,3.5
1996,Nyandarua,Long Rains,Potatoes,11.37,1334.8,16.2,97.2,Hybrid,16.11
1996,Nyandarua,Short Rains,Beans,14.28,509.6,15.5,97.2,Improved Traditional,0.41
1996,Nyandarua,Short Rains,Maize,5.02,364.9,17.2,97.2,Traditional,0.2
1996,Nyandarua,Short Rains,Potatoes,7.33,771.9,15.4,97.2,Hybrid,13.97
1996,Nairobi,Long Rains,Beans,5.92,743.2,19.0,23.1,Hybrid,0.63
1996,Nairobi,Long Rains,Maize,7.41,563.8,18.5,23.1,Traditional,0.8
1996,Nairobi,Short Rains,Beans,13.95,573.3,19.7,23.1,Traditional,0.35
1996,Nairobi,Short Rains,Maize,0.6,473.2,16.6,23.1,Hybrid,0.46
1996,Machakos,Long Rains,Sorghum,13.68,539.0,21.5,56.4,Hybrid,0.81
1996,Machakos,Long Rains,Beans,13.46,790.5,22.5,56.4,Traditional,0.99
1996,Machakos,Long Rains,Maize,13.87,750.3,20.0,56.4,Hybrid,2.41
1996,Machakos,Short Rains,Sorghum,3.87,347.9,24.0,56.4,Traditional,0.57
1996,Machakos,Short Rains,Beans,8.11,581.9,22.0,56.4,Traditional,0.2
1996,Machakos,Short Rains,Maize,4.24,235.7,22.3,56.4,Traditional,0.43
1996,Makueni,Long Rains,Sorghum,10.38,531.8,23.5,25.9,Traditional,0.42
1996,Makueni,Long Rains,Beans,14.08,611.6,26.1,25.9,Improved Traditional,0.32
1996,Makueni,Long Rains,Maize,1.32,786.5,23.1,25.9,Traditional,1.33
1996,Makueni,Short Rains,Sorghum,10.01,404.4,24.5,25.9,Traditional,0.36
1996,Makueni,Short Rains,Beans,11.48,394.7,25.9,25.9,Traditional,0.21
1996,Makueni,Short Rains,Maize,5.89,285.0,23.3,25.9,Hybrid,0.78
1996,Kitui,Long Rains,Sorghum,4.0,863.1,22.5,28.1,Traditional,0.68
1996,Kitui,Long Rains,Beans,4.29,648.5,26.1,28.1,Hybrid,0.23
1996,Kitui,Long Rains,Maize,4.31,307.4,24.8,28.1,Hybrid,0.44
1996,Kitui,Short Rains,Sorghum,0.8,413.8,23.7,28.1,Improved Traditional,0.41
1996,Kitui,Short Rains,Beans,1.56,492.8,24.3,28.1,Traditional,0.24
1996,Kitui,Short Rains,Maize,14.91,637.3,25.0,28.1,Traditional,1.21
1996,Mombasa,Long Rains,Beans,2.23,703.3,28.0,31.1,Hybrid,0.2
1996,Mombasa,Long Rains,Maize,0.96,1186.8,30.9,31.1,Traditional,0.44
1996,Mombasa,Short Rains,Beans,11.87,633.8,30.6,31.1,Improved Traditional,0.2
1996,Mombasa,Short Rains,Maize,13.39,901.3,28.7,31.1,Traditional,0.3
1996,Kilifi,Long Rains,Beans,13.57,487.0,26.6,15.5,Hybrid,0.2
1996,Kilifi,Long Rains,Maize,13.77,1019.4,26.5,15.5,Traditional,1.49
1996,Kilifi,Long Rains,Cassava,7.72,730.0,25.9,15.5,Traditional,1.77
1996,Kilifi,Short Rains,Beans,3.17,50.0,27.2,15.5,Hybrid,0.2
1996,Kilifi,Short Rains,Maize,10.35,886.1,25.8,15.5,Traditional,0.23
1996,Kilifi,Short Rains,Cassava,12.81,380.5,28.9,15.5,Traditional,0.37
1996,Kwale,Long Rains,Beans,0.77,954.1,28.0,24.4,Traditional,0.2
1996,Kwale,Long Rains,Maize,10.9,884.8,28.1,24.4,Improved Traditional,0.5
1996,Kwale,Long Rains,Cassava,4.93,1072.3,27.8,24.4,Hybrid,1.42
1996,Kwale,Short Rains,Beans,11.93,419.9,27.0,24.4,Hybrid,0.2
1996,Kwale,Short Rains,Maize,13.64,623.5,26.7,24.4,Traditional,0.45
1996,Kwale,Short Rains,Cassava,8.36,726.0,29.1,24.4,Traditional,1.28
1996,Tana River,Long Rains,Beans,3.31,737.5,29.6,18.8,Improved Traditional,0.2
1996,Tana River,Long Rains,Maize,12.09,269.5,30.2,18.8,Traditional,0.2
1996,Tana River,Long Rains,Rice,12.56,688.3,29.6,18.8,Traditional,0.9
1996,Tana River,Short Rains,Beans,4.37,94.3,29.0,18.8,Traditional,0.2
1996,Tana River,Short Rains,Maize,9.02,410.9,28.9,18.8,Hybrid,0.56
1996,Tana River,Short Rains,Rice,10.2,323.8,29.4,18.8,Traditional,0.34
1996,Lamu,Long Rains,Beans,6.07,768.0,26.2,24.6,Traditional,0.2
1996,Lamu,Long Rains,Maize,13.87,955.3,28.1,24.6,Hybrid,1.31
1996,Lamu,Short Rains,Beans,6.44,501.0,27.6,24.6,Traditional,0.2
1996,Lamu,Short Rains,Maize,2.08,706.9,27.9,24.6,Improved Traditional,0.46
1996,Taita Taveta,Long Rains,Beans,8.07,760.9,22.2,15.6,Hybrid,0.51
1996,Taita Taveta,Long Rains,Maize,13.71,1076.6,22.6,15.6,Improved Traditional,1.46
1996,Taita Taveta,Short Rains,Beans,4.25,431.2,23.3,15.6,Improved Traditional,0.25
1996,Taita Taveta,Short Rains,Maize,14.66,512.5,23.5,15.6,Traditional,0.68
1996,Garissa,Long Rains,Sorghum,10.73,257.4,29.9,26.0,Hybrid,1.08
1996,Garissa,Long Rains,Beans,14.36,296.7,30.5,26.0,Traditional,0.2
1996,Garissa,Long Rains,Maize,10.82,145.3,32.1,26.0,Improved Traditional,0.2
1996,Garissa,Short Rains,Sorghum,2.91,106.5,32.3,26.0,Traditional,0.2
1996,Garissa,Short Rains,Beans,2.33,249.4,29.9,26.0,Improved Traditional,0.2
1996,Garissa,Short Rains,Maize,13.62,81.6,32.4,26.0,Traditional,0.2
1996,Wajir,Long Rains,Sorghum,8.89,246.2,34.1,0.0,Traditional,0.2
1996,Wajir,Long Rains,Beans,11.9,268.0,32.8,0.0,Hybrid,0.2
1996,Wajir,Long Rains,Maize,13.26,180.6,32.8,0.0,Traditional,0.2
1996,Wajir,Short Rains,Sorghum,5.79,124.3,34.6,0.0,Traditional,0.2
1996,Wajir,Short Rains,Beans,14.96,158.6,34.2,0.0,Traditional,0.2
1996,Wajir,Short Rains,Maize,11.93,156.0,34.8,0.0,Improved Traditional,0.2
1996,Mandera,Long Rains,Sorghum,13.09,287.4,33.7,14.9,Improved Traditional,0.28
1996,Mandera,Long Rains,Beans,1.24,383.4,34.8,14.9,Traditional,0.2
1996,Mandera,Long Rains,Maize,2.99,351.5,34.2,14.9,Traditional,0.31
1996,Mandera,Short Rains,Sorghum,14.61,84.7,33.5,14.9,Hybrid,0.2
1996,Mandera,Short Rains,Beans,12.01,88.7,36.2,14.9,Hybrid,0.2
1996,Mandera,Short Rains,Maize,14.1,90.8,35.0,14.9,Traditional,0.2
1996,Turkana,Long Rains,Sorghum,3.22,209.1,34.2,33.9,Traditional,0.43
1996,Turkana,Long Rains,Beans,5.19,135.1,36.4,33.9,Improved Traditional,0.2
1996,Turkana,Long Rains,Maize,9.81,201.3,35.4,33.9,Hybrid,0.38
1996,Turkana,Short Rains,Sorghum,7.11,138.9,33.5,33.9,Traditional,0.2
1996,Turkana,Short Rains,Beans,12.87,244.6,33.9,33.9,Improved Traditional,0.2
1996,Turkana,Short Rains,Maize,11.07,262.6,34.8,33.9,Improved Traditional,0.51
1996,West Pokot,Long Rains,Beans,7.82,618.6,21.9,35.5,Traditional,0.55
1996,West Pokot,Long Rains,Maize,2.84,738.7,22.1,35.5,Improved Traditional,1.44
1996,West Pokot,Short Rains,Beans,8.8,117.7,23.5,35.5,Traditional,0.2
1996,West Pokot,Short Rains,Maize,10.85,487.7,22.6,35.5,Hybrid,0.79
1996,Samburu,Long Rains,Beans,4.15,440.1,25.3,19.5,Traditional,0.24
1996,Samburu,Long Rains,Maize,4.07,524.8,26.3,19.5,Traditional,0.73
1996,Samburu,Short Rains,Beans,8.17,321.8,24.9,19.5,Hybrid,0.2
1996,Samburu,Short Rains,Maize,7.07,368.8,27.4,19.5,Traditional,0.31
1996,Baringo,Long Rains,Beans,5.24,738.2,22.4,43.4,Traditional,0.47
1996,Baringo,Long Rains,Maize,9.49,1072.2,22.2,43.4,Traditional,3.02
1996,Baringo,Short Rains,Beans,13.17,521.3,23.5,43.4,Traditional,0.52
1996,Baringo,Short Rains,Maize,8.95,123.7,21.3,43.4,Improved Traditional,0.2
1996,Laikipia,Long Rains,Wheat,8.66,428.1,18.2,51.1,Hybrid,1.31
1996,Laikipia,Long Rains,Beans,13.63,764.1,20.9,51.1,Improved Traditional,1.22
1996,Laikipia,Long Rains,Maize,4.8,877.3,19.0,51.1,Improved Traditional,2.19
1996,Laikipia,Short Rains,Wheat,11.37,279.6,20.9,51.1,Traditional,0.2
1996,Laikipia,Short Rains,Beans,4.99,320.8,19.1,51.1,Improved Traditional,0.21
1996,Laikipia,Short Rains,Maize,9.64,589.6,20.0,51.1,Traditional,1.55
1996,Kisumu,Long Rains,Beans,14.66,1174.1,23.0,52.8,Improved Traditional,1.01
1996,Kisumu,Long Rains,Maize,7.35,920.0,23.6,52.8,Improved Traditional,3.54
1996,Kisumu,Short Rains,Beans,12.14,1206.7,21.5,52.8,Improved Traditional,1.23
1996,Kisumu,Short Rains,Maize,6.43,729.8,21.5,52.8,Traditional,2.36
1996,Siaya,Long Rains,Beans,1.82,1151.5,24.8,53.7,Traditional,0.4
1996,Siaya,Long Rains,Maize,6.35,1022.6,23.4,53.7,Improved Traditional,1.64
1996,Siaya,Long Rains,Cassava,11.35,1186.8,21.2,53.7,Improved Traditional,2.59
1996,Siaya,Short Rains,Beans,6.15,935.4,21.9,53.7,Traditional,0.87
1996,Siaya,Short Rains,Maize,2.45,863.9,22.6,53.7,Improved Traditional,1.91
1996,Siaya,Short Rains,Cassava,14.45,435.3,23.6,53.7,Improved Traditional,0.28
1996,Homa Bay,Long Rains,Beans,8.55,1034.3,21.4,74.9,Traditional,1.16
1996,Homa Bay,Long Rains,Maize,5.78,765.6,24.0,74.9,Traditional,1.91
1996,Homa Bay,Short Rains,Beans,8.79,726.6,24.1,74.9,Traditional,0.73
1996,Homa Bay,Short Rains,Maize,3.61,597.9,24.3,74.9,Improved Traditional,1.84
1996,Migori,Long Rains,Beans,6.04,1299.6,21.5,62.7,Traditional,1.08
1996,Migori,Long Rains,Maize,7.32,1395.8,18.4,62.7,Traditional,3.57
1996,Migori,Short Rains,Beans,0.55,1329.1,19.5,62.7,Hybrid,2.1
1996,Migori,Short Rains,Maize,0.7,531.7,20.4,62.7,Hybrid,0.49
1996,Kajiado,Long Rains,Beans,7.4,599.3,19.7,29.5,Traditional,0.55
1996,Kajiado,Long Rains,Maize,7.11,490.3,23.1,29.5,Traditional,1.15
1996,Kajiado,Short Rains,Beans,14.53,226.0,21.4,29.5,Improved Traditional,0.2
1996,Kajiado,Short Rains,Maize,3.17,612.4,20.9,29.5,Traditional,0.73
1996,Narok,Long Rains,Wheat,10.1,1236.4,19.6,56.9,Traditional,3.45
1996,Narok,Long Rains,Beans,14.6,685.7,18.4,56.9,Improved Traditional,0.84
1996,Narok,Long Rains,Maize,7.88,1039.2,16.8,56.9,Hybrid,2.9
1996,Narok,Short Rains,Wheat,3.07,709.2,16.2,56.9,Traditional,1.67
1996,Narok,Short Rains,Beans,11.47,296.7,19.8,56.9,Improved Traditional,0.2
1996,Narok,Short Rains,Maize,3.76,832.1,18.9,56.9,Traditional,1.63
1996,Elgeyo-Marakwet,Long Rains,Beans,7.05,855.0,16.3,53.0,Traditional,0.94
1996,Elgeyo-Marakwet,Long Rains,Maize,7.04,1138.1,17.4,53.0,Improved Traditional,2.49
1996,Elgeyo-Marakwet,Short Rains,Beans,2.73,555.3,18.5,53.0,Traditional,1.04
1996,Elgeyo-Marakwet,Short Rains,Maize,5.42,394.6,17.7,53.0,Improved Traditional,0.36
1996,Busia,Long Rains,Beans,12.03,1484.0,19.2,60.7,Hybrid,3.18
1996,Busia,Long Rains,Maize,7.35,1520.1,19.8,60.7,Traditional,1.27
1996,Busia,Long Rains,Cassava,3.6,967.9,22.2,60.7,Hybrid,4.41
1996,Busia,Long Rains,Rice,10.98,1258.4,21.1,60.7,Traditional,2.84
1996,Busia,Short Rains,Beans,12.38,985.2,19.4,60.7,Traditional,1.07
1996,Busia,Short Rains,Maize,11.57,677.2,18.9,60.7,Traditional,0.73
1996,Busia,Short Rains,Cassava,1.47,655.9,19.2,60.7,Improved Traditional,1.07
1996,Busia,Short Rains,Rice,9.84,601.0,21.7,60.7,Traditional,1.19
1996,Isiolo,Long Rains,Beans,13.4,363.4,30.7,20.3,Traditional,0.2
1996,Isiolo,Long Rains,Maize,7.66,236.7,30.9,20.3,Traditional,0.2
1996,Isiolo,Short Rains,Beans,12.85,142.5,29.6,20.3,Improved Traditional,0.2
1996,Isiolo,Short Rains,Maize,5.77,61.0,30.3,20.3,Hybrid,0.2
1996,Marsabit,Long Rains,Beans,9.94,316.6,31.7,8.1,Improved Traditional,0.2
1996,Marsabit,Long Rains,Maize,2.37,301.9,32.4,8.1,Traditional,0.2
1996,Marsabit,Short Rains,Beans,14.1,226.3,32.4,8.1,Improved Traditional,0.2
1996,Marsabit,Short Rains,Maize,4.57,137.9,32.9,8.1,Improved Traditional,0.2
1997,Uasin Gishu,Long Rains,Wheat,5.42,920.5,18.6,120.3,Improved Traditional,6.46
1997,Uasin Gishu,Long Rains,Beans,9.52,671.3,14.4,120.3,Hybrid,1.48
1997,Uasin Gishu,Long Rains,Maize,4.91,558.5,17.9,120.3,Improved Traditional,4.25
1997,Uasin Gishu,Short Rains,Wheat,9.2,168.8,16.3,120.3,Hybrid,0.67
1997,Uasin Gishu,Short Rains,Beans,4.63,896.1,17.3,120.3,Hybrid,2.2
1997,Uasin Gishu,Short Rains,Maize,3.63,737.7,15.9,120.3,Hybrid,3.62
1997,Trans Nzoia,Long Rains,Wheat,10.02,831.6,19.7,100.4,Improved Traditional,4.75
1997,Trans Nzoia,Long Rains,Beans,6.51,702.2,18.7,100.4,Hybrid,1.63
1997,Trans Nzoia,Long Rains,Maize,1.61,1095.3,16.9,100.4,Improved Traditional,3.68
1997,Trans Nzoia,Short Rains,Wheat,4.49,635.4,15.5,100.4,Traditional,4.91
1997,Trans Nzoia,Short Rains,Beans,6.59,948.6,15.7,100.4,Improved Traditional,1.8
1997,Trans Nzoia,Short Rains,Maize,5.89,838.3,16.9,100.4,Improved Traditional,3.53
1997,Nakuru,Long Rains,Wheat,3.37,545.0,18.3,92.9,Improved Traditional,4.63
1997,Nakuru,Long Rains,Beans,10.36,942.2,17.3,92.9,Hybrid,1.4
1997,Nakuru,Long Rains,Maize,1.67,839.9,17.9,92.9,Hybrid,6.07
1997,Nakuru,Long Rains,Potatoes,8.09,634.5,20.0,92.9,Hybrid,5.76
1997,Nakuru,Short Rains,Wheat,2.91,139.1,18.4,92.9,Improved Traditional,0.35
1997,Nakuru,Short Rains,Beans,14.23,312.1,17.3,92.9,Hybrid,0.34
1997,Nakuru,Short Rains,Maize,7.0,618.1,17.2,92.9,Traditional,2.08
1997,Nakuru,Short Rains,Potatoes,9.09,513.1,21.4,92.9,Traditional,1.52
1997,Nandi,Long Rains,Beans,1.12,1037.6,16.5,101.9,Hybrid,1.67
1997,Nandi,Long Rains,Maize,9.41,957.2,18.6,101.9,Traditional,3.58
1997,Nandi,Long Rains,Tea,10.63,1094.2,17.2,101.9,Improved Traditional,6.09
1997,Nandi,Short Rains,Beans,2.5,651.5,15.7,101.9,Hybrid,0.59
1997,Nandi,Short Rains,Maize,5.68,720.6,18.7,101.9,Traditional,3.05
1997,Nandi,Short Rains,Tea,4.18,925.0,17.8,101.9,Improved Traditional,4.92
1997,Bungoma,Long Rains,Beans,1.11,1035.9,18.0,115.0,Traditional,1.83
1997,Bungoma,Long Rains,Maize,7.3,1106.2,21.0,115.0,Hybrid,4.23
1997,Bungoma,Short Rains,Beans,14.21,906.9,17.4,115.0,Improved Traditional,0.95
1997,Bungoma,Short Rains,Maize,10.83,728.3,20.2,115.0,Improved Traditional,4.38
1997,Kakamega,Long Rains,Beans,2.92,875.4,19.0,145.4,Hybrid,1.88
1997,Kakamega,Long Rains,Maize,5.52,1317.3,19.8,145.4,Improved Traditional,7.1
1997,Kakamega,Short Rains,Beans,1.79,728.4,19.8,145.4,Improved Traditional,1.2
1997,Kakamega,Short Rains,Maize,1.82,757.6,19.5,145.4,Hybrid,3.91
1997,Kisii,Long Rains,Beans,13.72,2037.3,19.7,100.6,Hybrid,3.37
1997,Kisii,Long Rains,Maize,4.47,1216.0,19.0,100.6,Hybrid,1.82
1997,Kisii,Short Rains,Beans,5.28,863.4,18.4,100.6,Improved Traditional,1.6
1997,Kisii,Short Rains,Maize,8.62,441.4,17.7,100.6,Improved Traditional,0.62
1997,Nyamira,Long Rains,Beans,5.06,1037.0,18.0,161.3,Hybrid,2.08
1997,Nyamira,Long Rains,Maize,14.85,1416.3,18.8,161.3,Traditional,5.96
1997,Nyamira,Short Rains,Beans,2.01,692.2,17.4,161.3,Traditional,1.44
1997,Nyamira,Short Rains,Maize,10.01,822.0,19.9,161.3,Hybrid,2.85
1997,Vihiga,Long Rains,Beans,13.21,1100.0,18.6,68.7,Traditional,1.07
1997,Vihiga,Long Rains,Maize,3.47,1295.8,18.7,68.7,Traditional,3.75
1997,Vihiga,Short Rains,Beans,10.98,1057.2,17.5,68.7,Hybrid,1.1
1997,Vihiga,Short Rains,Maize,4.68,989.6,20.5,68.7,Improved Traditional,2.46
1997,Bomet,Long Rains,Beans,13.55,773.4,15.7,139.6,Hybrid,1.63
1997,Bomet,Long Rains,Maize,10.23,1102.3,16.3,139.6,Hybrid,1.63
1997,Bomet,Long Rains,Tea,6.53,905.5,17.2,139.6,Hybrid,4.79
1997,Bomet,Long Rains,Potatoes,3.1,889.4,18.2,139.6,Improved Traditional,11.27
1997,Bomet,Short Rains,Beans,11.55,849.6,16.2,139.6,Improved Traditional,0.95
1997,Bomet,Short Rains,Maize,3.53,709.1,14.7,139.6,Hybrid,1.59
1997,Bomet,Short Rains,Tea,10.56,632.4,17.7,139.6,Improved Traditional,3.82
1997,Bomet,Short Rains,Potatoes,14.67,652.9,18.0,139.6,Traditional,5.17
1997,Kericho,Long Rains,Beans,8.97,1263.2,18.0,112.0,Improved Traditional,2.11
1997,Kericho,Long Rains,Maize,2.73,1020.6,18.7,112.0,Traditional,1.85
1997,Kericho,Long Rains,Tea,4.35,1270.1,16.1,112.0,Hybrid,4.2
1997,Kericho,Short Rains,Beans,6.15,955.7,18.5,112.0,Hybrid,1.9
1997,Kericho,Short Rains,Maize,13.77,1057.7,18.4,112.0,Improved Traditional,2.7
1997,Kericho,Short Rains,Tea,10.8,907.7,17.6,112.0,Hybrid,3.66
1997,Nyeri,Long Rains,Beans,10.19,732.0,15.5,54.8,Traditional,0.82
1997,Nyeri,Long Rains,Maize,6.32,461.1,13.7,54.8,Hybrid,0.76
1997,Nyeri,Long Rains,Tea,14.17,733.7,14.2,54.8,Traditional,0.68
1997,Nyeri,Long Rains,Coffee,9.34,649.0,14.2,54.8,Improved Traditional,1.02
1997,Nyeri,Short Rains,Beans,13.2,335.3,16.2,54.8,Traditional,0.2
1997,Nyeri,Short Rains,Maize,13.18,195.7,15.8,54.8,Hybrid,0.2
1997,Nyeri,Short Rains,Tea,5.59,278.2,16.8,54.8,Traditional,0.24
1997,Nyeri,Short Rains,Coffee,10.91,612.6,15.7,54.8,Traditional,1.08
1997,Muranga,Long Rains,Beans,4.48,747.2,17.8,58.1,Improved Traditional,0.67
1997,Muranga,Long Rains,Maize,13.48,585.4,16.8,58.1,Traditional,1.85
1997,Muranga,Long Rains,Tea,4.34,588.4,18.9,58.1,Improved Traditional,1.17
1997,Muranga,Long Rains,Coffee,9.26,783.9,17.6,58.1,Traditional,1.11
1997,Muranga,Short Rains,Beans,4.06,583.5,19.0,58.1,Traditional,0.69
1997,Muranga,Short Rains,Maize,10.75,538.1,18.0,58.1,Traditional,1.4
1997,Muranga,Short Rains,Tea,11.1,217.4,19.1,58.1,Traditional,0.2
1997,Muranga,Short Rains,Coffee,3.37,472.9,16.8,58.1,Traditional,0.96
1997,Kiambu,Long Rains,Beans,7.88,714.4,17.2,44.9,Hybrid,0.89
1997,Kiambu,Long Rains,Maize,11.8,788.0,17.6,44.9,Improved Traditional,1.1
1997,Kiambu,Long Rains,Coffee,8.9,1025.5,18.2,44.9,Traditional,1.57
1997,Kiambu,Short Rains,Beans,2.16,430.8,18.1,44.9,Traditional,0.39
1997,Kiambu,Short Rains,Maize,8.7,479.4,18.0,44.9,Hybrid,1.45
1997,Kiambu,Short Rains,Coffee,6.35,314.1,17.0,44.9,Improved Traditional,0.2
1997,Kirinyaga,Long Rains,Beans,14.3,875.9,17.8,54.6,Traditional,1.02
1997,Kirinyaga,Long Rains,Maize,2.43,696.7,18.9,54.6,Improved Traditional,1.02
1997,Kirinyaga,Long Rains,Coffee,6.72,812.3,19.9,54.6,Improved Traditional,1.32
1997,Kirinyaga,Long Rains,Rice,14.73,932.8,19.1,54.6,Traditional,1.26
1997,Kirinyaga,Short Rains,Beans,4.01,570.3,17.9,54.6,Improved Traditional,0.62
1997,Kirinyaga,Short Rains,Maize,7.27,683.0,18.0,54.6,Traditional,1.89
1997,Kirinyaga,Short Rains,Coffee,11.45,372.5,17.4,54.6,Traditional,0.38
1997,Kirinyaga,Short Rains,Rice,12.35,610.6,18.0,54.6,Hybrid,0.57
1997,Embu,Long Rains,Beans,4.18,637.9,21.0,59.7,Improved Traditional,1.55
1997,Embu,Long Rains,Maize,8.41,726.8,20.9,59.7,Traditional,2.58
1997,Embu,Long Rains,Coffee,9.06,469.7,19.4,59.7,Improved Traditional,1.59
1997,Embu,Short Rains,Beans,6.28,451.6,18.1,59.7,Traditional,0.58
1997,Embu,Short Rains,Maize,5.95,275.1,17.6,59.7,Improved Traditional,0.24
1997,Embu,Short Rains,Coffee,4.27,431.1,21.6,59.7,Traditional,0.84
1997,Meru,Long Rains,Beans,10.27,606.7,18.4,70.4,Hybrid,1.25
1997,Meru,Long Rains,Maize,7.23,634.8,17.7,70.4,Improved Traditional,1.28
1997,Meru,Long Rains,Coffee,13.99,673.7,18.8,70.4,Traditional,1.86
1997,Meru,Long Rains,Potatoes,6.94,711.1,17.6,70.4,Hybrid,3.0
1997,Meru,Short Rains,Beans,6.51,617.2,17.1,70.4,Improved Traditional,1.02
1997,Meru,Short Rains,Maize,1.96,273.8,17.1,70.4,Improved Traditional,0.28
1997,Meru,Short Rains,Coffee,13.11,185.9,16.3,70.4,Improved Traditional,0.2
1997,Meru,Short Rains,Potatoes,0.97,418.4,15.4,70.4,Traditional,4.82
1997,Tharaka-Nithi,Long Rains,Beans,3.62,474.3,20.7,66.0,Hybrid,0.83
1997,Tharaka-Nithi,Long Rains,Maize,11.03,459.8,20.8,66.0,Traditional,2.05
1997,Tharaka-Nithi,Short Rains,Beans,8.86,307.2,18.2,66.0,Traditional,0.23
1997,Tharaka-Nithi,Short Rains,Maize,6.31,331.9,18.8,66.0,Traditional,0.91
1997,Nyandarua,Long Rains,Beans,11.91,780.0,16.0,150.1,Hybrid,3.11
1997,Nyandarua,Long Rains,Maize,14.99,1122.6,15.5,150.1,Hybrid,3.93
1997,Nyandarua,Long Rains,Potatoes,5.44,914.7,15.2,150.1,Traditional,16.83
1997,Nyandarua,Short Rains,Beans,9.17,546.7,14.1,150.1,Hybrid,0.65
1997,Nyandarua,Short Rains,Maize,9.6,467.0,16.9,150.1,Traditional,1.29
1997,Nyandarua,Short Rains,Potatoes,0.76,466.7,16.6,150.1,Traditional,6.33
1997,Nairobi,Long Rains,Beans,1.71,632.3,21.4,40.3,Improved Traditional,0.53
1997,Nairobi,Long Rains,Maize,7.84,712.4,18.8,40.3,Improved Traditional,1.57
1997,Nairobi,Short Rains,Beans,6.65,467.9,19.0,40.3,Traditional,0.45
1997,Nairobi,Short Rains,Maize,14.32,462.0,19.2,40.3,Traditional,0.77
1997,Machakos,Long Rains,Sorghum,8.69,611.5,23.3,47.8,Traditional,0.82
1997,Machakos,Long Rains,Beans,6.76,571.8,20.3,47.8,Improved Traditional,0.6
1997,Machakos,Long Rains,Maize,7.68,453.4,23.1,47.8,Hybrid,1.75
1997,Machakos,Short Rains,Sorghum,4.66,295.5,21.6,47.8,Hybrid,0.2
1997,Machakos,Short Rains,Beans,13.8,278.8,22.6,47.8,Traditional,0.2
1997,Machakos,Short Rains,Maize,10.87,424.9,21.8,47.8,Improved Traditional,1.16
1997,Makueni,Long Rains,Sorghum,10.34,639.3,23.5,39.0,Improved Traditional,0.75
1997,Makueni,Long Rains,Beans,4.77,607.8,24.1,39.0,Traditional,0.44
1997,Makueni,Long Rains,Maize,10.02,533.3,22.8,39.0,Hybrid,1.71
1997,Makueni,Short Rains,Sorghum,12.18,456.8,23.7,39.0,Improved Traditional,0.78
1997,Makueni,Short Rains,Beans,6.09,252.3,22.9,39.0,Hybrid,0.2
1997,Makueni,Short Rains,Maize,14.56,291.9,24.5,39.0,Hybrid,0.74
1997,Kitui,Long Rains,Sorghum,1.22,288.6,25.1,24.3,Hybrid,0.2
1997,Kitui,Long Rains,Beans,13.71,732.8,23.5,24.3,Improved Traditional,0.2
1997,Kitui,Long Rains,Maize,6.03,600.0,25.1,24.3,Traditional,1.18
1997,Kitui,Short Rains,Sorghum,12.41,525.5,21.7,24.3,Improved Traditional,0.3
1997,Kitui,Short Rains,Beans,1.95,558.9,24.1,24.3,Traditional,0.2
1997,Kitui,Short Rains,Maize,3.04,108.2,25.9,24.3,Hybrid,0.2
1997,Mombasa,Long Rains,Beans,14.98,960.9,26.9,27.5,Improved Traditional,0.2
1997,Mombasa,Long Rains,Maize,5.65,1019.2,29.3,27.5,Improved Traditional,0.56
1997,Mombasa,Short Rains,Beans,13.63,569.8,27.6,27.5,Hybrid,0.2
1997,Mombasa,Short Rains,Maize,3.66,689.3,26.8,27.5,Traditional,0.33
1997,Kilifi,Long Rains,Beans,7.23,340.5,27.2,18.7,Improved Traditional,0.2
1997,Kilifi,Long Rains,Maize,8.78,603.1,28.6,18.7,Traditional,0.23
1997,Kilifi,Long Rains,Cassava,13.94,489.8,25.7,18.7,Traditional,0.89
1997,Kilifi,Short Rains,Beans,9.72,228.1,26.8,18.7,Hybrid,0.2
1997,Kilifi,Short Rains,Maize,2.2,619.3,25.1,18.7,Improved Traditional,0.52
1997,Kilifi,Short Rains,Cassava,10.58,675.1,26.6,18.7,Hybrid,1.09
1997,Kwale,Long Rains,Beans,6.45,572.4,31.0,16.6,Traditional,0.2
1997,Kwale,Long Rains,Maize,2.01,861.7,26.7,16.6,Hybrid,0.59
1997,Kwale,Long Rains,Cassava,10.77,872.3,27.3,16.6,Traditional,0.63
1997,Kwale,Short Rains,Beans,4.74,746.2,29.2,16.6,Traditional,0.2
1997,Kwale,Short Rains,Maize,1.12,176.4,27.1,16.6,Hybrid,0.2
1997,Kwale,Short Rains,Cassava,12.94,414.4,27.3,16.6,Traditional,0.21
1997,Tana River,Long Rains,Beans,12.67,422.5,26.1,32.0,Improved Traditional,0.2
1997,Tana River,Long Rains,Maize,4.11,496.8,28.3,32.0,Traditional,0.57
1997,Tana River,Long Rains,Rice,1.26,610.4,27.9,32.0,Traditional,0.86
1997,Tana River,Short Rains,Beans,10.33,184.9,29.3,32.0,Improved Traditional,0.2
1997,Tana River,Short Rains,Maize,11.06,318.1,27.0,32.0,Traditional,0.51
1997,Tana River,Short Rains,Rice,9.8,300.8,29.4,32.0,Traditional,0.6
1997,Lamu,Long Rains,Beans,6.23,699.7,28.0,35.8,Hybrid,0.2
1997,Lamu,Long Rains,Maize,14.9,639.1,26.8,35.8,Traditional,0.47
1997,Lamu,Short Rains,Beans,3.71,398.6,28.3,35.8,Traditional,0.2
1997,Lamu,Short Rains,Maize,10.02,335.8,29.4,35.8,Improved Traditional,0.2
1997,Taita Taveta,Long Rains,Beans,14.07,497.8,24.2,21.9,Traditional,0.33
1997,Taita Taveta,Long Rains,Maize,1.95,549.5,23.2,21.9,Traditional,0.89
1997,Taita Taveta,Short Rains,Beans,3.0,576.2,23.7,21.9,Hybrid,0.39
1997,Taita Taveta,Short Rains,Maize,1.41,353.8,23.5,21.9,Improved Traditional,0.74
1997,Garissa,Long Rains,Sorghum,2.24,199.3,32.5,31.1,Traditional,0.32
1997,Garissa,Long Rains,Beans,11.49,68.8,32.7,31.1,Improved Traditional,0.2
1997,Garissa,Long Rains,Maize,6.27,245.0,33.8,31.1,Improved Traditional,0.37
1997,Garissa,Short Rains,Sorghum,14.08,224.2,30.3,31.1,Improved Traditional,0.4
1997,Garissa,Short Rains,Beans,3.64,240.2,33.3,31.1,Traditional,0.2
1997,Garissa,Short Rains,Maize,4.82,102.8,32.5,31.1,Hybrid,0.2
1997,Wajir,Long Rains,Sorghum,7.74,171.3,33.3,37.2,Hybrid,0.2
1997,Wajir,Long Rains,Beans,14.64,133.5,32.3,37.2,Hybrid,0.2
1997,Wajir,Long Rains,Maize,11.47,146.5,35.2,37.2,Traditional,0.2
1997,Wajir,Short Rains,Sorghum,9.25,222.1,32.9,37.2,Improved Traditional,0.35
1997,Wajir,Short Rains,Beans,3.85,167.3,32.6,37.2,Improved Traditional,0.2
1997,Wajir,Short Rains,Maize,8.7,103.0,31.2,37.2,Traditional,0.2
1997,Mandera,Long Rains,Sorghum,7.52,151.8,33.7,13.0,Hybrid,0.25
1997,Mandera,Long Rains,Beans,12.48,213.3,33.7,13.0,Improved Traditional,0.2
1997,Mandera,Long Rains,Maize,2.41,122.6,36.2,13.0,Improved Traditional,0.2
1997,Mandera,Short Rains,Sorghum,12.77,122.7,33.8,13.0,Improved Traditional,0.2
1997,Mandera,Short Rains,Beans,12.78,123.1,35.2,13.0,Improved Traditional,0.2
1997,Mandera,Short Rains,Maize,7.07,54.9,33.4,13.0,Traditional,0.2
1997,Turkana,Long Rains,Sorghum,9.53,160.8,34.4,16.7,Traditional,0.2
1997,Turkana,Long Rains,Beans,4.49,171.6,36.1,16.7,Traditional,0.2
1997,Turkana,Long Rains,Maize,9.04,117.7,35.2,16.7,Traditional,0.2
1997,Turkana,Short Rains,Sorghum,5.1,81.4,34.7,16.7,Improved Traditional,0.2
1997,Turkana,Short Rains,Beans,11.72,76.9,35.4,16.7,Hybrid,0.2
1997,Turkana,Short Rains,Maize,14.7,119.2,36.4,16.7,Traditional,0.2
1997,West Pokot,Long Rains,Beans,12.63,569.8,22.8,58.6,Hybrid,0.52
1997,West Pokot,Long Rains,Maize,14.63,727.0,19.9,58.6,Improved Traditional,1.83
1997,West Pokot,Short Rains,Beans,4.98,335.2,22.6,58.6,Traditional,0.54
1997,West Pokot,Short Rains,Maize,8.39,63.3,22.2,58.6,Improved Traditional,0.2
1997,Samburu,Long Rains,Beans,3.5,408.8,25.6,35.4,Traditional,0.2
1997,Samburu,Long Rains,Maize,1.89,472.3,25.9,35.4,Traditional,1.02
1997,Samburu,Short Rains,Beans,2.82,250.6,26.1,35.4,Improved Traditional,0.2
1997,Samburu,Short Rains,Maize,7.89,124.0,27.6,35.4,Traditional,0.2
1997,Baringo,Long Rains,Beans,12.0,768.5,23.4,22.3,Improved Traditional,0.28
1997,Baringo,Long Rains,Maize,6.71,843.5,24.3,22.3,Improved Traditional,1.1
1997,Baringo,Short Rains,Beans,14.39,495.2,20.3,22.3,Hybrid,0.3
1997,Baringo,Short Rains,Maize,8.44,516.6,22.8,22.3,Hybrid,1.69
1997,Laikipia,Long Rains,Wheat,8.71,593.9,18.7,77.9,Traditional,3.0
1997,Laikipia,Long Rains,Beans,12.81,953.7,18.0,77.9,Hybrid,1.37
1997,Laikipia,Long Rains,Maize,13.16,444.1,19.7,77.9,Hybrid,2.53
1997,Laikipia,Short Rains,Wheat,12.06,592.7,17.3,77.9,Improved Traditional,2.41
1997,Laikipia,Short Rains,Beans,4.81,530.2,18.6,77.9,Improved Traditional,0.53
1997,Laikipia,Short Rains,Maize,12.39,360.1,19.5,77.9,Traditional,1.0
1997,Kisumu,Long Rains,Beans,7.08,780.3,22.9,81.1,Traditional,1.07
1997,Kisumu,Long Rains,Maize,13.89,867.1,22.2,81.1,Traditional,2.74
1997,Kisumu,Short Rains,Beans,2.15,880.1,20.4,81.1,Traditional,1.54
1997,Kisumu,Short Rains,Maize,9.32,465.2,21.2,81.1,Improved Traditional,2.01
1997,Siaya,Long Rains,Beans,9.9,662.6,23.3,61.6,Traditional,0.46
1997,Siaya,Long Rains,Maize,10.26,742.2,22.1,61.6,Hybrid,0.47
1997,Siaya,Long Rains,Cassava,1.63,545.7,23.5,61.6,Hybrid,1.42
1997,Siaya,Short Rains,Beans,3.85,487.3,24.4,61.6,Traditional,0.2
1997,Siaya,Short Rains,Maize,11.42,766.1,20.8,61.6,Improved Traditional,0.77
1997,Siaya,Short Rains,Cassava,14.83,700.3,23.7,61.6,Hybrid,2.49
1997,Homa Bay,Long Rains,Beans,2.03,950.7,23.3,78.8,Traditional,0.75
1997,Homa Bay,Long Rains,Maize,6.49,854.7,22.8,78.8,Traditional,2.66
1997,Homa Bay,Short Rains,Beans,6.79,428.5,24.2,78.8,Traditional,0.51
1997,Homa Bay,Short Rains,Maize,9.04,251.0,23.7,78.8,Improved Traditional,0.25
1997,Migori,Long Rains,Beans,10.35,888.7,21.6,31.9,Traditional,0.69
1997,Migori,Long Rains,Maize,0.68,848.2,21.6,31.9,Hybrid,1.61
1997,Migori,Short Rains,Beans,3.87,675.1,22.2,31.9,Traditional,0.4
1997,Migori,Short Rains,Maize,10.4,1130.4,20.1,31.9,Traditional,2.63
1997,Kajiado,Long Rains,Beans,7.54,365.7,21.1,22.0,Improved Traditional,0.2
1997,Kajiado,Long Rains,Maize,4.43,375.1,20.9,22.0,Traditional,0.68
1997,Kajiado,Short Rains,Beans,14.54,297.3,20.9,22.0,Traditional,0.2
1997,Kajiado,Short Rains,Maize,14.88,326.4,21.4,22.0,Traditional,0.77
1997,Narok,Long Rains,Wheat,9.14,744.5,20.0,70.2,Improved Traditional,2.95
1997,Narok,Long Rains,Beans,6.46,417.8,19.7,70.2,Improved Traditional,0.71
1997,Narok,Long Rains,Maize,5.89,658.2,18.4,70.2,Improved Traditional,1.86
1997,Narok,Short Rains,Wheat,1.63,402.4,17.0,70.2,Improved Traditional,1.99
1997,Narok,Short Rains,Beans,6.17,493.8,18.6,70.2,Traditional,0.79
1997,Narok,Short Rains,Maize,14.85,702.2,16.9,70.2,Traditional,2.26
1997,Elgeyo-Marakwet,Long Rains,Beans,4.74,535.9,18.3,54.0,Improved Traditional,0.52
1997,Elgeyo-Marakwet,Long Rains,Maize,7.31,455.8,15.3,54.0,Improved Traditional,0.84
1997,Elgeyo-Marakwet,Short Rains,Beans,6.05,444.3,20.2,54.0,Hybrid,0.73
1997,Elgeyo-Marakwet,Short Rains,Maize,9.57,512.7,17.9,54.0,Traditional,1.03
1997,Busia,Long Rains,Beans,10.94,1001.9,20.1,66.7,Hybrid,2.51
1997,Busia,Long Rains,Maize,3.63,1077.9,18.5,66.7,Traditional,1.66
1997,Busia,Long Rains,Cassava,14.57,651.3,19.7,66.7,Hybrid,1.9
1997,Busia,Long Rains,Rice,11.96,879.5,20.5,66.7,Hybrid,1.77
1997,Busia,Short Rains,Beans,3.32,519.0,20.4,66.7,Improved Traditional,0.73
1997,Busia,Short Rains,Maize,7.76,584.2,19.2,66.7,Hybrid,1.77
1997,Busia,Short Rains,Cassava,5.19,493.1,20.6,66.7,Traditional,0.61
1997,Busia,Short Rains,Rice,11.95,346.5,21.8,66.7,Hybrid,0.46
1997,Isiolo,Long Rains,Beans,3.57,300.2,29.2,34.2,Traditional,0.2
1997,Isiolo,Long Rains,Maize,7.23,313.5,30.9,34.2,Hybrid,0.28
1997,Isiolo,Short Rains,Beans,2.71,266.4,29.6,34.2,Traditional,0.2
1997,Isiolo,Short Rains,Maize,12.69,137.2,31.4,34.2,Traditional,0.2
1997,Marsabit,Long Rains,Beans,11.39,142.1,30.1,19.5,Improved Traditional,0.2
1997,Marsabit,Long Rains,Maize,8.83,226.9,32.3,19.5,Traditional,0.2
1997,Marsabit,Short Rains,Beans,3.48,50.0,31.5,19.5,Traditional,0.2
1997,Marsabit,Short Rains,Maize,13.13,282.7,31.6,19.5,Traditional,0.2
1998,Uasin Gishu,Long Rains,Wheat,11.28,1150.8,15.7,68.0,Hybrid,2.14
1998,Uasin Gishu,Long Rains,Beans,2.57,1305.8,16.8,68.0,Improved Traditional,2.13
1998,Uasin Gishu,Long Rains,Maize,14.68,1458.2,17.6,68.0,Hybrid,3.62
1998,Uasin Gishu,Short Rains,Wheat,7.15,678.1,19.5,68.0,Improved Traditional,2.55
1998,Uasin Gishu,Short Rains,Beans,14.8,365.0,17.9,68.0,Traditional,0.2
1998,Uasin Gishu,Short Rains,Maize,3.13,823.1,17.1,68.0,Hybrid,3.56
1998,Trans Nzoia,Long Rains,Wheat,2.26,1166.0,17.6,126.6,Hybrid,11.57
1998,Trans Nzoia,Long Rains,Beans,10.58,1299.3,16.4,126.6,Improved Traditional,3.23
1998,Trans Nzoia,Long Rains,Maize,3.78,1202.0,16.0,126.6,Hybrid,6.81
1998,Trans Nzoia,Short Rains,Wheat,3.0,198.5,15.4,126.6,Hybrid,0.63
1998,Trans Nzoia,Short Rains,Beans,8.49,1099.2,15.7,126.6,Hybrid,2.0
1998,Trans Nzoia,Short Rains,Maize,4.74,1250.1,17.6,126.6,Traditional,7.19
1998,Nakuru,Long Rains,Wheat,4.45,755.8,17.9,81.4,Hybrid,4.52
1998,Nakuru,Long Rains,Beans,6.2,1110.4,18.8,81.4,Hybrid,2.57
1998,Nakuru,Long Rains,Maize,5.37,1129.0,19.3,81.4,Hybrid,8.71
1998,Nakuru,Long Rains,Potatoes,3.21,1055.7,19.1,81.4,Hybrid,10.57
1998,Nakuru,Short Rains,Wheat,10.15,396.7,20.5,81.4,Improved Traditional,0.58
1998,Nakuru,Short Rains,Beans,7.29,826.8,20.4,81.4,Hybrid,2.21
1998,Nakuru,Short Rains,Maize,1.29,644.0,19.0,81.4,Traditional,2.72
1998,Nakuru,Short Rains,Potatoes,0.68,863.3,18.4,81.4,Traditional,6.11
1998,Nandi,Long Rains,Beans,2.67,1064.2,17.1,97.2,Hybrid,2.35
1998,Nandi,Long Rains,Maize,4.2,1586.0,18.7,97.2,Traditional,6.46
1998,Nandi,Long Rains,Tea,9.28,1157.1,16.8,97.2,Hybrid,4.36
1998,Nandi,Short Rains,Beans,7.55,1013.3,19.3,97.2,Improved Traditional,1.9
1998,Nandi,Short Rains,Maize,10.4,607.0,19.0,97.2,Hybrid,4.65
1998,Nandi,Short Rains,Tea,11.79,960.6,18.0,97.2,Traditional,4.89
1998,Bungoma,Long Rains,Beans,11.01,1182.1,19.1,81.6,Improved Traditional,2.1
1998,Bungoma,Long Rains,Maize,9.12,1077.8,18.1,81.6,Hybrid,4.18
1998,Bungoma,Short Rains,Beans,6.12,739.7,18.1,81.6,Hybrid,1.47
1998,Bungoma,Short Rains,Maize,3.52,871.4,17.5,81.6,Hybrid,3.65
1998,Kakamega,Long Rains,Beans,1.59,1521.8,17.6,125.7,Hybrid,4.36
1998,Kakamega,Long Rains,Maize,4.52,1931.9,16.7,125.7,Traditional,1.1
1998,Kakamega,Short Rains,Beans,9.25,317.7,20.6,125.7,Hybrid,0.26
1998,Kakamega,Short Rains,Maize,4.29,826.7,19.8,125.7,Hybrid,4.67
1998,Kisii,Long Rains,Beans,2.76,1438.2,18.9,103.6,Hybrid,3.46
1998,Kisii,Long Rains,Maize,5.7,1904.6,17.9,103.6,Hybrid,4.12
1998,Kisii,Short Rains,Beans,7.61,1122.9,19.6,103.6,Traditional,2.31
1998,Kisii,Short Rains,Maize,6.47,1175.8,19.5,103.6,Improved Traditional,2.59
1998,Nyamira,Long Rains,Beans,5.51,2067.5,19.5,95.5,Improved Traditional,3.4
1998,Nyamira,Long Rains,Maize,10.55,1219.8,17.8,95.5,Hybrid,3.29
1998,Nyamira,Short Rains,Beans,4.71,1275.5,17.5,95.5,Hybrid,1.32
1998,Nyamira,Short Rains,Maize,8.32,1282.2,17.1,95.5,Hybrid,2.68
1998,Vihiga,Long Rains,Beans,6.96,1979.5,20.4,72.6,Traditional,2.58
1998,Vihiga,Long Rains,Maize,1.54,1335.1,18.2,72.6,Hybrid,4.65
1998,Vihiga,Short Rains,Beans,5.39,1012.4,18.1,72.6,Hybrid,0.98
1998,Vihiga,Short Rains,Maize,11.07,1270.4,20.1,72.6,Hybrid,5.08
1998,Bomet,Long Rains,Beans,9.77,1642.8,17.3,94.9,Improved Traditional,1.37
1998,Bomet,Long Rains,Maize,9.08,1422.1,16.0,94.9,Hybrid,4.28
1998,Bomet,Long Rains,Tea,2.69,1708.4,17.9,94.9,Traditional,6.91
1998,Bomet,Long Rains,Potatoes,11.44,1289.8,15.8,94.9,Hybrid,11.01
1998,Bomet,Short Rains,Beans,7.13,946.1,17.0,94.9,Improved Traditional,1.41
1998,Bomet,Short Rains,Maize,10.1,625.6,16.6,94.9,Hybrid,1.38
1998,Bomet,Short Rains,Tea,8.62,876.5,18.2,94.9,Hybrid,5.19
1998,Bomet,Short Rains,Potatoes,12.27,909.0,17.8,94.9,Improved Traditional,7.07
1998,Kericho,Long Rains,Beans,9.61,1247.2,16.8,140.9,Hybrid,2.09
1998,Kericho,Long Rains,Maize,13.89,1327.2,15.8,140.9,Traditional,3.04
1998,Kericho,Long Rains,Tea,7.58,1761.0,19.1,140.9,Traditional,5.79
1998,Kericho,Short Rains,Beans,0.91,937.2,16.8,140.9,Hybrid,2.18
1998,Kericho,Short Rains,Maize,10.02,939.3,17.4,140.9,Hybrid,3.46
1998,Kericho,Short Rains,Tea,2.69,1301.3,17.3,140.9,Hybrid,7.45
1998,Nyeri,Long Rains,Beans,9.6,1316.4,17.8,41.5,Traditional,1.38
1998,Nyeri,Long Rains,Maize,10.91,909.8,16.6,41.5,Traditional,1.03
1998,Nyeri,Long Rains,Tea,3.08,1025.8,15.5,41.5,Traditional,0.66
1998,Nyeri,Long Rains,Coffee,10.36,954.0,16.3,41.5,Traditional,1.52
1998,Nyeri,Short Rains,Beans,4.74,287.5,16.1,41.5,Traditional,0.2
1998,Nyeri,Short Rains,Maize,6.5,711.9,15.5,41.5,Improved Traditional,1.84
1998,Nyeri,Short Rains,Tea,10.6,569.3,18.3,41.5,Hybrid,0.79
1998,Nyeri,Short Rains,Coffee,7.48,506.9,16.9,41.5,Traditional,0.42
1998,Muranga,Long Rains,Beans,0.54,655.5,19.1,70.8,Hybrid,1.32
1998,Muranga,Long Rains,Maize,2.63,967.1,18.1,70.8,Traditional,2.93
1998,Muranga,Long Rains,Tea,14.03,761.2,18.4,70.8,Traditional,2.73
1998,Muranga,Long Rains,Coffee,5.61,854.6,18.1,70.8,Hybrid,2.32
1998,Muranga,Short Rains,Beans,4.86,560.4,16.8,70.8,Traditional,0.77
1998,Muranga,Short Rains,Maize,12.88,701.9,16.7,70.8,Traditional,1.34
1998,Muranga,Short Rains,Tea,7.02,350.9,20.9,70.8,Hybrid,0.47
1998,Muranga,Short Rains,Coffee,13.21,634.0,16.3,70.8,Traditional,1.19
1998,Kiambu,Long Rains,Beans,7.29,987.3,18.4,29.1,Traditional,0.65
1998,Kiambu,Long Rains,Maize,8.04,792.5,16.3,29.1,Improved Traditional,1.24
1998,Kiambu,Long Rains,Coffee,8.98,440.0,16.9,29.1,Hybrid,0.92
1998,Kiambu,Short Rains,Beans,5.88,840.4,18.8,29.1,Improved Traditional,1.24
1998,Kiambu,Short Rains,Maize,11.45,393.1,18.3,29.1,Hybrid,1.37
1998,Kiambu,Short Rains,Coffee,2.15,645.0,19.3,29.1,Traditional,0.81
1998,Kirinyaga,Long Rains,Beans,10.07,1016.4,18.0,50.5,Improved Traditional,0.73
1998,Kirinyaga,Long Rains,Maize,7.66,981.4,18.1,50.5,Hybrid,3.01
1998,Kirinyaga,Long Rains,Coffee,11.9,1259.8,20.4,50.5,Improved Traditional,2.35
1998,Kirinyaga,Long Rains,Rice,1.31,1162.4,15.2,50.5,Traditional,1.36
1998,Kirinyaga,Short Rains,Beans,6.68,848.4,18.2,50.5,Hybrid,1.19
1998,Kirinyaga,Short Rains,Maize,9.66,764.0,17.2,50.5,Traditional,0.58
1998,Kirinyaga,Short Rains,Coffee,8.24,584.7,19.8,50.5,Improved Traditional,1.57
1998,Kirinyaga,Short Rains,Rice,2.96,373.4,18.7,50.5,Hybrid,0.51
1998,Embu,Long Rains,Beans,8.15,651.6,18.7,45.0,Traditional,1.03
1998,Embu,Long Rains,Maize,6.94,886.6,19.4,45.0,Hybrid,3.6
1998,Embu,Long Rains,Coffee,14.61,1012.2,18.9,45.0,Traditional,1.12
1998,Embu,Short Rains,Beans,0.55,483.4,20.6,45.0,Improved Traditional,0.62
1998,Embu,Short Rains,Maize,7.8,271.9,20.6,45.0,Hybrid,0.64
1998,Embu,Short Rains,Coffee,2.94,480.8,19.8,45.0,Hybrid,0.96
1998,Meru,Long Rains,Beans,5.49,713.9,17.2,68.8,Improved Traditional,1.04
1998,Meru,Long Rains,Maize,6.06,848.2,16.2,68.8,Hybrid,2.6
1998,Meru,Long Rains,Coffee,5.81,915.4,17.6,68.8,Improved Traditional,2.5
1998,Meru,Long Rains,Potatoes,14.41,642.8,18.8,68.8,Hybrid,6.37
1998,Meru,Short Rains,Beans,6.51,764.6,17.6,68.8,Traditional,1.09
1998,Meru,Short Rains,Maize,1.08,642.1,17.8,68.8,Hybrid,3.88
1998,Meru,Short Rains,Coffee,4.92,472.3,16.5,68.8,Traditional,0.67
1998,Meru,Short Rains,Potatoes,9.7,225.7,17.7,68.8,Traditional,0.97
1998,Tharaka-Nithi,Long Rains,Beans,6.68,985.6,20.7,55.9,Improved Traditional,1.48
1998,Tharaka-Nithi,Long Rains,Maize,14.73,577.2,20.7,55.9,Traditional,2.24
1998,Tharaka-Nithi,Short Rains,Beans,4.48,504.7,19.5,55.9,Traditional,0.7
1998,Tharaka-Nithi,Short Rains,Maize,3.32,652.4,19.4,55.9,Traditional,1.75
1998,Nyandarua,Long Rains,Beans,13.76,1405.6,17.4,115.4,Traditional,1.69
1998,Nyandarua,Long Rains,Maize,14.28,1419.2,15.4,115.4,Hybrid,4.82
1998,Nyandarua,Long Rains,Potatoes,12.67,1306.9,16.2,115.4,Traditional,14.0
1998,Nyandarua,Short Rains,Beans,3.79,706.3,15.6,115.4,Traditional,0.62
1998,Nyandarua,Short Rains,Maize,2.96,422.9,15.2,115.4,Hybrid,0.53
1998,Nyandarua,Short Rains,Potatoes,3.41,604.2,13.9,115.4,Hybrid,7.89
1998,Nairobi,Long Rains,Beans,14.56,925.1,17.6,32.4,Improved Traditional,0.89
1998,Nairobi,Long Rains,Maize,1.82,682.9,18.4,32.4,Traditional,1.28
1998,Nairobi,Short Rains,Beans,14.4,244.3,16.7,32.4,Traditional,0.2
1998,Nairobi,Short Rains,Maize,1.46,597.2,17.8,32.4,Hybrid,0.63
1998,Machakos,Long Rains,Sorghum,10.19,1019.5,22.8,61.9,Hybrid,1.68
1998,Machakos,Long Rains,Beans,14.1,498.9,24.3,61.9,Improved Traditional,0.33
1998,Machakos,Long Rains,Maize,2.13,567.2,20.4,61.9,Hybrid,2.31
1998,Machakos,Short Rains,Sorghum,4.31,468.1,24.0,61.9,Improved Traditional,1.0
1998,Machakos,Short Rains,Beans,3.1,240.2,21.3,61.9,Hybrid,0.2
1998,Machakos,Short Rains,Maize,5.12,259.9,23.4,61.9,Hybrid,0.71
1998,Makueni,Long Rains,Sorghum,8.22,557.1,24.5,23.7,Traditional,0.34
1998,Makueni,Long Rains,Beans,3.68,318.3,22.8,23.7,Improved Traditional,0.28
1998,Makueni,Long Rains,Maize,1.85,783.0,22.1,23.7,Traditional,1.39
1998,Makueni,Short Rains,Sorghum,3.92,425.0,22.5,23.7,Improved Traditional,0.29
1998,Makueni,Short Rains,Beans,14.94,388.9,26.2,23.7,Improved Traditional,0.27
1998,Makueni,Short Rains,Maize,0.57,64.8,24.3,23.7,Hybrid,0.2
1998,Kitui,Long Rains,Sorghum,9.61,687.9,26.2,29.8,Improved Traditional,0.83
1998,Kitui,Long Rains,Beans,3.25,720.6,25.2,29.8,Hybrid,0.55
1998,Kitui,Long Rains,Maize,12.67,343.3,24.2,29.8,Traditional,0.38
1998,Kitui,Short Rains,Sorghum,6.47,107.9,24.5,29.8,Hybrid,0.2
1998,Kitui,Short Rains,Beans,1.18,340.6,25.1,29.8,Traditional,0.21
1998,Kitui,Short Rains,Maize,5.37,399.5,25.9,29.8,Traditional,0.67
1998,Mombasa,Long Rains,Beans,5.41,777.5,30.8,28.0,Traditional,0.2
1998,Mombasa,Long Rains,Maize,1.88,837.5,27.8,28.0,Traditional,0.37
1998,Mombasa,Short Rains,Beans,10.19,667.5,29.4,28.0,Traditional,0.2
1998,Mombasa,Short Rains,Maize,0.81,835.7,30.6,28.0,Improved Traditional,0.25
1998,Kilifi,Long Rains,Beans,10.83,620.6,26.5,26.9,Traditional,0.2
1998,Kilifi,Long Rains,Maize,11.69,414.5,26.3,26.9,Improved Traditional,0.69
1998,Kilifi,Long Rains,Cassava,8.58,862.5,26.4,26.9,Hybrid,1.34
1998,Kilifi,Short Rains,Beans,8.46,380.8,27.4,26.9,Hybrid,0.2
1998,Kilifi,Short Rains,Maize,7.99,354.4,28.7,26.9,Hybrid,0.35
1998,Kilifi,Short Rains,Cassava,8.34,224.8,27.6,26.9,Traditional,0.26
1998,Kwale,Long Rains,Beans,7.75,1031.8,26.0,5.6,Traditional,0.2
1998,Kwale,Long Rains,Maize,13.37,989.9,27.6,5.6,Traditional,0.77
1998,Kwale,Long Rains,Cassava,10.06,1153.5,28.7,5.6,Traditional,0.62
1998,Kwale,Short Rains,Beans,5.23,650.0,26.9,5.6,Traditional,0.2
1998,Kwale,Short Rains,Maize,12.92,210.4,27.4,5.6,Traditional,0.2
1998,Kwale,Short Rains,Cassava,12.58,451.3,25.8,5.6,Traditional,0.56
1998,Tana River,Long Rains,Beans,8.33,626.4,31.4,23.0,Traditional,0.2
1998,Tana River,Long Rains,Maize,13.08,340.4,30.3,23.0,Traditional,0.2
1998,Tana River,Long Rains,Rice,5.66,383.9,28.1,23.0,Traditional,0.34
1998,Tana River,Short Rains,Beans,12.28,198.6,27.8,23.0,Improved Traditional,0.2
1998,Tana River,Short Rains,Maize,0.75,511.7,29.1,23.0,Hybrid,0.42
1998,Tana River,Short Rains,Rice,9.7,658.5,30.2,23.0,Improved Traditional,0.96
1998,Lamu,Long Rains,Beans,6.97,971.5,28.8,23.0,Traditional,0.2
1998,Lamu,Long Rains,Maize,9.59,1132.9,26.3,23.0,Hybrid,0.86
1998,Lamu,Short Rains,Beans,1.16,461.2,28.4,23.0,Traditional,0.2
1998,Lamu,Short Rains,Maize,4.36,356.7,29.9,23.0,Traditional,0.2
1998,Taita Taveta,Long Rains,Beans,2.26,746.5,23.3,11.8,Improved Traditional,0.27
1998,Taita Taveta,Long Rains,Maize,13.11,752.6,23.8,11.8,Traditional,0.82
1998,Taita Taveta,Short Rains,Beans,4.31,388.6,24.5,11.8,Improved Traditional,0.2
1998,Taita Taveta,Short Rains,Maize,6.17,439.0,23.0,11.8,Traditional,0.66
1998,Garissa,Long Rains,Sorghum,5.98,322.1,32.8,24.0,Traditional,0.44
1998,Garissa,Long Rains,Beans,3.79,326.5,32.4,24.0,Improved Traditional,0.2
1998,Garissa,Long Rains,Maize,11.88,378.7,33.6,24.0,Hybrid,0.48
1998,Garissa,Short Rains,Sorghum,6.6,276.1,32.4,24.0,Hybrid,0.41
1998,Garissa,Short Rains,Beans,8.18,87.0,33.1,24.0,Traditional,0.2
1998,Garissa,Short Rains,Maize,2.75,148.3,32.9,24.0,Traditional,0.2
1998,Wajir,Long Rains,Sorghum,1.83,230.3,30.7,30.7,Hybrid,0.43
1998,Wajir,Long Rains,Beans,9.44,407.8,33.7,30.7,Hybrid,0.2
1998,Wajir,Long Rains,Maize,8.2,270.1,32.9,30.7,Improved Traditional,0.2
1998,Wajir,Short Rains,Sorghum,4.35,231.8,34.5,30.7,Hybrid,0.3
1998,Wajir,Short Rains,Beans,13.95,314.1,32.6,30.7,Traditional,0.2
1998,Wajir,Short Rains,Maize,2.88,105.6,32.0,30.7,Traditional,0.2
1998,Mandera,Long Rains,Sorghum,7.68,298.3,33.4,25.9,Traditional,0.45
1998,Mandera,Long Rains,Beans,4.23,102.7,37.1,25.9,Improved Traditional,0.2
1998,Mandera,Long Rains,Maize,8.6,106.4,33.5,25.9,Improved Traditional,0.2
1998,Mandera,Short Rains,Sorghum,8.44,169.2,34.4,25.9,Traditional,0.2
1998,Mandera,Short Rains,Beans,5.94,50.0,33.7,25.9,Traditional,0.2
1998,Mandera,Short Rains,Maize,7.3,193.7,34.7,25.9,Traditional,0.2
1998,Turkana,Long Rains,Sorghum,12.96,303.1,37.3,28.3,Traditional,0.2
1998,Turkana,Long Rains,Beans,12.14,174.7,36.8,28.3,Hybrid,0.2
1998,Turkana,Long Rains,Maize,1.82,133.5,34.7,28.3,Improved Traditional,0.2
1998,Turkana,Short Rains,Sorghum,6.37,155.5,36.6,28.3,Traditional,0.2
1998,Turkana,Short Rains,Beans,14.32,50.0,34.7,28.3,Traditional,0.2
1998,Turkana,Short Rains,Maize,5.06,159.4,38.2,28.3,Improved Traditional,0.28
1998,West Pokot,Long Rains,Beans,3.46,704.8,21.1,67.6,Hybrid,1.5
1998,West Pokot,Long Rains,Maize,14.19,572.4,23.4,67.6,Hybrid,2.01
1998,West Pokot,Short Rains,Beans,7.12,325.5,23.1,67.6,Improved Traditional,0.39
1998,West Pokot,Short Rains,Maize,1.26,692.9,19.6,67.6,Hybrid,2.74
1998,Samburu,Long Rains,Beans,5.98,426.5,26.2,10.9,Hybrid,0.2
1998,Samburu,Long Rains,Maize,5.23,558.1,28.0,10.9,Improved Traditional,0.2
1998,Samburu,Short Rains,Beans,2.09,303.0,24.8,10.9,Traditional,0.2
1998,Samburu,Short Rains,Maize,12.75,301.2,26.1,10.9,Traditional,0.26
1998,Baringo,Long Rains,Beans,13.45,1188.3,23.1,14.9,Hybrid,0.2
1998,Baringo,Long Rains,Maize,11.4,1004.2,24.7,14.9,Improved Traditional,2.01
1998,Baringo,Short Rains,Beans,9.85,316.9,23.3,14.9,Traditional,0.2
1998,Baringo,Short Rains,Maize,10.93,878.3,24.1,14.9,Traditional,1.17
1998,Laikipia,Long Rains,Wheat,0.52,720.2,21.4,93.1,Hybrid,4.91
1998,Laikipia,Long Rains,Beans,3.43,1099.8,19.1,93.1,Traditional,1.93
1998,Laikipia,Long Rains,Maize,7.33,950.8,17.4,93.1,Traditional,2.68
1998,Laikipia,Short Rains,Wheat,2.88,744.5,19.8,93.1,Improved Traditional,2.88
1998,Laikipia,Short Rains,Beans,7.07,125.5,20.3,93.1,Improved Traditional,0.2
1998,Laikipia,Short Rains,Maize,11.95,504.4,19.4,93.1,Traditional,1.99
1998,Kisumu,Long Rains,Beans,11.56,764.4,22.1,64.3,Hybrid,1.56
1998,Kisumu,Long Rains,Maize,14.23,1163.6,20.9,64.3,Hybrid,3.21
1998,Kisumu,Short Rains,Beans,7.38,515.5,23.4,64.3,Traditional,0.6
1998,Kisumu,Short Rains,Maize,14.67,725.4,21.0,64.3,Hybrid,2.53
1998,Siaya,Long Rains,Beans,3.25,1222.7,22.1,80.0,Hybrid,1.87
1998,Siaya,Long Rains,Maize,7.24,766.9,21.9,80.0,Hybrid,4.23
1998,Siaya,Long Rains,Cassava,14.23,920.9,23.5,80.0,Hybrid,3.53
1998,Siaya,Short Rains,Beans,14.37,855.5,21.9,80.0,Traditional,0.6
1998,Siaya,Short Rains,Maize,13.69,898.7,23.7,80.0,Hybrid,2.93
1998,Siaya,Short Rains,Cassava,10.02,815.4,22.2,80.0,Hybrid,3.72
1998,Homa Bay,Long Rains,Beans,1.64,1063.6,24.6,49.4,Hybrid,1.07
1998,Homa Bay,Long Rains,Maize,3.29,791.8,22.2,49.4,Hybrid,1.14
1998,Homa Bay,Short Rains,Beans,0.7,829.3,22.6,49.4,Traditional,0.7
1998,Homa Bay,Short Rains,Maize,11.96,498.5,23.1,49.4,Improved Traditional,0.87
1998,Migori,Long Rains,Beans,8.74,1694.0,21.8,59.7,Hybrid,2.09
1998,Migori,Long Rains,Maize,6.38,1478.8,21.5,59.7,Improved Traditional,3.94
1998,Migori,Short Rains,Beans,14.94,1223.2,21.6,59.7,Traditional,0.72
1998,Migori,Short Rains,Maize,11.25,600.9,22.0,59.7,Hybrid,1.37
1998,Kajiado,Long Rains,Beans,13.21,717.9,22.0,14.3,Improved Traditional,0.28
1998,Kajiado,Long Rains,Maize,13.47,718.7,21.4,14.3,Improved Traditional,1.9
1998,Kajiado,Short Rains,Beans,4.73,364.2,20.8,14.3,Traditional,0.2
1998,Kajiado,Short Rains,Maize,5.03,417.1,20.8,14.3,Hybrid,0.91
1998,Narok,Long Rains,Wheat,9.96,762.5,17.1,41.9,Traditional,2.29
1998,Narok,Long Rains,Beans,7.61,927.8,20.0,41.9,Hybrid,0.73
1998,Narok,Long Rains,Maize,10.47,438.7,17.3,41.9,Hybrid,1.13
1998,Narok,Short Rains,Wheat,2.36,636.4,18.0,41.9,Traditional,2.47
1998,Narok,Short Rains,Beans,6.68,230.7,18.3,41.9,Hybrid,0.2
1998,Narok,Short Rains,Maize,2.53,456.8,20.2,41.9,Hybrid,0.4
1998,Elgeyo-Marakwet,Long Rains,Beans,1.55,1012.4,16.8,63.7,Improved Traditional,1.01
1998,Elgeyo-Marakwet,Long Rains,Maize,4.99,1017.9,18.4,63.7,Traditional,1.79
1998,Elgeyo-Marakwet,Short Rains,Beans,12.08,419.0,17.6,63.7,Traditional,0.23
1998,Elgeyo-Marakwet,Short Rains,Maize,11.85,797.9,15.5,63.7,Traditional,1.74
1998,Busia,Long Rains,Beans,7.98,1120.5,21.3,39.4,Hybrid,1.79
1998,Busia,Long Rains,Maize,9.99,890.0,20.1,39.4,Traditional,2.13
1998,Busia,Long Rains,Cassava,10.21,1111.8,19.6,39.4,Improved Traditional,2.24
1998,Busia,Long Rains,Rice,8.52,1367.8,19.6,39.4,Improved Traditional,2.68
1998,Busia,Short Rains,Beans,14.47,966.1,22.1,39.4,Hybrid,0.91
1998,Busia,Short Rains,Maize,7.98,632.0,20.7,39.4,Improved Traditional,2.0
1998,Busia,Short Rains,Cassava,12.91,938.3,19.9,39.4,Hybrid,2.17
1998,Busia,Short Rains,Rice,7.37,659.5,20.4,39.4,Improved Traditional,0.8
1998,Isiolo,Long Rains,Beans,3.01,420.1,30.5,32.7,Traditional,0.2
1998,Isiolo,Long Rains,Maize,1.06,373.5,28.8,32.7,Hybrid,0.28
1998,Isiolo,Short Rains,Beans,10.35,350.1,30.2,32.7,Hybrid,0.2
1998,Isiolo,Short Rains,Maize,2.69,187.3,32.0,32.7,Improved Traditional,0.2
1998,Marsabit,Long Rains,Beans,1.63,263.3,30.3,22.3,Improved Traditional,0.2
1998,Marsabit,Long Rains,Maize,9.88,82.0,30.6,22.3,Traditional,0.2
1998,Marsabit,Short Rains,Beans,14.04,83.8,30.1,22.3,Traditional,0.2
1998,Marsabit,Short Rains,Maize,11.95,224.8,33.0,22.3,Improved Traditional,0.2
1999,Uasin Gishu,Long Rains,Wheat,6.0,580.7,16.0,134.8,Improved Traditional,5.92
1999,Uasin Gishu,Long Rains,Beans,6.65,601.0,16.6,134.8,Improved Traditional,0.92
1999,Uasin Gishu,Long Rains,Maize,11.38,711.7,18.2,134.8,Hybrid,4.57
1999,Uasin Gishu,Short Rains,Wheat,14.73,788.6,18.9,134.8,Hybrid,3.55
1999,Uasin Gishu,Short Rains,Beans,3.53,587.0,16.3,134.8,Hybrid,1.33
1999,Uasin Gishu,Short Rains,Maize,5.55,585.3,15.8,134.8,Traditional,1.68
1999,Trans Nzoia,Long Rains,Wheat,11.64,770.9,16.3,141.8,Traditional,7.39
1999,Trans Nzoia,Long Rains,Beans,2.46,709.8,14.7,141.8,Hybrid,1.25
1999,Trans Nzoia,Long Rains,Maize,3.28,857.0,16.0,141.8,Hybrid,2.86
1999,Trans Nzoia,Short Rains,Wheat,9.04,342.0,18.6,141.8,Traditional,1.09
1999,Trans Nzoia,Short Rains,Beans,14.78,465.2,18.3,141.8,Hybrid,0.62
1999,Trans Nzoia,Short Rains,Maize,13.26,50.0,18.6,141.8,Improved Traditional,0.2
1999,Nakuru,Long Rains,Wheat,3.11,556.8,19.4,114.1,Hybrid,4.78
1999,Nakuru,Long Rains,Beans,2.25,610.6,19.1,114.1,Traditional,1.01
1999,Nakuru,Long Rains,Maize,12.11,729.0,16.4,114.1,Hybrid,3.15
1999,Nakuru,Long Rains,Potatoes,8.35,456.6,17.7,114.1,Hybrid,7.85
1999,Nakuru,Short Rains,Wheat,14.55,398.6,19.3,114.1,Hybrid,1.58
1999,Nakuru,Short Rains,Beans,13.48,545.3,19.2,114.1,Traditional,1.31
1999,Nakuru,Short Rains,Maize,4.9,557.5,19.8,114.1,Hybrid,3.07
1999,Nakuru,Short Rains,Potatoes,2.1,546.0,16.8,114.1,Improved Traditional,7.25
1999,Nandi,Long Rains,Beans,5.19,915.5,17.9,119.1,Hybrid,1.45
1999,Nandi,Long Rains,Maize,0.96,673.2,17.5,119.1,Improved Traditional,1.79
1999,Nandi,Long Rains,Tea,11.07,959.4,16.1,119.1,Traditional,5.4
1999,Nandi,Short Rains,Beans,4.56,388.6,18.1,119.1,Traditional,0.3
1999,Nandi,Short Rains,Maize,4.98,429.1,16.2,119.1,Traditional,0.2
1999,Nandi,Short Rains,Tea,8.73,430.0,17.5,119.1,Traditional,1.1
1999,Bungoma,Long Rains,Beans,9.73,481.4,21.0,85.7,Hybrid,0.26
1999,Bungoma,Long Rains,Maize,13.16,939.0,18.1,85.7,Traditional,2.64
1999,Bungoma,Short Rains,Beans,12.57,325.0,17.8,85.7,Improved Traditional,0.22
1999,Bungoma,Short Rains,Maize,7.35,658.8,17.7,85.7,Hybrid,2.62
1999,Kakamega,Long Rains,Beans,0.94,826.6,18.6,129.1,Improved Traditional,1.01
1999,Kakamega,Long Rains,Maize,13.21,1087.9,19.8,129.1,Improved Traditional,5.61
1999,Kakamega,Short Rains,Beans,5.07,261.3,19.0,129.1,Hybrid,0.22
1999,Kakamega,Short Rains,Maize,6.78,520.0,20.2,129.1,Traditional,0.93
1999,Kisii,Long Rains,Beans,1.39,1240.2,16.9,108.9,Hybrid,2.52
1999,Kisii,Long Rains,Maize,8.69,1040.0,19.2,108.9,Traditional,2.36
1999,Kisii,Short Rains,Beans,12.27,891.4,18.6,108.9,Improved Traditional,1.43
1999,Kisii,Short Rains,Maize,0.85,915.8,20.0,108.9,Improved Traditional,2.9
1999,Nyamira,Long Rains,Beans,2.77,934.7,17.1,126.0,Hybrid,1.4
1999,Nyamira,Long Rains,Maize,14.8,996.9,16.2,126.0,Traditional,2.58
1999,Nyamira,Short Rains,Beans,0.63,97.7,21.4,126.0,Hybrid,0.2
1999,Nyamira,Short Rains,Maize,13.47,719.3,17.5,126.0,Hybrid,2.35
1999,Vihiga,Long Rains,Beans,13.38,681.2,19.2,62.7,Improved Traditional,0.67
1999,Vihiga,Long Rains,Maize,11.42,1159.2,18.8,62.7,Hybrid,3.13
1999,Vihiga,Short Rains,Beans,13.78,862.2,19.1,62.7,Improved Traditional,0.96
1999,Vihiga,Short Rains,Maize,12.52,590.5,20.7,62.7,Traditional,0.5
1999,Bomet,Long Rains,Beans,6.62,926.7,16.8,88.5,Hybrid,1.78
1999,Bomet,Long Rains,Maize,3.46,755.9,15.9,88.5,Hybrid,2.02
1999,Bomet,Long Rains,Tea,9.73,619.8,17.6,88.5,Improved Traditional,3.03
1999,Bomet,Long Rains,Potatoes,10.5,989.0,18.7,88.5,Hybrid,5.95
1999,Bomet,Short Rains,Beans,0.56,653.6,18.0,88.5,Improved Traditional,1.21
1999,Bomet,Short Rains,Maize,9.92,819.5,17.2,88.5,Hybrid,4.45
1999,Bomet,Short Rains,Tea,3.96,485.7,16.8,88.5,Hybrid,0.69
1999,Bomet,Short Rains,Potatoes,6.85,457.6,15.5,88.5,Traditional,1.74
1999,Kericho,Long Rains,Beans,13.36,1186.7,19.9,133.1,Improved Traditional,1.17
1999,Kericho,Long Rains,Maize,2.42,753.5,16.7,133.1,Hybrid,2.36
1999,Kericho,Long Rains,Tea,14.44,920.7,17.1,133.1,Hybrid,4.75
1999,Kericho,Short Rains,Beans,3.15,640.0,16.8,133.1,Hybrid,0.2
1999,Kericho,Short Rains,Maize,5.78,589.2,16.3,133.1,Hybrid,0.78
1999,Kericho,Short Rains,Tea,6.71,440.5,16.7,133.1,Hybrid,0.5
1999,Nyeri,Long Rains,Beans,11.66,651.6,16.1,73.6,Improved Traditional,0.65
1999,Nyeri,Long Rains,Maize,8.09,648.4,17.0,73.6,Improved Traditional,2.1
1999,Nyeri,Long Rains,Tea,2.66,716.3,16.3,73.6,Traditional,2.64
1999,Nyeri,Long Rains,Coffee,9.85,644.4,16.6,73.6,Improved Traditional,0.86
1999,Nyeri,Short Rains,Beans,8.14,265.7,16.5,73.6,Traditional,0.2
1999,Nyeri,Short Rains,Maize,11.94,379.9,15.6,73.6,Hybrid,0.36
1999,Nyeri,Short Rains,Tea,6.85,393.8,16.3,73.6,Improved Traditional,0.46
1999,Nyeri,Short Rains,Coffee,3.76,566.4,16.5,73.6,Traditional,1.75
1999,Muranga,Long Rains,Beans,3.36,736.5,19.9,80.5,Improved Traditional,1.39
1999,Muranga,Long Rains,Maize,11.66,722.1,17.4,80.5,Traditional,2.05
1999,Muranga,Long Rains,Tea,13.51,521.1,18.3,80.5,Improved Traditional,1.77
1999,Muranga,Long Rains,Coffee,5.43,725.0,17.6,80.5,Traditional,2.49
1999,Muranga,Short Rains,Beans,12.55,311.1,16.0,80.5,Hybrid,0.2
1999,Muranga,Short Rains,Maize,14.37,187.4,18.2,80.5,Traditional,0.28
1999,Muranga,Short Rains,Tea,5.89,478.9,18.1,80.5,Traditional,1.51
1999,Muranga,Short Rains,Coffee,11.71,392.6,19.2,80.5,Improved Traditional,0.53
1999,Kiambu,Long Rains,Beans,14.9,550.2,16.0,69.1,Improved Traditional,0.67
1999,Kiambu,Long Rains,Maize,14.61,649.9,14.8,69.1,Improved Traditional,0.79
1999,Kiambu,Long Rains,Coffee,6.47,499.4,17.8,69.1,Hybrid,1.02
1999,Kiambu,Short Rains,Beans,12.61,360.5,16.8,69.1,Hybrid,0.2
1999,Kiambu,Short Rains,Maize,1.54,246.5,18.1,69.1,Hybrid,0.39
1999,Kiambu,Short Rains,Coffee,6.96,284.8,19.5,69.1,Improved Traditional,0.21
1999,Kirinyaga,Long Rains,Beans,8.1,666.1,18.5,29.6,Hybrid,0.76
1999,Kirinyaga,Long Rains,Maize,9.64,549.7,17.8,29.6,Improved Traditional,1.2
1999,Kirinyaga,Long Rains,Coffee,2.97,585.3,17.8,29.6,Traditional,0.2
1999,Kirinyaga,Long Rains,Rice,14.16,539.6,18.1,29.6,Improved Traditional,0.79
1999,Kirinyaga,Short Rains,Beans,5.54,365.4,18.6,29.6,Traditional,0.2
1999,Kirinyaga,Short Rains,Maize,14.75,245.6,18.0,29.6,Traditional,0.22
1999,Kirinyaga,Short Rains,Coffee,2.69,397.2,17.3,29.6,Improved Traditional,0.2
1999,Kirinyaga,Short Rains,Rice,9.17,475.3,17.7,29.6,Traditional,0.63
1999,Embu,Long Rains,Beans,9.19,428.7,17.5,51.3,Traditional,0.35
1999,Embu,Long Rains,Maize,2.33,740.5,20.7,51.3,Traditional,2.91
1999,Embu,Long Rains,Coffee,8.23,574.1,19.0,51.3,Traditional,0.71
1999,Embu,Short Rains,Beans,1.4,304.5,19.8,51.3,Traditional,0.25
1999,Embu,Short Rains,Maize,13.39,327.2,18.3,51.3,Improved Traditional,0.35
1999,Embu,Short Rains,Coffee,14.15,288.9,21.4,51.3,Hybrid,0.38
1999,Meru,Long Rains,Beans,8.07,409.0,15.7,61.6,Improved Traditional,0.42
1999,Meru,Long Rains,Maize,6.57,504.8,16.5,61.6,Traditional,1.1
1999,Meru,Long Rains,Coffee,3.12,487.2,18.6,61.6,Improved Traditional,0.96
1999,Meru,Long Rains,Potatoes,12.61,584.0,17.5,61.6,Traditional,5.25
1999,Meru,Short Rains,Beans,4.44,308.5,16.4,61.6,Hybrid,0.22
1999,Meru,Short Rains,Maize,10.78,416.0,17.9,61.6,Traditional,1.53
1999,Meru,Short Rains,Coffee,10.62,497.5,16.8,61.6,Traditional,1.28
1999,Meru,Short Rains,Potatoes,7.64,376.8,16.4,61.6,Improved Traditional,1.73
1999,Tharaka-Nithi,Long Rains,Beans,7.98,575.7,21.2,55.4,Traditional,0.66
1999,Tharaka-Nithi,Long Rains,Maize,2.24,349.9,19.1,55.4,Traditional,1.0
1999,Tharaka-Nithi,Short Rains,Beans,3.18,361.1,20.9,55.4,Traditional,0.33
1999,Tharaka-Nithi,Short Rains,Maize,9.76,245.9,18.3,55.4,Traditional,0.35
1999,Nyandarua,Long Rains,Beans,5.35,759.3,17.3,114.7,Improved Traditional,1.57
1999,Nyandarua,Long Rains,Maize,8.36,798.2,15.9,114.7,Hybrid,4.11
1999,Nyandarua,Long Rains,Potatoes,12.62,870.8,14.5,114.7,Hybrid,17.09
1999,Nyandarua,Short Rains,Beans,8.27,591.8,16.2,114.7,Hybrid,1.41
1999,Nyandarua,Short Rains,Maize,8.52,454.6,14.3,114.7,Hybrid,0.8
1999,Nyandarua,Short Rains,Potatoes,11.98,655.3,17.0,114.7,Hybrid,8.26
1999,Nairobi,Long Rains,Beans,0.82,416.4,20.4,30.7,Traditional,0.24
1999,Nairobi,Long Rains,Maize,2.94,425.3,19.6,30.7,Improved Traditional,0.83
1999,Nairobi,Short Rains,Beans,3.27,241.3,19.0,30.7,Improved Traditional,0.2
1999,Nairobi,Short Rains,Maize,4.89,375.1,20.5,30.7,Hybrid,0.65
1999,Machakos,Long Rains,Sorghum,0.67,513.4,20.8,45.5,Improved Traditional,0.76
1999,Machakos,Long Rains,Beans,7.34,595.7,22.2,45.5,Traditional,0.7
1999,Machakos,Long Rains,Maize,4.96,383.5,22.0,45.5,Traditional,0.73
1999,Machakos,Short Rains,Sorghum,1.89,303.9,21.5,45.5,Traditional,0.2
1999,Machakos,Short Rains,Beans,12.86,148.3,21.3,45.5,Improved Traditional,0.2
1999,Machakos,Short Rains,Maize,0.77,585.2,22.8,45.5,Traditional,1.13
1999,Makueni,Long Rains,Sorghum,6.7,507.2,24.4,21.5,Improved Traditional,0.68
1999,Makueni,Long Rains,Beans,8.49,394.9,23.0,21.5,Traditional,0.2
1999,Makueni,Long Rains,Maize,11.69,346.6,27.2,21.5,Traditional,0.59
1999,Makueni,Short Rains,Sorghum,0.86,522.8,24.6,21.5,Traditional,0.67
1999,Makueni,Short Rains,Beans,5.62,286.9,24.1,21.5,Improved Traditional,0.2
1999,Makueni,Short Rains,Maize,1.45,306.6,24.1,21.5,Hybrid,0.97
1999,Kitui,Long Rains,Sorghum,0.74,492.3,25.5,0.0,Traditional,0.41
1999,Kitui,Long Rains,Beans,11.74,427.6,24.9,0.0,Traditional,0.2
1999,Kitui,Long Rains,Maize,13.93,464.9,26.7,0.0,Hybrid,0.2
1999,Kitui,Short Rains,Sorghum,12.64,205.1,26.4,0.0,Hybrid,0.2
1999,Kitui,Short Rains,Beans,11.09,183.5,24.0,0.0,Traditional,0.2
1999,Kitui,Short Rains,Maize,14.58,197.9,25.7,0.0,Traditional,0.2
1999,Mombasa,Long Rains,Beans,6.93,422.4,26.7,24.0,Traditional,0.2
1999,Mombasa,Long Rains,Maize,8.07,365.7,27.7,24.0,Hybrid,0.2
1999,Mombasa,Short Rains,Beans,10.54,295.0,27.5,24.0,Traditional,0.2
1999,Mombasa,Short Rains,Maize,8.03,616.1,29.3,24.0,Traditional,0.2
1999,Kilifi,Long Rains,Beans,11.52,447.7,29.3,38.1,Traditional,0.2
1999,Kilifi,Long Rains,Maize,8.9,388.1,26.4,38.1,Hybrid,0.38
1999,Kilifi,Long Rains,Cassava,14.84,606.4,27.9,38.1,Traditional,0.76
1999,Kilifi,Short Rains,Beans,3.34,550.4,27.8,38.1,Traditional,0.2
1999,Kilifi,Short Rains,Maize,10.41,493.2,27.1,38.1,Traditional,0.69
1999,Kilifi,Short Rains,Cassava,10.51,380.7,27.9,38.1,Hybrid,0.65
1999,Kwale,Long Rains,Beans,6.53,885.9,27.4,16.5,Hybrid,0.2
1999,Kwale,Long Rains,Maize,9.3,841.7,26.8,16.5,Improved Traditional,0.55
1999,Kwale,Long Rains,Cassava,13.4,713.2,26.4,16.5,Traditional,2.06
1999,Kwale,Short Rains,Beans,13.85,304.2,27.5,16.5,Improved Traditional,0.2
1999,Kwale,Short Rains,Maize,6.64,692.5,26.2,16.5,Hybrid,0.74
1999,Kwale,Short Rains,Cassava,3.47,398.8,27.5,16.5,Hybrid,0.45
1999,Tana River,Long Rains,Beans,1.51,375.1,25.5,31.1,Hybrid,0.26
1999,Tana River,Long Rains,Maize,2.22,188.5,30.0,31.1,Traditional,0.2
1999,Tana River,Long Rains,Rice,7.94,283.5,30.7,31.1,Traditional,0.4
1999,Tana River,Short Rains,Beans,4.35,241.1,29.3,31.1,Traditional,0.2
1999,Tana River,Short Rains,Maize,6.77,213.0,30.1,31.1,Hybrid,0.2
1999,Tana River,Short Rains,Rice,14.18,121.9,26.9,31.1,Hybrid,0.2
1999,Lamu,Long Rains,Beans,3.42,662.9,29.7,30.8,Traditional,0.2
1999,Lamu,Long Rains,Maize,14.97,553.0,27.2,30.8,Hybrid,0.55
1999,Lamu,Short Rains,Beans,2.67,307.4,26.0,30.8,Traditional,0.2
1999,Lamu,Short Rains,Maize,10.88,301.4,29.5,30.8,Traditional,0.2
1999,Taita Taveta,Long Rains,Beans,2.0,676.5,23.2,40.1,Improved Traditional,0.7
1999,Taita Taveta,Long Rains,Maize,9.24,421.2,20.9,40.1,Traditional,0.68
1999,Taita Taveta,Short Rains,Beans,2.86,316.8,23.2,40.1,Hybrid,0.2
1999,Taita Taveta,Short Rains,Maize,11.25,249.4,21.5,40.1,Traditional,0.23
1999,Garissa,Long Rains,Sorghum,11.65,112.4,31.8,16.9,Improved Traditional,0.2
1999,Garissa,Long Rains,Beans,8.91,240.8,32.7,16.9,Improved Traditional,0.2
1999,Garissa,Long Rains,Maize,1.24,102.6,33.0,16.9,Hybrid,0.2
1999,Garissa,Short Rains,Sorghum,11.33,54.8,33.2,16.9,Traditional,0.2
1999,Garissa,Short Rains,Beans,8.7,129.2,31.5,16.9,Traditional,0.2
1999,Garissa,Short Rains,Maize,2.99,50.0,32.2,16.9,Hybrid,0.2
1999,Wajir,Long Rains,Sorghum,10.48,263.4,33.3,28.4,Hybrid,0.53
1999,Wajir,Long Rains,Beans,13.28,137.3,33.3,28.4,Hybrid,0.2
1999,Wajir,Long Rains,Maize,5.81,219.2,31.6,28.4,Traditional,0.23
1999,Wajir,Short Rains,Sorghum,7.34,115.2,34.7,28.4,Traditional,0.2
1999,Wajir,Short Rains,Beans,0.79,94.8,34.4,28.4,Traditional,0.2
1999,Wajir,Short Rains,Maize,6.96,53.9,33.9,28.4,Hybrid,0.2
1999,Mandera,Long Rains,Sorghum,13.41,50.0,34.6,24.3,Hybrid,0.2
1999,Mandera,Long Rains,Beans,10.23,237.9,33.9,24.3,Hybrid,0.2
1999,Mandera,Long Rains,Maize,10.53,69.9,33.9,24.3,Hybrid,0.2
1999,Mandera,Short Rains,Sorghum,14.2,101.9,33.8,24.3,Hybrid,0.2
1999,Mandera,Short Rains,Beans,5.47,101.7,34.2,24.3,Hybrid,0.2
1999,Mandera,Short Rains,Maize,7.31,88.0,33.3,24.3,Traditional,0.2
1999,Turkana,Long Rains,Sorghum,2.46,129.6,34.9,22.2,Improved Traditional,0.2
1999,Turkana,Long Rains,Beans,6.3,204.4,35.9,22.2,Traditional,0.2
1999,Turkana,Long Rains,Maize,8.61,137.2,38.3,22.2,Traditional,0.2
1999,Turkana,Short Rains,Sorghum,13.3,94.7,35.5,22.2,Improved Traditional,0.2
1999,Turkana,Short Rains,Beans,2.63,90.4,34.3,22.2,Traditional,0.2
1999,Turkana,Short Rains,Maize,13.47,141.6,35.9,22.2,Traditional,0.2
1999,West Pokot,Long Rains,Beans,9.34,381.1,21.6,62.0,Traditional,0.49
1999,West Pokot,Long Rains,Maize,7.29,381.2,21.2,62.0,Traditional,1.13
1999,West Pokot,Short Rains,Beans,4.47,394.4,21.7,62.0,Hybrid,0.71
1999,West Pokot,Short Rains,Maize,14.73,381.5,21.5,62.0,Traditional,1.07
1999,Samburu,Long Rains,Beans,2.15,373.8,27.1,41.6,Improved Traditional,0.21
1999,Samburu,Long Rains,Maize,9.21,334.4,28.6,41.6,Hybrid,0.52
1999,Samburu,Short Rains,Beans,8.17,133.1,24.7,41.6,Traditional,0.2
1999,Samburu,Short Rains,Maize,3.34,50.0,25.2,41.6,Hybrid,0.2
1999,Baringo,Long Rains,Beans,10.86,535.0,22.2,38.8,Improved Traditional,0.54
1999,Baringo,Long Rains,Maize,1.65,343.1,22.0,38.8,Traditional,0.74
1999,Baringo,Short Rains,Beans,8.5,502.1,23.6,38.8,Hybrid,0.2
1999,Baringo,Short Rains,Maize,5.99,200.9,22.2,38.8,Hybrid,0.24
1999,Laikipia,Long Rains,Wheat,3.28,570.4,21.9,38.8,Traditional,0.24
1999,Laikipia,Long Rains,Beans,1.78,486.5,20.0,38.8,Hybrid,0.9
1999,Laikipia,Long Rains,Maize,1.34,534.8,20.2,38.8,Improved Traditional,2.49
1999,Laikipia,Short Rains,Wheat,14.11,559.5,18.6,38.8,Improved Traditional,0.92
1999,Laikipia,Short Rains,Beans,13.44,289.4,18.0,38.8,Improved Traditional,0.2
1999,Laikipia,Short Rains,Maize,7.14,190.6,19.1,38.8,Hybrid,0.27
1999,Kisumu,Long Rains,Beans,8.38,393.1,21.8,77.6,Improved Traditional,0.21
1999,Kisumu,Long Rains,Maize,3.24,766.4,22.1,77.6,Hybrid,3.0
1999,Kisumu,Short Rains,Beans,8.0,556.8,21.4,77.6,Hybrid,1.2
1999,Kisumu,Short Rains,Maize,13.89,531.4,21.3,77.6,Traditional,1.48
1999,Siaya,Long Rains,Beans,12.57,798.4,24.1,67.9,Traditional,0.4
1999,Siaya,Long Rains,Maize,9.44,1097.9,21.0,67.9,Hybrid,4.96
1999,Siaya,Long Rains,Cassava,9.32,692.8,22.6,67.9,Hybrid,3.51
1999,Siaya,Short Rains,Beans,9.93,350.7,22.4,67.9,Traditional,0.2
1999,Siaya,Short Rains,Maize,12.8,514.5,22.6,67.9,Improved Traditional,1.49
1999,Siaya,Short Rains,Cassava,13.41,590.6,24.7,67.9,Traditional,2.18
1999,Homa Bay,Long Rains,Beans,11.89,571.4,24.5,75.3,Traditional,0.58
1999,Homa Bay,Long Rains,Maize,6.19,613.4,23.5,75.3,Traditional,1.64
1999,Homa Bay,Short Rains,Beans,1.6,454.7,22.5,75.3,Traditional,0.26
1999,Homa Bay,Short Rains,Maize,1.48,510.2,23.4,75.3,Improved Traditional,1.67
1999,Migori,Long Rains,Beans,11.32,910.4,23.0,54.9,Improved Traditional,0.74
1999,Migori,Long Rains,Maize,7.58,565.6,19.9,54.9,Improved Traditional,1.33
1999,Migori,Short Rains,Beans,12.6,825.3,22.1,54.9,Traditional,0.47
1999,Migori,Short Rains,Maize,0.55,526.2,20.2,54.9,Traditional,0.6
1999,Kajiado,Long Rains,Beans,9.52,425.7,22.7,32.9,Hybrid,0.2
1999,Kajiado,Long Rains,Maize,13.81,374.2,20.8,32.9,Traditional,1.03
1999,Kajiado,Short Rains,Beans,5.13,185.0,22.0,32.9,Traditional,0.2
1999,Kajiado,Short Rains,Maize,6.32,229.1,22.5,32.9,Hybrid,0.29
1999,Narok,Long Rains,Wheat,10.01,580.9,20.6,42.5,Hybrid,1.89
1999,Narok,Long Rains,Beans,5.17,702.9,17.6,42.5,Improved Traditional,0.81
1999,Narok,Long Rains,Maize,4.15,622.8,18.8,42.5,Hybrid,2.23
1999,Narok,Short Rains,Wheat,12.22,379.2,18.5,42.5,Traditional,0.37
1999,Narok,Short Rains,Beans,12.13,371.6,19.1,42.5,Traditional,0.25
1999,Narok,Short Rains,Maize,3.34,432.2,16.9,42.5,Improved Traditional,0.86
1999,Elgeyo-Marakwet,Long Rains,Beans,5.0,647.4,16.1,59.4,Traditional,0.79
1999,Elgeyo-Marakwet,Long Rains,Maize,4.96,687.0,19.1,59.4,Improved Traditional,2.66
1999,Elgeyo-Marakwet,Short Rains,Beans,5.66,524.3,16.8,59.4,Traditional,0.36
1999,Elgeyo-Marakwet,Short Rains,Maize,10.79,573.3,15.8,59.4,Hybrid,1.36
1999,Busia,Long Rains,Beans,4.64,646.0,20.4,70.6,Improved Traditional,0.98
1999,Busia,Long Rains,Maize,1.38,758.7,22.1,70.6,Traditional,3.01
1999,Busia,Long Rains,Cassava,9.16,737.9,20.3,70.6,Traditional,0.63
1999,Busia,Long Rains,Rice,5.7,664.4,17.9,70.6,Traditional,0.89
1999,Busia,Short Rains,Beans,7.76,247.9,20.6,70.6,Improved Traditional,0.2
1999,Busia,Short Rains,Maize,12.35,267.8,20.8,70.6,Hybrid,0.68
1999,Busia,Short Rains,Cassava,9.76,262.5,19.1,70.6,Improved Traditional,0.21
1999,Busia,Short Rains,Rice,11.75,613.4,21.0,70.6,Hybrid,2.33
1999,Isiolo,Long Rains,Beans,8.42,236.7,29.2,18.4,Traditional,0.2
1999,Isiolo,Long Rains,Maize,10.98,136.6,30.8,18.4,Traditional,0.2
1999,Isiolo,Short Rains,Beans,3.26,185.9,31.7,18.4,Traditional,0.2
1999,Isiolo,Short Rains,Maize,12.24,50.0,31.7,18.4,Traditional,0.2
1999,Marsabit,Long Rains,Beans,14.11,213.3,31.3,24.3,Traditional,0.2
1999,Marsabit,Long Rains,Maize,3.2,238.4,30.5,24.3,Traditional,0.23
1999,Marsabit,Short Rains,Beans,11.0,198.1,30.3,24.3,Improved Traditional,0.2
1999,Marsabit,Short Rains,Maize,9.33,131.9,31.0,24.3,Traditional,0.2
2000,Uasin Gishu,Long Rains,Wheat,8.15,512.7,16.8,139.7,Traditional,3.21
2000,Uasin Gishu,Long Rains,Beans,4.32,486.7,18.0,139.7,Hybrid,1.78
2000,Uasin Gishu,Long Rains,Maize,8.25,454.5,17.8,139.7,Traditional,0.48
2000,Uasin Gishu,Short Rains,Wheat,11.32,493.2,17.0,139.7,Traditional,4.01
2000,Uasin Gishu,Short Rains,Beans,0.82,432.0,18.8,139.7,Hybrid,0.63
2000,Uasin Gishu,Short Rains,Maize,5.56,455.5,16.4,139.7,Hybrid,0.91
2000,Trans Nzoia,Long Rains,Wheat,4.37,660.2,17.5,111.5,Hybrid,4.61
2000,Trans Nzoia,Long Rains,Beans,2.74,569.8,14.8,111.5,Hybrid,1.38
2000,Trans Nzoia,Long Rains,Maize,2.92,545.1,17.9,111.5,Hybrid,1.23
2000,Trans Nzoia,Short Rains,Wheat,12.02,233.3,19.6,111.5,Traditional,0.29
2000,Trans Nzoia,Short Rains,Beans,3.51,313.3,15.5,111.5,Hybrid,0.27
2000,Trans Nzoia,Short Rains,Maize,10.02,263.0,16.4,111.5,Hybrid,0.67
2000,Nakuru,Long Rains,Wheat,2.38,360.9,19.1,130.3,Hybrid,1.39
2000,Nakuru,Long Rains,Beans,9.12,493.6,18.0,130.3,Improved Traditional,0.85
2000,Nakuru,Long Rains,Maize,11.87,374.1,19.7,130.3,Hybrid,1.53
2000,Nakuru,Long Rains,Potatoes,4.42,539.0,21.2,130.3,Traditional,5.55
2000,Nakuru,Short Rains,Wheat,8.42,361.8,18.3,130.3,Hybrid,0.57
2000,Nakuru,Short Rains,Beans,7.22,124.1,19.2,130.3,Traditional,0.2
2000,Nakuru,Short Rains,Maize,13.31,371.6,16.8,130.3,Improved Traditional,0.61
2000,Nakuru,Short Rains,Potatoes,6.41,195.1,19.2,130.3,Traditional,0.71
2000,Nandi,Long Rains,Beans,13.51,468.7,17.4,111.4,Hybrid,0.67
2000,Nandi,Long Rains,Maize,12.23,413.0,16.7,111.4,Improved Traditional,0.49
2000,Nandi,Long Rains,Tea,11.07,558.0,18.6,111.4,Hybrid,2.54
2000,Nandi,Short Rains,Beans,4.05,271.7,16.0,111.4,Improved Traditional,0.2
2000,Nandi,Short Rains,Maize,10.58,241.9,17.7,111.4,Hybrid,0.33
2000,Nandi,Short Rains,Tea,9.47,348.6,19.3,111.4,Hybrid,0.8
2000,Bungoma,Long Rains,Beans,13.71,427.4,18.9,96.0,Improved Traditional,0.27
2000,Bungoma,Long Rains,Maize,12.39,634.5,19.2,96.0,Hybrid,3.22
2000,Bungoma,Short Rains,Beans,13.99,431.1,19.1,96.0,Improved Traditional,0.3
2000,Bungoma,Short Rains,Maize,4.64,301.4,18.6,96.0,Hybrid,0.87
2000,Kakamega,Long Rains,Beans,4.83,619.4,20.2,139.5,Hybrid,2.3
2000,Kakamega,Long Rains,Maize,3.56,581.5,18.0,139.5,Hybrid,0.43
2000,Kakamega,Short Rains,Beans,1.63,194.5,19.3,139.5,Hybrid,0.2
2000,Kakamega,Short Rains,Maize,6.33,308.9,20.7,139.5,Traditional,0.53
2000,Kisii,Long Rains,Beans,11.51,609.3,20.5,93.7,Hybrid,0.42
2000,Kisii,Long Rains,Maize,5.42,376.4,17.1,93.7,Improved Traditional,0.24
2000,Kisii,Short Rains,Beans,13.81,190.4,17.0,93.7,Traditional,0.2
2000,Kisii,Short Rains,Maize,1.89,755.7,19.4,93.7,Hybrid,3.54
2000,Nyamira,Long Rains,Beans,13.69,612.4,17.6,108.7,Hybrid,0.48
2000,Nyamira,Long Rains,Maize,2.2,751.9,19.4,108.7,Hybrid,3.21
2000,Nyamira,Short Rains,Beans,8.49,200.8,18.8,108.7,Traditional,0.2
2000,Nyamira,Short Rains,Maize,3.78,350.8,16.6,108.7,Hybrid,0.45
2000,Vihiga,Long Rains,Beans,1.93,597.0,19.3,63.5,Improved Traditional,0.2
2000,Vihiga,Long Rains,Maize,4.13,745.9,21.1,63.5,Traditional,1.15
2000,Vihiga,Short Rains,Beans,12.08,251.9,17.7,63.5,Improved Traditional,0.2
2000,Vihiga,Short Rains,Maize,5.81,387.9,18.7,63.5,Hybrid,0.44
2000,Bomet,Long Rains,Beans,6.81,452.1,17.8,109.6,Hybrid,0.2
2000,Bomet,Long Rains,Maize,9.32,517.3,16.9,109.6,Hybrid,0.57
2000,Bomet,Long Rains,Tea,1.44,705.8,18.6,109.6,Improved Traditional,3.64
2000,Bomet,Long Rains,Potatoes,1.71,591.3,17.7,109.6,Traditional,3.14
2000,Bomet,Short Rains,Beans,11.1,256.7,15.3,109.6,Hybrid,0.2
2000,Bomet,Short Rains,Maize,12.14,319.7,15.0,109.6,Hybrid,0.43
2000,Bomet,Short Rains,Tea,8.86,378.8,18.0,109.6,Improved Traditional,0.63
2000,Bomet,Short Rains,Potatoes,1.16,344.3,17.8,109.6,Hybrid,2.01
2000,Kericho,Long Rains,Beans,3.06,595.5,18.2,126.0,Hybrid,0.36
2000,Kericho,Long Rains,Maize,12.84,716.8,17.5,126.0,Hybrid,3.03
2000,Kericho,Long Rains,Tea,1.73,609.8,17.7,126.0,Hybrid,1.2
2000,Kericho,Short Rains,Beans,12.1,458.0,18.2,126.0,Hybrid,0.2
2000,Kericho,Short Rains,Maize,9.95,273.1,16.3,126.0,Hybrid,0.2
2000,Kericho,Short Rains,Tea,11.38,667.9,15.3,126.0,Hybrid,2.62
2000,Nyeri,Long Rains,Beans,1.04,319.9,16.4,69.6,Improved Traditional,0.2
2000,Nyeri,Long Rains,Maize,4.51,508.7,16.2,69.6,Traditional,1.68
2000,Nyeri,Long Rains,Tea,4.34,327.0,15.9,69.6,Hybrid,0.42
2000,Nyeri,Long Rains,Coffee,14.04,351.2,15.5,69.6,Hybrid,0.31
2000,Nyeri,Short Rains,Beans,12.63,227.5,17.1,69.6,Hybrid,0.2
2000,Nyeri,Short Rains,Maize,12.42,132.0,15.5,69.6,Traditional,0.2
2000,Nyeri,Short Rains,Tea,2.74,285.3,15.9,69.6,Improved Traditional,0.35
2000,Nyeri,Short Rains,Coffee,1.07,229.7,17.2,69.6,Traditional,0.25
2000,Muranga,Long Rains,Beans,5.88,426.1,17.8,55.1,Hybrid,0.53
2000,Muranga,Long Rains,Maize,9.05,367.8,18.0,55.1,Traditional,0.43
2000,Muranga,Long Rains,Tea,3.94,393.3,17.4,55.1,Traditional,0.39
2000,Muranga,Long Rains,Coffee,2.69,617.9,17.8,55.1,Traditional,0.86
2000,Muranga,Short Rains,Beans,8.3,335.3,19.0,55.1,Traditional,0.2
2000,Muranga,Short Rains,Maize,10.18,218.5,18.6,55.1,Traditional,0.3
2000,Muranga,Short Rains,Tea,6.03,343.9,15.7,55.1,Traditional,0.35
2000,Muranga,Short Rains,Coffee,7.27,313.1,20.5,55.1,Improved Traditional,0.25
2000,Kiambu,Long Rains,Beans,13.44,429.6,18.2,54.4,Improved Traditional,0.36
2000,Kiambu,Long Rains,Maize,14.71,429.5,20.3,54.4,Traditional,1.57
2000,Kiambu,Long Rains,Coffee,14.49,326.5,20.5,54.4,Traditional,0.26
2000,Kiambu,Short Rains,Beans,8.8,315.4,17.8,54.4,Hybrid,0.23
2000,Kiambu,Short Rains,Maize,8.07,330.5,17.5,54.4,Hybrid,0.2
2000,Kiambu,Short Rains,Coffee,6.18,218.3,17.6,54.4,Traditional,0.2
2000,Kirinyaga,Long Rains,Beans,2.1,416.4,18.8,60.4,Traditional,0.74
2000,Kirinyaga,Long Rains,Maize,4.18,395.3,20.5,60.4,Traditional,0.49
2000,Kirinyaga,Long Rains,Coffee,13.05,407.6,19.5,60.4,Hybrid,0.65
2000,Kirinyaga,Long Rains,Rice,8.97,374.1,15.6,60.4,Improved Traditional,0.24
2000,Kirinyaga,Short Rains,Beans,1.01,195.0,17.9,60.4,Improved Traditional,0.2
2000,Kirinyaga,Short Rains,Maize,8.72,352.1,19.0,60.4,Hybrid,0.53
2000,Kirinyaga,Short Rains,Coffee,9.56,337.8,19.1,60.4,Traditional,0.34
2000,Kirinyaga,Short Rains,Rice,6.8,312.6,17.4,60.4,Improved Traditional,0.27
2000,Embu,Long Rains,Beans,1.57,341.5,19.5,59.2,Traditional,0.21
2000,Embu,Long Rains,Maize,14.49,348.9,19.5,59.2,Traditional,0.37
2000,Embu,Long Rains,Coffee,4.03,298.0,19.8,59.2,Hybrid,0.28
2000,Embu,Short Rains,Beans,9.86,251.0,21.1,59.2,Improved Traditional,0.2
2000,Embu,Short Rains,Maize,13.26,242.4,21.7,59.2,Traditional,0.48
2000,Embu,Short Rains,Coffee,7.34,231.2,20.2,59.2,Traditional,0.23
2000,Meru,Long Rains,Beans,11.79,386.2,16.5,74.4,Hybrid,0.61
2000,Meru,Long Rains,Maize,5.4,216.6,16.8,74.4,Hybrid,0.2
2000,Meru,Long Rains,Coffee,12.54,277.4,16.0,74.4,Hybrid,0.21
2000,Meru,Long Rains,Potatoes,13.39,443.1,17.4,74.4,Traditional,0.95
2000,Meru,Short Rains,Beans,11.32,310.9,16.9,74.4,Traditional,0.2
2000,Meru,Short Rains,Maize,7.05,175.7,17.8,74.4,Hybrid,0.3
2000,Meru,Short Rains,Coffee,7.44,249.6,17.2,74.4,Improved Traditional,0.27
2000,Meru,Short Rains,Potatoes,14.65,227.6,16.0,74.4,Improved Traditional,1.18
2000,Tharaka-Nithi,Long Rains,Beans,4.88,464.0,21.0,89.7,Traditional,0.4
2000,Tharaka-Nithi,Long Rains,Maize,8.36,326.6,20.1,89.7,Hybrid,2.6
2000,Tharaka-Nithi,Short Rains,Beans,7.41,330.0,18.6,89.7,Improved Traditional,0.27
2000,Tharaka-Nithi,Short Rains,Maize,1.23,212.6,20.5,89.7,Traditional,0.45
2000,Nyandarua,Long Rains,Beans,8.68,510.8,13.7,120.3,Hybrid,0.79
2000,Nyandarua,Long Rains,Maize,2.54,444.3,15.6,120.3,Hybrid,0.81
2000,Nyandarua,Long Rains,Potatoes,10.23,353.0,17.0,120.3,Improved Traditional,1.85
2000,Nyandarua,Short Rains,Beans,9.66,480.2,17.9,120.3,Hybrid,1.36
2000,Nyandarua,Short Rains,Maize,3.78,365.9,16.5,120.3,Improved Traditional,0.66
2000,Nyandarua,Short Rains,Potatoes,7.72,195.0,15.9,120.3,Hybrid,1.1
2000,Nairobi,Long Rains,Beans,14.72,277.0,18.1,6.7,Traditional,0.2
2000,Nairobi,Long Rains,Maize,5.21,357.2,19.6,6.7,Traditional,0.25
2000,Nairobi,Short Rains,Beans,10.93,216.7,18.8,6.7,Hybrid,0.2
2000,Nairobi,Short Rains,Maize,2.08,284.5,18.0,6.7,Traditional,0.2
2000,Machakos,Long Rains,Sorghum,4.89,306.0,24.3,71.2,Traditional,0.58
2000,Machakos,Long Rains,Beans,10.51,198.3,19.7,71.2,Traditional,0.2
2000,Machakos,Long Rains,Maize,1.9,295.6,21.8,71.2,Traditional,0.37
2000,Machakos,Short Rains,Sorghum,14.36,329.0,20.7,71.2,Improved Traditional,0.41
2000,Machakos,Short Rains,Beans,6.03,332.6,23.1,71.2,Traditional,0.39
2000,Machakos,Short Rains,Maize,3.57,210.0,23.7,71.2,Hybrid,0.42
2000,Makueni,Long Rains,Sorghum,12.22,289.1,22.5,11.9,Improved Traditional,0.25
2000,Makueni,Long Rains,Beans,14.9,185.7,24.0,11.9,Traditional,0.2
2000,Makueni,Long Rains,Maize,4.25,287.3,24.8,11.9,Improved Traditional,0.34
2000,Makueni,Short Rains,Sorghum,7.79,101.5,23.3,11.9,Improved Traditional,0.2
2000,Makueni,Short Rains,Beans,9.7,309.5,22.6,11.9,Traditional,0.24
2000,Makueni,Short Rains,Maize,5.84,65.7,25.1,11.9,Hybrid,0.2
2000,Kitui,Long Rains,Sorghum,6.73,239.7,24.0,13.1,Traditional,0.2
2000,Kitui,Long Rains,Beans,14.4,357.1,25.8,13.1,Improved Traditional,0.2
2000,Kitui,Long Rains,Maize,3.36,313.8,24.9,13.1,Hybrid,0.67
2000,Kitui,Short Rains,Sorghum,5.5,248.0,24.9,13.1,Improved Traditional,0.2
2000,Kitui,Short Rains,Beans,0.52,237.3,22.2,13.1,Traditional,0.2
2000,Kitui,Short Rains,Maize,5.72,255.6,23.8,13.1,Traditional,0.2
2000,Mombasa,Long Rains,Beans,1.34,426.6,28.7,25.4,Improved Traditional,0.2
2000,Mombasa,Long Rains,Maize,5.74,274.3,29.9,25.4,Improved Traditional,0.2
2000,Mombasa,Short Rains,Beans,9.99,253.9,28.6,25.4,Traditional,0.2
2000,Mombasa,Short Rains,Maize,9.03,253.1,26.8,25.4,Hybrid,0.2
2000,Kilifi,Long Rains,Beans,2.74,280.8,27.0,39.8,Hybrid,0.2
2000,Kilifi,Long Rains,Maize,13.16,197.3,28.0,39.8,Traditional,0.2
2000,Kilifi,Long Rains,Cassava,4.14,248.8,28.8,39.8,Hybrid,0.41
2000,Kilifi,Short Rains,Beans,7.16,91.4,26.8,39.8,Traditional,0.2
2000,Kilifi,Short Rains,Maize,6.74,241.2,27.9,39.8,Improved Traditional,0.2
2000,Kilifi,Short Rains,Cassava,7.7,220.1,26.9,39.8,Hybrid,0.37
2000,Kwale,Long Rains,Beans,8.68,497.0,29.3,22.0,Improved Traditional,0.2
2000,Kwale,Long Rains,Maize,11.06,473.6,27.6,22.0,Traditional,0.45
2000,Kwale,Long Rains,Cassava,8.06,317.8,26.7,22.0,Traditional,0.2
2000,Kwale,Short Rains,Beans,6.94,171.1,28.8,22.0,Traditional,0.2
2000,Kwale,Short Rains,Maize,4.86,352.8,28.8,22.0,Traditional,0.2
2000,Kwale,Short Rains,Cassava,10.4,404.2,29.0,22.0,Traditional,0.2
2000,Tana River,Long Rains,Beans,1.85,188.0,28.6,9.3,Traditional,0.2
2000,Tana River,Long Rains,Maize,1.13,211.1,28.2,9.3,Traditional,0.2
2000,Tana River,Long Rains,Rice,3.75,208.7,29.6,9.3,Traditional,0.2
2000,Tana River,Short Rains,Beans,5.47,102.2,29.8,9.3,Hybrid,0.2
2000,Tana River,Short Rains,Maize,12.33,50.0,29.8,9.3,Traditional,0.2
2000,Tana River,Short Rains,Rice,1.07,50.0,26.6,9.3,Improved Traditional,0.2
2000,Lamu,Long Rains,Beans,14.81,302.4,28.5,5.3,Traditional,0.2
2000,Lamu,Long Rains,Maize,1.91,374.5,26.8,5.3,Traditional,0.2
2000,Lamu,Short Rains,Beans,4.88,192.6,27.8,5.3,Improved Traditional,0.2
2000,Lamu,Short Rains,Maize,3.97,337.2,30.0,5.3,Traditional,0.2
2000,Taita Taveta,Long Rains,Beans,13.26,235.0,22.5,7.5,Hybrid,0.2
2000,Taita Taveta,Long Rains,Maize,7.47,251.5,24.5,7.5,Traditional,0.2
2000,Taita Taveta,Short Rains,Beans,3.08,230.9,23.7,7.5,Hybrid,0.2
2000,Taita Taveta,Short Rains,Maize,6.87,252.2,25.8,7.5,Traditional,0.2
2000,Garissa,Long Rains,Sorghum,6.44,140.4,30.5,18.0,Hybrid,0.36
2000,Garissa,Long Rains,Beans,9.39,175.6,33.9,18.0,Traditional,0.2
2000,Garissa,Long Rains,Maize,14.88,115.0,34.7,18.0,Traditional,0.2
2000,Garissa,Short Rains,Sorghum,2.82,82.1,31.4,18.0,Hybrid,0.2
2000,Garissa,Short Rains,Beans,12.33,67.9,33.6,18.0,Traditional,0.2
2000,Garissa,Short Rains,Maize,13.59,114.5,33.2,18.0,Traditional,0.2
2000,Wajir,Long Rains,Sorghum,13.49,74.9,31.8,33.9,Hybrid,0.2
2000,Wajir,Long Rains,Beans,10.17,122.2,35.5,33.9,Traditional,0.2
2000,Wajir,Long Rains,Maize,2.86,95.8,34.6,33.9,Improved Traditional,0.2
2000,Wajir,Short Rains,Sorghum,9.96,50.0,33.9,33.9,Traditional,0.2
2000,Wajir,Short Rains,Beans,6.34,124.9,34.8,33.9,Improved Traditional,0.2
2000,Wajir,Short Rains,Maize,3.42,113.5,35.8,33.9,Improved Traditional,0.2
2000,Mandera,Long Rains,Sorghum,8.8,113.3,32.3,3.6,Hybrid,0.2
2000,Mandera,Long Rains,Beans,1.21,65.2,33.6,3.6,Traditional,0.2
2000,Mandera,Long Rains,Maize,7.51,122.6,33.8,3.6,Improved Traditional,0.2
2000,Mandera,Short Rains,Sorghum,8.72,55.3,37.5,3.6,Traditional,0.2
2000,Mandera,Short Rains,Beans,6.24,50.2,33.9,3.6,Hybrid,0.2
2000,Mandera,Short Rains,Maize,5.55,112.5,34.3,3.6,Hybrid,0.2
2000,Turkana,Long Rains,Sorghum,7.73,129.9,34.6,35.6,Traditional,0.2
2000,Turkana,Long Rains,Beans,13.13,88.5,35.1,35.6,Improved Traditional,0.2
2000,Turkana,Long Rains,Maize,3.62,201.6,35.8,35.6,Hybrid,0.2
2000,Turkana,Short Rains,Sorghum,10.92,89.5,35.7,35.6,Improved Traditional,0.2
2000,Turkana,Short Rains,Beans,14.99,102.7,33.1,35.6,Traditional,0.2
2000,Turkana,Short Rains,Maize,0.92,116.4,37.5,35.6,Traditional,0.2
2000,West Pokot,Long Rains,Beans,4.4,292.8,21.3,70.1,Improved Traditional,0.2
2000,West Pokot,Long Rains,Maize,8.4,243.6,21.0,70.1,Traditional,0.54
2000,West Pokot,Short Rains,Beans,11.85,193.0,23.5,70.1,Hybrid,0.2
2000,West Pokot,Short Rains,Maize,10.17,294.4,23.5,70.1,Traditional,0.59
2000,Samburu,Long Rains,Beans,11.25,207.4,26.6,30.1,Traditional,0.2
2000,Samburu,Long Rains,Maize,4.82,98.4,26.0,30.1,Hybrid,0.2
2000,Samburu,Short Rains,Beans,9.5,50.0,25.5,30.1,Traditional,0.2
2000,Samburu,Short Rains,Maize,4.2,177.1,29.1,30.1,Hybrid,0.2
2000,Baringo,Long Rains,Beans,12.58,360.8,23.2,34.5,Traditional,0.27
2000,Baringo,Long Rains,Maize,11.95,436.0,26.7,34.5,Improved Traditional,0.57
2000,Baringo,Short Rains,Beans,12.02,225.9,24.7,34.5,Hybrid,0.2
2000,Baringo,Short Rains,Maize,3.3,254.9,22.6,34.5,Traditional,0.31
2000,Laikipia,Long Rains,Wheat,8.03,266.2,21.5,55.7,Improved Traditional,0.2
2000,Laikipia,Long Rains,Beans,8.15,357.1,20.9,55.7,Hybrid,0.63
2000,Laikipia,Long Rains,Maize,12.91,424.4,18.3,55.7,Traditional,1.08
2000,Laikipia,Short Rains,Wheat,9.9,298.4,19.7,55.7,Traditional,0.52
2000,Laikipia,Short Rains,Beans,6.13,216.8,20.2,55.7,Traditional,0.2
2000,Laikipia,Short Rains,Maize,5.76,221.6,14.3,55.7,Traditional,0.2
2000,Kisumu,Long Rains,Beans,14.55,486.4,22.3,74.0,Hybrid,0.86
2000,Kisumu,Long Rains,Maize,2.58,356.4,23.7,74.0,Hybrid,0.59
2000,Kisumu,Short Rains,Beans,13.3,391.1,23.3,74.0,Improved Traditional,0.2
2000,Kisumu,Short Rains,Maize,10.99,291.3,22.8,74.0,Improved Traditional,0.44
2000,Siaya,Long Rains,Beans,8.98,548.7,23.0,52.7,Traditional,0.4
2000,Siaya,Long Rains,Maize,3.46,406.0,22.1,52.7,Traditional,0.46
2000,Siaya,Long Rains,Cassava,9.02,486.8,21.4,52.7,Hybrid,2.14
2000,Siaya,Short Rains,Beans,10.97,442.8,22.8,52.7,Improved Traditional,0.2
2000,Siaya,Short Rains,Maize,1.04,341.5,21.5,52.7,Traditional,0.35
2000,Siaya,Short Rains,Cassava,12.19,347.8,23.6,52.7,Traditional,0.51
2000,Homa Bay,Long Rains,Beans,10.63,547.3,24.2,41.1,Hybrid,0.38
2000,Homa Bay,Long Rains,Maize,10.47,435.5,23.3,41.1,Improved Traditional,0.8
2000,Homa Bay,Short Rains,Beans,5.99,112.2,21.9,41.1,Traditional,0.2
2000,Homa Bay,Short Rains,Maize,3.6,391.6,23.8,41.1,Traditional,0.39
2000,Migori,Long Rains,Beans,1.82,568.0,22.6,78.1,Traditional,0.28
2000,Migori,Long Rains,Maize,11.28,517.2,21.2,78.1,Improved Traditional,0.3
2000,Migori,Short Rains,Beans,14.6,482.3,24.0,78.1,Traditional,0.2
2000,Migori,Short Rains,Maize,0.61,409.8,21.9,78.1,Traditional,0.27
2000,Kajiado,Long Rains,Beans,14.06,311.1,20.6,30.3,Traditional,0.27
2000,Kajiado,Long Rains,Maize,7.01,226.6,22.1,30.3,Hybrid,0.36
2000,Kajiado,Short Rains,Beans,13.52,93.5,21.1,30.3,Hybrid,0.2
2000,Kajiado,Short Rains,Maize,1.09,195.5,21.4,30.3,Hybrid,0.2
2000,Narok,Long Rains,Wheat,10.09,434.3,18.1,49.5,Improved Traditional,1.68
2000,Narok,Long Rains,Beans,2.92,340.4,17.6,49.5,Improved Traditional,0.22
2000,Narok,Long Rains,Maize,9.52,390.8,18.1,49.5,Improved Traditional,0.26
2000,Narok,Short Rains,Wheat,13.2,219.2,16.3,49.5,Traditional,0.29
2000,Narok,Short Rains,Beans,5.79,425.9,18.3,49.5,Hybrid,0.36
2000,Narok,Short Rains,Maize,9.83,256.4,18.6,49.5,Hybrid,0.3
2000,Elgeyo-Marakwet,Long Rains,Beans,9.31,422.9,17.5,41.3,Improved Traditional,0.2
2000,Elgeyo-Marakwet,Long Rains,Maize,12.5,503.4,18.2,41.3,Traditional,1.1
2000,Elgeyo-Marakwet,Short Rains,Beans,4.77,459.2,18.1,41.3,Traditional,0.33
2000,Elgeyo-Marakwet,Short Rains,Maize,2.9,338.4,18.4,41.3,Improved Traditional,0.2
2000,Busia,Long Rains,Beans,14.34,630.2,20.9,70.9,Traditional,0.67
2000,Busia,Long Rains,Maize,1.52,592.9,20.9,70.9,Improved Traditional,1.78
2000,Busia,Long Rains,Cassava,5.97,780.7,18.4,70.9,Hybrid,1.76
2000,Busia,Long Rains,Rice,12.29,300.7,21.7,70.9,Hybrid,0.56
2000,Busia,Short Rains,Beans,13.46,407.4,20.6,70.9,Traditional,0.2
2000,Busia,Short Rains,Maize,13.96,446.0,21.0,70.9,Traditional,0.51
2000,Busia,Short Rains,Cassava,4.73,380.8,21.7,70.9,Hybrid,0.62
2000,Busia,Short Rains,Rice,7.3,273.5,19.1,70.9,Traditional,0.26
2000,Isiolo,Long Rains,Beans,7.99,132.6,30.9,33.5,Traditional,0.2
2000,Isiolo,Long Rains,Maize,7.51,62.7,29.4,33.5,Improved Traditional,0.2
2000,Isiolo,Short Rains,Beans,1.73,219.1,28.4,33.5,Traditional,0.2
2000,Isiolo,Short Rains,Maize,8.13,179.5,32.4,33.5,Improved Traditional,0.2
2000,Marsabit,Long Rains,Beans,7.31,143.1,30.6,14.2,Hybrid,0.2
2000,Marsabit,Long Rains,Maize,12.28,155.7,32.0,14.2,Hybrid,0.2
2000,Marsabit,Short Rains,Beans,11.34,163.3,33.8,14.2,Improved Traditional,0.2
2000,Marsabit,Short Rains,Maize,8.77,134.6,33.7,14.2,Traditional,0.2
2001,Uasin Gishu,Long Rains,Wheat,9.82,966.1,17.5,85.1,Hybrid,10.37
2001,Uasin Gishu,Long Rains,Beans,14.43,966.6,16.4,85.1,Hybrid,2.39
2001,Uasin Gishu,Long Rains,Maize,4.86,950.3,16.5,85.1,Improved Traditional,2.24
2001,Uasin Gishu,Short Rains,Wheat,12.82,728.8,17.0,85.1,Improved Traditional,4.55
2001,Uasin Gishu,Short Rains,Beans,11.42,314.1,18.8,85.1,Hybrid,0.36
2001,Uasin Gishu,Short Rains,Maize,9.64,629.7,18.1,85.1,Traditional,2.61
2001,Trans Nzoia,Long Rains,Wheat,4.72,1008.5,15.4,132.1,Hybrid,15.9
2001,Trans Nzoia,Long Rains,Beans,8.15,680.0,17.1,132.1,Hybrid,2.17
2001,Trans Nzoia,Long Rains,Maize,5.21,938.1,19.9,132.1,Hybrid,5.96
2001,Trans Nzoia,Short Rains,Wheat,3.73,943.5,16.3,132.1,Improved Traditional,4.88
2001,Trans Nzoia,Short Rains,Beans,10.95,807.5,18.9,132.1,Improved Traditional,2.57
2001,Trans Nzoia,Short Rains,Maize,10.21,1033.5,18.2,132.1,Improved Traditional,3.89
2001,Nakuru,Long Rains,Wheat,7.11,633.7,18.3,129.4,Hybrid,4.68
2001,Nakuru,Long Rains,Beans,4.77,994.6,19.2,129.4,Traditional,3.46
2001,Nakuru,Long Rains,Maize,13.77,1164.2,19.6,129.4,Traditional,5.5
2001,Nakuru,Long Rains,Potatoes,3.23,934.9,16.9,129.4,Hybrid,12.95
2001,Nakuru,Short Rains,Wheat,12.57,221.4,17.9,129.4,Improved Traditional,0.7
2001,Nakuru,Short Rains,Beans,3.59,552.4,16.5,129.4,Hybrid,1.3
2001,Nakuru,Short Rains,Maize,7.13,625.5,17.7,129.4,Hybrid,3.44
2001,Nakuru,Short Rains,Potatoes,11.96,337.9,18.8,129.4,Hybrid,1.24
2001,Nandi,Long Rains,Beans,8.1,1036.7,15.5,151.8,Hybrid,1.56
2001,Nandi,Long Rains,Maize,12.57,413.0,19.3,151.8,Traditional,0.76
2001,Nandi,Long Rains,Tea,6.04,1024.2,16.9,151.8,Traditional,5.67
2001,Nandi,Short Rains,Beans,8.29,333.1,19.2,151.8,Hybrid,0.51
2001,Nandi,Short Rains,Maize,1.82,747.7,19.4,151.8,Hybrid,6.19
2001,Nandi,Short Rains,Tea,11.54,942.6,19.3,151.8,Traditional,5.83
2001,Bungoma,Long Rains,Beans,14.32,903.7,16.6,139.0,Improved Traditional,1.8
2001,Bungoma,Long Rains,Maize,9.29,831.9,17.0,139.0,Hybrid,3.15
2001,Bungoma,Short Rains,Beans,5.36,718.4,16.8,139.0,Hybrid,2.5
2001,Bungoma,Short Rains,Maize,6.14,712.9,18.9,139.0,Improved Traditional,4.41
2001,Kakamega,Long Rains,Beans,6.65,1469.6,19.8,94.2,Hybrid,1.31
2001,Kakamega,Long Rains,Maize,5.76,1412.1,19.2,94.2,Hybrid,4.45
2001,Kakamega,Short Rains,Beans,3.71,387.4,21.2,94.2,Hybrid,0.28
2001,Kakamega,Short Rains,Maize,12.01,380.5,17.7,94.2,Hybrid,0.48
2001,Kisii,Long Rains,Beans,8.43,976.5,19.5,58.9,Traditional,1.25
2001,Kisii,Long Rains,Maize,9.33,1264.9,19.3,58.9,Traditional,2.11
2001,Kisii,Short Rains,Beans,11.42,906.9,19.0,58.9,Traditional,1.16
2001,Kisii,Short Rains,Maize,4.59,280.2,19.3,58.9,Hybrid,0.24
2001,Nyamira,Long Rains,Beans,11.02,1674.2,18.3,153.9,Hybrid,5.27
2001,Nyamira,Long Rains,Maize,6.32,1910.9,18.2,153.9,Improved Traditional,6.71
2001,Nyamira,Short Rains,Beans,4.41,853.0,19.9,153.9,Hybrid,2.15
2001,Nyamira,Short Rains,Maize,9.35,653.1,19.3,153.9,Traditional,1.2
2001,Vihiga,Long Rains,Beans,10.06,1019.2,20.2,76.4,Traditional,1.8
2001,Vihiga,Long Rains,Maize,10.95,1048.7,18.2,76.4,Improved Traditional,2.5
2001,Vihiga,Short Rains,Beans,6.2,532.7,19.7,76.4,Traditional,0.2
2001,Vihiga,Short Rains,Maize,3.78,584.7,19.8,76.4,Traditional,0.75
2001,Bomet,Long Rains,Beans,10.38,1161.1,16.5,80.6,Hybrid,1.16
2001,Bomet,Long Rains,Maize,7.46,1193.4,16.5,80.6,Hybrid,4.31
2001,Bomet,Long Rains,Tea,11.69,1197.4,17.2,80.6,Hybrid,2.51
2001,Bomet,Long Rains,Potatoes,3.91,956.0,20.0,80.6,Improved Traditional,5.51
2001,Bomet,Short Rains,Beans,14.74,751.2,17.6,80.6,Hybrid,1.38
2001,Bomet,Short Rains,Maize,14.72,963.5,15.6,80.6,Hybrid,3.07
2001,Bomet,Short Rains,Tea,7.6,833.0,18.1,80.6,Hybrid,4.59
2001,Bomet,Short Rains,Potatoes,5.56,663.5,16.0,80.6,Hybrid,5.38
2001,Kericho,Long Rains,Beans,9.61,690.9,18.6,95.1,Hybrid,1.16
2001,Kericho,Long Rains,Maize,7.48,1218.9,17.2,95.1,Hybrid,3.83
2001,Kericho,Long Rains,Tea,14.04,1613.9,15.9,95.1,Hybrid,8.54
2001,Kericho,Short Rains,Beans,7.93,877.9,17.3,95.1,Hybrid,1.28
2001,Kericho,Short Rains,Maize,2.77,626.0,15.6,95.1,Improved Traditional,0.35
2001,Kericho,Short Rains,Tea,6.17,821.7,18.1,95.1,Improved Traditional,1.1
2001,Nyeri,Long Rains,Beans,1.48,655.7,15.7,57.6,Traditional,0.54
2001,Nyeri,Long Rains,Maize,0.78,1129.3,15.3,57.6,Traditional,1.71
2001,Nyeri,Long Rains,Tea,0.82,934.6,13.4,57.6,Traditional,1.47
2001,Nyeri,Long Rains,Coffee,2.61,889.5,15.9,57.6,Traditional,1.91
2001,Nyeri,Short Rains,Beans,4.87,526.5,15.3,57.6,Improved Traditional,0.61
2001,Nyeri,Short Rains,Maize,14.01,731.4,13.1,57.6,Improved Traditional,0.95
2001,Nyeri,Short Rains,Tea,14.05,213.0,19.2,57.6,Traditional,0.2
2001,Nyeri,Short Rains,Coffee,1.61,363.2,15.1,57.6,Improved Traditional,0.36
2001,Muranga,Long Rains,Beans,12.86,1136.5,18.3,74.3,Hybrid,1.94
2001,Muranga,Long Rains,Maize,14.15,627.5,18.3,74.3,Traditional,1.34
2001,Muranga,Long Rains,Tea,7.44,854.2,20.2,74.3,Improved Traditional,3.99
2001,Muranga,Long Rains,Coffee,8.55,1027.9,19.6,74.3,Hybrid,2.9
2001,Muranga,Short Rains,Beans,7.88,608.4,18.5,74.3,Improved Traditional,0.61
2001,Muranga,Short Rains,Maize,13.48,802.1,19.3,74.3,Improved Traditional,2.7
2001,Muranga,Short Rains,Tea,11.8,498.0,18.8,74.3,Traditional,1.57
2001,Muranga,Short Rains,Coffee,7.66,526.4,20.4,74.3,Improved Traditional,1.11
2001,Kiambu,Long Rains,Beans,11.14,916.5,16.6,62.2,Traditional,0.85
2001,Kiambu,Long Rains,Maize,2.73,715.2,18.0,62.2,Traditional,1.7
2001,Kiambu,Long Rains,Coffee,1.78,746.1,19.3,62.2,Traditional,2.2
2001,Kiambu,Short Rains,Beans,13.53,585.6,19.5,62.2,Traditional,0.93
2001,Kiambu,Short Rains,Maize,11.92,585.5,16.6,62.2,Traditional,1.17
2001,Kiambu,Short Rains,Coffee,5.85,500.5,17.4,62.2,Traditional,0.98
2001,Kirinyaga,Long Rains,Beans,8.61,590.8,17.2,52.3,Traditional,0.83
2001,Kirinyaga,Long Rains,Maize,2.8,560.2,19.2,52.3,Hybrid,1.51
2001,Kirinyaga,Long Rains,Coffee,2.19,890.4,19.4,52.3,Hybrid,2.58
2001,Kirinyaga,Long Rains,Rice,7.85,868.2,19.6,52.3,Hybrid,1.42
2001,Kirinyaga,Short Rains,Beans,7.39,496.7,17.9,52.3,Hybrid,0.4
2001,Kirinyaga,Short Rains,Maize,5.85,167.6,18.1,52.3,Improved Traditional,0.2
2001,Kirinyaga,Short Rains,Coffee,8.68,366.5,19.9,52.3,Traditional,0.27
2001,Kirinyaga,Short Rains,Rice,8.56,440.5,14.7,52.3,Traditional,0.27
2001,Embu,Long Rains,Beans,9.77,709.0,19.7,73.5,Traditional,1.94
2001,Embu,Long Rains,Maize,3.02,378.9,17.2,73.5,Hybrid,2.0
2001,Embu,Long Rains,Coffee,2.02,656.3,19.9,73.5,Traditional,0.78
2001,Embu,Short Rains,Beans,14.93,460.5,19.2,73.5,Traditional,0.55
2001,Embu,Short Rains,Maize,10.79,319.5,21.2,73.5,Hybrid,0.8
2001,Embu,Short Rains,Coffee,14.86,50.0,19.1,73.5,Improved Traditional,0.2
2001,Meru,Long Rains,Beans,8.76,1208.3,18.1,65.2,Traditional,1.23
2001,Meru,Long Rains,Maize,1.74,763.1,19.4,65.2,Traditional,3.88
2001,Meru,Long Rains,Coffee,11.71,493.8,18.2,65.2,Traditional,0.93
2001,Meru,Long Rains,Potatoes,12.87,765.0,17.7,65.2,Hybrid,6.89
2001,Meru,Short Rains,Beans,4.67,612.7,18.1,65.2,Traditional,0.8
2001,Meru,Short Rains,Maize,12.05,573.4,17.4,65.2,Hybrid,1.62
2001,Meru,Short Rains,Coffee,2.13,595.2,17.6,65.2,Improved Traditional,2.04
2001,Meru,Short Rains,Potatoes,0.72,375.4,17.7,65.2,Traditional,2.4
2001,Tharaka-Nithi,Long Rains,Beans,5.59,522.7,20.4,66.4,Traditional,1.05
2001,Tharaka-Nithi,Long Rains,Maize,9.33,432.2,18.8,66.4,Hybrid,1.52
2001,Tharaka-Nithi,Short Rains,Beans,14.0,488.0,20.7,66.4,Traditional,0.63
2001,Tharaka-Nithi,Short Rains,Maize,9.41,368.3,20.0,66.4,Traditional,2.07
2001,Nyandarua,Long Rains,Beans,6.77,838.0,14.1,97.6,Traditional,0.72
2001,Nyandarua,Long Rains,Maize,0.83,1179.7,14.2,97.6,Hybrid,1.91
2001,Nyandarua,Long Rains,Potatoes,1.17,1009.9,16.3,97.6,Hybrid,10.96
2001,Nyandarua,Short Rains,Beans,6.53,398.2,14.7,97.6,Traditional,0.23
2001,Nyandarua,Short Rains,Maize,9.37,495.6,14.8,97.6,Traditional,1.31
2001,Nyandarua,Short Rains,Potatoes,5.01,639.7,17.0,97.6,Hybrid,3.46
2001,Nairobi,Long Rains,Beans,3.18,564.8,20.2,37.2,Traditional,0.46
2001,Nairobi,Long Rains,Maize,8.73,787.2,18.3,37.2,Hybrid,1.19
2001,Nairobi,Short Rains,Beans,9.66,394.1,18.3,37.2,Hybrid,0.23
2001,Nairobi,Short Rains,Maize,7.27,292.7,18.1,37.2,Improved Traditional,0.22
2001,Machakos,Long Rains,Sorghum,11.7,873.8,21.0,49.1,Traditional,0.6
2001,Machakos,Long Rains,Beans,10.75,462.5,22.2,49.1,Hybrid,0.71
2001,Machakos,Long Rains,Maize,2.86,427.7,21.1,49.1,Improved Traditional,1.25
2001,Machakos,Short Rains,Sorghum,9.6,339.5,21.1,49.1,Traditional,0.32
2001,Machakos,Short Rains,Beans,3.91,307.8,22.9,49.1,Improved Traditional,0.24
2001,Machakos,Short Rains,Maize,3.06,629.7,22.6,49.1,Hybrid,1.95
2001,Makueni,Long Rains,Sorghum,7.34,352.7,23.4,38.7,Hybrid,0.43
2001,Makueni,Long Rains,Beans,6.72,323.2,23.7,38.7,Hybrid,0.36
2001,Makueni,Long Rains,Maize,4.16,642.9,24.1,38.7,Improved Traditional,1.56
2001,Makueni,Short Rains,Sorghum,12.71,52.1,23.7,38.7,Traditional,0.2
2001,Makueni,Short Rains,Beans,8.44,640.7,26.4,38.7,Traditional,0.34
2001,Makueni,Short Rains,Maize,1.4,234.2,23.7,38.7,Improved Traditional,0.21
2001,Kitui,Long Rains,Sorghum,14.38,187.1,25.2,20.1,Hybrid,0.2
2001,Kitui,Long Rains,Beans,6.58,777.0,23.8,20.1,Traditional,0.27
2001,Kitui,Long Rains,Maize,10.0,677.4,24.0,20.1,Traditional,0.99
2001,Kitui,Short Rains,Sorghum,11.65,163.4,25.1,20.1,Improved Traditional,0.2
2001,Kitui,Short Rains,Beans,9.57,550.2,23.5,20.1,Improved Traditional,0.33
2001,Kitui,Short Rains,Maize,6.02,234.2,21.8,20.1,Hybrid,0.23
2001,Mombasa,Long Rains,Beans,7.21,844.0,27.1,32.6,Traditional,0.2
2001,Mombasa,Long Rains,Maize,3.56,989.4,28.9,32.6,Hybrid,0.77
2001,Mombasa,Short Rains,Beans,14.14,461.2,29.4,32.6,Hybrid,0.2
2001,Mombasa,Short Rains,Maize,11.84,921.6,29.6,32.6,Traditional,0.45
2001,Kilifi,Long Rains,Beans,2.38,681.8,29.2,21.9,Traditional,0.2
2001,Kilifi,Long Rains,Maize,13.25,751.7,26.7,21.9,Improved Traditional,1.18
2001,Kilifi,Long Rains,Cassava,8.84,442.3,29.0,21.9,Traditional,0.42
2001,Kilifi,Short Rains,Beans,4.32,282.8,29.0,21.9,Traditional,0.2
2001,Kilifi,Short Rains,Maize,5.84,463.7,29.1,21.9,Hybrid,0.4
2001,Kilifi,Short Rains,Cassava,14.44,511.0,27.7,21.9,Hybrid,1.32
2001,Kwale,Long Rains,Beans,6.32,640.0,29.4,5.4,Improved Traditional,0.2
2001,Kwale,Long Rains,Maize,9.8,601.7,27.4,5.4,Hybrid,0.43
2001,Kwale,Long Rains,Cassava,3.15,771.3,26.0,5.4,Traditional,1.05
2001,Kwale,Short Rains,Beans,2.66,770.6,27.4,5.4,Traditional,0.2
2001,Kwale,Short Rains,Maize,12.85,630.3,27.5,5.4,Traditional,0.48
2001,Kwale,Short Rains,Cassava,8.41,652.1,27.2,5.4,Hybrid,1.49
2001,Tana River,Long Rains,Beans,12.41,517.0,30.3,39.3,Traditional,0.2
2001,Tana River,Long Rains,Maize,4.45,619.6,31.4,39.3,Improved Traditional,0.46
2001,Tana River,Long Rains,Rice,3.09,488.8,29.0,39.3,Traditional,1.02
2001,Tana River,Short Rains,Beans,13.39,359.6,29.6,39.3,Traditional,0.2
2001,Tana River,Short Rains,Maize,4.41,224.2,29.0,39.3,Traditional,0.2
2001,Tana River,Short Rains,Rice,10.81,315.7,31.0,39.3,Improved Traditional,0.42
2001,Lamu,Long Rains,Beans,14.28,782.4,27.0,48.4,Improved Traditional,0.3
2001,Lamu,Long Rains,Maize,10.1,1075.9,27.8,48.4,Traditional,1.2
2001,Lamu,Short Rains,Beans,10.27,513.9,27.4,48.4,Improved Traditional,0.2
2001,Lamu,Short Rains,Maize,10.78,549.5,27.8,48.4,Improved Traditional,0.58
2001,Taita Taveta,Long Rains,Beans,6.92,588.2,24.4,16.6,Traditional,0.36
2001,Taita Taveta,Long Rains,Maize,13.57,693.2,23.9,16.6,Traditional,0.64
2001,Taita Taveta,Short Rains,Beans,10.33,160.1,24.9,16.6,Hybrid,0.2
2001,Taita Taveta,Short Rains,Maize,7.03,94.8,23.9,16.6,Improved Traditional,0.2
2001,Garissa,Long Rains,Sorghum,8.82,191.6,31.2,11.2,Improved Traditional,0.23
2001,Garissa,Long Rains,Beans,8.23,210.5,31.2,11.2,Traditional,0.2
2001,Garissa,Long Rains,Maize,5.04,179.5,34.0,11.2,Hybrid,0.2
2001,Garissa,Short Rains,Sorghum,1.74,66.1,31.9,11.2,Traditional,0.2
2001,Garissa,Short Rains,Beans,13.77,106.8,31.8,11.2,Traditional,0.2
2001,Garissa,Short Rains,Maize,14.6,216.4,32.9,11.2,Improved Traditional,0.2
2001,Wajir,Long Rains,Sorghum,14.93,134.2,32.7,38.9,Traditional,0.32
2001,Wajir,Long Rains,Beans,7.82,191.3,29.8,38.9,Traditional,0.2
2001,Wajir,Long Rains,Maize,13.3,296.8,32.4,38.9,Improved Traditional,0.39
2001,Wajir,Short Rains,Sorghum,4.92,120.5,31.7,38.9,Traditional,0.2
2001,Wajir,Short Rains,Beans,5.24,125.7,32.6,38.9,Traditional,0.2
2001,Wajir,Short Rains,Maize,2.91,214.0,33.8,38.9,Traditional,0.25
2001,Mandera,Long Rains,Sorghum,11.11,68.4,35.5,18.2,Traditional,0.2
2001,Mandera,Long Rains,Beans,6.88,226.4,35.0,18.2,Traditional,0.2
2001,Mandera,Long Rains,Maize,13.91,209.5,33.4,18.2,Traditional,0.2
2001,Mandera,Short Rains,Sorghum,5.28,70.8,32.5,18.2,Traditional,0.2
2001,Mandera,Short Rains,Beans,3.98,100.7,36.0,18.2,Hybrid,0.2
2001,Mandera,Short Rains,Maize,11.49,230.4,36.6,18.2,Improved Traditional,0.2
2001,Turkana,Long Rains,Sorghum,12.38,207.2,36.2,44.5,Improved Traditional,0.2
2001,Turkana,Long Rains,Beans,11.9,171.7,37.2,44.5,Traditional,0.2
2001,Turkana,Long Rains,Maize,8.81,133.2,34.5,44.5,Hybrid,0.2
2001,Turkana,Short Rains,Sorghum,10.68,202.8,34.6,44.5,Hybrid,0.38
2001,Turkana,Short Rains,Beans,12.86,219.3,33.9,44.5,Improved Traditional,0.2
2001,Turkana,Short Rains,Maize,3.81,50.0,36.3,44.5,Improved Traditional,0.2
2001,West Pokot,Long Rains,Beans,10.89,386.4,21.2,65.6,Hybrid,0.94
2001,West Pokot,Long Rains,Maize,5.07,446.3,21.6,65.6,Hybrid,1.04
2001,West Pokot,Short Rains,Beans,8.63,531.4,23.4,65.6,Hybrid,0.48
2001,West Pokot,Short Rains,Maize,1.47,332.2,21.8,65.6,Hybrid,1.44
2001,Samburu,Long Rains,Beans,4.93,337.2,25.3,45.0,Improved Traditional,0.2
2001,Samburu,Long Rains,Maize,7.96,306.6,28.0,45.0,Traditional,0.44
2001,Samburu,Short Rains,Beans,6.51,269.6,25.4,45.0,Hybrid,0.29
2001,Samburu,Short Rains,Maize,5.52,300.7,27.6,45.0,Hybrid,0.79
2001,Baringo,Long Rains,Beans,14.63,483.4,23.4,24.5,Hybrid,0.43
2001,Baringo,Long Rains,Maize,7.03,590.2,23.4,24.5,Improved Traditional,0.8
2001,Baringo,Short Rains,Beans,14.39,67.3,23.8,24.5,Hybrid,0.2
2001,Baringo,Short Rains,Maize,3.22,467.8,22.5,24.5,Traditional,0.81
2001,Laikipia,Long Rains,Wheat,11.05,956.5,18.1,58.1,Traditional,1.49
2001,Laikipia,Long Rains,Beans,3.6,634.2,20.4,58.1,Traditional,0.77
2001,Laikipia,Long Rains,Maize,10.54,525.0,19.8,58.1,Hybrid,1.6
2001,Laikipia,Short Rains,Wheat,2.99,552.8,18.2,58.1,Traditional,1.28
2001,Laikipia,Short Rains,Beans,7.76,480.8,18.4,58.1,Improved Traditional,0.45
2001,Laikipia,Short Rains,Maize,3.52,116.7,19.8,58.1,Improved Traditional,0.2
2001,Kisumu,Long Rains,Beans,11.63,434.1,21.4,72.6,Improved Traditional,0.39
2001,Kisumu,Long Rains,Maize,11.79,1074.7,22.2,72.6,Improved Traditional,4.63
2001,Kisumu,Short Rains,Beans,7.81,493.1,22.4,72.6,Hybrid,0.6
2001,Kisumu,Short Rains,Maize,2.95,404.3,21.9,72.6,Traditional,0.52
2001,Siaya,Long Rains,Beans,10.8,1088.7,22.2,66.0,Traditional,1.15
2001,Siaya,Long Rains,Maize,9.91,930.4,23.1,66.0,Traditional,3.2
2001,Siaya,Long Rains,Cassava,11.55,908.1,23.4,66.0,Traditional,2.4
2001,Siaya,Short Rains,Beans,14.37,588.1,23.8,66.0,Hybrid,0.77
2001,Siaya,Short Rains,Maize,9.25,539.0,20.9,66.0,Hybrid,1.02
2001,Siaya,Short Rains,Cassava,9.05,333.5,23.1,66.0,Improved Traditional,0.58
2001,Homa Bay,Long Rains,Beans,14.77,527.2,23.8,77.7,Improved Traditional,0.49
2001,Homa Bay,Long Rains,Maize,14.46,907.0,22.6,77.7,Traditional,2.02
2001,Homa Bay,Short Rains,Beans,6.21,548.6,25.2,77.7,Hybrid,0.66
2001,Homa Bay,Short Rains,Maize,2.43,220.6,24.8,77.7,Traditional,0.29
2001,Migori,Long Rains,Beans,2.73,1367.0,20.9,35.8,Traditional,0.72
2001,Migori,Long Rains,Maize,7.02,1137.9,20.4,35.8,Hybrid,1.03
2001,Migori,Short Rains,Beans,1.41,721.8,19.8,35.8,Traditional,0.48
2001,Migori,Short Rains,Maize,7.74,731.8,22.0,35.8,Traditional,0.86
2001,Kajiado,Long Rains,Beans,12.25,436.6,20.0,27.5,Traditional,0.39
2001,Kajiado,Long Rains,Maize,4.02,357.3,21.4,27.5,Traditional,0.94
2001,Kajiado,Short Rains,Beans,8.85,315.5,19.0,27.5,Improved Traditional,0.2
2001,Kajiado,Short Rains,Maize,8.85,108.7,21.8,27.5,Traditional,0.2
2001,Narok,Long Rains,Wheat,4.93,394.1,20.7,67.6,Hybrid,0.53
2001,Narok,Long Rains,Beans,13.39,1015.5,20.9,67.6,Traditional,1.45
2001,Narok,Long Rains,Maize,6.38,580.8,20.0,67.6,Traditional,2.49
2001,Narok,Short Rains,Wheat,6.46,597.2,20.4,67.6,Hybrid,3.78
2001,Narok,Short Rains,Beans,13.64,174.7,20.9,67.6,Improved Traditional,0.2
2001,Narok,Short Rains,Maize,5.47,686.1,17.3,67.6,Hybrid,3.06
2001,Elgeyo-Marakwet,Long Rains,Beans,13.59,714.4,17.9,56.9,Traditional,0.8
2001,Elgeyo-Marakwet,Long Rains,Maize,10.25,691.7,16.5,56.9,Traditional,0.52
2001,Elgeyo-Marakwet,Short Rains,Beans,13.47,434.6,17.3,56.9,Hybrid,0.97
2001,Elgeyo-Marakwet,Short Rains,Maize,14.47,698.7,16.1,56.9,Improved Traditional,2.31
2001,Busia,Long Rains,Beans,6.85,1195.1,18.8,59.5,Traditional,0.2
2001,Busia,Long Rains,Maize,14.05,1367.3,20.5,59.5,Traditional,2.58
2001,Busia,Long Rains,Cassava,5.92,1070.7,21.7,59.5,Hybrid,4.49
2001,Busia,Long Rains,Rice,5.28,1106.8,20.3,59.5,Hybrid,4.96
2001,Busia,Short Rains,Beans,10.68,698.8,19.4,59.5,Hybrid,0.94
2001,Busia,Short Rains,Maize,10.66,991.8,19.7,59.5,Traditional,1.83
2001,Busia,Short Rains,Cassava,10.19,477.8,20.9,59.5,Traditional,0.33
2001,Busia,Short Rains,Rice,12.01,734.2,19.7,59.5,Traditional,1.1
2001,Isiolo,Long Rains,Beans,8.43,297.4,28.9,27.8,Traditional,0.2
2001,Isiolo,Long Rains,Maize,9.67,307.8,29.3,27.8,Traditional,0.27
2001,Isiolo,Short Rains,Beans,3.51,215.6,30.3,27.8,Improved Traditional,0.2
2001,Isiolo,Short Rains,Maize,9.29,55.3,32.2,27.8,Improved Traditional,0.2
2001,Marsabit,Long Rains,Beans,9.55,161.8,30.5,24.9,Traditional,0.2
2001,Marsabit,Long Rains,Maize,11.03,50.0,31.0,24.9,Improved Traditional,0.2
2001,Marsabit,Short Rains,Beans,10.85,152.3,31.9,24.9,Traditional,0.2
2001,Marsabit,Short Rains,Maize,12.58,50.0,30.8,24.9,Improved Traditional,0.2
2002,Uasin Gishu,Long Rains,Wheat,4.07,1163.4,16.8,145.3,Hybrid,9.0
2002,Uasin Gishu,Long Rains,Beans,14.37,946.8,15.9,145.3,Hybrid,3.64
2002,Uasin Gishu,Long Rains,Maize,12.67,1077.8,18.0,145.3,Traditional,6.55
2002,Uasin Gishu,Short Rains,Wheat,2.28,896.9,17.1,145.3,Hybrid,12.19
2002,Uasin Gishu,Short Rains,Beans,14.64,1060.5,18.2,145.3,Improved Traditional,3.02
2002,Uasin Gishu,Short Rains,Maize,3.64,664.8,17.2,145.3,Improved Traditional,3.67
2002,Trans Nzoia,Long Rains,Wheat,3.06,1092.3,16.9,123.3,Improved Traditional,9.54
2002,Trans Nzoia,Long Rains,Beans,2.14,1261.1,18.5,123.3,Hybrid,4.24
2002,Trans Nzoia,Long Rains,Maize,8.48,969.6,16.6,123.3,Hybrid,3.08
2002,Trans Nzoia,Short Rains,Wheat,7.23,932.6,18.1,123.3,Hybrid,10.57
2002,Trans Nzoia,Short Rains,Beans,5.72,645.8,15.3,123.3,Traditional,0.76
2002,Trans Nzoia,Short Rains,Maize,1.15,611.1,17.8,123.3,Traditional,1.37
2002,Nakuru,Long Rains,Wheat,14.53,1073.8,18.6,81.3,Traditional,5.52
2002,Nakuru,Long Rains,Beans,12.79,1165.4,18.6,81.3,Hybrid,2.62
2002,Nakuru,Long Rains,Maize,7.75,900.1,19.9,81.3,Improved Traditional,3.95
2002,Nakuru,Long Rains,Potatoes,7.8,1018.1,19.2,81.3,Hybrid,8.27
2002,Nakuru,Short Rains,Wheat,0.87,761.0,17.2,81.3,Improved Traditional,3.06
2002,Nakuru,Short Rains,Beans,11.69,469.7,16.6,81.3,Hybrid,1.03
2002,Nakuru,Short Rains,Maize,9.01,426.9,17.9,81.3,Hybrid,1.66
2002,Nakuru,Short Rains,Potatoes,9.58,274.9,19.7,81.3,Improved Traditional,0.66
2002,Nandi,Long Rains,Beans,11.36,799.1,18.1,141.7,Improved Traditional,2.7
2002,Nandi,Long Rains,Maize,3.5,655.7,18.6,141.7,Traditional,3.8
2002,Nandi,Long Rains,Tea,1.95,1102.8,17.6,141.7,Hybrid,10.95
2002,Nandi,Short Rains,Beans,2.59,740.7,18.1,141.7,Traditional,2.71
2002,Nandi,Short Rains,Maize,2.17,382.7,18.6,141.7,Improved Traditional,1.04
2002,Nandi,Short Rains,Tea,13.17,969.7,18.6,141.7,Improved Traditional,5.54
2002,Bungoma,Long Rains,Beans,4.17,985.4,19.7,120.6,Hybrid,3.26
2002,Bungoma,Long Rains,Maize,4.3,1285.1,18.2,120.6,Hybrid,5.04
2002,Bungoma,Short Rains,Beans,14.33,610.0,17.7,120.6,Hybrid,1.29
2002,Bungoma,Short Rains,Maize,10.73,319.5,18.6,120.6,Traditional,0.61
2002,Kakamega,Long Rains,Beans,8.35,1263.4,17.1,130.2,Improved Traditional,2.11
2002,Kakamega,Long Rains,Maize,14.15,1330.7,19.1,130.2,Hybrid,9.95
2002,Kakamega,Short Rains,Beans,14.74,983.9,19.6,130.2,Traditional,2.0
2002,Kakamega,Short Rains,Maize,2.83,235.5,18.1,130.2,Improved Traditional,0.2
2002,Kisii,Long Rains,Beans,11.31,1208.1,18.9,97.0,Hybrid,1.62
2002,Kisii,Long Rains,Maize,10.64,1199.5,18.3,97.0,Hybrid,3.63
2002,Kisii,Short Rains,Beans,12.63,1388.6,17.3,97.0,Hybrid,1.39
2002,Kisii,Short Rains,Maize,4.94,1268.1,18.8,97.0,Hybrid,4.22
2002,Nyamira,Long Rains,Beans,9.85,474.8,16.0,105.6,Traditional,0.2
2002,Nyamira,Long Rains,Maize,5.67,1082.5,18.5,105.6,Hybrid,4.51
2002,Nyamira,Short Rains,Beans,12.4,865.5,17.8,105.6,Hybrid,1.34
2002,Nyamira,Short Rains,Maize,7.24,889.7,20.1,105.6,Hybrid,4.98
2002,Vihiga,Long Rains,Beans,7.68,668.1,19.1,75.2,Improved Traditional,0.78
2002,Vihiga,Long Rains,Maize,4.13,1282.4,19.5,75.2,Hybrid,3.39
2002,Vihiga,Short Rains,Beans,0.92,1140.2,18.3,75.2,Traditional,0.67
2002,Vihiga,Short Rains,Maize,3.67,1260.9,19.2,75.2,Traditional,3.49
2002,Bomet,Long Rains,Beans,6.45,1277.5,19.5,129.9,Hybrid,2.98
2002,Bomet,Long Rains,Maize,1.32,1071.8,18.0,129.9,Improved Traditional,5.05
2002,Bomet,Long Rains,Tea,13.49,1416.3,17.8,129.9,Hybrid,8.15
2002,Bomet,Long Rains,Potatoes,6.72,874.3,18.3,129.9,Improved Traditional,6.59
2002,Bomet,Short Rains,Beans,9.92,947.2,17.7,129.9,Hybrid,2.9
2002,Bomet,Short Rains,Maize,0.82,636.6,15.7,129.9,Hybrid,2.33
2002,Bomet,Short Rains,Tea,10.43,419.0,17.6,129.9,Hybrid,0.2
2002,Bomet,Short Rains,Potatoes,9.84,519.9,18.9,129.9,Improved Traditional,1.17
2002,Kericho,Long Rains,Beans,10.09,1256.5,17.9,134.0,Hybrid,3.45
2002,Kericho,Long Rains,Maize,6.15,1380.9,17.5,134.0,Hybrid,3.79
2002,Kericho,Long Rains,Tea,3.8,1571.7,17.9,134.0,Hybrid,6.48
2002,Kericho,Short Rains,Beans,1.44,495.8,17.2,134.0,Hybrid,0.55
2002,Kericho,Short Rains,Maize,11.03,864.5,17.5,134.0,Hybrid,2.69
2002,Kericho,Short Rains,Tea,5.98,934.1,18.2,134.0,Traditional,2.93
2002,Nyeri,Long Rains,Beans,5.51,548.6,16.5,53.5,Improved Traditional,0.79
2002,Nyeri,Long Rains,Maize,2.38,616.8,17.0,53.5,Traditional,1.62
2002,Nyeri,Long Rains,Tea,10.74,810.0,14.8,53.5,Traditional,1.11
2002,Nyeri,Long Rains,Coffee,10.77,922.3,16.4,53.5,Hybrid,1.49
2002,Nyeri,Short Rains,Beans,3.43,425.9,18.3,53.5,Hybrid,1.47
2002,Nyeri,Short Rains,Maize,2.65,239.5,14.3,53.5,Traditional,0.2
2002,Nyeri,Short Rains,Tea,13.52,632.0,16.5,53.5,Improved Traditional,2.16
2002,Nyeri,Short Rains,Coffee,1.47,412.2,16.2,53.5,Hybrid,0.83
2002,Muranga,Long Rains,Beans,6.72,490.6,17.4,41.0,Traditional,0.51
2002,Muranga,Long Rains,Maize,3.62,875.1,18.3,41.0,Improved Traditional,2.57
2002,Muranga,Long Rains,Tea,11.99,698.9,18.6,41.0,Improved Traditional,1.48
2002,Muranga,Long Rains,Coffee,10.09,899.9,18.7,41.0,Traditional,0.86
2002,Muranga,Short Rains,Beans,13.9,391.3,18.5,41.0,Traditional,0.2
2002,Muranga,Short Rains,Maize,5.63,345.0,17.6,41.0,Traditional,0.2
2002,Muranga,Short Rains,Tea,8.32,550.3,21.1,41.0,Traditional,0.51
2002,Muranga,Short Rains,Coffee,8.57,316.1,16.1,41.0,Hybrid,0.2
2002,Kiambu,Long Rains,Beans,14.76,809.5,18.6,56.7,Traditional,0.97
2002,Kiambu,Long Rains,Maize,5.98,607.6,16.8,56.7,Traditional,0.62
2002,Kiambu,Long Rains,Coffee,13.73,929.3,16.0,56.7,Hybrid,2.26
2002,Kiambu,Short Rains,Beans,2.33,661.9,19.1,56.7,Traditional,0.65
2002,Kiambu,Short Rains,Maize,2.1,357.7,17.8,56.7,Traditional,0.38
2002,Kiambu,Short Rains,Coffee,2.37,354.3,16.5,56.7,Hybrid,0.35
2002,Kirinyaga,Long Rains,Beans,12.13,1177.1,16.1,41.2,Hybrid,1.08
2002,Kirinyaga,Long Rains,Maize,3.93,783.7,19.0,41.2,Improved Traditional,2.31
2002,Kirinyaga,Long Rains,Coffee,8.07,588.9,18.0,41.2,Traditional,0.95
2002,Kirinyaga,Long Rains,Rice,13.6,784.8,19.8,41.2,Traditional,1.46
2002,Kirinyaga,Short Rains,Beans,3.26,635.1,18.9,41.2,Traditional,0.89
2002,Kirinyaga,Short Rains,Maize,10.41,694.4,18.3,41.2,Traditional,1.49
2002,Kirinyaga,Short Rains,Coffee,0.82,608.5,15.9,41.2,Hybrid,1.31
2002,Kirinyaga,Short Rains,Rice,14.32,463.7,18.1,41.2,Improved Traditional,0.57
2002,Embu,Long Rains,Beans,7.86,732.2,20.6,59.4,Hybrid,2.12
2002,Embu,Long Rains,Maize,3.49,888.4,18.0,59.4,Hybrid,3.26
2002,Embu,Long Rains,Coffee,5.75,506.2,18.2,59.4,Traditional,1.15
2002,Embu,Short Rains,Beans,11.03,369.3,18.5,59.4,Traditional,0.96
2002,Embu,Short Rains,Maize,8.29,165.3,20.0,59.4,Hybrid,0.35
2002,Embu,Short Rains,Coffee,5.14,636.5,20.3,59.4,Traditional,0.9
2002,Meru,Long Rains,Beans,2.69,894.3,16.8,58.2,Hybrid,1.28
2002,Meru,Long Rains,Maize,7.67,588.4,18.2,58.2,Improved Traditional,2.37
2002,Meru,Long Rains,Coffee,13.86,657.4,15.6,58.2,Traditional,0.91
2002,Meru,Long Rains,Potatoes,9.19,755.9,15.3,58.2,Improved Traditional,3.02
2002,Meru,Short Rains,Beans,9.71,704.6,18.3,58.2,Improved Traditional,1.2
2002,Meru,Short Rains,Maize,12.14,428.8,18.3,58.2,Improved Traditional,1.62
2002,Meru,Short Rains,Coffee,5.27,482.2,15.8,58.2,Traditional,0.95
2002,Meru,Short Rains,Potatoes,5.04,581.7,18.3,58.2,Traditional,2.42
2002,Tharaka-Nithi,Long Rains,Beans,6.03,696.9,18.5,78.0,Traditional,1.12
2002,Tharaka-Nithi,Long Rains,Maize,6.24,643.5,20.4,78.0,Improved Traditional,2.02
2002,Tharaka-Nithi,Short Rains,Beans,9.07,431.7,19.7,78.0,Improved Traditional,0.74
2002,Tharaka-Nithi,Short Rains,Maize,7.89,462.5,21.0,78.0,Improved Traditional,2.63
2002,Nyandarua,Long Rains,Beans,12.12,1108.6,15.7,157.0,Traditional,1.65
2002,Nyandarua,Long Rains,Maize,10.32,993.0,14.4,157.0,Traditional,3.02
2002,Nyandarua,Long Rains,Potatoes,11.19,1106.1,15.3,157.0,Improved Traditional,15.35
2002,Nyandarua,Short Rains,Beans,5.43,702.2,16.3,157.0,Traditional,1.67
2002,Nyandarua,Short Rains,Maize,11.72,660.6,15.6,157.0,Hybrid,2.88
2002,Nyandarua,Short Rains,Potatoes,10.76,573.2,14.7,157.0,Traditional,10.83
2002,Nairobi,Long Rains,Beans,9.04,670.9,17.3,40.1,Traditional,0.45
2002,Nairobi,Long Rains,Maize,6.95,794.8,19.4,40.1,Improved Traditional,0.26
2002,Nairobi,Short Rains,Beans,2.33,452.5,20.4,40.1,Improved Traditional,0.34
2002,Nairobi,Short Rains,Maize,5.58,606.3,19.8,40.1,Improved Traditional,1.43
2002,Machakos,Long Rains,Sorghum,11.77,1011.3,22.2,47.9,Traditional,0.69
2002,Machakos,Long Rains,Beans,8.74,527.8,22.3,47.9,Traditional,0.22
2002,Machakos,Long Rains,Maize,8.25,597.2,21.4,47.9,Traditional,0.84
2002,Machakos,Short Rains,Sorghum,13.21,298.0,22.9,47.9,Traditional,0.2
2002,Machakos,Short Rains,Beans,0.62,384.1,21.0,47.9,Traditional,0.2
2002,Machakos,Short Rains,Maize,5.25,254.3,22.8,47.9,Hybrid,0.4
2002,Makueni,Long Rains,Sorghum,10.8,243.4,23.9,7.6,Hybrid,0.2
2002,Makueni,Long Rains,Beans,2.86,550.6,25.5,7.6,Traditional,0.2
2002,Makueni,Long Rains,Maize,3.29,442.4,25.1,7.6,Traditional,0.48
2002,Makueni,Short Rains,Sorghum,6.88,255.1,22.5,7.6,Traditional,0.2
2002,Makueni,Short Rains,Beans,4.14,74.8,24.0,7.6,Hybrid,0.2
2002,Makueni,Short Rains,Maize,10.89,317.6,23.4,7.6,Improved Traditional,0.61
2002,Kitui,Long Rains,Sorghum,6.31,665.7,24.3,28.3,Traditional,0.46
2002,Kitui,Long Rains,Beans,2.71,545.3,23.2,28.3,Hybrid,0.27
2002,Kitui,Long Rains,Maize,9.86,518.9,25.8,28.3,Hybrid,0.93
2002,Kitui,Short Rains,Sorghum,13.42,176.2,23.7,28.3,Hybrid,0.2
2002,Kitui,Short Rains,Beans,2.9,350.4,25.7,28.3,Traditional,0.22
2002,Kitui,Short Rains,Maize,12.16,227.8,22.9,28.3,Hybrid,0.2
2002,Mombasa,Long Rains,Beans,12.76,1238.9,30.8,28.9,Traditional,0.2
2002,Mombasa,Long Rains,Maize,6.5,1036.3,29.1,28.9,Traditional,0.57
2002,Mombasa,Short Rains,Beans,13.91,426.0,29.5,28.9,Traditional,0.2
2002,Mombasa,Short Rains,Maize,5.49,863.7,29.0,28.9,Hybrid,0.2
2002,Kilifi,Long Rains,Beans,13.93,544.8,28.4,44.7,Hybrid,0.2
2002,Kilifi,Long Rains,Maize,13.34,724.0,27.8,44.7,Traditional,0.46
2002,Kilifi,Long Rains,Cassava,13.26,792.8,29.0,44.7,Hybrid,3.22
2002,Kilifi,Short Rains,Beans,11.3,434.3,29.6,44.7,Hybrid,0.2
2002,Kilifi,Short Rains,Maize,2.63,232.4,25.6,44.7,Hybrid,0.2
2002,Kilifi,Short Rains,Cassava,1.7,270.3,26.9,44.7,Traditional,0.39
2002,Kwale,Long Rains,Beans,8.65,1322.5,29.5,19.9,Hybrid,0.23
2002,Kwale,Long Rains,Maize,10.92,802.5,27.0,19.9,Hybrid,1.16
2002,Kwale,Long Rains,Cassava,12.58,830.6,26.7,19.9,Traditional,1.51
2002,Kwale,Short Rains,Beans,11.4,577.4,28.8,19.9,Improved Traditional,0.2
2002,Kwale,Short Rains,Maize,14.97,494.7,27.5,19.9,Traditional,0.28
2002,Kwale,Short Rains,Cassava,3.46,859.8,27.1,19.9,Traditional,1.61
2002,Tana River,Long Rains,Beans,10.5,539.3,28.9,18.1,Traditional,0.2
2002,Tana River,Long Rains,Maize,9.28,461.5,30.9,18.1,Hybrid,0.26
2002,Tana River,Long Rains,Rice,11.74,555.4,28.5,18.1,Improved Traditional,0.39
2002,Tana River,Short Rains,Beans,3.17,315.0,28.6,18.1,Traditional,0.2
2002,Tana River,Short Rains,Maize,6.53,432.7,30.6,18.1,Traditional,0.2
2002,Tana River,Short Rains,Rice,6.38,315.6,27.7,18.1,Hybrid,0.72
2002,Lamu,Long Rains,Beans,10.5,652.9,28.3,17.6,Traditional,0.2
2002,Lamu,Long Rains,Maize,4.81,846.7,29.7,17.6,Hybrid,0.71
2002,Lamu,Short Rains,Beans,7.01,483.6,28.5,17.6,Traditional,0.2
2002,Lamu,Short Rains,Maize,0.55,598.3,28.2,17.6,Hybrid,0.6
2002,Taita Taveta,Long Rains,Beans,2.97,578.8,26.0,8.5,Hybrid,0.3
2002,Taita Taveta,Long Rains,Maize,10.59,842.7,21.7,8.5,Traditional,1.3
2002,Taita Taveta,Short Rains,Beans,12.75,359.9,23.3,8.5,Improved Traditional,0.2
2002,Taita Taveta,Short Rains,Maize,12.62,192.5,19.5,8.5,Traditional,0.2
2002,Garissa,Long Rains,Sorghum,9.87,234.7,34.2,18.9,Hybrid,0.23
2002,Garissa,Long Rains,Beans,10.43,160.2,33.3,18.9,Traditional,0.2
2002,Garissa,Long Rains,Maize,6.18,214.6,32.5,18.9,Traditional,0.2
2002,Garissa,Short Rains,Sorghum,5.27,97.5,32.2,18.9,Traditional,0.2
2002,Garissa,Short Rains,Beans,7.66,78.4,32.5,18.9,Traditional,0.2
2002,Garissa,Short Rains,Maize,2.33,50.0,31.7,18.9,Traditional,0.2
2002,Wajir,Long Rains,Sorghum,6.2,199.8,29.3,46.0,Traditional,0.98
2002,Wajir,Long Rains,Beans,6.5,215.6,34.6,46.0,Traditional,0.2
2002,Wajir,Long Rains,Maize,13.4,262.8,30.6,46.0,Traditional,0.37
2002,Wajir,Short Rains,Sorghum,1.26,162.9,33.7,46.0,Hybrid,0.33
2002,Wajir,Short Rains,Beans,3.57,161.4,33.3,46.0,Traditional,0.2
2002,Wajir,Short Rains,Maize,13.51,163.6,34.6,46.0,Improved Traditional,0.2
2002,Mandera,Long Rains,Sorghum,11.55,114.8,32.6,15.0,Hybrid,0.2
2002,Mandera,Long Rains,Beans,0.85,259.1,33.9,15.0,Improved Traditional,0.2
2002,Mandera,Long Rains,Maize,1.85,229.1,31.8,15.0,Traditional,0.2
2002,Mandera,Short Rains,Sorghum,8.51,50.0,35.2,15.0,Hybrid,0.2
2002,Mandera,Short Rains,Beans,7.71,254.6,33.2,15.0,Traditional,0.2
2002,Mandera,Short Rains,Maize,11.36,139.3,33.5,15.0,Improved Traditional,0.2
2002,Turkana,Long Rains,Sorghum,7.55,228.9,35.1,21.8,Hybrid,0.2
2002,Turkana,Long Rains,Beans,9.32,237.4,36.0,21.8,Hybrid,0.2
2002,Turkana,Long Rains,Maize,13.51,100.5,35.2,21.8,Improved Traditional,0.2
2002,Turkana,Short Rains,Sorghum,5.7,50.0,36.5,21.8,Improved Traditional,0.2
2002,Turkana,Short Rains,Beans,14.11,128.4,36.9,21.8,Traditional,0.2
2002,Turkana,Short Rains,Maize,14.01,198.1,33.8,21.8,Traditional,0.23
2002,West Pokot,Long Rains,Beans,5.12,672.5,22.6,74.3,Improved Traditional,0.45
2002,West Pokot,Long Rains,Maize,2.81,600.9,20.7,74.3,Traditional,3.14
2002,West Pokot,Short Rains,Beans,2.79,441.1,22.8,74.3,Hybrid,0.91
2002,West Pokot,Short Rains,Maize,1.44,256.6,20.3,74.3,Hybrid,0.23
2002,Samburu,Long Rains,Beans,3.53,494.5,27.3,27.3,Improved Traditional,0.2
2002,Samburu,Long Rains,Maize,10.72,531.1,28.7,27.3,Traditional,0.58
2002,Samburu,Short Rains,Beans,4.28,235.1,25.4,27.3,Traditional,0.2
2002,Samburu,Short Rains,Maize,14.22,236.5,26.1,27.3,Hybrid,0.2
2002,Baringo,Long Rains,Beans,14.75,786.6,23.7,32.8,Traditional,0.28
2002,Baringo,Long Rains,Maize,2.75,719.9,25.1,32.8,Improved Traditional,0.85
2002,Baringo,Short Rains,Beans,3.65,565.2,24.1,32.8,Traditional,0.31
2002,Baringo,Short Rains,Maize,13.12,128.4,22.4,32.8,Traditional,0.2
2002,Laikipia,Long Rains,Wheat,1.74,745.5,18.5,82.3,Traditional,2.66
2002,Laikipia,Long Rains,Beans,5.42,854.8,19.7,82.3,Improved Traditional,1.45
2002,Laikipia,Long Rains,Maize,1.42,864.6,17.0,82.3,Traditional,2.57
2002,Laikipia,Short Rains,Wheat,4.4,470.3,19.7,82.3,Improved Traditional,1.74
2002,Laikipia,Short Rains,Beans,12.06,315.4,20.2,82.3,Traditional,0.27
2002,Laikipia,Short Rains,Maize,1.83,287.4,18.6,82.3,Hybrid,0.65
2002,Kisumu,Long Rains,Beans,4.55,903.7,21.9,65.3,Traditional,1.35
2002,Kisumu,Long Rains,Maize,8.07,879.3,20.7,65.3,Traditional,2.62
2002,Kisumu,Short Rains,Beans,11.71,684.9,21.1,65.3,Improved Traditional,0.96
2002,Kisumu,Short Rains,Maize,8.07,535.6,23.4,65.3,Traditional,1.79
2002,Siaya,Long Rains,Beans,9.55,986.8,22.3,45.4,Traditional,0.49
2002,Siaya,Long Rains,Maize,11.57,1187.8,23.0,45.4,Improved Traditional,3.76
2002,Siaya,Long Rains,Cassava,13.4,877.6,22.5,45.4,Traditional,2.51
2002,Siaya,Short Rains,Beans,6.67,589.5,21.3,45.4,Improved Traditional,0.32
2002,Siaya,Short Rains,Maize,8.83,473.9,23.6,45.4,Improved Traditional,0.37
2002,Siaya,Short Rains,Cassava,1.18,650.5,23.9,45.4,Improved Traditional,1.77
2002,Homa Bay,Long Rains,Beans,5.53,500.4,23.9,52.1,Hybrid,0.34
2002,Homa Bay,Long Rains,Maize,14.44,799.6,25.8,52.1,Traditional,1.48
2002,Homa Bay,Short Rains,Beans,2.47,426.5,22.7,52.1,Hybrid,0.25
2002,Homa Bay,Short Rains,Maize,11.26,334.9,21.7,52.1,Improved Traditional,0.36
2002,Migori,Long Rains,Beans,5.23,916.1,19.9,65.5,Traditional,1.01
2002,Migori,Long Rains,Maize,3.67,1550.2,20.0,65.5,Hybrid,4.45
2002,Migori,Short Rains,Beans,11.0,755.3,20.9,65.5,Hybrid,0.76
2002,Migori,Short Rains,Maize,13.47,667.5,21.6,65.5,Hybrid,3.05
2002,Kajiado,Long Rains,Beans,5.05,624.8,20.9,33.3,Improved Traditional,0.54
2002,Kajiado,Long Rains,Maize,1.13,505.4,19.6,33.3,Improved Traditional,1.09
2002,Kajiado,Short Rains,Beans,3.82,514.3,23.1,33.3,Improved Traditional,0.32
2002,Kajiado,Short Rains,Maize,11.31,232.5,23.5,33.3,Traditional,0.2
2002,Narok,Long Rains,Wheat,6.59,598.1,20.4,50.9,Traditional,1.37
2002,Narok,Long Rains,Beans,2.9,579.6,19.4,50.9,Traditional,0.82
2002,Narok,Long Rains,Maize,10.6,1038.9,17.7,50.9,Traditional,1.08
2002,Narok,Short Rains,Wheat,7.79,523.7,16.5,50.9,Hybrid,2.64
2002,Narok,Short Rains,Beans,11.05,851.0,18.2,50.9,Traditional,1.39
2002,Narok,Short Rains,Maize,14.24,299.8,16.1,50.9,Traditional,0.29
2002,Elgeyo-Marakwet,Long Rains,Beans,13.29,787.5,18.3,58.0,Hybrid,0.71
2002,Elgeyo-Marakwet,Long Rains,Maize,14.03,928.1,18.5,58.0,Traditional,2.27
2002,Elgeyo-Marakwet,Short Rains,Beans,5.3,777.4,17.9,58.0,Traditional,1.36
2002,Elgeyo-Marakwet,Short Rains,Maize,10.59,403.1,17.2,58.0,Traditional,0.54
2002,Busia,Long Rains,Beans,4.63,1112.3,19.1,76.6,Hybrid,1.23
2002,Busia,Long Rains,Maize,4.15,1219.5,19.8,76.6,Hybrid,4.43
2002,Busia,Long Rains,Cassava,12.17,1102.2,19.5,76.6,Traditional,2.15
2002,Busia,Long Rains,Rice,13.91,719.6,21.5,76.6,Traditional,2.75
2002,Busia,Short Rains,Beans,1.63,637.1,18.4,76.6,Improved Traditional,0.5
2002,Busia,Short Rains,Maize,4.1,800.9,20.0,76.6,Traditional,1.39
2002,Busia,Short Rains,Cassava,10.28,826.6,18.4,76.6,Improved Traditional,1.18
2002,Busia,Short Rains,Rice,7.12,902.8,19.8,76.6,Improved Traditional,1.05
2002,Isiolo,Long Rains,Beans,7.71,204.1,31.0,21.5,Improved Traditional,0.2
2002,Isiolo,Long Rains,Maize,10.77,235.8,29.5,21.5,Hybrid,0.41
2002,Isiolo,Short Rains,Beans,8.24,303.1,28.9,21.5,Improved Traditional,0.2
2002,Isiolo,Short Rains,Maize,1.37,205.3,30.0,21.5,Improved Traditional,0.2
2002,Marsabit,Long Rains,Beans,9.17,355.8,30.4,0.5,Traditional,0.2
2002,Marsabit,Long Rains,Maize,11.44,224.0,32.4,0.5,Traditional,0.2
2002,Marsabit,Short Rains,Beans,3.98,301.7,30.9,0.5,Improved Traditional,0.2
2002,Marsabit,Short Rains,Maize,3.81,263.3,31.9,0.5,Traditional,0.2
2003,Uasin Gishu,Long Rains,Wheat,11.65,404.6,18.7,110.5,Improved Traditional,0.89
2003,Uasin Gishu,Long Rains,Beans,11.8,580.1,18.4,110.5,Improved Traditional,1.12
2003,Uasin Gishu,Long Rains,Maize,3.89,346.3,18.0,110.5,Hybrid,0.68
2003,Uasin Gishu,Short Rains,Wheat,5.33,447.4,16.8,110.5,Improved Traditional,1.86
2003,Uasin Gishu,Short Rains,Beans,14.25,534.8,16.0,110.5,Hybrid,1.32
2003,Uasin Gishu,Short Rains,Maize,13.95,606.3,17.3,110.5,Hybrid,3.23
2003,Trans Nzoia,Long Rains,Wheat,12.43,700.8,14.4,67.3,Hybrid,3.66
2003,Trans Nzoia,Long Rains,Beans,5.37,492.1,17.8,67.3,Hybrid,0.4
2003,Trans Nzoia,Long Rains,Maize,13.01,550.5,15.3,67.3,Hybrid,1.66
2003,Trans Nzoia,Short Rains,Wheat,12.6,338.1,17.3,67.3,Hybrid,1.0
2003,Trans Nzoia,Short Rains,Beans,2.77,436.0,17.8,67.3,Hybrid,0.33
2003,Trans Nzoia,Short Rains,Maize,1.68,410.6,18.9,67.3,Improved Traditional,0.49
2003,Nakuru,Long Rains,Wheat,10.9,410.9,18.9,130.1,Traditional,0.66
2003,Nakuru,Long Rains,Beans,4.16,388.0,20.3,130.1,Hybrid,0.6
2003,Nakuru,Long Rains,Maize,14.78,507.3,20.0,130.1,Hybrid,4.0
2003,Nakuru,Long Rains,Potatoes,4.64,673.0,19.7,130.1,Hybrid,7.13
2003,Nakuru,Short Rains,Wheat,9.33,318.4,18.2,130.1,Traditional,1.04
2003,Nakuru,Short Rains,Beans,5.56,176.8,18.0,130.1,Improved Traditional,0.25
2003,Nakuru,Short Rains,Maize,4.59,331.4,18.8,130.1,Improved Traditional,0.59
2003,Nakuru,Short Rains,Potatoes,2.14,278.2,19.0,130.1,Hybrid,1.84
2003,Nandi,Long Rains,Beans,9.23,584.9,16.7,111.1,Hybrid,0.78
2003,Nandi,Long Rains,Maize,4.16,646.3,17.6,111.1,Hybrid,3.48
2003,Nandi,Long Rains,Tea,5.94,466.9,17.8,111.1,Hybrid,1.37
2003,Nandi,Short Rains,Beans,6.86,317.7,16.6,111.1,Improved Traditional,0.34
2003,Nandi,Short Rains,Maize,12.41,138.3,19.1,111.1,Hybrid,0.34
2003,Nandi,Short Rains,Tea,5.74,163.1,18.5,111.1,Hybrid,0.23
2003,Bungoma,Long Rains,Beans,1.17,560.6,19.2,125.0,Improved Traditional,1.57
2003,Bungoma,Long Rains,Maize,6.54,499.5,18.2,125.0,Hybrid,0.89
2003,Bungoma,Short Rains,Beans,5.56,397.1,19.6,125.0,Traditional,0.36
2003,Bungoma,Short Rains,Maize,8.86,380.8,16.2,125.0,Improved Traditional,0.23
2003,Kakamega,Long Rains,Beans,7.77,840.2,20.1,93.2,Traditional,0.87
2003,Kakamega,Long Rains,Maize,14.25,462.0,19.9,93.2,Improved Traditional,0.55
2003,Kakamega,Short Rains,Beans,8.44,497.0,20.8,93.2,Traditional,0.24
2003,Kakamega,Short Rains,Maize,1.11,413.8,20.2,93.2,Hybrid,0.65
2003,Kisii,Long Rains,Beans,9.34,902.5,18.6,129.9,Traditional,1.64
2003,Kisii,Long Rains,Maize,10.22,652.2,18.0,129.9,Hybrid,0.73
2003,Kisii,Short Rains,Beans,2.63,571.2,17.5,129.9,Hybrid,0.5
2003,Kisii,Short Rains,Maize,9.53,475.2,20.4,129.9,Traditional,0.9
2003,Nyamira,Long Rains,Beans,2.36,538.7,17.0,113.6,Hybrid,0.2
2003,Nyamira,Long Rains,Maize,2.22,622.8,18.0,113.6,Improved Traditional,0.78
2003,Nyamira,Short Rains,Beans,2.18,413.2,16.9,113.6,Hybrid,0.24
2003,Nyamira,Short Rains,Maize,9.29,644.2,17.9,113.6,Traditional,0.52
2003,Vihiga,Long Rains,Beans,5.11,642.2,20.6,43.3,Improved Traditional,0.76
2003,Vihiga,Long Rains,Maize,1.73,544.8,18.4,43.3,Improved Traditional,0.43
2003,Vihiga,Short Rains,Beans,14.43,442.6,18.4,43.3,Traditional,0.2
2003,Vihiga,Short Rains,Maize,7.58,412.5,17.4,43.3,Traditional,0.26
2003,Bomet,Long Rains,Beans,3.19,494.4,19.3,109.4,Traditional,0.29
2003,Bomet,Long Rains,Maize,10.03,502.8,16.3,109.4,Hybrid,0.38
2003,Bomet,Long Rains,Tea,7.7,750.7,18.0,109.4,Improved Traditional,2.88
2003,Bomet,Long Rains,Potatoes,11.6,672.5,16.4,109.4,Hybrid,7.22
2003,Bomet,Short Rains,Beans,8.94,388.1,17.3,109.4,Hybrid,0.38
2003,Bomet,Short Rains,Maize,10.13,230.3,16.8,109.4,Hybrid,0.31
2003,Bomet,Short Rains,Tea,0.83,315.7,16.6,109.4,Improved Traditional,0.49
2003,Bomet,Short Rains,Potatoes,1.0,516.9,17.8,109.4,Improved Traditional,1.26
2003,Kericho,Long Rains,Beans,11.71,685.1,17.1,178.8,Hybrid,2.56
2003,Kericho,Long Rains,Maize,8.84,566.8,19.5,178.8,Traditional,1.16
2003,Kericho,Long Rains,Tea,5.06,534.1,19.3,178.8,Hybrid,0.95
2003,Kericho,Short Rains,Beans,9.34,501.7,17.8,178.8,Improved Traditional,0.42
2003,Kericho,Short Rains,Maize,10.92,522.3,19.1,178.8,Hybrid,1.1
2003,Kericho,Short Rains,Tea,13.33,515.4,16.4,178.8,Hybrid,0.94
2003,Nyeri,Long Rains,Beans,12.98,284.0,16.3,41.9,Traditional,0.2
2003,Nyeri,Long Rains,Maize,3.09,593.0,16.1,41.9,Hybrid,1.25
2003,Nyeri,Long Rains,Tea,10.5,188.8,15.7,41.9,Improved Traditional,0.22
2003,Nyeri,Long Rains,Coffee,2.62,553.7,15.3,41.9,Hybrid,1.12
2003,Nyeri,Short Rains,Beans,9.66,362.6,16.3,41.9,Improved Traditional,0.2
2003,Nyeri,Short Rains,Maize,14.69,186.5,16.0,41.9,Traditional,0.2
2003,Nyeri,Short Rains,Tea,10.56,50.0,17.5,41.9,Traditional,0.2
2003,Nyeri,Short Rains,Coffee,14.26,238.8,16.2,41.9,Improved Traditional,0.2
2003,Muranga,Long Rains,Beans,6.17,471.7,19.6,74.5,Hybrid,0.97
2003,Muranga,Long Rains,Maize,2.23,460.7,16.8,74.5,Hybrid,0.86
2003,Muranga,Long Rains,Tea,4.83,483.4,17.8,74.5,Hybrid,3.01
2003,Muranga,Long Rains,Coffee,12.26,559.5,16.8,74.5,Traditional,0.93
2003,Muranga,Short Rains,Beans,2.94,283.1,16.9,74.5,Hybrid,0.2
2003,Muranga,Short Rains,Maize,12.81,446.3,17.4,74.5,Improved Traditional,0.85
2003,Muranga,Short Rains,Tea,5.96,276.8,19.5,74.5,Traditional,0.3
2003,Muranga,Short Rains,Coffee,2.69,218.3,16.3,74.5,Improved Traditional,0.22
2003,Kiambu,Long Rains,Beans,6.31,377.8,17.2,46.5,Traditional,0.2
2003,Kiambu,Long Rains,Maize,8.08,639.0,16.1,46.5,Traditional,0.38
2003,Kiambu,Long Rains,Coffee,14.24,413.6,18.0,46.5,Traditional,0.91
2003,Kiambu,Short Rains,Beans,10.12,182.0,19.6,46.5,Traditional,0.2
2003,Kiambu,Short Rains,Maize,13.64,275.7,17.3,46.5,Traditional,0.24
2003,Kiambu,Short Rains,Coffee,13.56,239.3,19.6,46.5,Traditional,0.2
2003,Kirinyaga,Long Rains,Beans,11.28,487.6,15.0,65.2,Hybrid,0.53
2003,Kirinyaga,Long Rains,Maize,5.46,345.8,18.1,65.2,Improved Traditional,0.54
2003,Kirinyaga,Long Rains,Coffee,7.78,354.8,19.2,65.2,Improved Traditional,0.34
2003,Kirinyaga,Long Rains,Rice,8.24,482.6,15.2,65.2,Traditional,0.34
2003,Kirinyaga,Short Rains,Beans,3.59,230.0,18.2,65.2,Traditional,0.2
2003,Kirinyaga,Short Rains,Maize,7.33,366.0,17.1,65.2,Traditional,0.26
2003,Kirinyaga,Short Rains,Coffee,11.27,289.4,19.4,65.2,Traditional,0.2
2003,Kirinyaga,Short Rains,Rice,9.01,278.8,19.3,65.2,Improved Traditional,0.27
2003,Embu,Long Rains,Beans,3.91,346.5,21.7,48.9,Traditional,0.2
2003,Embu,Long Rains,Maize,2.0,290.5,20.2,48.9,Hybrid,0.36
2003,Embu,Long Rains,Coffee,14.09,384.7,18.9,48.9,Traditional,0.3
2003,Embu,Short Rains,Beans,2.43,276.7,19.0,48.9,Traditional,0.21
2003,Embu,Short Rains,Maize,11.84,237.2,20.3,48.9,Hybrid,0.36
2003,Embu,Short Rains,Coffee,11.84,116.1,20.9,48.9,Traditional,0.2
2003,Meru,Long Rains,Beans,13.41,463.9,19.2,69.0,Traditional,0.46
2003,Meru,Long Rains,Maize,12.31,402.5,17.6,69.0,Traditional,1.34
2003,Meru,Long Rains,Coffee,5.8,564.2,15.1,69.0,Hybrid,1.52
2003,Meru,Long Rains,Potatoes,3.54,323.2,15.0,69.0,Traditional,1.06
2003,Meru,Short Rains,Beans,4.89,256.1,18.6,69.0,Traditional,0.2
2003,Meru,Short Rains,Maize,5.49,338.7,16.7,69.0,Traditional,0.2
2003,Meru,Short Rains,Coffee,13.22,293.0,19.0,69.0,Hybrid,0.34
2003,Meru,Short Rains,Potatoes,9.36,305.5,15.4,69.0,Traditional,1.08
2003,Tharaka-Nithi,Long Rains,Beans,10.48,393.4,16.7,56.9,Improved Traditional,0.63
2003,Tharaka-Nithi,Long Rains,Maize,14.41,305.5,18.2,56.9,Traditional,0.3
2003,Tharaka-Nithi,Short Rains,Beans,9.14,304.2,21.2,56.9,Hybrid,0.33
2003,Tharaka-Nithi,Short Rains,Maize,4.13,204.8,20.8,56.9,Improved Traditional,0.37
2003,Nyandarua,Long Rains,Beans,1.08,468.3,17.7,73.3,Improved Traditional,0.63
2003,Nyandarua,Long Rains,Maize,13.81,554.6,16.4,73.3,Hybrid,2.09
2003,Nyandarua,Long Rains,Potatoes,2.04,391.8,14.8,73.3,Improved Traditional,1.4
2003,Nyandarua,Short Rains,Beans,10.81,160.6,15.4,73.3,Hybrid,0.2
2003,Nyandarua,Short Rains,Maize,2.13,362.3,17.2,73.3,Hybrid,0.83
2003,Nyandarua,Short Rains,Potatoes,3.74,296.5,17.1,73.3,Traditional,1.03
2003,Nairobi,Long Rains,Beans,13.37,361.6,18.4,26.5,Improved Traditional,0.2
2003,Nairobi,Long Rains,Maize,4.62,303.0,19.1,26.5,Hybrid,0.26
2003,Nairobi,Short Rains,Beans,2.02,351.6,20.9,26.5,Hybrid,0.34
2003,Nairobi,Short Rains,Maize,9.79,146.4,18.8,26.5,Hybrid,0.2
2003,Machakos,Long Rains,Sorghum,4.44,353.5,23.5,70.8,Traditional,0.45
2003,Machakos,Long Rains,Beans,14.57,238.4,22.9,70.8,Traditional,0.2
2003,Machakos,Long Rains,Maize,5.34,335.8,22.4,70.8,Traditional,1.17
2003,Machakos,Short Rains,Sorghum,5.38,208.8,22.3,70.8,Improved Traditional,0.2
2003,Machakos,Short Rains,Beans,7.81,191.3,24.4,70.8,Traditional,0.2
2003,Machakos,Short Rains,Maize,13.55,185.9,21.2,70.8,Hybrid,0.2
2003,Makueni,Long Rains,Sorghum,1.64,221.7,24.7,15.1,Improved Traditional,0.2
2003,Makueni,Long Rains,Beans,7.65,299.3,25.8,15.1,Traditional,0.2
2003,Makueni,Long Rains,Maize,6.72,274.8,23.6,15.1,Traditional,0.21
2003,Makueni,Short Rains,Sorghum,1.57,177.9,26.1,15.1,Improved Traditional,0.2
2003,Makueni,Short Rains,Beans,1.54,87.4,22.8,15.1,Improved Traditional,0.2
2003,Makueni,Short Rains,Maize,10.44,140.5,23.1,15.1,Traditional,0.2
2003,Kitui,Long Rains,Sorghum,12.36,182.5,24.9,15.5,Improved Traditional,0.2
2003,Kitui,Long Rains,Beans,12.74,166.2,25.8,15.5,Traditional,0.2
2003,Kitui,Long Rains,Maize,3.45,237.9,24.0,15.5,Traditional,0.2
2003,Kitui,Short Rains,Sorghum,15.0,257.1,25.5,15.5,Improved Traditional,0.2
2003,Kitui,Short Rains,Beans,11.42,224.4,25.4,15.5,Traditional,0.2
2003,Kitui,Short Rains,Maize,8.49,211.4,23.1,15.5,Traditional,0.21
2003,Mombasa,Long Rains,Beans,7.32,524.7,28.2,25.6,Traditional,0.2
2003,Mombasa,Long Rains,Maize,8.91,385.4,27.0,25.6,Traditional,0.2
2003,Mombasa,Short Rains,Beans,4.17,438.1,29.9,25.6,Hybrid,0.2
2003,Mombasa,Short Rains,Maize,6.83,381.6,27.3,25.6,Hybrid,0.2
2003,Kilifi,Long Rains,Beans,13.12,313.6,27.0,22.8,Improved Traditional,0.2
2003,Kilifi,Long Rains,Maize,7.31,324.6,26.0,22.8,Hybrid,0.2
2003,Kilifi,Long Rains,Cassava,1.35,572.3,26.8,22.8,Traditional,1.88
2003,Kilifi,Short Rains,Beans,8.26,79.3,27.6,22.8,Hybrid,0.2
2003,Kilifi,Short Rains,Maize,2.68,178.5,27.5,22.8,Hybrid,0.2
2003,Kilifi,Short Rains,Cassava,3.9,204.6,28.3,22.8,Traditional,0.2
2003,Kwale,Long Rains,Beans,12.01,448.3,28.1,39.4,Traditional,0.2
2003,Kwale,Long Rains,Maize,0.7,509.5,26.8,39.4,Improved Traditional,0.88
2003,Kwale,Long Rains,Cassava,9.42,362.5,26.7,39.4,Improved Traditional,0.44
2003,Kwale,Short Rains,Beans,10.46,309.4,26.5,39.4,Traditional,0.2
2003,Kwale,Short Rains,Maize,10.38,234.9,28.3,39.4,Traditional,0.2
2003,Kwale,Short Rains,Cassava,10.65,306.1,25.9,39.4,Traditional,0.22
2003,Tana River,Long Rains,Beans,3.63,139.6,30.5,29.1,Traditional,0.2
2003,Tana River,Long Rains,Maize,2.98,298.5,29.4,29.1,Hybrid,0.39
2003,Tana River,Long Rains,Rice,4.95,239.1,29.0,29.1,Traditional,0.4
2003,Tana River,Short Rains,Beans,2.83,136.4,29.1,29.1,Traditional,0.2
2003,Tana River,Short Rains,Maize,14.04,132.8,29.3,29.1,Traditional,0.2
2003,Tana River,Short Rains,Rice,3.26,64.8,32.4,29.1,Improved Traditional,0.2
2003,Lamu,Long Rains,Beans,9.11,464.3,27.7,28.6,Hybrid,0.2
2003,Lamu,Long Rains,Maize,1.81,438.5,29.5,28.6,Hybrid,0.37
2003,Lamu,Short Rains,Beans,12.24,360.0,30.2,28.6,Traditional,0.2
2003,Lamu,Short Rains,Maize,14.77,187.3,28.6,28.6,Traditional,0.2
2003,Taita Taveta,Long Rains,Beans,14.33,374.4,24.3,16.7,Traditional,0.2
2003,Taita Taveta,Long Rains,Maize,1.87,325.8,23.6,16.7,Traditional,0.35
2003,Taita Taveta,Short Rains,Beans,3.43,286.1,24.0,16.7,Traditional,0.2
2003,Taita Taveta,Short Rains,Maize,5.61,85.6,22.8,16.7,Hybrid,0.2
2003,Garissa,Long Rains,Sorghum,0.59,129.8,31.8,31.6,Improved Traditional,0.2
2003,Garissa,Long Rains,Beans,1.84,134.4,31.0,31.6,Hybrid,0.2
2003,Garissa,Long Rains,Maize,5.9,95.0,32.8,31.6,Hybrid,0.2
2003,Garissa,Short Rains,Sorghum,10.83,149.9,31.3,31.6,Hybrid,0.34
2003,Garissa,Short Rains,Beans,9.06,103.4,30.6,31.6,Traditional,0.2
2003,Garissa,Short Rains,Maize,9.13,79.0,32.3,31.6,Traditional,0.2
2003,Wajir,Long Rains,Sorghum,12.76,149.1,32.0,18.8,Traditional,0.21
2003,Wajir,Long Rains,Beans,4.23,104.9,32.5,18.8,Hybrid,0.2
2003,Wajir,Long Rains,Maize,3.25,111.4,33.5,18.8,Traditional,0.2
2003,Wajir,Short Rains,Sorghum,6.46,105.0,32.2,18.8,Traditional,0.2
2003,Wajir,Short Rains,Beans,12.08,123.8,33.3,18.8,Improved Traditional,0.2
2003,Wajir,Short Rains,Maize,9.35,71.6,34.5,18.8,Improved Traditional,0.2
2003,Mandera,Long Rains,Sorghum,5.5,126.5,33.5,39.0,Improved Traditional,0.2
2003,Mandera,Long Rains,Beans,14.5,89.2,33.3,39.0,Traditional,0.2
2003,Mandera,Long Rains,Maize,3.84,172.6,35.4,39.0,Traditional,0.2
2003,Mandera,Short Rains,Sorghum,10.05,93.4,32.9,39.0,Traditional,0.2
2003,Mandera,Short Rains,Beans,8.99,50.0,34.9,39.0,Traditional,0.2
2003,Mandera,Short Rains,Maize,14.97,103.3,32.6,39.0,Improved Traditional,0.2
2003,Turkana,Long Rains,Sorghum,3.57,125.5,34.1,37.1,Improved Traditional,0.2
2003,Turkana,Long Rains,Beans,13.19,87.5,34.5,37.1,Hybrid,0.2
2003,Turkana,Long Rains,Maize,4.71,50.0,36.0,37.1,Traditional,0.2
2003,Turkana,Short Rains,Sorghum,4.77,50.0,37.1,37.1,Traditional,0.2
2003,Turkana,Short Rains,Beans,1.64,112.3,35.4,37.1,Hybrid,0.2
2003,Turkana,Short Rains,Maize,13.89,97.4,36.1,37.1,Traditional,0.2
2003,West Pokot,Long Rains,Beans,6.13,258.3,22.4,67.8,Traditional,0.2
2003,West Pokot,Long Rains,Maize,1.12,194.6,22.4,67.8,Traditional,0.32
2003,West Pokot,Short Rains,Beans,0.71,228.0,21.9,67.8,Traditional,0.2
2003,West Pokot,Short Rains,Maize,11.09,239.3,23.1,67.8,Traditional,0.34
2003,Samburu,Long Rains,Beans,5.53,230.4,27.1,15.9,Improved Traditional,0.2
2003,Samburu,Long Rains,Maize,5.74,242.6,27.4,15.9,Hybrid,0.4
2003,Samburu,Short Rains,Beans,3.42,141.2,25.0,15.9,Improved Traditional,0.2
2003,Samburu,Short Rains,Maize,3.56,117.4,26.8,15.9,Traditional,0.2
2003,Baringo,Long Rains,Beans,4.38,450.1,20.6,4.2,Traditional,0.2
2003,Baringo,Long Rains,Maize,3.26,452.1,23.5,4.2,Traditional,0.36
2003,Baringo,Short Rains,Beans,4.86,215.9,23.5,4.2,Traditional,0.2
2003,Baringo,Short Rains,Maize,11.07,193.2,24.4,4.2,Improved Traditional,0.2
2003,Laikipia,Long Rains,Wheat,10.06,470.6,20.2,46.0,Traditional,1.27
2003,Laikipia,Long Rains,Beans,5.82,494.4,19.7,46.0,Hybrid,0.75
2003,Laikipia,Long Rains,Maize,1.46,317.8,21.2,46.0,Hybrid,0.54
2003,Laikipia,Short Rains,Wheat,4.22,244.7,19.7,46.0,Traditional,0.47
2003,Laikipia,Short Rains,Beans,10.91,114.4,19.0,46.0,Hybrid,0.2
2003,Laikipia,Short Rains,Maize,11.8,248.9,18.7,46.0,Traditional,0.24
2003,Kisumu,Long Rains,Beans,13.62,580.3,22.6,73.2,Hybrid,0.81
2003,Kisumu,Long Rains,Maize,0.54,387.3,21.8,73.2,Improved Traditional,0.49
2003,Kisumu,Short Rains,Beans,5.8,379.9,22.7,73.2,Traditional,0.2
2003,Kisumu,Short Rains,Maize,7.49,259.5,20.9,73.2,Traditional,0.29
2003,Siaya,Long Rains,Beans,1.66,472.5,22.6,55.1,Traditional,0.2
2003,Siaya,Long Rains,Maize,13.82,527.8,21.4,55.1,Hybrid,1.52
2003,Siaya,Long Rains,Cassava,12.35,433.3,22.8,55.1,Traditional,0.41
2003,Siaya,Short Rains,Beans,10.29,514.7,23.8,55.1,Traditional,0.41
2003,Siaya,Short Rains,Maize,4.23,104.1,23.8,55.1,Traditional,0.2
2003,Siaya,Short Rains,Cassava,6.03,269.8,22.3,55.1,Improved Traditional,0.21
2003,Homa Bay,Long Rains,Beans,9.45,495.3,22.1,49.3,Hybrid,0.49
2003,Homa Bay,Long Rains,Maize,13.02,312.1,23.9,49.3,Traditional,0.22
2003,Homa Bay,Short Rains,Beans,6.73,302.4,23.3,49.3,Traditional,0.2
2003,Homa Bay,Short Rains,Maize,9.57,203.6,23.4,49.3,Improved Traditional,0.2
2003,Migori,Long Rains,Beans,3.16,744.3,22.8,40.5,Traditional,0.36
2003,Migori,Long Rains,Maize,13.48,588.0,22.5,40.5,Traditional,1.77
2003,Migori,Short Rains,Beans,12.65,330.8,21.5,40.5,Hybrid,0.2
2003,Migori,Short Rains,Maize,13.77,366.1,20.2,40.5,Traditional,0.2
2003,Kajiado,Long Rains,Beans,7.42,329.0,20.8,18.5,Hybrid,0.28
2003,Kajiado,Long Rains,Maize,3.22,275.7,22.6,18.5,Traditional,0.48
2003,Kajiado,Short Rains,Beans,11.1,179.2,22.3,18.5,Improved Traditional,0.2
2003,Kajiado,Short Rains,Maize,1.47,134.8,21.6,18.5,Traditional,0.2
2003,Narok,Long Rains,Wheat,7.71,423.2,18.7,67.1,Hybrid,1.97
2003,Narok,Long Rains,Beans,3.67,421.5,18.6,67.1,Traditional,0.45
2003,Narok,Long Rains,Maize,0.64,390.0,18.5,67.1,Traditional,0.35
2003,Narok,Short Rains,Wheat,12.69,179.6,18.8,67.1,Hybrid,0.27
2003,Narok,Short Rains,Beans,5.72,285.4,18.8,67.1,Hybrid,0.35
2003,Narok,Short Rains,Maize,13.42,220.8,19.0,67.1,Traditional,0.39
2003,Elgeyo-Marakwet,Long Rains,Beans,0.69,363.7,18.3,59.0,Traditional,0.2
2003,Elgeyo-Marakwet,Long Rains,Maize,14.46,393.4,16.0,59.0,Hybrid,0.22
2003,Elgeyo-Marakwet,Short Rains,Beans,5.99,379.2,17.4,59.0,Traditional,0.2
2003,Elgeyo-Marakwet,Short Rains,Maize,12.98,377.0,17.3,59.0,Traditional,0.3
2003,Busia,Long Rains,Beans,4.96,599.4,21.2,70.7,Improved Traditional,1.05
2003,Busia,Long Rains,Maize,1.18,508.0,19.6,70.7,Improved Traditional,2.09
2003,Busia,Long Rains,Cassava,7.65,448.1,21.0,70.7,Traditional,0.6
2003,Busia,Long Rains,Rice,11.64,218.6,17.9,70.7,Hybrid,0.2
2003,Busia,Short Rains,Beans,13.69,353.8,17.2,70.7,Traditional,0.2
2003,Busia,Short Rains,Maize,7.16,339.9,20.9,70.7,Traditional,0.4
2003,Busia,Short Rains,Cassava,2.02,468.6,18.7,70.7,Hybrid,0.52
2003,Busia,Short Rains,Rice,4.28,102.1,19.7,70.7,Hybrid,0.2
2003,Isiolo,Long Rains,Beans,0.74,127.6,29.4,25.8,Traditional,0.2
2003,Isiolo,Long Rains,Maize,5.79,177.1,30.9,25.8,Hybrid,0.2
2003,Isiolo,Short Rains,Beans,14.68,124.7,27.6,25.8,Traditional,0.2
2003,Isiolo,Short Rains,Maize,14.79,94.3,27.2,25.8,Traditional,0.2
2003,Marsabit,Long Rains,Beans,8.08,146.0,30.9,42.9,Improved Traditional,0.2
2003,Marsabit,Long Rains,Maize,8.32,135.3,31.8,42.9,Traditional,0.2
2003,Marsabit,Short Rains,Beans,2.26,65.5,33.3,42.9,Traditional,0.2
2003,Marsabit,Short Rains,Maize,13.94,72.0,31.4,42.9,Hybrid,0.2
2004,Uasin Gishu,Long Rains,Wheat,2.84,894.5,14.3,71.9,Improved Traditional,3.59
2004,Uasin Gishu,Long Rains,Beans,9.31,1086.5,16.4,71.9,Hybrid,1.28
2004,Uasin Gishu,Long Rains,Maize,14.98,975.4,17.5,71.9,Traditional,2.37
2004,Uasin Gishu,Short Rains,Wheat,8.09,1070.9,17.1,71.9,Hybrid,6.65
2004,Uasin Gishu,Short Rains,Beans,5.17,1085.3,18.2,71.9,Hybrid,1.64
2004,Uasin Gishu,Short Rains,Maize,6.54,423.3,15.2,71.9,Hybrid,0.27
2004,Trans Nzoia,Long Rains,Wheat,6.6,1743.5,18.0,106.6,Improved Traditional,8.02
2004,Trans Nzoia,Long Rains,Beans,1.15,1263.4,17.0,106.6,Hybrid,3.05
2004,Trans Nzoia,Long Rains,Maize,2.52,1291.0,18.1,106.6,Improved Traditional,4.12
2004,Trans Nzoia,Short Rains,Wheat,9.95,934.1,18.9,106.6,Hybrid,7.37
2004,Trans Nzoia,Short Rains,Beans,7.88,1577.2,16.8,106.6,Improved Traditional,4.04
2004,Trans Nzoia,Short Rains,Maize,9.16,880.4,15.6,106.6,Hybrid,2.91
2004,Nakuru,Long Rains,Wheat,10.39,1056.1,17.7,157.8,Hybrid,12.38
2004,Nakuru,Long Rains,Beans,2.61,805.2,19.7,157.8,Traditional,2.66
2004,Nakuru,Long Rains,Maize,13.01,1511.9,17.8,157.8,Traditional,6.56
2004,Nakuru,Long Rains,Potatoes,1.98,1276.9,18.4,157.8,Hybrid,21.15
2004,Nakuru,Short Rains,Wheat,12.97,719.4,17.8,157.8,Hybrid,12.56
2004,Nakuru,Short Rains,Beans,5.47,581.8,17.2,157.8,Hybrid,2.62
2004,Nakuru,Short Rains,Maize,12.36,785.1,20.4,157.8,Hybrid,7.75
2004,Nakuru,Short Rains,Potatoes,11.38,631.8,20.8,157.8,Improved Traditional,5.1
2004,Nandi,Long Rains,Beans,10.93,1215.5,17.6,81.0,Hybrid,3.36
2004,Nandi,Long Rains,Maize,7.5,1226.9,17.7,81.0,Improved Traditional,5.08
2004,Nandi,Long Rains,Tea,7.6,1024.2,19.1,81.0,Hybrid,5.61
2004,Nandi,Short Rains,Beans,2.07,871.1,17.4,81.0,Improved Traditional,1.58
2004,Nandi,Short Rains,Maize,14.01,975.1,19.4,81.0,Hybrid,3.18
2004,Nandi,Short Rains,Tea,8.64,1332.7,18.9,81.0,Traditional,4.92
2004,Bungoma,Long Rains,Beans,13.75,1369.8,19.3,135.8,Hybrid,5.7
2004,Bungoma,Long Rains,Maize,12.2,1605.4,16.5,135.8,Traditional,4.5
2004,Bungoma,Short Rains,Beans,13.8,848.0,18.9,135.8,Improved Traditional,1.37
2004,Bungoma,Short Rains,Maize,9.81,1069.5,18.7,135.8,Improved Traditional,5.33
2004,Kakamega,Long Rains,Beans,9.05,1586.9,19.0,105.5,Hybrid,2.78
2004,Kakamega,Long Rains,Maize,13.77,1020.1,20.2,105.5,Improved Traditional,2.39
2004,Kakamega,Short Rains,Beans,6.51,352.2,20.5,105.5,Hybrid,0.4
2004,Kakamega,Short Rains,Maize,10.45,599.7,18.4,105.5,Hybrid,1.12
2004,Kisii,Long Rains,Beans,7.42,2233.6,18.0,128.0,Hybrid,4.29
2004,Kisii,Long Rains,Maize,8.71,2195.9,21.4,128.0,Improved Traditional,7.66
2004,Kisii,Short Rains,Beans,5.93,1364.3,20.8,128.0,Hybrid,3.92
2004,Kisii,Short Rains,Maize,11.3,1255.2,19.4,128.0,Hybrid,5.28
2004,Nyamira,Long Rains,Beans,8.04,801.1,17.5,98.5,Hybrid,1.47
2004,Nyamira,Long Rains,Maize,1.3,2190.3,18.4,98.5,Improved Traditional,7.48
2004,Nyamira,Short Rains,Beans,6.07,1399.0,18.5,98.5,Hybrid,3.42
2004,Nyamira,Short Rains,Maize,10.85,1652.0,19.0,98.5,Traditional,6.17
2004,Vihiga,Long Rains,Beans,13.42,1515.2,19.0,52.3,Hybrid,1.64
2004,Vihiga,Long Rains,Maize,4.62,1063.1,19.5,52.3,Hybrid,3.24
2004,Vihiga,Short Rains,Beans,7.17,980.5,20.2,52.3,Traditional,0.54
2004,Vihiga,Short Rains,Maize,11.94,837.9,20.6,52.3,Traditional,2.21
2004,Bomet,Long Rains,Beans,13.13,1171.8,16.9,97.6,Hybrid,2.29
2004,Bomet,Long Rains,Maize,12.8,1170.5,15.2,97.6,Hybrid,3.66
2004,Bomet,Long Rains,Tea,4.03,1309.9,17.9,97.6,Hybrid,10.46
2004,Bomet,Long Rains,Potatoes,7.63,1160.6,19.8,97.6,Improved Traditional,1.39
2004,Bomet,Short Rains,Beans,13.0,996.6,16.8,97.6,Hybrid,2.46
2004,Bomet,Short Rains,Maize,10.92,1300.8,19.3,97.6,Traditional,4.04
2004,Bomet,Short Rains,Tea,1.41,960.7,16.8,97.6,Hybrid,4.35
2004,Bomet,Short Rains,Potatoes,5.89,1443.0,17.7,97.6,Hybrid,12.89
2004,Kericho,Long Rains,Beans,12.64,1681.6,17.7,128.6,Improved Traditional,3.41
2004,Kericho,Long Rains,Maize,7.76,1861.8,17.7,128.6,Improved Traditional,6.49
2004,Kericho,Long Rains,Tea,6.55,1979.7,17.4,128.6,Hybrid,5.18
2004,Kericho,Short Rains,Beans,9.79,691.3,16.6,128.6,Hybrid,1.0
2004,Kericho,Short Rains,Maize,2.81,1071.5,18.8,128.6,Hybrid,3.01
2004,Kericho,Short Rains,Tea,9.64,777.7,19.4,128.6,Hybrid,4.01
2004,Nyeri,Long Rains,Beans,6.24,853.0,15.7,82.6,Traditional,1.9
2004,Nyeri,Long Rains,Maize,3.43,1002.5,15.0,82.6,Traditional,1.32
2004,Nyeri,Long Rains,Tea,3.76,946.0,14.0,82.6,Traditional,2.67
2004,Nyeri,Long Rains,Coffee,13.05,712.6,17.8,82.6,Hybrid,0.91
2004,Nyeri,Short Rains,Beans,6.41,595.4,17.0,82.6,Traditional,0.94
2004,Nyeri,Short Rains,Maize,4.09,823.7,16.1,82.6,Traditional,1.68
2004,Nyeri,Short Rains,Tea,2.18,515.1,15.2,82.6,Traditional,1.17
2004,Nyeri,Short Rains,Coffee,1.45,988.7,14.6,82.6,Traditional,2.05
2004,Muranga,Long Rains,Beans,8.88,1036.3,17.5,74.8,Traditional,0.48
2004,Muranga,Long Rains,Maize,13.26,1660.7,17.3,74.8,Traditional,2.13
2004,Muranga,Long Rains,Tea,4.17,1273.5,19.4,74.8,Improved Traditional,2.31
2004,Muranga,Long Rains,Coffee,8.12,1360.7,18.9,74.8,Traditional,3.28
2004,Muranga,Short Rains,Beans,3.16,649.4,17.1,74.8,Traditional,1.0
2004,Muranga,Short Rains,Maize,13.87,762.3,18.8,74.8,Traditional,1.96
2004,Muranga,Short Rains,Tea,8.95,912.6,19.1,74.8,Hybrid,3.92
2004,Muranga,Short Rains,Coffee,2.06,752.2,18.4,74.8,Traditional,1.49
2004,Kiambu,Long Rains,Beans,2.84,931.7,18.5,47.1,Traditional,1.08
2004,Kiambu,Long Rains,Maize,6.8,1407.1,18.6,47.1,Improved Traditional,3.82
2004,Kiambu,Long Rains,Coffee,10.37,1163.9,15.7,47.1,Improved Traditional,1.98
2004,Kiambu,Short Rains,Beans,13.38,920.5,15.3,47.1,Traditional,0.92
2004,Kiambu,Short Rains,Maize,12.9,624.9,18.2,47.1,Traditional,1.39
2004,Kiambu,Short Rains,Coffee,7.72,452.5,17.5,47.1,Improved Traditional,0.87
2004,Kirinyaga,Long Rains,Beans,4.58,837.3,19.1,50.1,Improved Traditional,1.06
2004,Kirinyaga,Long Rains,Maize,12.7,1347.8,17.4,50.1,Traditional,3.21
2004,Kirinyaga,Long Rains,Coffee,2.28,846.2,20.6,50.1,Traditional,1.54
2004,Kirinyaga,Long Rains,Rice,9.96,1036.7,19.2,50.1,Traditional,1.35
2004,Kirinyaga,Short Rains,Beans,3.33,641.6,16.6,50.1,Improved Traditional,0.84
2004,Kirinyaga,Short Rains,Maize,0.75,1077.5,20.7,50.1,Traditional,4.07
2004,Kirinyaga,Short Rains,Coffee,14.71,603.2,16.8,50.1,Improved Traditional,0.94
2004,Kirinyaga,Short Rains,Rice,4.28,867.4,17.2,50.1,Traditional,0.34
2004,Embu,Long Rains,Beans,13.48,793.9,19.3,34.2,Improved Traditional,1.08
2004,Embu,Long Rains,Maize,6.85,927.6,20.3,34.2,Hybrid,4.15
2004,Embu,Long Rains,Coffee,9.28,549.4,20.7,34.2,Traditional,1.16
2004,Embu,Short Rains,Beans,7.59,468.1,19.8,34.2,Improved Traditional,0.72
2004,Embu,Short Rains,Maize,3.04,507.5,19.7,34.2,Traditional,1.59
2004,Embu,Short Rains,Coffee,14.11,679.1,18.5,34.2,Hybrid,0.2
2004,Meru,Long Rains,Beans,13.41,942.1,15.8,81.7,Traditional,0.82
2004,Meru,Long Rains,Maize,4.87,1020.9,17.3,81.7,Hybrid,3.35
2004,Meru,Long Rains,Coffee,1.63,1094.8,15.8,81.7,Traditional,3.58
2004,Meru,Long Rains,Potatoes,14.91,973.1,18.0,81.7,Hybrid,9.9
2004,Meru,Short Rains,Beans,0.84,798.1,19.6,81.7,Traditional,1.58
2004,Meru,Short Rains,Maize,7.75,722.0,17.4,81.7,Traditional,1.82
2004,Meru,Short Rains,Coffee,0.78,678.4,15.0,81.7,Traditional,1.26
2004,Meru,Short Rains,Potatoes,4.88,601.3,17.6,81.7,Improved Traditional,5.8
2004,Tharaka-Nithi,Long Rains,Beans,13.61,1000.0,18.5,63.9,Traditional,1.19
2004,Tharaka-Nithi,Long Rains,Maize,14.67,696.7,19.6,63.9,Traditional,1.59
2004,Tharaka-Nithi,Short Rains,Beans,11.68,717.9,18.1,63.9,Improved Traditional,0.62
2004,Tharaka-Nithi,Short Rains,Maize,9.97,233.2,21.0,63.9,Improved Traditional,0.37
2004,Nyandarua,Long Rains,Beans,14.48,1240.0,16.3,120.6,Hybrid,2.64
2004,Nyandarua,Long Rains,Maize,13.06,1187.8,16.8,120.6,Improved Traditional,6.8
2004,Nyandarua,Long Rains,Potatoes,3.81,1411.6,16.3,120.6,Hybrid,28.64
2004,Nyandarua,Short Rains,Beans,12.04,576.1,16.5,120.6,Hybrid,0.9
2004,Nyandarua,Short Rains,Maize,14.14,756.9,15.5,120.6,Traditional,2.56
2004,Nyandarua,Short Rains,Potatoes,13.11,886.9,16.1,120.6,Hybrid,15.06
2004,Nairobi,Long Rains,Beans,14.31,1094.3,20.1,20.3,Improved Traditional,0.61
2004,Nairobi,Long Rains,Maize,4.09,678.5,17.1,20.3,Hybrid,0.69
2004,Nairobi,Short Rains,Beans,3.15,683.7,21.1,20.3,Improved Traditional,0.51
2004,Nairobi,Short Rains,Maize,14.75,447.0,17.1,20.3,Traditional,0.36
2004,Machakos,Long Rains,Sorghum,3.74,693.7,23.3,78.9,Improved Traditional,1.19
2004,Machakos,Long Rains,Beans,11.36,1045.3,21.9,78.9,Traditional,0.89
2004,Machakos,Long Rains,Maize,9.98,797.3,21.6,78.9,Traditional,2.44
2004,Machakos,Short Rains,Sorghum,9.36,595.5,23.0,78.9,Traditional,1.01
2004,Machakos,Short Rains,Beans,13.79,330.7,23.7,78.9,Traditional,0.34
2004,Machakos,Short Rains,Maize,14.14,211.5,22.6,78.9,Improved Traditional,0.38
2004,Makueni,Long Rains,Sorghum,11.27,574.9,22.4,44.9,Traditional,0.37
2004,Makueni,Long Rains,Beans,0.8,934.8,24.3,44.9,Traditional,0.37
2004,Makueni,Long Rains,Maize,13.34,1047.4,25.9,44.9,Traditional,1.14
2004,Makueni,Short Rains,Sorghum,1.06,528.4,26.4,44.9,Improved Traditional,0.52
2004,Makueni,Short Rains,Beans,4.54,387.7,24.3,44.9,Traditional,0.3
2004,Makueni,Short Rains,Maize,7.37,247.2,22.8,44.9,Traditional,0.44
2004,Kitui,Long Rains,Sorghum,8.67,686.7,25.0,29.9,Improved Traditional,0.49
2004,Kitui,Long Rains,Beans,7.71,957.8,23.1,29.9,Improved Traditional,0.45
2004,Kitui,Long Rains,Maize,7.86,731.1,25.0,29.9,Hybrid,1.7
2004,Kitui,Short Rains,Sorghum,4.53,629.2,26.4,29.9,Improved Traditional,1.28
2004,Kitui,Short Rains,Beans,12.5,553.4,26.5,29.9,Improved Traditional,0.22
2004,Kitui,Short Rains,Maize,7.82,201.2,25.9,29.9,Hybrid,0.2
2004,Mombasa,Long Rains,Beans,5.67,1050.3,29.3,29.8,Traditional,0.2
2004,Mombasa,Long Rains,Maize,10.51,1701.8,28.9,29.8,Traditional,0.43
2004,Mombasa,Short Rains,Beans,5.05,877.3,30.5,29.8,Hybrid,0.2
2004,Mombasa,Short Rains,Maize,3.56,707.7,27.6,29.8,Traditional,0.44
2004,Kilifi,Long Rains,Beans,7.99,730.0,27.2,13.6,Traditional,0.2
2004,Kilifi,Long Rains,Maize,14.77,1037.5,26.4,13.6,Traditional,0.76
2004,Kilifi,Long Rains,Cassava,12.82,1269.1,27.4,13.6,Traditional,1.94
2004,Kilifi,Short Rains,Beans,4.6,397.5,27.5,13.6,Improved Traditional,0.2
2004,Kilifi,Short Rains,Maize,5.65,116.4,28.9,13.6,Traditional,0.2
2004,Kilifi,Short Rains,Cassava,12.43,304.2,27.8,13.6,Hybrid,0.31
2004,Kwale,Long Rains,Beans,2.82,696.0,27.7,20.3,Hybrid,0.22
2004,Kwale,Long Rains,Maize,11.92,1453.5,27.6,20.3,Improved Traditional,0.93
2004,Kwale,Long Rains,Cassava,1.6,1200.9,27.6,20.3,Improved Traditional,3.17
2004,Kwale,Short Rains,Beans,11.65,934.3,28.9,20.3,Improved Traditional,0.2
2004,Kwale,Short Rains,Maize,3.72,197.8,26.4,20.3,Hybrid,0.2
2004,Kwale,Short Rains,Cassava,1.29,910.3,27.9,20.3,Improved Traditional,1.65
2004,Tana River,Long Rains,Beans,9.02,507.2,29.0,22.7,Traditional,0.2
2004,Tana River,Long Rains,Maize,5.52,915.0,30.8,22.7,Improved Traditional,0.22
2004,Tana River,Long Rains,Rice,7.28,530.1,28.7,22.7,Hybrid,1.01
2004,Tana River,Short Rains,Beans,8.54,186.4,30.1,22.7,Hybrid,0.2
2004,Tana River,Short Rains,Maize,10.13,426.9,30.3,22.7,Hybrid,0.29
2004,Tana River,Short Rains,Rice,6.28,726.3,30.4,22.7,Hybrid,0.94
2004,Lamu,Long Rains,Beans,0.6,847.9,29.5,36.3,Improved Traditional,0.2
2004,Lamu,Long Rains,Maize,13.32,1316.6,29.2,36.3,Improved Traditional,0.66
2004,Lamu,Short Rains,Beans,7.04,659.7,28.3,36.3,Traditional,0.2
2004,Lamu,Short Rains,Maize,12.92,828.4,28.1,36.3,Traditional,0.59
2004,Taita Taveta,Long Rains,Beans,5.26,1134.1,22.9,34.3,Traditional,0.51
2004,Taita Taveta,Long Rains,Maize,9.75,722.1,22.8,34.3,Traditional,1.13
2004,Taita Taveta,Short Rains,Beans,11.87,553.7,23.6,34.3,Improved Traditional,0.3
2004,Taita Taveta,Short Rains,Maize,7.05,853.5,24.4,34.3,Improved Traditional,1.4
2004,Garissa,Long Rains,Sorghum,7.8,456.9,33.0,25.8,Traditional,0.41
2004,Garissa,Long Rains,Beans,7.01,212.6,31.0,25.8,Improved Traditional,0.2
2004,Garissa,Long Rains,Maize,7.86,123.3,31.8,25.8,Hybrid,0.2
2004,Garissa,Short Rains,Sorghum,2.68,288.0,34.3,25.8,Traditional,0.3
2004,Garissa,Short Rains,Beans,11.82,262.8,31.7,25.8,Traditional,0.2
2004,Garissa,Short Rains,Maize,1.85,50.0,30.6,25.8,Traditional,0.2
2004,Wajir,Long Rains,Sorghum,13.37,306.2,34.4,14.5,Improved Traditional,0.33
2004,Wajir,Long Rains,Beans,10.85,237.0,32.8,14.5,Traditional,0.2
2004,Wajir,Long Rains,Maize,9.95,135.2,34.8,14.5,Improved Traditional,0.2
2004,Wajir,Short Rains,Sorghum,5.23,143.4,32.3,14.5,Hybrid,0.35
2004,Wajir,Short Rains,Beans,11.57,123.3,32.9,14.5,Traditional,0.2
2004,Wajir,Short Rains,Maize,10.3,205.6,33.1,14.5,Traditional,0.2
2004,Mandera,Long Rains,Sorghum,11.01,334.0,33.4,35.8,Traditional,0.38
2004,Mandera,Long Rains,Beans,14.95,266.2,36.6,35.8,Improved Traditional,0.2
2004,Mandera,Long Rains,Maize,11.75,369.1,34.5,35.8,Traditional,0.22
2004,Mandera,Short Rains,Sorghum,11.52,194.6,33.3,35.8,Traditional,0.31
2004,Mandera,Short Rains,Beans,13.92,67.1,33.3,35.8,Traditional,0.2
2004,Mandera,Short Rains,Maize,11.92,117.5,35.6,35.8,Improved Traditional,0.2
2004,Turkana,Long Rains,Sorghum,10.43,351.8,34.5,17.8,Traditional,0.27
2004,Turkana,Long Rains,Beans,12.53,258.5,35.1,17.8,Traditional,0.2
2004,Turkana,Long Rains,Maize,2.95,158.4,33.9,17.8,Traditional,0.22
2004,Turkana,Short Rains,Sorghum,13.2,159.7,37.8,17.8,Hybrid,0.2
2004,Turkana,Short Rains,Beans,2.41,178.2,36.0,17.8,Improved Traditional,0.2
2004,Turkana,Short Rains,Maize,4.87,184.1,33.2,17.8,Traditional,0.2
2004,West Pokot,Long Rains,Beans,5.37,1024.2,22.7,39.5,Hybrid,1.23
2004,West Pokot,Long Rains,Maize,9.91,691.2,23.6,39.5,Traditional,1.03
2004,West Pokot,Short Rains,Beans,1.4,308.1,20.5,39.5,Traditional,0.32
2004,West Pokot,Short Rains,Maize,9.05,288.9,20.9,39.5,Improved Traditional,0.21
2004,Samburu,Long Rains,Beans,1.38,624.1,23.5,29.7,Improved Traditional,0.59
2004,Samburu,Long Rains,Maize,11.08,593.3,27.4,29.7,Improved Traditional,0.56
2004,Samburu,Short Rains,Beans,6.32,245.8,27.2,29.7,Hybrid,0.2
2004,Samburu,Short Rains,Maize,12.77,349.3,25.9,29.7,Hybrid,0.53
2004,Baringo,Long Rains,Beans,4.58,933.1,23.5,28.9,Hybrid,0.38
2004,Baringo,Long Rains,Maize,4.8,1169.6,23.4,28.9,Hybrid,1.77
2004,Baringo,Short Rains,Beans,2.81,684.8,21.1,28.9,Improved Traditional,0.54
2004,Baringo,Short Rains,Maize,3.42,694.4,22.4,28.9,Traditional,1.72
2004,Laikipia,Long Rains,Wheat,6.01,802.2,18.5,72.5,Hybrid,5.1
2004,Laikipia,Long Rains,Beans,2.62,1090.7,18.8,72.5,Traditional,1.27
2004,Laikipia,Long Rains,Maize,11.92,725.5,19.1,72.5,Improved Traditional,1.82
2004,Laikipia,Short Rains,Wheat,8.33,606.6,20.1,72.5,Improved Traditional,1.53
2004,Laikipia,Short Rains,Beans,6.31,521.5,16.9,72.5,Traditional,0.64
2004,Laikipia,Short Rains,Maize,2.53,614.3,19.9,72.5,Traditional,1.13
2004,Kisumu,Long Rains,Beans,8.01,1070.7,20.6,71.0,Hybrid,2.06
2004,Kisumu,Long Rains,Maize,1.5,635.0,23.0,71.0,Traditional,2.07
2004,Kisumu,Short Rains,Beans,6.3,448.7,22.8,71.0,Traditional,0.2
2004,Kisumu,Short Rains,Maize,7.83,737.3,24.2,71.0,Traditional,2.93
2004,Siaya,Long Rains,Beans,14.26,1615.8,24.5,67.7,Improved Traditional,1.36
2004,Siaya,Long Rains,Maize,12.61,699.3,22.5,67.7,Traditional,1.51
2004,Siaya,Long Rains,Cassava,7.24,1662.9,22.9,67.7,Hybrid,4.48
2004,Siaya,Short Rains,Beans,7.09,850.3,22.7,67.7,Traditional,0.64
2004,Siaya,Short Rains,Maize,11.4,1308.4,22.2,67.7,Traditional,3.29
2004,Siaya,Short Rains,Cassava,10.96,491.0,24.0,67.7,Improved Traditional,1.97
2004,Homa Bay,Long Rains,Beans,14.3,994.7,23.8,47.0,Improved Traditional,0.62
2004,Homa Bay,Long Rains,Maize,10.8,1089.1,22.3,47.0,Traditional,3.35
2004,Homa Bay,Short Rains,Beans,0.67,855.1,22.0,47.0,Hybrid,0.76
2004,Homa Bay,Short Rains,Maize,9.61,528.9,23.0,47.0,Traditional,0.92
2004,Migori,Long Rains,Beans,6.23,1006.6,21.5,54.1,Improved Traditional,0.8
2004,Migori,Long Rains,Maize,13.1,1521.0,21.4,54.1,Improved Traditional,0.91
2004,Migori,Short Rains,Beans,14.65,485.6,21.7,54.1,Traditional,0.21
2004,Migori,Short Rains,Maize,10.69,1050.1,23.2,54.1,Traditional,0.56
2004,Kajiado,Long Rains,Beans,14.12,825.5,18.7,25.2,Hybrid,0.61
2004,Kajiado,Long Rains,Maize,11.97,796.3,20.5,25.2,Traditional,1.31
2004,Kajiado,Short Rains,Beans,11.24,508.3,22.8,25.2,Traditional,0.36
2004,Kajiado,Short Rains,Maize,10.38,505.5,21.9,25.2,Traditional,1.29
2004,Narok,Long Rains,Wheat,2.85,1540.9,17.2,46.8,Traditional,3.99
2004,Narok,Long Rains,Beans,4.44,1090.0,20.3,46.8,Hybrid,1.56
2004,Narok,Long Rains,Maize,5.61,889.8,16.6,46.8,Hybrid,2.4
2004,Narok,Short Rains,Wheat,14.05,992.2,18.5,46.8,Traditional,2.23
2004,Narok,Short Rains,Beans,3.71,886.6,17.1,46.8,Traditional,0.8
2004,Narok,Short Rains,Maize,9.0,866.6,17.2,46.8,Traditional,1.77
2004,Elgeyo-Marakwet,Long Rains,Beans,0.57,614.6,19.0,59.9,Traditional,0.48
2004,Elgeyo-Marakwet,Long Rains,Maize,1.87,853.9,19.5,59.9,Traditional,1.89
2004,Elgeyo-Marakwet,Short Rains,Beans,2.51,538.6,17.1,59.9,Hybrid,0.95
2004,Elgeyo-Marakwet,Short Rains,Maize,7.73,733.5,16.4,59.9,Hybrid,2.51
2004,Busia,Long Rains,Beans,6.78,1141.8,17.9,52.4,Traditional,1.24
2004,Busia,Long Rains,Maize,10.09,1555.5,20.4,52.4,Improved Traditional,0.84
2004,Busia,Long Rains,Cassava,14.53,1499.0,20.2,52.4,Traditional,2.12
2004,Busia,Long Rains,Rice,2.47,1235.4,19.9,52.4,Hybrid,3.37
2004,Busia,Short Rains,Beans,11.3,794.4,19.1,52.4,Hybrid,1.0
2004,Busia,Short Rains,Maize,7.91,697.2,20.6,52.4,Improved Traditional,1.1
2004,Busia,Short Rains,Cassava,2.42,845.5,19.5,52.4,Improved Traditional,1.69
2004,Busia,Short Rains,Rice,14.51,1218.6,18.3,52.4,Traditional,1.78
2004,Isiolo,Long Rains,Beans,14.25,352.4,29.1,28.6,Traditional,0.2
2004,Isiolo,Long Rains,Maize,8.78,498.8,30.0,28.6,Traditional,0.6
2004,Isiolo,Short Rains,Beans,5.16,220.2,29.7,28.6,Traditional,0.2
2004,Isiolo,Short Rains,Maize,14.83,250.7,30.4,28.6,Traditional,0.2
2004,Marsabit,Long Rains,Beans,1.95,301.0,31.5,13.0,Traditional,0.2
2004,Marsabit,Long Rains,Maize,8.55,337.9,31.5,13.0,Traditional,0.22
2004,Marsabit,Short Rains,Beans,2.61,322.3,29.5,13.0,Traditional,0.2
2004,Marsabit,Short Rains,Maize,9.65,271.5,31.9,13.0,Traditional,0.2
2005,Uasin Gishu,Long Rains,Wheat,14.36,1196.9,19.4,88.1,Improved Traditional,8.41
2005,Uasin Gishu,Long Rains,Beans,8.82,1095.2,18.3,88.1,Hybrid,5.19
2005,Uasin Gishu,Long Rains,Maize,2.82,1221.6,17.6,88.1,Improved Traditional,2.86
2005,Uasin Gishu,Short Rains,Wheat,8.63,601.1,18.2,88.1,Hybrid,2.03
2005,Uasin Gishu,Short Rains,Beans,13.43,336.6,16.7,88.1,Hybrid,0.31
2005,Uasin Gishu,Short Rains,Maize,14.91,1095.1,17.4,88.1,Hybrid,4.54
2005,Trans Nzoia,Long Rains,Wheat,11.62,1127.2,17.0,124.5,Hybrid,7.03
2005,Trans Nzoia,Long Rains,Beans,8.43,1145.4,17.0,124.5,Improved Traditional,1.28
2005,Trans Nzoia,Long Rains,Maize,12.64,1344.2,15.9,124.5,Traditional,5.44
2005,Trans Nzoia,Short Rains,Wheat,6.49,695.1,17.9,124.5,Hybrid,3.84
2005,Trans Nzoia,Short Rains,Beans,12.39,878.1,17.6,124.5,Hybrid,0.27
2005,Trans Nzoia,Short Rains,Maize,12.06,459.2,16.9,124.5,Traditional,0.92
2005,Nakuru,Long Rains,Wheat,13.71,962.3,17.7,75.8,Improved Traditional,7.89
2005,Nakuru,Long Rains,Beans,1.54,1197.5,22.2,75.8,Hybrid,2.44
2005,Nakuru,Long Rains,Maize,13.44,1362.6,18.4,75.8,Improved Traditional,4.52
2005,Nakuru,Long Rains,Potatoes,7.7,909.0,18.6,75.8,Improved Traditional,6.29
2005,Nakuru,Short Rains,Wheat,5.22,1078.8,17.8,75.8,Hybrid,7.49
2005,Nakuru,Short Rains,Beans,6.39,565.3,19.1,75.8,Hybrid,1.79
2005,Nakuru,Short Rains,Maize,14.24,582.8,19.4,75.8,Hybrid,2.14
2005,Nakuru,Short Rains,Potatoes,11.68,952.8,19.9,75.8,Hybrid,8.5
2005,Nandi,Long Rains,Beans,4.16,1418.2,16.9,94.5,Improved Traditional,3.73
2005,Nandi,Long Rains,Maize,8.11,1735.8,17.0,94.5,Improved Traditional,5.5
2005,Nandi,Long Rains,Tea,11.88,1163.6,17.2,94.5,Hybrid,5.49
2005,Nandi,Short Rains,Beans,13.96,825.0,17.3,94.5,Traditional,0.9
2005,Nandi,Short Rains,Maize,9.81,578.1,15.4,94.5,Traditional,0.99
2005,Nandi,Short Rains,Tea,6.75,968.2,18.5,94.5,Improved Traditional,4.49
2005,Bungoma,Long Rains,Beans,13.99,1277.2,19.9,155.1,Improved Traditional,4.74
2005,Bungoma,Long Rains,Maize,5.85,1494.5,15.9,155.1,Hybrid,9.47
2005,Bungoma,Short Rains,Beans,7.87,460.5,18.3,155.1,Hybrid,0.32
2005,Bungoma,Short Rains,Maize,12.93,973.7,19.3,155.1,Hybrid,7.29
2005,Kakamega,Long Rains,Beans,9.79,1204.5,17.4,108.6,Hybrid,3.2
2005,Kakamega,Long Rains,Maize,3.95,1537.3,19.2,108.6,Hybrid,7.12
2005,Kakamega,Short Rains,Beans,6.79,1221.7,19.8,108.6,Improved Traditional,2.05
2005,Kakamega,Short Rains,Maize,7.02,1111.6,19.4,108.6,Improved Traditional,3.31
2005,Kisii,Long Rains,Beans,10.02,1363.4,18.3,130.5,Hybrid,1.37
2005,Kisii,Long Rains,Maize,12.88,1759.1,16.8,130.5,Improved Traditional,2.74
2005,Kisii,Short Rains,Beans,10.18,1392.0,18.6,130.5,Hybrid,2.64
2005,Kisii,Short Rains,Maize,8.83,1268.0,17.4,130.5,Hybrid,5.68
2005,Nyamira,Long Rains,Beans,8.01,1804.5,17.6,109.1,Traditional,1.15
2005,Nyamira,Long Rains,Maize,1.77,1545.5,20.2,109.1,Traditional,5.8
2005,Nyamira,Short Rains,Beans,10.61,1086.0,17.9,109.1,Hybrid,2.12
2005,Nyamira,Short Rains,Maize,9.22,916.0,18.1,109.1,Hybrid,2.45
2005,Vihiga,Long Rains,Beans,13.11,962.0,19.7,42.8,Traditional,0.78
2005,Vihiga,Long Rains,Maize,6.75,1173.5,19.5,42.8,Traditional,2.19
2005,Vihiga,Short Rains,Beans,13.77,738.1,19.6,42.8,Traditional,0.56
2005,Vihiga,Short Rains,Maize,11.51,547.2,20.9,42.8,Improved Traditional,0.43
2005,Bomet,Long Rains,Beans,14.49,1315.9,18.9,94.3,Traditional,1.36
2005,Bomet,Long Rains,Maize,2.68,1893.0,16.4,94.3,Hybrid,7.56
2005,Bomet,Long Rains,Tea,8.36,890.7,17.1,94.3,Improved Traditional,3.55
2005,Bomet,Long Rains,Potatoes,7.07,1186.7,16.6,94.3,Hybrid,11.73
2005,Bomet,Short Rains,Beans,4.65,790.7,16.7,94.3,Hybrid,1.46
2005,Bomet,Short Rains,Maize,12.54,1462.3,16.0,94.3,Hybrid,3.45
2005,Bomet,Short Rains,Tea,0.93,559.5,17.5,94.3,Hybrid,3.54
2005,Bomet,Short Rains,Potatoes,3.86,1138.0,17.7,94.3,Hybrid,14.78
2005,Kericho,Long Rains,Beans,7.41,796.7,18.3,109.1,Hybrid,0.76
2005,Kericho,Long Rains,Maize,7.39,1903.5,16.9,109.1,Hybrid,4.74
2005,Kericho,Long Rains,Tea,3.39,1642.9,17.6,109.1,Hybrid,8.05
2005,Kericho,Short Rains,Beans,11.19,1061.0,17.7,109.1,Improved Traditional,2.48
2005,Kericho,Short Rains,Maize,4.86,999.1,18.1,109.1,Improved Traditional,2.97
2005,Kericho,Short Rains,Tea,8.48,1114.7,18.0,109.1,Hybrid,4.97
2005,Nyeri,Long Rains,Beans,3.12,1139.1,15.6,49.9,Traditional,1.02
2005,Nyeri,Long Rains,Maize,8.72,1099.1,15.9,49.9,Traditional,1.5
2005,Nyeri,Long Rains,Tea,5.2,956.8,14.9,49.9,Improved Traditional,1.04
2005,Nyeri,Long Rains,Coffee,12.08,1263.1,15.6,49.9,Improved Traditional,2.66
2005,Nyeri,Short Rains,Beans,3.75,571.4,14.1,49.9,Traditional,0.42
2005,Nyeri,Short Rains,Maize,13.38,581.7,15.9,49.9,Hybrid,1.41
2005,Nyeri,Short Rains,Tea,7.84,793.6,15.9,49.9,Improved Traditional,2.25
2005,Nyeri,Short Rains,Coffee,1.37,605.5,16.2,49.9,Traditional,0.75
2005,Muranga,Long Rains,Beans,6.11,1228.0,17.0,46.8,Improved Traditional,1.2
2005,Muranga,Long Rains,Maize,5.82,1239.8,17.6,46.8,Traditional,1.75
2005,Muranga,Long Rains,Tea,5.54,800.8,19.2,46.8,Traditional,2.94
2005,Muranga,Long Rains,Coffee,10.97,678.0,17.0,46.8,Improved Traditional,1.41
2005,Muranga,Short Rains,Beans,8.23,557.4,20.7,46.8,Hybrid,0.8
2005,Muranga,Short Rains,Maize,12.42,416.8,20.2,46.8,Hybrid,0.47
2005,Muranga,Short Rains,Tea,9.57,548.1,16.0,46.8,Improved Traditional,0.89
2005,Muranga,Short Rains,Coffee,11.02,340.4,19.3,46.8,Traditional,0.2
2005,Kiambu,Long Rains,Beans,7.98,1018.7,16.6,43.5,Traditional,0.64
2005,Kiambu,Long Rains,Maize,14.22,1304.1,17.9,43.5,Hybrid,1.64
2005,Kiambu,Long Rains,Coffee,11.33,759.6,19.0,43.5,Traditional,1.51
2005,Kiambu,Short Rains,Beans,12.5,689.8,18.3,43.5,Hybrid,1.09
2005,Kiambu,Short Rains,Maize,1.17,859.9,16.9,43.5,Traditional,1.35
2005,Kiambu,Short Rains,Coffee,10.44,772.1,15.8,43.5,Traditional,0.87
2005,Kirinyaga,Long Rains,Beans,4.83,1086.7,18.7,78.7,Traditional,2.07
2005,Kirinyaga,Long Rains,Maize,2.51,893.2,17.7,78.7,Traditional,3.08
2005,Kirinyaga,Long Rains,Coffee,14.24,1026.6,18.3,78.7,Hybrid,2.75
2005,Kirinyaga,Long Rains,Rice,4.84,895.2,17.0,78.7,Improved Traditional,1.72
2005,Kirinyaga,Short Rains,Beans,4.32,614.0,17.0,78.7,Hybrid,1.35
2005,Kirinyaga,Short Rains,Maize,8.75,583.5,18.0,78.7,Traditional,2.29
2005,Kirinyaga,Short Rains,Coffee,9.48,927.0,17.2,78.7,Traditional,2.88
2005,Kirinyaga,Short Rains,Rice,13.32,869.8,19.5,78.7,Hybrid,2.63
2005,Embu,Long Rains,Beans,6.75,803.0,17.8,47.4,Improved Traditional,1.45
2005,Embu,Long Rains,Maize,6.13,639.4,21.1,47.4,Hybrid,4.27
2005,Embu,Long Rains,Coffee,14.01,1074.7,20.1,47.4,Traditional,2.07
2005,Embu,Short Rains,Beans,8.03,417.1,19.3,47.4,Traditional,0.83
2005,Embu,Short Rains,Maize,3.06,653.6,19.4,47.4,Traditional,1.4
2005,Embu,Short Rains,Coffee,10.82,965.0,22.0,47.4,Hybrid,2.68
2005,Meru,Long Rains,Beans,4.03,503.2,17.6,56.4,Traditional,0.58
2005,Meru,Long Rains,Maize,6.44,831.7,17.3,56.4,Traditional,1.89
2005,Meru,Long Rains,Coffee,14.62,735.4,16.2,56.4,Improved Traditional,1.29
2005,Meru,Long Rains,Potatoes,13.66,909.1,19.1,56.4,Traditional,5.02
2005,Meru,Short Rains,Beans,4.97,650.9,17.7,56.4,Traditional,1.09
2005,Meru,Short Rains,Maize,7.12,1387.6,15.9,56.4,Traditional,1.97
2005,Meru,Short Rains,Coffee,3.55,336.1,18.0,56.4,Traditional,0.28
2005,Meru,Short Rains,Potatoes,8.24,817.3,16.0,56.4,Improved Traditional,7.62
2005,Tharaka-Nithi,Long Rains,Beans,14.83,567.8,21.3,74.4,Traditional,0.7
2005,Tharaka-Nithi,Long Rains,Maize,5.55,1010.5,20.7,74.4,Hybrid,6.02
2005,Tharaka-Nithi,Short Rains,Beans,9.39,759.0,19.7,74.4,Traditional,0.81
2005,Tharaka-Nithi,Short Rains,Maize,6.43,281.3,19.0,74.4,Hybrid,0.2
2005,Nyandarua,Long Rains,Beans,7.28,1260.3,14.3,81.6,Traditional,1.3
2005,Nyandarua,Long Rains,Maize,1.62,1193.3,14.7,81.6,Hybrid,4.53
2005,Nyandarua,Long Rains,Potatoes,8.94,1410.9,15.6,81.6,Hybrid,13.66
2005,Nyandarua,Short Rains,Beans,3.28,808.7,16.5,81.6,Hybrid,1.09
2005,Nyandarua,Short Rains,Maize,9.47,412.9,13.9,81.6,Improved Traditional,0.33
2005,Nyandarua,Short Rains,Potatoes,10.0,193.9,15.5,81.6,Hybrid,0.59
2005,Nairobi,Long Rains,Beans,8.21,803.2,17.0,30.9,Improved Traditional,0.31
2005,Nairobi,Long Rains,Maize,7.93,562.4,17.5,30.9,Hybrid,0.39
2005,Nairobi,Short Rains,Beans,1.35,446.9,18.7,30.9,Traditional,0.2
2005,Nairobi,Short Rains,Maize,1.4,399.2,19.4,30.9,Traditional,0.65
2005,Machakos,Long Rains,Sorghum,11.04,984.3,23.3,72.6,Hybrid,1.61
2005,Machakos,Long Rains,Beans,1.79,581.1,22.3,72.6,Improved Traditional,0.94
2005,Machakos,Long Rains,Maize,1.64,609.4,22.3,72.6,Traditional,1.87
2005,Machakos,Short Rains,Sorghum,2.41,346.3,21.5,72.6,Improved Traditional,0.53
2005,Machakos,Short Rains,Beans,2.1,465.9,21.8,72.6,Improved Traditional,0.71
2005,Machakos,Short Rains,Maize,7.17,406.8,23.7,72.6,Hybrid,1.26
2005,Makueni,Long Rains,Sorghum,13.96,390.7,25.2,21.5,Traditional,0.5
2005,Makueni,Long Rains,Beans,9.51,529.6,23.3,21.5,Traditional,0.31
2005,Makueni,Long Rains,Maize,8.51,592.9,25.9,21.5,Improved Traditional,0.68
2005,Makueni,Short Rains,Sorghum,14.5,298.3,25.3,21.5,Traditional,0.22
2005,Makueni,Short Rains,Beans,9.33,317.8,24.6,21.5,Improved Traditional,0.2
2005,Makueni,Short Rains,Maize,9.16,614.8,22.6,21.5,Traditional,1.28
2005,Kitui,Long Rains,Sorghum,14.84,658.6,24.7,14.6,Traditional,0.56
2005,Kitui,Long Rains,Beans,4.47,702.8,25.1,14.6,Hybrid,0.29
2005,Kitui,Long Rains,Maize,9.42,1076.6,26.6,14.6,Improved Traditional,0.93
2005,Kitui,Short Rains,Sorghum,6.3,501.5,23.0,14.6,Hybrid,0.39
2005,Kitui,Short Rains,Beans,9.1,191.2,25.4,14.6,Hybrid,0.2
2005,Kitui,Short Rains,Maize,5.38,683.9,23.7,14.6,Improved Traditional,1.03
2005,Mombasa,Long Rains,Beans,9.32,1139.1,29.0,16.4,Improved Traditional,0.2
2005,Mombasa,Long Rains,Maize,7.3,1660.7,31.9,16.4,Traditional,0.31
2005,Mombasa,Short Rains,Beans,8.02,772.1,30.1,16.4,Improved Traditional,0.2
2005,Mombasa,Short Rains,Maize,1.68,1040.8,27.1,16.4,Traditional,0.48
2005,Kilifi,Long Rains,Beans,10.76,965.6,28.5,22.7,Traditional,0.2
2005,Kilifi,Long Rains,Maize,8.2,835.7,27.2,22.7,Traditional,0.8
2005,Kilifi,Long Rains,Cassava,11.19,765.5,27.8,22.7,Improved Traditional,2.94
2005,Kilifi,Short Rains,Beans,8.4,433.9,27.5,22.7,Hybrid,0.2
2005,Kilifi,Short Rains,Maize,4.12,798.4,27.5,22.7,Traditional,0.67
2005,Kilifi,Short Rains,Cassava,14.0,777.4,25.9,22.7,Improved Traditional,1.89
2005,Kwale,Long Rains,Beans,10.42,954.9,26.3,32.7,Traditional,0.27
2005,Kwale,Long Rains,Maize,3.31,953.7,26.3,32.7,Hybrid,1.41
2005,Kwale,Long Rains,Cassava,9.86,1030.0,26.9,32.7,Improved Traditional,3.36
2005,Kwale,Short Rains,Beans,3.88,278.9,24.9,32.7,Traditional,0.2
2005,Kwale,Short Rains,Maize,10.89,133.4,29.7,32.7,Traditional,0.2
2005,Kwale,Short Rains,Cassava,13.57,804.4,27.9,32.7,Traditional,1.91
2005,Tana River,Long Rains,Beans,2.05,461.4,29.6,36.0,Improved Traditional,0.2
2005,Tana River,Long Rains,Maize,7.13,663.0,31.6,36.0,Improved Traditional,0.33
2005,Tana River,Long Rains,Rice,3.26,563.1,29.5,36.0,Hybrid,1.18
2005,Tana River,Short Rains,Beans,11.37,369.2,27.9,36.0,Traditional,0.2
2005,Tana River,Short Rains,Maize,5.83,178.7,29.1,36.0,Traditional,0.2
2005,Tana River,Short Rains,Rice,6.5,257.2,28.6,36.0,Traditional,0.48
2005,Lamu,Long Rains,Beans,2.85,561.4,27.1,31.7,Improved Traditional,0.2
2005,Lamu,Long Rains,Maize,11.05,1017.8,31.2,31.7,Traditional,0.26
2005,Lamu,Short Rains,Beans,9.63,1249.8,29.6,31.7,Improved Traditional,0.25
2005,Lamu,Short Rains,Maize,8.21,314.2,28.5,31.7,Hybrid,0.2
2005,Taita Taveta,Long Rains,Beans,4.71,781.7,25.8,40.2,Traditional,0.2
2005,Taita Taveta,Long Rains,Maize,10.07,566.4,22.3,40.2,Hybrid,1.89
2005,Taita Taveta,Short Rains,Beans,6.46,82.0,25.1,40.2,Hybrid,0.2
2005,Taita Taveta,Short Rains,Maize,3.99,564.9,22.9,40.2,Traditional,1.26
2005,Garissa,Long Rains,Sorghum,10.19,250.1,33.1,15.0,Traditional,0.34
2005,Garissa,Long Rains,Beans,9.73,278.0,30.5,15.0,Traditional,0.2
2005,Garissa,Long Rains,Maize,7.11,401.7,31.9,15.0,Traditional,0.39
2005,Garissa,Short Rains,Sorghum,1.46,279.7,34.5,15.0,Hybrid,0.26
2005,Garissa,Short Rains,Beans,8.24,241.8,31.1,15.0,Traditional,0.2
2005,Garissa,Short Rains,Maize,3.57,249.5,33.2,15.0,Improved Traditional,0.2
2005,Wajir,Long Rains,Sorghum,8.91,288.1,32.9,26.2,Hybrid,0.43
2005,Wajir,Long Rains,Beans,3.84,366.5,33.5,26.2,Traditional,0.2
2005,Wajir,Long Rains,Maize,8.19,319.1,32.8,26.2,Traditional,0.38
2005,Wajir,Short Rains,Sorghum,14.23,239.4,33.9,26.2,Improved Traditional,0.29
2005,Wajir,Short Rains,Beans,2.0,225.3,34.3,26.2,Traditional,0.2
2005,Wajir,Short Rains,Maize,14.21,82.4,34.2,26.2,Improved Traditional,0.2
2005,Mandera,Long Rains,Sorghum,8.24,201.3,33.3,10.0,Improved Traditional,0.25
2005,Mandera,Long Rains,Beans,8.68,190.3,35.3,10.0,Traditional,0.2
2005,Mandera,Long Rains,Maize,13.06,308.4,32.6,10.0,Hybrid,0.31
2005,Mandera,Short Rains,Sorghum,6.99,84.5,35.1,10.0,Traditional,0.2
2005,Mandera,Short Rains,Beans,9.06,55.1,33.7,10.0,Traditional,0.2
2005,Mandera,Short Rains,Maize,0.94,151.2,33.7,10.0,Traditional,0.2
2005,Turkana,Long Rains,Sorghum,4.82,149.2,35.1,19.8,Hybrid,0.2
2005,Turkana,Long Rains,Beans,0.93,351.1,34.9,19.8,Traditional,0.2
2005,Turkana,Long Rains,Maize,10.27,132.1,37.3,19.8,Hybrid,0.2
2005,Turkana,Short Rains,Sorghum,10.66,285.5,35.8,19.8,Traditional,0.2
2005,Turkana,Short Rains,Beans,10.46,93.4,35.5,19.8,Traditional,0.2
2005,Turkana,Short Rains,Maize,6.89,134.2,34.9,19.8,Improved Traditional,0.2
2005,West Pokot,Long Rains,Beans,3.85,854.6,19.3,72.5,Improved Traditional,1.62
2005,West Pokot,Long Rains,Maize,14.11,604.1,20.7,72.5,Improved Traditional,2.69
2005,West Pokot,Short Rains,Beans,14.55,417.6,23.0,72.5,Hybrid,0.54
2005,West Pokot,Short Rains,Maize,13.44,747.5,23.5,72.5,Hybrid,4.42
2005,Samburu,Long Rains,Beans,9.96,525.9,27.6,28.9,Traditional,0.2
2005,Samburu,Long Rains,Maize,14.37,399.5,24.5,28.9,Traditional,0.67
2005,Samburu,Short Rains,Beans,13.88,256.3,27.7,28.9,Improved Traditional,0.2
2005,Samburu,Short Rains,Maize,10.08,365.2,27.7,28.9,Traditional,0.4
2005,Baringo,Long Rains,Beans,12.35,613.0,23.9,45.0,Traditional,0.3
2005,Baringo,Long Rains,Maize,12.03,864.3,22.5,45.0,Traditional,2.85
2005,Baringo,Short Rains,Beans,1.11,326.5,21.7,45.0,Traditional,0.33
2005,Baringo,Short Rains,Maize,7.46,460.3,21.7,45.0,Improved Traditional,1.47
2005,Laikipia,Long Rains,Wheat,3.44,1103.2,18.0,63.5,Improved Traditional,3.98
2005,Laikipia,Long Rains,Beans,13.54,816.5,17.9,63.5,Traditional,0.37
2005,Laikipia,Long Rains,Maize,1.11,1058.9,18.8,63.5,Hybrid,3.03
2005,Laikipia,Short Rains,Wheat,10.74,566.0,20.3,63.5,Hybrid,2.02
2005,Laikipia,Short Rains,Beans,12.61,530.5,19.2,63.5,Traditional,1.12
2005,Laikipia,Short Rains,Maize,11.13,280.3,19.5,63.5,Hybrid,0.46
2005,Kisumu,Long Rains,Beans,7.64,1120.0,21.0,85.3,Traditional,1.56
2005,Kisumu,Long Rains,Maize,7.08,1377.3,22.4,85.3,Improved Traditional,7.15
2005,Kisumu,Short Rains,Beans,4.52,50.0,23.1,85.3,Traditional,0.2
2005,Kisumu,Short Rains,Maize,8.99,1283.3,23.0,85.3,Traditional,3.76
2005,Siaya,Long Rains,Beans,1.33,1350.0,22.5,32.1,Hybrid,0.72
2005,Siaya,Long Rains,Maize,1.85,1158.4,23.7,32.1,Traditional,1.81
2005,Siaya,Long Rains,Cassava,7.27,1173.7,20.5,32.1,Hybrid,2.47
2005,Siaya,Short Rains,Beans,1.96,359.5,24.0,32.1,Traditional,0.2
2005,Siaya,Short Rains,Maize,3.08,540.6,23.1,32.1,Traditional,1.04
2005,Siaya,Short Rains,Cassava,6.62,469.5,21.3,32.1,Improved Traditional,0.33
2005,Homa Bay,Long Rains,Beans,6.82,1068.3,24.0,64.9,Traditional,0.81
2005,Homa Bay,Long Rains,Maize,13.03,1509.3,23.3,64.9,Traditional,2.69
2005,Homa Bay,Short Rains,Beans,6.7,578.7,26.3,64.9,Traditional,0.33
2005,Homa Bay,Short Rains,Maize,11.2,1150.9,23.1,64.9,Improved Traditional,2.75
2005,Migori,Long Rains,Beans,12.84,1192.5,20.1,70.1,Traditional,1.43
2005,Migori,Long Rains,Maize,2.08,1482.2,22.1,70.1,Traditional,2.06
2005,Migori,Short Rains,Beans,9.9,649.9,21.8,70.1,Traditional,0.52
2005,Migori,Short Rains,Maize,6.62,970.5,21.8,70.1,Traditional,2.98
2005,Kajiado,Long Rains,Beans,2.26,774.1,22.7,34.3,Traditional,0.59
2005,Kajiado,Long Rains,Maize,0.75,354.1,21.8,34.3,Traditional,1.06
2005,Kajiado,Short Rains,Beans,4.73,329.6,21.0,34.3,Traditional,0.27
2005,Kajiado,Short Rains,Maize,1.1,50.0,20.6,34.3,Improved Traditional,0.2
2005,Narok,Long Rains,Wheat,2.32,859.8,18.3,66.7,Traditional,5.72
2005,Narok,Long Rains,Beans,3.99,1404.9,18.4,66.7,Traditional,1.4
2005,Narok,Long Rains,Maize,9.34,1073.6,17.7,66.7,Traditional,2.77
2005,Narok,Short Rains,Wheat,3.05,668.0,16.3,66.7,Traditional,3.51
2005,Narok,Short Rains,Beans,2.8,859.6,19.5,66.7,Hybrid,1.29
2005,Narok,Short Rains,Maize,13.12,377.7,17.5,66.7,Traditional,0.2
2005,Elgeyo-Marakwet,Long Rains,Beans,10.62,841.6,15.9,68.4,Hybrid,1.16
2005,Elgeyo-Marakwet,Long Rains,Maize,8.3,990.1,19.4,68.4,Traditional,4.08
2005,Elgeyo-Marakwet,Short Rains,Beans,6.88,1066.0,16.0,68.4,Traditional,1.28
2005,Elgeyo-Marakwet,Short Rains,Maize,2.86,1019.7,16.9,68.4,Traditional,1.72
2005,Busia,Long Rains,Beans,6.54,1183.1,22.4,49.6,Traditional,1.28
2005,Busia,Long Rains,Maize,14.88,1344.1,21.2,49.6,Improved Traditional,3.72
2005,Busia,Long Rains,Cassava,4.26,1576.0,21.0,49.6,Traditional,3.62
2005,Busia,Long Rains,Rice,6.11,1165.5,20.5,49.6,Traditional,1.75
2005,Busia,Short Rains,Beans,6.42,406.0,21.1,49.6,Traditional,0.2
2005,Busia,Short Rains,Maize,5.13,733.0,18.1,49.6,Traditional,1.49
2005,Busia,Short Rains,Cassava,7.86,644.5,20.2,49.6,Improved Traditional,1.25
2005,Busia,Short Rains,Rice,2.52,695.3,20.7,49.6,Traditional,1.51
2005,Isiolo,Long Rains,Beans,4.01,451.1,31.4,36.9,Traditional,0.2
2005,Isiolo,Long Rains,Maize,5.62,408.0,31.4,36.9,Hybrid,0.87
2005,Isiolo,Short Rains,Beans,2.04,351.6,28.9,36.9,Improved Traditional,0.2
2005,Isiolo,Short Rains,Maize,8.03,496.4,30.0,36.9,Hybrid,0.79
2005,Marsabit,Long Rains,Beans,14.76,265.7,30.1,30.0,Traditional,0.2
2005,Marsabit,Long Rains,Maize,5.89,405.1,31.0,30.0,Hybrid,0.37
2005,Marsabit,Short Rains,Beans,3.36,212.1,31.3,30.0,Traditional,0.2
2005,Marsabit,Short Rains,Maize,0.62,137.0,30.9,30.0,Hybrid,0.2
2006,Uasin Gishu,Long Rains,Wheat,2.41,945.0,17.8,126.6,Traditional,9.54
2006,Uasin Gishu,Long Rains,Beans,12.07,691.8,16.1,126.6,Hybrid,1.85
2006,Uasin Gishu,Long Rains,Maize,13.44,1078.1,17.6,126.6,Hybrid,6.29
2006,Uasin Gishu,Short Rains,Wheat,2.35,348.3,18.1,126.6,Hybrid,0.79
2006,Uasin Gishu,Short Rains,Beans,9.46,815.4,16.8,126.6,Hybrid,2.5
2006,Uasin Gishu,Short Rains,Maize,2.13,901.7,17.7,126.6,Hybrid,5.45
2006,Trans Nzoia,Long Rains,Wheat,8.57,1494.7,20.3,63.4,Hybrid,6.7
2006,Trans Nzoia,Long Rains,Beans,4.39,1139.7,17.9,63.4,Hybrid,2.44
2006,Trans Nzoia,Long Rains,Maize,2.23,1582.3,16.7,63.4,Hybrid,5.54
2006,Trans Nzoia,Short Rains,Wheat,5.68,918.0,15.3,63.4,Improved Traditional,4.58
2006,Trans Nzoia,Short Rains,Beans,9.29,360.8,18.7,63.4,Improved Traditional,0.2
2006,Trans Nzoia,Short Rains,Maize,7.08,761.4,17.1,63.4,Traditional,1.71
2006,Nakuru,Long Rains,Wheat,5.95,808.9,19.7,132.5,Hybrid,4.39
2006,Nakuru,Long Rains,Beans,8.83,863.4,19.0,132.5,Hybrid,5.63
2006,Nakuru,Long Rains,Maize,5.35,1266.2,17.3,132.5,Hybrid,8.84
2006,Nakuru,Long Rains,Potatoes,8.28,1226.9,20.1,132.5,Improved Traditional,10.74
2006,Nakuru,Short Rains,Wheat,9.74,950.0,17.7,132.5,Improved Traditional,7.96
2006,Nakuru,Short Rains,Beans,3.71,545.4,18.8,132.5,Hybrid,2.19
2006,Nakuru,Short Rains,Maize,13.62,514.5,17.4,132.5,Hybrid,4.91
2006,Nakuru,Short Rains,Potatoes,13.23,725.8,19.9,132.5,Hybrid,8.7
2006,Nandi,Long Rains,Beans,6.96,977.1,15.7,124.7,Hybrid,1.79
2006,Nandi,Long Rains,Maize,9.64,1309.1,15.7,124.7,Traditional,2.18
2006,Nandi,Long Rains,Tea,14.42,1306.0,20.0,124.7,Improved Traditional,5.05
2006,Nandi,Short Rains,Beans,1.55,948.5,20.7,124.7,Hybrid,1.48
2006,Nandi,Short Rains,Maize,7.34,565.0,18.5,124.7,Traditional,4.08
2006,Nandi,Short Rains,Tea,1.53,835.8,15.5,124.7,Hybrid,6.49
2006,Bungoma,Long Rains,Beans,6.13,1416.6,16.3,98.4,Hybrid,1.32
2006,Bungoma,Long Rains,Maize,14.79,1325.5,19.0,98.4,Hybrid,5.36
2006,Bungoma,Short Rains,Beans,14.44,471.3,16.8,98.4,Traditional,0.29
2006,Bungoma,Short Rains,Maize,9.49,1250.2,19.0,98.4,Hybrid,6.8
2006,Kakamega,Long Rains,Beans,7.12,1926.5,19.0,169.6,Hybrid,5.99
2006,Kakamega,Long Rains,Maize,9.45,1483.2,17.6,169.6,Improved Traditional,5.45
2006,Kakamega,Short Rains,Beans,9.68,1037.2,19.6,169.6,Hybrid,3.84
2006,Kakamega,Short Rains,Maize,9.65,1213.0,19.5,169.6,Hybrid,2.65
2006,Kisii,Long Rains,Beans,0.56,1554.1,19.0,101.2,Improved Traditional,2.16
2006,Kisii,Long Rains,Maize,14.06,1057.2,17.0,101.2,Improved Traditional,1.66
2006,Kisii,Short Rains,Beans,13.85,1149.0,20.1,101.2,Improved Traditional,0.89
2006,Kisii,Short Rains,Maize,8.63,893.7,18.8,101.2,Improved Traditional,1.76
2006,Nyamira,Long Rains,Beans,5.73,1781.0,18.2,91.1,Improved Traditional,1.37
2006,Nyamira,Long Rains,Maize,0.55,2144.0,20.3,91.1,Improved Traditional,4.83
2006,Nyamira,Short Rains,Beans,12.74,876.5,18.4,91.1,Hybrid,1.08
2006,Nyamira,Short Rains,Maize,11.01,1104.9,19.1,91.1,Improved Traditional,3.14
2006,Vihiga,Long Rains,Beans,6.32,1257.1,21.4,57.8,Traditional,1.19
2006,Vihiga,Long Rains,Maize,14.37,1354.0,20.0,57.8,Hybrid,4.6
2006,Vihiga,Short Rains,Beans,14.85,1559.1,17.7,57.8,Improved Traditional,1.3
2006,Vihiga,Short Rains,Maize,11.88,1449.3,20.2,57.8,Traditional,3.46
2006,Bomet,Long Rains,Beans,5.67,1271.2,19.7,50.0,Traditional,1.55
2006,Bomet,Long Rains,Maize,3.8,1571.1,17.5,50.0,Improved Traditional,4.02
2006,Bomet,Long Rains,Tea,12.2,1110.0,16.9,50.0,Hybrid,3.06
2006,Bomet,Long Rains,Potatoes,8.9,1355.5,19.0,50.0,Hybrid,7.24
2006,Bomet,Short Rains,Beans,10.29,511.8,17.3,50.0,Hybrid,0.22
2006,Bomet,Short Rains,Maize,4.16,560.9,19.1,50.0,Hybrid,1.34
2006,Bomet,Short Rains,Tea,5.16,934.1,17.7,50.0,Improved Traditional,1.75
2006,Bomet,Short Rains,Potatoes,4.96,1052.9,17.3,50.0,Improved Traditional,5.98
2006,Kericho,Long Rains,Beans,11.64,1603.3,18.4,141.5,Improved Traditional,4.42
2006,Kericho,Long Rains,Maize,14.18,1605.8,17.1,141.5,Hybrid,5.83
2006,Kericho,Long Rains,Tea,2.42,2289.0,17.8,141.5,Traditional,9.95
2006,Kericho,Short Rains,Beans,5.96,803.8,16.8,141.5,Hybrid,1.52
2006,Kericho,Short Rains,Maize,11.78,588.4,18.1,141.5,Hybrid,1.06
2006,Kericho,Short Rains,Tea,10.26,1101.2,16.5,141.5,Improved Traditional,5.39
2006,Nyeri,Long Rains,Beans,10.74,1501.1,15.1,70.2,Traditional,0.73
2006,Nyeri,Long Rains,Maize,2.54,1005.0,15.7,70.2,Hybrid,1.54
2006,Nyeri,Long Rains,Tea,7.32,1195.3,13.9,70.2,Traditional,2.06
2006,Nyeri,Long Rains,Coffee,4.23,969.3,16.7,70.2,Traditional,3.82
2006,Nyeri,Short Rains,Beans,0.59,747.3,15.9,70.2,Traditional,0.33
2006,Nyeri,Short Rains,Maize,4.56,789.8,15.1,70.2,Improved Traditional,1.37
2006,Nyeri,Short Rains,Tea,3.48,624.0,17.2,70.2,Traditional,1.58
2006,Nyeri,Short Rains,Coffee,5.35,802.6,15.6,70.2,Hybrid,2.44
2006,Muranga,Long Rains,Beans,11.25,1260.0,18.2,88.8,Hybrid,3.02
2006,Muranga,Long Rains,Maize,12.4,810.5,18.2,88.8,Traditional,3.32
2006,Muranga,Long Rains,Tea,8.86,1145.2,17.4,88.8,Improved Traditional,4.05
2006,Muranga,Long Rains,Coffee,1.51,1006.8,17.8,88.8,Traditional,2.25
2006,Muranga,Short Rains,Beans,8.7,612.7,16.6,88.8,Traditional,0.76
2006,Muranga,Short Rains,Maize,3.73,697.7,17.7,88.8,Traditional,1.97
2006,Muranga,Short Rains,Tea,11.82,679.1,19.2,88.8,Traditional,2.74
2006,Muranga,Short Rains,Coffee,6.01,1026.4,18.2,88.8,Improved Traditional,3.46
2006,Kiambu,Long Rains,Beans,3.82,1109.4,19.0,52.5,Hybrid,1.23
2006,Kiambu,Long Rains,Maize,10.28,1186.3,16.4,52.5,Improved Traditional,2.25
2006,Kiambu,Long Rains,Coffee,7.26,1226.1,15.5,52.5,Hybrid,2.41
2006,Kiambu,Short Rains,Beans,11.21,406.9,19.7,52.5,Improved Traditional,0.7
2006,Kiambu,Short Rains,Maize,6.51,350.5,18.1,52.5,Improved Traditional,0.43
2006,Kiambu,Short Rains,Coffee,12.1,502.6,18.0,52.5,Improved Traditional,1.06
2006,Kirinyaga,Long Rains,Beans,8.64,954.7,19.5,71.3,Traditional,2.22
2006,Kirinyaga,Long Rains,Maize,3.34,813.6,20.6,71.3,Improved Traditional,2.95
2006,Kirinyaga,Long Rains,Coffee,5.8,868.2,16.1,71.3,Improved Traditional,2.47
2006,Kirinyaga,Long Rains,Rice,7.94,764.5,19.0,71.3,Improved Traditional,1.75
2006,Kirinyaga,Short Rains,Beans,10.75,552.3,18.5,71.3,Traditional,0.48
2006,Kirinyaga,Short Rains,Maize,0.98,530.9,18.1,71.3,Traditional,1.75
2006,Kirinyaga,Short Rains,Coffee,9.25,923.1,17.9,71.3,Traditional,1.73
2006,Kirinyaga,Short Rains,Rice,13.58,372.6,18.5,71.3,Improved Traditional,0.39
2006,Embu,Long Rains,Beans,7.41,778.6,18.2,57.6,Hybrid,2.15
2006,Embu,Long Rains,Maize,3.65,1156.9,19.4,57.6,Traditional,2.28
2006,Embu,Long Rains,Coffee,5.93,668.7,19.0,57.6,Traditional,2.77
2006,Embu,Short Rains,Beans,12.36,615.0,19.7,57.6,Hybrid,0.96
2006,Embu,Short Rains,Maize,12.62,874.2,17.9,57.6,Hybrid,3.44
2006,Embu,Short Rains,Coffee,6.62,691.5,20.8,57.6,Hybrid,2.77
2006,Meru,Long Rains,Beans,2.65,1231.7,17.8,53.3,Improved Traditional,1.9
2006,Meru,Long Rains,Maize,1.8,944.8,16.4,53.3,Improved Traditional,0.96
2006,Meru,Long Rains,Coffee,3.9,844.5,18.3,53.3,Hybrid,1.67
2006,Meru,Long Rains,Potatoes,6.8,1063.5,17.4,53.3,Traditional,8.73
2006,Meru,Short Rains,Beans,13.26,511.9,19.6,53.3,Hybrid,0.77
2006,Meru,Short Rains,Maize,12.1,578.5,19.9,53.3,Traditional,2.01
2006,Meru,Short Rains,Coffee,14.45,837.1,18.9,53.3,Traditional,2.17
2006,Meru,Short Rains,Potatoes,1.17,281.5,18.6,53.3,Hybrid,0.59
2006,Tharaka-Nithi,Long Rains,Beans,3.42,1049.5,21.6,55.8,Traditional,0.58
2006,Tharaka-Nithi,Long Rains,Maize,8.11,481.7,22.0,55.8,Improved Traditional,1.44
2006,Tharaka-Nithi,Short Rains,Beans,3.67,401.2,21.6,55.8,Hybrid,0.6
2006,Tharaka-Nithi,Short Rains,Maize,6.06,292.6,21.0,55.8,Traditional,0.4
2006,Nyandarua,Long Rains,Beans,7.75,1369.5,17.2,87.8,Traditional,3.21
2006,Nyandarua,Long Rains,Maize,2.76,1186.4,17.1,87.8,Traditional,4.51
2006,Nyandarua,Long Rains,Potatoes,11.51,962.3,14.8,87.8,Improved Traditional,4.97
2006,Nyandarua,Short Rains,Beans,11.22,800.9,15.5,87.8,Hybrid,1.77
2006,Nyandarua,Short Rains,Maize,5.12,1016.8,16.5,87.8,Hybrid,2.24
2006,Nyandarua,Short Rains,Potatoes,5.83,452.9,13.6,87.8,Hybrid,5.03
2006,Nairobi,Long Rains,Beans,0.81,1063.6,17.9,31.6,Traditional,0.59
2006,Nairobi,Long Rains,Maize,9.24,751.1,18.7,31.6,Hybrid,1.18
2006,Nairobi,Short Rains,Beans,2.15,535.4,20.7,31.6,Improved Traditional,0.52
2006,Nairobi,Short Rains,Maize,13.72,419.4,19.0,31.6,Traditional,0.63
2006,Machakos,Long Rains,Sorghum,2.67,932.1,22.4,73.5,Traditional,1.07
2006,Machakos,Long Rains,Beans,11.04,887.2,24.2,73.5,Traditional,1.34
2006,Machakos,Long Rains,Maize,4.24,1003.5,22.8,73.5,Improved Traditional,3.0
2006,Machakos,Short Rains,Sorghum,7.22,120.8,21.1,73.5,Hybrid,0.2
2006,Machakos,Short Rains,Beans,7.38,622.3,22.9,73.5,Traditional,0.45
2006,Machakos,Short Rains,Maize,11.96,397.9,22.8,73.5,Traditional,1.22
2006,Makueni,Long Rains,Sorghum,8.37,787.5,20.8,15.8,Traditional,0.5
2006,Makueni,Long Rains,Beans,7.76,610.9,22.3,15.8,Traditional,0.37
2006,Makueni,Long Rains,Maize,1.85,643.1,20.9,15.8,Improved Traditional,0.76
2006,Makueni,Short Rains,Sorghum,14.92,502.1,25.2,15.8,Improved Traditional,0.38
2006,Makueni,Short Rains,Beans,12.32,449.6,23.7,15.8,Hybrid,0.21
2006,Makueni,Short Rains,Maize,7.27,291.5,25.0,15.8,Traditional,0.76
2006,Kitui,Long Rains,Sorghum,3.84,990.9,24.7,18.4,Improved Traditional,0.74
2006,Kitui,Long Rains,Beans,2.77,684.8,24.8,18.4,Traditional,0.3
2006,Kitui,Long Rains,Maize,10.0,536.6,23.4,18.4,Traditional,1.01
2006,Kitui,Short Rains,Sorghum,4.5,400.7,25.5,18.4,Traditional,0.36
2006,Kitui,Short Rains,Beans,9.26,579.3,23.7,18.4,Traditional,0.33
2006,Kitui,Short Rains,Maize,9.38,639.0,22.0,18.4,Traditional,1.26
2006,Mombasa,Long Rains,Beans,2.82,838.1,27.4,22.4,Hybrid,0.2
2006,Mombasa,Long Rains,Maize,3.49,1015.1,27.5,22.4,Improved Traditional,0.25
2006,Mombasa,Short Rains,Beans,8.78,534.8,28.1,22.4,Improved Traditional,0.2
2006,Mombasa,Short Rains,Maize,2.31,619.2,28.0,22.4,Hybrid,0.36
2006,Kilifi,Long Rains,Beans,4.23,542.3,28.7,39.4,Traditional,0.2
2006,Kilifi,Long Rains,Maize,2.25,571.7,27.7,39.4,Improved Traditional,0.41
2006,Kilifi,Long Rains,Cassava,1.9,1127.5,25.4,39.4,Traditional,2.91
2006,Kilifi,Short Rains,Beans,13.31,584.0,27.9,39.4,Hybrid,0.2
2006,Kilifi,Short Rains,Maize,12.34,320.2,29.1,39.4,Hybrid,0.2
2006,Kilifi,Short Rains,Cassava,1.8,835.9,28.8,39.4,Traditional,1.83
2006,Kwale,Long Rains,Beans,3.65,1233.4,26.5,22.9,Improved Traditional,0.29
2006,Kwale,Long Rains,Maize,12.52,1256.2,28.2,22.9,Hybrid,1.69
2006,Kwale,Long Rains,Cassava,0.82,819.1,29.6,22.9,Traditional,0.89
2006,Kwale,Short Rains,Beans,12.43,591.1,28.3,22.9,Traditional,0.2
2006,Kwale,Short Rains,Maize,5.45,609.8,25.1,22.9,Traditional,0.58
2006,Kwale,Short Rains,Cassava,3.41,984.8,26.8,22.9,Traditional,2.18
2006,Tana River,Long Rains,Beans,7.88,1063.5,28.9,30.4,Traditional,0.2
2006,Tana River,Long Rains,Maize,5.38,395.5,29.7,30.4,Improved Traditional,0.4
2006,Tana River,Long Rains,Rice,10.79,662.1,28.8,30.4,Traditional,1.27
2006,Tana River,Short Rains,Beans,10.61,272.7,27.3,30.4,Traditional,0.2
2006,Tana River,Short Rains,Maize,4.9,140.3,29.6,30.4,Improved Traditional,0.2
2006,Tana River,Short Rains,Rice,6.25,98.8,29.9,30.4,Hybrid,0.2
2006,Lamu,Long Rains,Beans,14.18,889.8,29.4,42.9,Traditional,0.2
2006,Lamu,Long Rains,Maize,9.2,996.7,27.3,42.9,Improved Traditional,0.65
2006,Lamu,Short Rains,Beans,6.2,458.3,31.9,42.9,Improved Traditional,0.2
2006,Lamu,Short Rains,Maize,13.76,958.9,25.4,42.9,Traditional,1.02
2006,Taita Taveta,Long Rains,Beans,3.11,735.8,22.7,36.7,Hybrid,0.75
2006,Taita Taveta,Long Rains,Maize,11.06,1066.9,23.8,36.7,Improved Traditional,1.88
2006,Taita Taveta,Short Rains,Beans,8.19,637.6,22.5,36.7,Traditional,0.65
2006,Taita Taveta,Short Rains,Maize,7.13,826.4,24.4,36.7,Hybrid,2.71
2006,Garissa,Long Rains,Sorghum,14.81,409.4,31.4,12.5,Traditional,0.37
2006,Garissa,Long Rains,Beans,0.7,335.8,30.2,12.5,Traditional,0.2
2006,Garissa,Long Rains,Maize,12.79,391.2,31.8,12.5,Traditional,0.2
2006,Garissa,Short Rains,Sorghum,7.75,219.5,32.1,12.5,Improved Traditional,0.31
2006,Garissa,Short Rains,Beans,14.87,80.2,31.9,12.5,Traditional,0.2
2006,Garissa,Short Rains,Maize,14.98,222.6,33.4,12.5,Traditional,0.2
2006,Wajir,Long Rains,Sorghum,9.69,257.8,33.6,38.2,Hybrid,0.43
2006,Wajir,Long Rains,Beans,3.7,205.0,35.0,38.2,Improved Traditional,0.2
2006,Wajir,Long Rains,Maize,11.05,189.8,32.9,38.2,Traditional,0.2
2006,Wajir,Short Rains,Sorghum,6.38,167.0,34.2,38.2,Hybrid,0.45
2006,Wajir,Short Rains,Beans,11.15,205.0,33.3,38.2,Improved Traditional,0.2
2006,Wajir,Short Rains,Maize,3.04,222.8,35.3,38.2,Traditional,0.22
2006,Mandera,Long Rains,Sorghum,12.9,150.4,33.3,12.2,Traditional,0.2
2006,Mandera,Long Rains,Beans,6.53,308.9,34.9,12.2,Improved Traditional,0.2
2006,Mandera,Long Rains,Maize,6.58,233.1,33.5,12.2,Improved Traditional,0.25
2006,Mandera,Short Rains,Sorghum,9.14,110.6,35.3,12.2,Traditional,0.2
2006,Mandera,Short Rains,Beans,3.28,171.1,34.0,12.2,Traditional,0.2
2006,Mandera,Short Rains,Maize,14.83,87.3,35.6,12.2,Hybrid,0.2
2006,Turkana,Long Rains,Sorghum,11.45,285.0,35.2,6.7,Traditional,0.21
2006,Turkana,Long Rains,Beans,0.71,122.5,33.9,6.7,Improved Traditional,0.2
2006,Turkana,Long Rains,Maize,2.6,235.6,34.5,6.7,Improved Traditional,0.28
2006,Turkana,Short Rains,Sorghum,7.93,211.3,35.4,6.7,Improved Traditional,0.2
2006,Turkana,Short Rains,Beans,0.89,194.8,34.1,6.7,Traditional,0.2
2006,Turkana,Short Rains,Maize,9.38,107.5,32.7,6.7,Improved Traditional,0.2
2006,West Pokot,Long Rains,Beans,3.31,939.6,22.2,61.1,Improved Traditional,0.83
2006,West Pokot,Long Rains,Maize,4.94,693.1,21.5,61.1,Traditional,2.1
2006,West Pokot,Short Rains,Beans,8.28,374.9,21.2,61.1,Traditional,0.71
2006,West Pokot,Short Rains,Maize,0.84,184.7,22.7,61.1,Traditional,0.39
2006,Samburu,Long Rains,Beans,1.52,424.3,25.4,7.6,Hybrid,0.2
2006,Samburu,Long Rains,Maize,12.93,233.9,27.9,7.6,Improved Traditional,0.27
2006,Samburu,Short Rains,Beans,9.55,394.0,24.7,7.6,Improved Traditional,0.2
2006,Samburu,Short Rains,Maize,10.58,315.8,28.0,7.6,Hybrid,0.25
2006,Baringo,Long Rains,Beans,1.29,928.7,23.7,23.3,Hybrid,0.76
2006,Baringo,Long Rains,Maize,4.87,910.5,23.9,23.3,Hybrid,2.09
2006,Baringo,Short Rains,Beans,7.89,822.5,23.3,23.3,Traditional,0.48
2006,Baringo,Short Rains,Maize,5.24,495.8,24.0,23.3,Hybrid,0.94
2006,Laikipia,Long Rains,Wheat,0.58,1000.0,16.8,77.7,Hybrid,8.55
2006,Laikipia,Long Rains,Beans,6.48,544.4,20.3,77.7,Improved Traditional,1.14
2006,Laikipia,Long Rains,Maize,2.31,811.1,19.5,77.7,Hybrid,2.07
2006,Laikipia,Short Rains,Wheat,8.58,509.4,20.4,77.7,Traditional,0.97
2006,Laikipia,Short Rains,Beans,3.93,313.0,18.9,77.7,Hybrid,0.27
2006,Laikipia,Short Rains,Maize,12.33,442.8,18.6,77.7,Traditional,1.78
2006,Kisumu,Long Rains,Beans,10.85,1043.2,25.0,54.1,Traditional,0.71
2006,Kisumu,Long Rains,Maize,11.51,1088.3,21.5,54.1,Hybrid,3.59
2006,Kisumu,Short Rains,Beans,5.18,887.4,22.0,54.1,Hybrid,1.01
2006,Kisumu,Short Rains,Maize,3.69,835.6,22.4,54.1,Traditional,2.07
2006,Siaya,Long Rains,Beans,14.96,1332.0,22.0,54.4,Hybrid,3.08
2006,Siaya,Long Rains,Maize,5.27,1536.4,24.5,54.4,Traditional,1.84
2006,Siaya,Long Rains,Cassava,6.83,1252.5,22.6,54.4,Traditional,2.37
2006,Siaya,Short Rains,Beans,6.4,701.3,22.2,54.4,Traditional,0.48
2006,Siaya,Short Rains,Maize,8.66,948.7,24.0,54.4,Hybrid,3.25
2006,Siaya,Short Rains,Cassava,11.11,1115.1,24.6,54.4,Hybrid,5.33
2006,Homa Bay,Long Rains,Beans,9.82,666.4,24.1,67.8,Traditional,0.43
2006,Homa Bay,Long Rains,Maize,2.66,1098.2,23.5,67.8,Traditional,3.02
2006,Homa Bay,Short Rains,Beans,3.97,924.7,24.2,67.8,Hybrid,0.98
2006,Homa Bay,Short Rains,Maize,9.69,1073.8,23.4,67.8,Traditional,4.48
2006,Migori,Long Rains,Beans,11.92,1237.1,21.9,45.8,Traditional,0.37
2006,Migori,Long Rains,Maize,7.73,1198.9,19.9,45.8,Traditional,1.19
2006,Migori,Short Rains,Beans,10.11,1170.0,22.2,45.8,Traditional,0.55
2006,Migori,Short Rains,Maize,12.36,1184.9,22.7,45.8,Hybrid,4.34
2006,Kajiado,Long Rains,Beans,1.05,654.3,20.8,36.5,Traditional,0.69
2006,Kajiado,Long Rains,Maize,12.35,557.6,21.6,36.5,Traditional,1.06
2006,Kajiado,Short Rains,Beans,14.66,385.3,19.9,36.5,Traditional,0.42
2006,Kajiado,Short Rains,Maize,11.64,455.3,19.6,36.5,Traditional,0.74
2006,Narok,Long Rains,Wheat,4.44,1126.7,20.7,73.0,Traditional,2.31
2006,Narok,Long Rains,Beans,7.4,1020.2,18.0,73.0,Hybrid,1.41
2006,Narok,Long Rains,Maize,11.43,1335.0,17.5,73.0,Improved Traditional,2.45
2006,Narok,Short Rains,Wheat,5.32,111.9,16.3,73.0,Improved Traditional,0.2
2006,Narok,Short Rains,Beans,11.73,310.5,18.9,73.0,Improved Traditional,0.25
2006,Narok,Short Rains,Maize,8.83,384.9,19.0,73.0,Traditional,0.68
2006,Elgeyo-Marakwet,Long Rains,Beans,0.84,920.5,14.3,63.6,Improved Traditional,0.49
2006,Elgeyo-Marakwet,Long Rains,Maize,4.5,935.3,16.9,63.6,Hybrid,2.03
2006,Elgeyo-Marakwet,Short Rains,Beans,12.8,759.7,17.6,63.6,Traditional,0.9
2006,Elgeyo-Marakwet,Short Rains,Maize,2.98,928.3,15.9,63.6,Improved Traditional,0.78
2006,Busia,Long Rains,Beans,5.42,1423.2,19.8,52.4,Traditional,1.03
2006,Busia,Long Rains,Maize,4.78,1367.1,20.5,52.4,Traditional,1.76
2006,Busia,Long Rains,Cassava,12.84,1246.2,19.5,52.4,Improved Traditional,2.49
2006,Busia,Long Rains,Rice,13.59,870.6,20.0,52.4,Improved Traditional,2.25
2006,Busia,Short Rains,Beans,3.34,630.1,19.3,52.4,Hybrid,0.92
2006,Busia,Short Rains,Maize,14.24,653.6,17.9,52.4,Traditional,1.62
2006,Busia,Short Rains,Cassava,6.75,780.3,19.9,52.4,Traditional,1.99
2006,Busia,Short Rains,Rice,12.82,810.2,18.4,52.4,Improved Traditional,0.84
2006,Isiolo,Long Rains,Beans,3.11,251.3,29.6,17.5,Hybrid,0.2
2006,Isiolo,Long Rains,Maize,14.7,541.5,29.8,17.5,Improved Traditional,0.34
2006,Isiolo,Short Rains,Beans,6.72,419.5,29.0,17.5,Traditional,0.2
2006,Isiolo,Short Rains,Maize,10.24,212.3,31.7,17.5,Traditional,0.2
2006,Marsabit,Long Rains,Beans,7.36,584.1,31.6,13.7,Traditional,0.2
2006,Marsabit,Long Rains,Maize,9.68,50.0,33.1,13.7,Improved Traditional,0.2
2006,Marsabit,Short Rains,Beans,8.89,297.0,33.2,13.7,Traditional,0.2
2006,Marsabit,Short Rains,Maize,4.46,181.8,30.9,13.7,Improved Traditional,0.2
2007,Uasin Gishu,Long Rains,Wheat,14.62,999.2,18.9,74.9,Hybrid,5.85
2007,Uasin Gishu,Long Rains,Beans,0.91,817.2,16.3,74.9,Hybrid,1.39
2007,Uasin Gishu,Long Rains,Maize,8.06,1102.9,18.5,74.9,Improved Traditional,6.14
2007,Uasin Gishu,Short Rains,Wheat,14.72,852.9,18.8,74.9,Improved Traditional,2.93
2007,Uasin Gishu,Short Rains,Beans,14.22,425.8,18.0,74.9,Hybrid,0.22
2007,Uasin Gishu,Short Rains,Maize,5.41,614.4,18.3,74.9,Hybrid,3.94
2007,Trans Nzoia,Long Rains,Wheat,5.57,948.7,16.6,118.0,Improved Traditional,7.44
2007,Trans Nzoia,Long Rains,Beans,14.99,1006.5,16.0,118.0,Hybrid,1.76
2007,Trans Nzoia,Long Rains,Maize,13.53,816.6,17.3,118.0,Hybrid,5.31
2007,Trans Nzoia,Short Rains,Wheat,13.87,589.3,17.7,118.0,Traditional,5.79
2007,Trans Nzoia,Short Rains,Beans,4.5,778.9,16.5,118.0,Traditional,1.23
2007,Trans Nzoia,Short Rains,Maize,10.67,759.8,17.5,118.0,Hybrid,1.2
2007,Nakuru,Long Rains,Wheat,10.44,966.5,18.0,122.0,Improved Traditional,5.1
2007,Nakuru,Long Rains,Beans,7.78,874.0,20.6,122.0,Hybrid,2.34
2007,Nakuru,Long Rains,Maize,9.84,640.6,19.0,122.0,Hybrid,4.44
2007,Nakuru,Long Rains,Potatoes,11.17,859.3,20.0,122.0,Hybrid,5.74
2007,Nakuru,Short Rains,Wheat,4.61,650.9,18.9,122.0,Improved Traditional,4.39
2007,Nakuru,Short Rains,Beans,8.98,580.5,18.4,122.0,Hybrid,1.86
2007,Nakuru,Short Rains,Maize,7.3,537.7,17.6,122.0,Hybrid,3.76
2007,Nakuru,Short Rains,Potatoes,14.02,739.8,17.7,122.0,Hybrid,10.28
2007,Nandi,Long Rains,Beans,6.13,870.3,18.9,91.8,Improved Traditional,2.18
2007,Nandi,Long Rains,Maize,11.66,479.5,19.4,91.8,Improved Traditional,0.78
2007,Nandi,Long Rains,Tea,1.37,1127.8,17.5,91.8,Hybrid,8.15
2007,Nandi,Short Rains,Beans,11.15,492.5,19.6,91.8,Improved Traditional,0.37
2007,Nandi,Short Rains,Maize,12.22,440.9,19.0,91.8,Hybrid,0.96
2007,Nandi,Short Rains,Tea,10.66,626.4,19.5,91.8,Hybrid,2.26
2007,Bungoma,Long Rains,Beans,7.12,1094.6,19.1,130.3,Improved Traditional,2.06
2007,Bungoma,Long Rains,Maize,4.8,1264.0,17.8,130.3,Improved Traditional,4.83
2007,Bungoma,Short Rains,Beans,2.04,961.4,19.0,130.3,Improved Traditional,2.21
2007,Bungoma,Short Rains,Maize,3.7,781.9,19.4,130.3,Hybrid,6.23
2007,Kakamega,Long Rains,Beans,7.16,1243.2,19.1,42.7,Improved Traditional,1.36
2007,Kakamega,Long Rains,Maize,9.54,1021.8,19.7,42.7,Hybrid,4.36
2007,Kakamega,Short Rains,Beans,1.27,1183.6,19.3,42.7,Traditional,0.75
2007,Kakamega,Short Rains,Maize,3.66,977.6,21.1,42.7,Improved Traditional,1.37
2007,Kisii,Long Rains,Beans,0.64,1653.4,19.7,99.7,Hybrid,2.26
2007,Kisii,Long Rains,Maize,14.3,1402.0,20.6,99.7,Improved Traditional,6.18
2007,Kisii,Short Rains,Beans,9.25,1063.5,16.2,99.7,Hybrid,1.19
2007,Kisii,Short Rains,Maize,11.09,838.8,19.3,99.7,Hybrid,3.29
2007,Nyamira,Long Rains,Beans,2.95,2084.8,18.6,102.2,Traditional,2.3
2007,Nyamira,Long Rains,Maize,3.73,1788.4,19.4,102.2,Improved Traditional,7.91
2007,Nyamira,Short Rains,Beans,9.86,1281.3,17.4,102.2,Improved Traditional,0.36
2007,Nyamira,Short Rains,Maize,2.31,640.7,18.3,102.2,Hybrid,0.76
2007,Vihiga,Long Rains,Beans,8.74,1217.3,20.9,61.6,Hybrid,1.97
2007,Vihiga,Long Rains,Maize,6.11,1011.8,20.9,61.6,Improved Traditional,3.32
2007,Vihiga,Short Rains,Beans,1.04,1289.2,19.2,61.6,Traditional,1.19
2007,Vihiga,Short Rains,Maize,3.78,706.0,18.7,61.6,Traditional,1.15
2007,Bomet,Long Rains,Beans,10.2,1140.4,16.0,108.7,Hybrid,1.27
2007,Bomet,Long Rains,Maize,7.35,1342.2,17.5,108.7,Hybrid,6.49
2007,Bomet,Long Rains,Tea,10.05,1039.5,17.3,108.7,Hybrid,3.28
2007,Bomet,Long Rains,Potatoes,8.02,1093.2,16.5,108.7,Improved Traditional,15.35
2007,Bomet,Short Rains,Beans,7.26,697.6,17.8,108.7,Traditional,1.1
2007,Bomet,Short Rains,Maize,9.88,1084.6,17.6,108.7,Traditional,3.32
2007,Bomet,Short Rains,Tea,0.7,856.9,19.2,108.7,Traditional,2.1
2007,Bomet,Short Rains,Potatoes,11.8,1152.9,17.1,108.7,Hybrid,13.42
2007,Kericho,Long Rains,Beans,8.35,1287.6,17.5,109.1,Hybrid,1.44
2007,Kericho,Long Rains,Maize,11.8,1236.5,16.5,109.1,Traditional,4.08
2007,Kericho,Long Rains,Tea,7.02,1259.6,19.4,109.1,Traditional,2.93
2007,Kericho,Short Rains,Beans,10.02,859.0,17.3,109.1,Traditional,0.75
2007,Kericho,Short Rains,Maize,9.95,1248.4,16.4,109.1,Improved Traditional,3.28
2007,Kericho,Short Rains,Tea,6.63,622.2,19.1,109.1,Hybrid,1.05
2007,Nyeri,Long Rains,Beans,10.09,1336.1,15.1,69.1,Traditional,1.18
2007,Nyeri,Long Rains,Maize,9.94,789.0,15.3,69.1,Traditional,1.56
2007,Nyeri,Long Rains,Tea,2.09,721.5,15.8,69.1,Traditional,1.63
2007,Nyeri,Long Rains,Coffee,6.72,985.9,16.9,69.1,Improved Traditional,2.24
2007,Nyeri,Short Rains,Beans,3.46,328.9,16.5,69.1,Traditional,0.2
2007,Nyeri,Short Rains,Maize,10.97,456.9,16.6,69.1,Traditional,1.1
2007,Nyeri,Short Rains,Tea,6.19,233.1,18.2,69.1,Improved Traditional,0.2
2007,Nyeri,Short Rains,Coffee,11.82,527.3,14.9,69.1,Improved Traditional,0.79
2007,Muranga,Long Rains,Beans,4.83,847.5,18.1,52.1,Traditional,1.42
2007,Muranga,Long Rains,Maize,9.83,756.4,17.6,52.1,Improved Traditional,1.11
2007,Muranga,Long Rains,Tea,9.09,1166.9,16.8,52.1,Improved Traditional,3.48
2007,Muranga,Long Rains,Coffee,12.4,1028.1,17.8,52.1,Traditional,1.92
2007,Muranga,Short Rains,Beans,12.48,360.0,17.8,52.1,Traditional,0.2
2007,Muranga,Short Rains,Maize,9.65,497.3,19.8,52.1,Traditional,1.97
2007,Muranga,Short Rains,Tea,0.76,535.9,17.7,52.1,Traditional,1.95
2007,Muranga,Short Rains,Coffee,4.28,837.3,19.0,52.1,Traditional,0.93
2007,Kiambu,Long Rains,Beans,1.63,842.2,20.1,73.2,Hybrid,1.16
2007,Kiambu,Long Rains,Maize,2.96,637.7,17.0,73.2,Traditional,1.25
2007,Kiambu,Long Rains,Coffee,6.2,576.2,18.9,73.2,Traditional,0.62
2007,Kiambu,Short Rains,Beans,9.87,594.4,18.1,73.2,Traditional,1.09
2007,Kiambu,Short Rains,Maize,11.53,609.1,16.7,73.2,Improved Traditional,1.47
2007,Kiambu,Short Rains,Coffee,4.79,471.2,18.4,73.2,Traditional,0.68
2007,Kirinyaga,Long Rains,Beans,10.74,680.7,17.8,60.4,Traditional,0.67
2007,Kirinyaga,Long Rains,Maize,12.3,914.0,18.6,60.4,Traditional,1.97
2007,Kirinyaga,Long Rains,Coffee,4.12,1113.4,18.2,60.4,Hybrid,3.25
2007,Kirinyaga,Long Rains,Rice,1.62,830.2,17.7,60.4,Traditional,1.08
2007,Kirinyaga,Short Rains,Beans,12.26,321.6,18.7,60.4,Hybrid,0.34
2007,Kirinyaga,Short Rains,Maize,8.7,588.7,16.5,60.4,Improved Traditional,1.12
2007,Kirinyaga,Short Rains,Coffee,3.6,537.3,17.1,60.4,Traditional,0.8
2007,Kirinyaga,Short Rains,Rice,10.65,373.5,17.5,60.4,Traditional,0.26
2007,Embu,Long Rains,Beans,4.68,929.3,20.8,79.6,Hybrid,2.06
2007,Embu,Long Rains,Maize,12.76,792.0,19.3,79.6,Hybrid,3.82
2007,Embu,Long Rains,Coffee,0.94,780.0,20.7,79.6,Traditional,2.22
2007,Embu,Short Rains,Beans,5.27,571.1,20.6,79.6,Traditional,1.41
2007,Embu,Short Rains,Maize,0.88,489.7,19.3,79.6,Improved Traditional,1.89
2007,Embu,Short Rains,Coffee,2.42,456.3,20.5,79.6,Traditional,1.26
2007,Meru,Long Rains,Beans,4.97,862.9,18.0,65.9,Hybrid,2.85
2007,Meru,Long Rains,Maize,14.43,770.8,17.1,65.9,Traditional,2.33
2007,Meru,Long Rains,Coffee,5.34,1104.2,16.7,65.9,Traditional,3.51
2007,Meru,Long Rains,Potatoes,3.63,641.3,17.3,65.9,Traditional,3.1
2007,Meru,Short Rains,Beans,10.23,370.6,16.5,65.9,Traditional,0.23
2007,Meru,Short Rains,Maize,13.62,680.3,17.2,65.9,Improved Traditional,1.66
2007,Meru,Short Rains,Coffee,1.58,435.5,17.5,65.9,Traditional,0.87
2007,Meru,Short Rains,Potatoes,10.84,312.4,14.5,65.9,Traditional,0.73
2007,Tharaka-Nithi,Long Rains,Beans,7.61,363.9,19.1,71.6,Traditional,0.33
2007,Tharaka-Nithi,Long Rains,Maize,6.93,789.7,22.4,71.6,Improved Traditional,5.57
2007,Tharaka-Nithi,Short Rains,Beans,0.92,446.0,19.7,71.6,Traditional,0.43
2007,Tharaka-Nithi,Short Rains,Maize,13.22,798.6,18.8,71.6,Improved Traditional,2.67
2007,Nyandarua,Long Rains,Beans,14.19,904.1,16.2,64.6,Hybrid,1.46
2007,Nyandarua,Long Rains,Maize,7.99,1104.9,16.3,64.6,Hybrid,3.48
2007,Nyandarua,Long Rains,Potatoes,7.23,622.4,15.2,64.6,Improved Traditional,4.94
2007,Nyandarua,Short Rains,Beans,8.63,603.6,16.3,64.6,Traditional,0.58
2007,Nyandarua,Short Rains,Maize,8.54,1075.6,16.0,64.6,Improved Traditional,2.12
2007,Nyandarua,Short Rains,Potatoes,11.63,776.8,14.5,64.6,Hybrid,6.87
2007,Nairobi,Long Rains,Beans,10.09,471.8,21.7,23.7,Improved Traditional,0.36
2007,Nairobi,Long Rains,Maize,4.32,774.7,21.0,23.7,Improved Traditional,1.52
2007,Nairobi,Short Rains,Beans,2.25,650.9,16.6,23.7,Traditional,0.23
2007,Nairobi,Short Rains,Maize,9.7,154.0,16.9,23.7,Traditional,0.2
2007,Machakos,Long Rains,Sorghum,1.51,683.1,23.5,65.5,Traditional,1.13
2007,Machakos,Long Rains,Beans,13.29,486.5,23.9,65.5,Traditional,0.4
2007,Machakos,Long Rains,Maize,4.37,928.1,21.1,65.5,Traditional,3.01
2007,Machakos,Short Rains,Sorghum,7.79,682.3,24.3,65.5,Traditional,0.35
2007,Machakos,Short Rains,Beans,4.62,559.3,23.7,65.5,Improved Traditional,0.61
2007,Machakos,Short Rains,Maize,13.53,299.1,22.9,65.5,Traditional,0.36
2007,Makueni,Long Rains,Sorghum,2.37,367.9,22.1,16.4,Improved Traditional,0.36
2007,Makueni,Long Rains,Beans,1.35,878.2,23.7,16.4,Traditional,0.4
2007,Makueni,Long Rains,Maize,0.83,894.3,26.2,16.4,Hybrid,1.45
2007,Makueni,Short Rains,Sorghum,12.63,615.5,24.1,16.4,Hybrid,0.43
2007,Makueni,Short Rains,Beans,7.74,577.7,25.0,16.4,Hybrid,0.33
2007,Makueni,Short Rains,Maize,0.7,242.3,24.7,16.4,Hybrid,0.2
2007,Kitui,Long Rains,Sorghum,2.44,619.8,24.0,22.8,Hybrid,0.49
2007,Kitui,Long Rains,Beans,4.06,371.4,24.7,22.8,Traditional,0.2
2007,Kitui,Long Rains,Maize,2.51,683.3,23.7,22.8,Improved Traditional,1.63
2007,Kitui,Short Rains,Sorghum,13.66,350.5,24.7,22.8,Hybrid,0.4
2007,Kitui,Short Rains,Beans,2.23,122.3,26.1,22.8,Traditional,0.2
2007,Kitui,Short Rains,Maize,11.79,654.7,23.5,22.8,Traditional,0.87
2007,Mombasa,Long Rains,Beans,6.39,757.6,28.4,31.7,Traditional,0.2
2007,Mombasa,Long Rains,Maize,7.94,876.3,30.5,31.7,Improved Traditional,0.3
2007,Mombasa,Short Rains,Beans,11.0,474.5,30.4,31.7,Improved Traditional,0.2
2007,Mombasa,Short Rains,Maize,10.65,853.8,27.6,31.7,Traditional,0.5
2007,Kilifi,Long Rains,Beans,14.1,759.7,28.1,16.9,Improved Traditional,0.2
2007,Kilifi,Long Rains,Maize,2.56,887.6,28.6,16.9,Traditional,0.43
2007,Kilifi,Long Rains,Cassava,4.71,703.6,28.3,16.9,Traditional,1.75
2007,Kilifi,Short Rains,Beans,14.21,499.8,27.4,16.9,Improved Traditional,0.2
2007,Kilifi,Short Rains,Maize,1.11,392.4,26.8,16.9,Traditional,0.44
2007,Kilifi,Short Rains,Cassava,13.86,485.5,25.8,16.9,Traditional,0.93
2007,Kwale,Long Rains,Beans,8.23,1095.8,26.6,39.7,Traditional,0.27
2007,Kwale,Long Rains,Maize,11.15,1003.7,25.7,39.7,Traditional,1.31
2007,Kwale,Long Rains,Cassava,2.62,792.5,28.0,39.7,Traditional,1.51
2007,Kwale,Short Rains,Beans,11.02,752.5,27.9,39.7,Traditional,0.2
2007,Kwale,Short Rains,Maize,3.64,271.1,27.5,39.7,Hybrid,0.2
2007,Kwale,Short Rains,Cassava,5.98,568.6,27.0,39.7,Improved Traditional,1.76
2007,Tana River,Long Rains,Beans,1.29,283.3,29.4,35.1,Improved Traditional,0.2
2007,Tana River,Long Rains,Maize,13.16,692.7,27.5,35.1,Traditional,0.75
2007,Tana River,Long Rains,Rice,14.17,374.2,27.5,35.1,Hybrid,0.72
2007,Tana River,Short Rains,Beans,3.06,98.7,29.4,35.1,Traditional,0.2
2007,Tana River,Short Rains,Maize,4.2,432.6,29.3,35.1,Traditional,0.38
2007,Tana River,Short Rains,Rice,8.09,300.6,28.7,35.1,Traditional,0.54
2007,Lamu,Long Rains,Beans,8.35,1177.3,28.8,26.1,Hybrid,0.24
2007,Lamu,Long Rains,Maize,1.8,939.1,25.9,26.1,Traditional,1.06
2007,Lamu,Short Rains,Beans,9.93,853.9,28.1,26.1,Traditional,0.2
2007,Lamu,Short Rains,Maize,5.36,651.1,27.3,26.1,Hybrid,0.68
2007,Taita Taveta,Long Rains,Beans,8.03,870.5,23.8,30.5,Traditional,0.26
2007,Taita Taveta,Long Rains,Maize,3.35,1011.8,23.0,30.5,Hybrid,2.83
2007,Taita Taveta,Short Rains,Beans,9.95,406.8,22.5,30.5,Improved Traditional,0.33
2007,Taita Taveta,Short Rains,Maize,13.04,368.8,27.7,30.5,Traditional,0.54
2007,Garissa,Long Rains,Sorghum,3.23,250.0,33.6,18.7,Traditional,0.2
2007,Garissa,Long Rains,Beans,5.81,302.6,31.4,18.7,Traditional,0.2
2007,Garissa,Long Rains,Maize,12.25,154.8,30.8,18.7,Improved Traditional,0.2
2007,Garissa,Short Rains,Sorghum,8.42,277.9,30.6,18.7,Improved Traditional,0.62
2007,Garissa,Short Rains,Beans,13.27,210.0,35.2,18.7,Traditional,0.2
2007,Garissa,Short Rains,Maize,12.38,109.9,31.3,18.7,Hybrid,0.2
2007,Wajir,Long Rains,Sorghum,6.17,217.1,34.2,14.7,Hybrid,0.2
2007,Wajir,Long Rains,Beans,5.61,243.4,34.9,14.7,Traditional,0.2
2007,Wajir,Long Rains,Maize,6.95,286.9,33.1,14.7,Hybrid,0.33
2007,Wajir,Short Rains,Sorghum,13.38,133.9,33.1,14.7,Traditional,0.2
2007,Wajir,Short Rains,Beans,14.33,203.8,31.9,14.7,Hybrid,0.2
2007,Wajir,Short Rains,Maize,9.26,255.3,31.0,14.7,Hybrid,0.2
2007,Mandera,Long Rains,Sorghum,7.21,252.5,34.1,23.7,Traditional,0.28
2007,Mandera,Long Rains,Beans,8.09,295.2,35.5,23.7,Traditional,0.2
2007,Mandera,Long Rains,Maize,3.91,68.3,36.4,23.7,Traditional,0.2
2007,Mandera,Short Rains,Sorghum,8.14,100.3,34.7,23.7,Traditional,0.2
2007,Mandera,Short Rains,Beans,4.25,96.9,35.6,23.7,Traditional,0.2
2007,Mandera,Short Rains,Maize,13.21,322.4,34.8,23.7,Traditional,0.2
2007,Turkana,Long Rains,Sorghum,3.69,199.2,33.5,25.3,Traditional,0.22
2007,Turkana,Long Rains,Beans,14.03,221.6,35.6,25.3,Hybrid,0.2
2007,Turkana,Long Rains,Maize,11.24,307.8,34.0,25.3,Improved Traditional,0.42
2007,Turkana,Short Rains,Sorghum,12.7,50.0,35.6,25.3,Hybrid,0.2
2007,Turkana,Short Rains,Beans,0.78,135.2,35.9,25.3,Hybrid,0.2
2007,Turkana,Short Rains,Maize,8.76,63.9,37.5,25.3,Traditional,0.2
2007,West Pokot,Long Rains,Beans,3.59,742.4,24.3,71.9,Traditional,0.69
2007,West Pokot,Long Rains,Maize,4.6,575.8,21.0,71.9,Hybrid,3.92
2007,West Pokot,Short Rains,Beans,5.12,647.0,22.1,71.9,Traditional,0.75
2007,West Pokot,Short Rains,Maize,4.51,700.7,21.6,71.9,Hybrid,3.49
2007,Samburu,Long Rains,Beans,3.99,628.7,26.6,29.3,Hybrid,0.33
2007,Samburu,Long Rains,Maize,4.78,459.0,24.6,29.3,Improved Traditional,0.48
2007,Samburu,Short Rains,Beans,1.26,248.7,25.7,29.3,Traditional,0.2
2007,Samburu,Short Rains,Maize,10.78,268.9,25.4,29.3,Traditional,0.42
2007,Baringo,Long Rains,Beans,10.72,625.8,23.5,13.2,Traditional,0.31
2007,Baringo,Long Rains,Maize,9.82,546.8,23.0,13.2,Hybrid,0.8
2007,Baringo,Short Rains,Beans,9.86,359.9,24.5,13.2,Traditional,0.2
2007,Baringo,Short Rains,Maize,6.56,410.3,21.9,13.2,Traditional,0.5
2007,Laikipia,Long Rains,Wheat,1.13,915.8,19.4,54.2,Traditional,1.83
2007,Laikipia,Long Rains,Beans,12.37,960.2,18.4,54.2,Traditional,0.74
2007,Laikipia,Long Rains,Maize,2.3,447.0,20.4,54.2,Traditional,1.37
2007,Laikipia,Short Rains,Wheat,2.98,609.2,19.9,54.2,Improved Traditional,1.81
2007,Laikipia,Short Rains,Beans,10.63,477.6,21.5,54.2,Hybrid,0.65
2007,Laikipia,Short Rains,Maize,5.56,508.7,20.9,54.2,Hybrid,2.99
2007,Kisumu,Long Rains,Beans,4.69,1043.9,25.1,44.1,Traditional,0.72
2007,Kisumu,Long Rains,Maize,2.86,851.4,21.4,44.1,Improved Traditional,2.74
2007,Kisumu,Short Rains,Beans,2.36,882.3,23.0,44.1,Traditional,0.28
2007,Kisumu,Short Rains,Maize,12.45,674.8,23.4,44.1,Improved Traditional,1.81
2007,Siaya,Long Rains,Beans,2.47,1063.4,24.2,56.2,Hybrid,0.92
2007,Siaya,Long Rains,Maize,6.47,1036.4,22.8,56.2,Traditional,3.4
2007,Siaya,Long Rains,Cassava,10.59,772.0,22.1,56.2,Improved Traditional,1.1
2007,Siaya,Short Rains,Beans,12.5,426.2,23.2,56.2,Traditional,0.22
2007,Siaya,Short Rains,Maize,12.4,120.2,22.9,56.2,Hybrid,0.2
2007,Siaya,Short Rains,Cassava,13.82,714.9,21.7,56.2,Improved Traditional,2.61
2007,Homa Bay,Long Rains,Beans,7.7,1070.8,23.4,82.8,Improved Traditional,0.87
2007,Homa Bay,Long Rains,Maize,1.92,1114.8,23.6,82.8,Hybrid,5.42
2007,Homa Bay,Short Rains,Beans,10.66,720.6,23.8,82.8,Improved Traditional,0.91
2007,Homa Bay,Short Rains,Maize,3.93,640.5,23.0,82.8,Hybrid,1.33
2007,Migori,Long Rains,Beans,0.79,970.4,20.7,46.3,Traditional,1.1
2007,Migori,Long Rains,Maize,11.09,1168.3,21.6,46.3,Traditional,2.52
2007,Migori,Short Rains,Beans,9.91,729.1,21.2,46.3,Traditional,0.62
2007,Migori,Short Rains,Maize,12.21,1096.7,21.6,46.3,Traditional,2.06
2007,Kajiado,Long Rains,Beans,13.65,691.5,21.1,17.6,Traditional,0.39
2007,Kajiado,Long Rains,Maize,5.45,604.7,22.1,17.6,Hybrid,1.07
2007,Kajiado,Short Rains,Beans,10.52,411.9,23.0,17.6,Hybrid,0.21
2007,Kajiado,Short Rains,Maize,7.42,502.8,22.6,17.6,Traditional,1.1
2007,Narok,Long Rains,Wheat,2.25,1007.2,19.5,70.6,Traditional,3.62
2007,Narok,Long Rains,Beans,0.88,799.5,18.9,70.6,Traditional,1.51
2007,Narok,Long Rains,Maize,13.98,716.4,16.2,70.6,Traditional,1.43
2007,Narok,Short Rains,Wheat,7.95,376.0,18.1,70.6,Improved Traditional,0.83
2007,Narok,Short Rains,Beans,9.73,612.1,16.9,70.6,Hybrid,0.67
2007,Narok,Short Rains,Maize,7.74,363.7,18.1,70.6,Hybrid,0.45
2007,Elgeyo-Marakwet,Long Rains,Beans,2.01,1098.4,17.1,75.1,Traditional,1.16
2007,Elgeyo-Marakwet,Long Rains,Maize,13.31,656.7,16.2,75.1,Traditional,2.05
2007,Elgeyo-Marakwet,Short Rains,Beans,4.99,547.6,16.9,75.1,Hybrid,0.78
2007,Elgeyo-Marakwet,Short Rains,Maize,6.02,660.4,17.4,75.1,Improved Traditional,2.84
2007,Busia,Long Rains,Beans,10.2,1227.0,21.3,77.5,Traditional,1.28
2007,Busia,Long Rains,Maize,6.43,1188.7,21.1,77.5,Improved Traditional,2.99
2007,Busia,Long Rains,Cassava,4.64,677.7,18.8,77.5,Improved Traditional,0.75
2007,Busia,Long Rains,Rice,12.26,1069.0,21.7,77.5,Traditional,3.08
2007,Busia,Short Rains,Beans,9.22,527.1,21.4,77.5,Hybrid,0.68
2007,Busia,Short Rains,Maize,0.9,1074.7,19.2,77.5,Traditional,3.73
2007,Busia,Short Rains,Cassava,3.52,781.8,17.8,77.5,Traditional,0.97
2007,Busia,Short Rains,Rice,3.51,943.7,18.4,77.5,Traditional,1.93
2007,Isiolo,Long Rains,Beans,6.42,517.5,28.7,14.4,Traditional,0.2
2007,Isiolo,Long Rains,Maize,11.92,369.1,30.5,14.4,Traditional,0.24
2007,Isiolo,Short Rains,Beans,6.2,227.2,31.0,14.4,Improved Traditional,0.2
2007,Isiolo,Short Rains,Maize,6.02,241.6,30.2,14.4,Traditional,0.2
2007,Marsabit,Long Rains,Beans,12.47,323.9,29.8,34.9,Traditional,0.2
2007,Marsabit,Long Rains,Maize,6.09,290.5,32.2,34.9,Hybrid,0.2
2007,Marsabit,Short Rains,Beans,4.6,164.9,31.9,34.9,Improved Traditional,0.2
2007,Marsabit,Short Rains,Maize,7.39,282.5,32.9,34.9,Traditional,0.3
2008,Uasin Gishu,Long Rains,Wheat,10.61,836.2,16.0,118.8,Traditional,5.94
2008,Uasin Gishu,Long Rains,Beans,6.94,579.3,17.7,118.8,Hybrid,1.79
2008,Uasin Gishu,Long Rains,Maize,13.62,876.6,18.3,118.8,Hybrid,4.44
2008,Uasin Gishu,Short Rains,Wheat,14.98,748.1,16.0,118.8,Improved Traditional,3.92
2008,Uasin Gishu,Short Rains,Beans,10.61,587.0,19.2,118.8,Hybrid,2.92
2008,Uasin Gishu,Short Rains,Maize,0.84,346.4,16.8,118.8,Improved Traditional,1.0
2008,Trans Nzoia,Long Rains,Wheat,4.64,1425.3,18.0,92.8,Hybrid,13.75
2008,Trans Nzoia,Long Rains,Beans,3.97,980.6,16.4,92.8,Traditional,0.73
2008,Trans Nzoia,Long Rains,Maize,9.24,1041.4,18.8,92.8,Hybrid,6.43
2008,Trans Nzoia,Short Rains,Wheat,8.41,485.7,18.3,92.8,Hybrid,1.6
2008,Trans Nzoia,Short Rains,Beans,4.26,584.9,19.9,92.8,Traditional,1.45
2008,Trans Nzoia,Short Rains,Maize,1.51,1047.4,16.9,92.8,Hybrid,3.48
2008,Nakuru,Long Rains,Wheat,3.55,587.2,19.9,103.5,Traditional,2.55
2008,Nakuru,Long Rains,Beans,12.96,871.2,18.3,103.5,Hybrid,2.52
2008,Nakuru,Long Rains,Maize,8.85,527.2,19.3,103.5,Hybrid,2.29
2008,Nakuru,Long Rains,Potatoes,1.99,770.6,16.1,103.5,Traditional,10.03
2008,Nakuru,Short Rains,Wheat,3.87,353.6,21.3,103.5,Hybrid,1.03
2008,Nakuru,Short Rains,Beans,4.39,338.2,19.0,103.5,Hybrid,0.47
2008,Nakuru,Short Rains,Maize,6.68,574.2,19.4,103.5,Traditional,3.04
2008,Nakuru,Short Rains,Potatoes,0.6,677.5,19.7,103.5,Hybrid,3.48
2008,Nandi,Long Rains,Beans,7.42,1017.3,15.3,103.6,Hybrid,1.88
2008,Nandi,Long Rains,Maize,2.03,1057.2,16.4,103.6,Hybrid,1.84
2008,Nandi,Long Rains,Tea,13.77,656.2,18.5,103.6,Hybrid,2.99
2008,Nandi,Short Rains,Beans,4.97,563.1,17.9,103.6,Improved Traditional,0.52
2008,Nandi,Short Rains,Maize,2.01,560.3,17.7,103.6,Hybrid,4.01
2008,Nandi,Short Rains,Tea,7.74,465.0,18.8,103.6,Hybrid,0.82
2008,Bungoma,Long Rains,Beans,9.44,1187.3,17.7,131.7,Hybrid,2.92
2008,Bungoma,Long Rains,Maize,3.22,939.3,19.5,131.7,Hybrid,6.76
2008,Bungoma,Short Rains,Beans,13.59,662.0,18.2,131.7,Improved Traditional,1.34
2008,Bungoma,Short Rains,Maize,7.95,595.6,20.0,131.7,Traditional,2.55
2008,Kakamega,Long Rains,Beans,8.03,1221.6,19.7,88.8,Hybrid,2.23
2008,Kakamega,Long Rains,Maize,8.87,1262.2,17.2,88.8,Traditional,2.37
2008,Kakamega,Short Rains,Beans,4.26,1020.7,19.0,88.8,Improved Traditional,1.44
2008,Kakamega,Short Rains,Maize,2.75,621.2,20.3,88.8,Hybrid,2.48
2008,Kisii,Long Rains,Beans,2.54,961.5,18.9,109.6,Hybrid,2.7
2008,Kisii,Long Rains,Maize,3.99,989.4,18.7,109.6,Hybrid,2.82
2008,Kisii,Short Rains,Beans,2.8,1293.7,20.9,109.6,Traditional,1.25
2008,Kisii,Short Rains,Maize,11.9,704.7,16.4,109.6,Hybrid,3.0
2008,Nyamira,Long Rains,Beans,5.93,1215.5,19.5,117.1,Hybrid,2.13
2008,Nyamira,Long Rains,Maize,2.93,1480.8,21.0,117.1,Hybrid,6.89
2008,Nyamira,Short Rains,Beans,7.91,927.6,18.0,117.1,Hybrid,1.39
2008,Nyamira,Short Rains,Maize,5.24,714.2,16.0,117.1,Hybrid,2.15
2008,Vihiga,Long Rains,Beans,10.6,1130.4,16.8,49.0,Traditional,0.63
2008,Vihiga,Long Rains,Maize,9.78,1421.4,20.3,49.0,Hybrid,2.44
2008,Vihiga,Short Rains,Beans,2.15,854.3,18.4,49.0,Traditional,0.52
2008,Vihiga,Short Rains,Maize,1.83,1308.8,18.6,49.0,Traditional,1.34
2008,Bomet,Long Rains,Beans,11.13,1137.1,18.5,112.8,Hybrid,1.3
2008,Bomet,Long Rains,Maize,4.18,1155.2,19.4,112.8,Hybrid,4.13
2008,Bomet,Long Rains,Tea,5.32,1010.4,18.9,112.8,Improved Traditional,2.67
2008,Bomet,Long Rains,Potatoes,6.45,1198.7,16.8,112.8,Improved Traditional,16.13
2008,Bomet,Short Rains,Beans,10.31,1032.7,19.0,112.8,Hybrid,1.99
2008,Bomet,Short Rains,Maize,11.19,376.6,17.5,112.8,Traditional,0.45
2008,Bomet,Short Rains,Tea,5.46,756.8,18.0,112.8,Hybrid,4.15
2008,Bomet,Short Rains,Potatoes,7.77,721.7,17.2,112.8,Improved Traditional,5.83
2008,Kericho,Long Rains,Beans,4.93,1316.9,21.0,104.8,Traditional,1.77
2008,Kericho,Long Rains,Maize,9.81,1258.0,16.3,104.8,Improved Traditional,4.58
2008,Kericho,Long Rains,Tea,0.74,920.2,17.1,104.8,Improved Traditional,3.4
2008,Kericho,Short Rains,Beans,12.58,789.2,18.4,104.8,Hybrid,2.43
2008,Kericho,Short Rains,Maize,2.79,674.0,16.9,104.8,Hybrid,2.2
2008,Kericho,Short Rains,Tea,0.59,951.1,18.4,104.8,Hybrid,4.17
2008,Nyeri,Long Rains,Beans,4.67,1204.8,15.5,63.0,Traditional,1.2
2008,Nyeri,Long Rains,Maize,5.62,633.4,15.5,63.0,Traditional,1.21
2008,Nyeri,Long Rains,Tea,9.33,901.1,15.4,63.0,Improved Traditional,0.98
2008,Nyeri,Long Rains,Coffee,5.42,895.0,15.1,63.0,Hybrid,1.54
2008,Nyeri,Short Rains,Beans,8.56,377.5,15.7,63.0,Hybrid,0.2
2008,Nyeri,Short Rains,Maize,4.77,485.7,15.3,63.0,Traditional,0.69
2008,Nyeri,Short Rains,Tea,3.9,220.6,17.0,63.0,Hybrid,0.33
2008,Nyeri,Short Rains,Coffee,14.62,584.3,16.9,63.0,Hybrid,1.05
2008,Muranga,Long Rains,Beans,4.72,509.0,17.9,74.0,Hybrid,1.25
2008,Muranga,Long Rains,Maize,9.85,885.0,16.7,74.0,Traditional,1.23
2008,Muranga,Long Rains,Tea,6.15,691.6,19.7,74.0,Traditional,1.45
2008,Muranga,Long Rains,Coffee,8.81,922.6,17.8,74.0,Improved Traditional,1.16
2008,Muranga,Short Rains,Beans,12.27,127.0,17.0,74.0,Traditional,0.2
2008,Muranga,Short Rains,Maize,12.58,704.7,18.9,74.0,Traditional,2.2
2008,Muranga,Short Rains,Tea,5.97,537.8,19.4,74.0,Traditional,1.67
2008,Muranga,Short Rains,Coffee,1.75,338.3,18.1,74.0,Improved Traditional,0.2
2008,Kiambu,Long Rains,Beans,1.76,702.2,16.8,61.3,Traditional,0.33
2008,Kiambu,Long Rains,Maize,12.49,703.3,16.2,61.3,Improved Traditional,1.36
2008,Kiambu,Long Rains,Coffee,7.13,604.2,19.0,61.3,Improved Traditional,1.79
2008,Kiambu,Short Rains,Beans,9.32,473.4,16.3,61.3,Traditional,0.58
2008,Kiambu,Short Rains,Maize,8.75,372.8,16.4,61.3,Traditional,0.24
2008,Kiambu,Short Rains,Coffee,10.09,628.7,17.7,61.3,Traditional,1.07
2008,Kirinyaga,Long Rains,Beans,2.72,662.6,19.2,46.5,Traditional,0.77
2008,Kirinyaga,Long Rains,Maize,3.77,643.8,17.5,46.5,Improved Traditional,1.47
2008,Kirinyaga,Long Rains,Coffee,1.81,763.8,18.0,46.5,Hybrid,1.71
2008,Kirinyaga,Long Rains,Rice,2.92,1042.0,19.0,46.5,Traditional,1.67
2008,Kirinyaga,Short Rains,Beans,4.73,368.5,17.4,46.5,Traditional,0.23
2008,Kirinyaga,Short Rains,Maize,2.18,554.3,19.2,46.5,Hybrid,2.25
2008,Kirinyaga,Short Rains,Coffee,8.14,289.3,18.6,46.5,Hybrid,0.37
2008,Kirinyaga,Short Rains,Rice,7.72,392.4,21.8,46.5,Traditional,0.43
2008,Embu,Long Rains,Beans,12.93,643.1,19.3,25.8,Hybrid,0.84
2008,Embu,Long Rains,Maize,12.44,890.8,20.4,25.8,Improved Traditional,1.4
2008,Embu,Long Rains,Coffee,8.59,714.7,20.1,25.8,Traditional,0.69
2008,Embu,Short Rains,Beans,0.98,815.2,19.8,25.8,Hybrid,0.87
2008,Embu,Short Rains,Maize,12.61,536.0,20.6,25.8,Improved Traditional,2.27
2008,Embu,Short Rains,Coffee,6.1,706.9,18.3,25.8,Hybrid,1.77
2008,Meru,Long Rains,Beans,4.46,527.9,17.3,81.2,Improved Traditional,0.98
2008,Meru,Long Rains,Maize,13.39,918.1,16.9,81.2,Hybrid,3.31
2008,Meru,Long Rains,Coffee,9.88,780.8,18.9,81.2,Traditional,3.7
2008,Meru,Long Rains,Potatoes,5.28,655.4,18.4,81.2,Traditional,3.88
2008,Meru,Short Rains,Beans,1.63,469.4,18.9,81.2,Hybrid,1.37
2008,Meru,Short Rains,Maize,1.86,541.5,18.0,81.2,Hybrid,3.14
2008,Meru,Short Rains,Coffee,4.0,622.2,16.9,81.2,Improved Traditional,1.85
2008,Meru,Short Rains,Potatoes,4.5,712.1,17.4,81.2,Improved Traditional,5.17
2008,Tharaka-Nithi,Long Rains,Beans,8.2,689.3,20.0,56.4,Improved Traditional,1.44
2008,Tharaka-Nithi,Long Rains,Maize,12.13,840.4,20.3,56.4,Traditional,2.73
2008,Tharaka-Nithi,Short Rains,Beans,9.26,299.0,21.1,56.4,Hybrid,0.23
2008,Tharaka-Nithi,Short Rains,Maize,2.45,121.5,19.0,56.4,Hybrid,0.2
2008,Nyandarua,Long Rains,Beans,9.56,1079.8,15.4,126.8,Hybrid,3.04
2008,Nyandarua,Long Rains,Maize,11.59,755.9,17.3,126.8,Hybrid,3.45
2008,Nyandarua,Long Rains,Potatoes,9.34,909.2,15.0,126.8,Traditional,12.59
2008,Nyandarua,Short Rains,Beans,2.27,614.7,15.1,126.8,Improved Traditional,1.15
2008,Nyandarua,Short Rains,Maize,12.82,729.5,16.2,126.8,Hybrid,3.08
2008,Nyandarua,Short Rains,Potatoes,3.42,825.4,14.9,126.8,Improved Traditional,5.45
2008,Nairobi,Long Rains,Beans,14.79,657.0,20.2,17.0,Traditional,0.26
2008,Nairobi,Long Rains,Maize,14.37,1141.4,19.6,17.0,Hybrid,1.27
2008,Nairobi,Short Rains,Beans,10.1,236.8,17.6,17.0,Traditional,0.2
2008,Nairobi,Short Rains,Maize,6.93,413.3,17.9,17.0,Improved Traditional,0.33
2008,Machakos,Long Rains,Sorghum,8.34,531.3,22.0,46.5,Traditional,0.56
2008,Machakos,Long Rains,Beans,12.59,484.9,21.7,46.5,Hybrid,0.79
2008,Machakos,Long Rains,Maize,11.77,396.1,22.6,46.5,Improved Traditional,1.45
2008,Machakos,Short Rains,Sorghum,10.17,465.6,23.2,46.5,Traditional,0.42
2008,Machakos,Short Rains,Beans,1.13,436.1,21.5,46.5,Improved Traditional,0.23
2008,Machakos,Short Rains,Maize,10.9,298.0,22.2,46.5,Traditional,0.48
2008,Makueni,Long Rains,Sorghum,2.58,359.3,25.3,11.1,Hybrid,0.52
2008,Makueni,Long Rains,Beans,10.19,455.1,23.0,11.1,Traditional,0.2
2008,Makueni,Long Rains,Maize,9.5,603.2,22.0,11.1,Traditional,1.26
2008,Makueni,Short Rains,Sorghum,9.59,345.1,24.4,11.1,Hybrid,0.25
2008,Makueni,Short Rains,Beans,14.96,301.5,24.5,11.1,Traditional,0.2
2008,Makueni,Short Rains,Maize,4.04,165.4,23.8,11.1,Traditional,0.2
2008,Kitui,Long Rains,Sorghum,13.61,775.1,24.6,13.3,Hybrid,0.64
2008,Kitui,Long Rains,Beans,8.58,728.4,24.2,13.3,Traditional,0.21
2008,Kitui,Long Rains,Maize,4.22,525.7,24.2,13.3,Hybrid,0.96
2008,Kitui,Short Rains,Sorghum,11.43,530.4,25.4,13.3,Improved Traditional,0.43
2008,Kitui,Short Rains,Beans,5.92,422.0,26.1,13.3,Traditional,0.2
2008,Kitui,Short Rains,Maize,5.68,151.5,25.1,13.3,Improved Traditional,0.2
2008,Mombasa,Long Rains,Beans,2.58,1143.6,30.3,35.2,Hybrid,0.27
2008,Mombasa,Long Rains,Maize,11.84,396.7,27.6,35.2,Traditional,0.2
2008,Mombasa,Short Rains,Beans,14.91,619.7,30.3,35.2,Improved Traditional,0.2
2008,Mombasa,Short Rains,Maize,4.56,641.6,29.3,35.2,Traditional,0.2
2008,Kilifi,Long Rains,Beans,3.9,305.3,26.3,35.6,Improved Traditional,0.2
2008,Kilifi,Long Rains,Maize,1.97,868.8,28.3,35.6,Improved Traditional,1.26
2008,Kilifi,Long Rains,Cassava,2.9,808.8,26.5,35.6,Traditional,3.37
2008,Kilifi,Short Rains,Beans,4.59,453.7,27.5,35.6,Hybrid,0.23
2008,Kilifi,Short Rains,Maize,10.31,240.2,28.0,35.6,Improved Traditional,0.2
2008,Kilifi,Short Rains,Cassava,8.81,435.0,25.7,35.6,Traditional,0.85
2008,Kwale,Long Rains,Beans,9.94,592.2,26.0,12.8,Traditional,0.2
2008,Kwale,Long Rains,Maize,4.61,445.4,26.4,12.8,Traditional,0.29
2008,Kwale,Long Rains,Cassava,6.24,758.0,28.5,12.8,Improved Traditional,0.5
2008,Kwale,Short Rains,Beans,10.97,801.9,29.9,12.8,Hybrid,0.2
2008,Kwale,Short Rains,Maize,6.28,1010.8,27.2,12.8,Traditional,0.96
2008,Kwale,Short Rains,Cassava,11.9,661.1,28.3,12.8,Improved Traditional,1.24
2008,Tana River,Long Rains,Beans,9.78,408.6,27.7,21.7,Traditional,0.2
2008,Tana River,Long Rains,Maize,3.46,344.0,27.3,21.7,Traditional,0.4
2008,Tana River,Long Rains,Rice,7.98,181.4,30.7,21.7,Traditional,0.2
2008,Tana River,Short Rains,Beans,6.19,297.4,30.0,21.7,Traditional,0.2
2008,Tana River,Short Rains,Maize,6.07,275.8,29.0,21.7,Improved Traditional,0.2
2008,Tana River,Short Rains,Rice,7.0,252.0,29.1,21.7,Traditional,0.33
2008,Lamu,Long Rains,Beans,7.74,1172.5,29.1,34.8,Improved Traditional,0.28
2008,Lamu,Long Rains,Maize,2.71,882.6,28.1,34.8,Hybrid,1.27
2008,Lamu,Short Rains,Beans,8.03,279.4,27.5,34.8,Traditional,0.2
2008,Lamu,Short Rains,Maize,7.46,688.4,27.1,34.8,Traditional,0.83
2008,Taita Taveta,Long Rains,Beans,9.2,541.1,23.0,45.0,Improved Traditional,0.39
2008,Taita Taveta,Long Rains,Maize,13.41,930.3,23.9,45.0,Hybrid,4.11
2008,Taita Taveta,Short Rains,Beans,10.95,291.4,22.9,45.0,Hybrid,0.2
2008,Taita Taveta,Short Rains,Maize,9.48,580.7,23.1,45.0,Traditional,1.55
2008,Garissa,Long Rains,Sorghum,7.28,346.1,34.4,31.5,Improved Traditional,0.58
2008,Garissa,Long Rains,Beans,9.02,221.3,32.3,31.5,Hybrid,0.2
2008,Garissa,Long Rains,Maize,2.37,190.5,30.9,31.5,Improved Traditional,0.25
2008,Garissa,Short Rains,Sorghum,8.14,140.5,31.6,31.5,Hybrid,0.29
2008,Garissa,Short Rains,Beans,14.62,314.1,30.9,31.5,Hybrid,0.23
2008,Garissa,Short Rains,Maize,8.88,322.4,31.4,31.5,Hybrid,0.24
2008,Wajir,Long Rains,Sorghum,4.04,243.3,32.7,26.7,Traditional,0.4
2008,Wajir,Long Rains,Beans,5.51,276.8,34.1,26.7,Traditional,0.2
2008,Wajir,Long Rains,Maize,7.3,327.7,32.7,26.7,Hybrid,0.48
2008,Wajir,Short Rains,Sorghum,6.45,282.2,34.5,26.7,Hybrid,0.62
2008,Wajir,Short Rains,Beans,6.69,243.0,33.6,26.7,Traditional,0.2
2008,Wajir,Short Rains,Maize,3.07,63.2,34.1,26.7,Hybrid,0.2
2008,Mandera,Long Rains,Sorghum,8.7,116.8,34.7,35.2,Hybrid,0.2
2008,Mandera,Long Rains,Beans,6.86,182.4,36.0,35.2,Hybrid,0.2
2008,Mandera,Long Rains,Maize,8.66,109.5,31.7,35.2,Improved Traditional,0.2
2008,Mandera,Short Rains,Sorghum,7.7,159.2,35.1,35.2,Traditional,0.2
2008,Mandera,Short Rains,Beans,5.92,105.5,36.4,35.2,Improved Traditional,0.2
2008,Mandera,Short Rains,Maize,2.56,207.2,34.5,35.2,Traditional,0.24
2008,Turkana,Long Rains,Sorghum,12.78,163.7,34.2,22.0,Traditional,0.2
2008,Turkana,Long Rains,Beans,11.86,242.3,33.7,22.0,Traditional,0.2
2008,Turkana,Long Rains,Maize,13.07,210.8,35.6,22.0,Traditional,0.34
2008,Turkana,Short Rains,Sorghum,5.58,143.1,34.8,22.0,Hybrid,0.26
2008,Turkana,Short Rains,Beans,4.75,50.0,35.9,22.0,Hybrid,0.2
2008,Turkana,Short Rains,Maize,3.89,102.3,36.4,22.0,Hybrid,0.2
2008,West Pokot,Long Rains,Beans,3.6,669.5,22.2,57.8,Hybrid,1.08
2008,West Pokot,Long Rains,Maize,12.48,609.4,22.5,57.8,Traditional,1.72
2008,West Pokot,Short Rains,Beans,12.67,193.8,23.4,57.8,Traditional,0.2
2008,West Pokot,Short Rains,Maize,2.73,646.7,22.1,57.8,Improved Traditional,2.47
2008,Samburu,Long Rains,Beans,6.57,475.9,26.8,32.9,Traditional,0.2
2008,Samburu,Long Rains,Maize,1.77,393.6,24.1,32.9,Improved Traditional,0.81
2008,Samburu,Short Rains,Beans,10.67,318.2,26.3,32.9,Improved Traditional,0.2
2008,Samburu,Short Rains,Maize,5.2,318.3,25.5,32.9,Improved Traditional,0.53
2008,Baringo,Long Rains,Beans,3.56,852.5,26.2,13.3,Improved Traditional,0.2
2008,Baringo,Long Rains,Maize,9.27,480.6,23.0,13.3,Hybrid,0.87
2008,Baringo,Short Rains,Beans,9.8,562.1,23.3,13.3,Traditional,0.2
2008,Baringo,Short Rains,Maize,7.24,471.2,22.2,13.3,Traditional,0.55
2008,Laikipia,Long Rains,Wheat,10.41,571.3,18.2,76.0,Traditional,1.94
2008,Laikipia,Long Rains,Beans,4.74,769.8,18.3,76.0,Traditional,0.98
2008,Laikipia,Long Rains,Maize,13.42,668.0,18.6,76.0,Improved Traditional,2.11
2008,Laikipia,Short Rains,Wheat,1.31,409.5,18.4,76.0,Traditional,1.83
2008,Laikipia,Short Rains,Beans,6.46,202.3,19.2,76.0,Hybrid,0.2
2008,Laikipia,Short Rains,Maize,0.88,94.6,18.8,76.0,Improved Traditional,0.2
2008,Kisumu,Long Rains,Beans,8.0,613.5,22.5,91.5,Hybrid,1.23
2008,Kisumu,Long Rains,Maize,7.76,786.1,19.4,91.5,Hybrid,3.81
2008,Kisumu,Short Rains,Beans,9.44,444.6,21.5,91.5,Improved Traditional,0.29
2008,Kisumu,Short Rains,Maize,5.91,521.4,22.2,91.5,Traditional,1.48
2008,Siaya,Long Rains,Beans,3.96,1080.2,23.3,70.9,Hybrid,1.2
2008,Siaya,Long Rains,Maize,0.67,538.5,22.8,70.9,Traditional,2.11
2008,Siaya,Long Rains,Cassava,4.24,719.3,23.1,70.9,Improved Traditional,3.13
2008,Siaya,Short Rains,Beans,13.01,883.8,21.1,70.9,Traditional,1.14
2008,Siaya,Short Rains,Maize,9.97,849.5,23.4,70.9,Traditional,1.73
2008,Siaya,Short Rains,Cassava,0.93,623.6,24.3,70.9,Improved Traditional,2.63
2008,Homa Bay,Long Rains,Beans,5.74,1162.2,23.0,45.8,Traditional,0.57
2008,Homa Bay,Long Rains,Maize,3.96,414.0,23.2,45.8,Traditional,0.44
2008,Homa Bay,Short Rains,Beans,8.69,610.8,23.4,45.8,Traditional,0.21
2008,Homa Bay,Short Rains,Maize,5.86,802.6,21.8,45.8,Hybrid,2.12
2008,Migori,Long Rains,Beans,2.14,1563.9,21.5,60.4,Improved Traditional,0.97
2008,Migori,Long Rains,Maize,10.09,915.4,22.5,60.4,Traditional,2.21
2008,Migori,Short Rains,Beans,10.73,419.3,19.5,60.4,Traditional,0.2
2008,Migori,Short Rains,Maize,5.35,583.8,22.6,60.4,Traditional,1.19
2008,Kajiado,Long Rains,Beans,3.5,701.4,23.0,35.4,Improved Traditional,0.79
2008,Kajiado,Long Rains,Maize,3.87,643.9,23.6,35.4,Improved Traditional,1.46
2008,Kajiado,Short Rains,Beans,1.36,255.5,20.3,35.4,Traditional,0.29
2008,Kajiado,Short Rains,Maize,13.53,206.1,21.2,35.4,Traditional,0.21
2008,Narok,Long Rains,Wheat,3.81,762.4,17.8,39.4,Traditional,1.55
2008,Narok,Long Rains,Beans,14.06,844.6,18.8,39.4,Traditional,1.05
2008,Narok,Long Rains,Maize,5.36,796.8,19.2,39.4,Traditional,1.82
2008,Narok,Short Rains,Wheat,1.94,824.2,17.0,39.4,Improved Traditional,1.78
2008,Narok,Short Rains,Beans,6.46,108.9,16.7,39.4,Hybrid,0.2
2008,Narok,Short Rains,Maize,8.21,513.0,19.1,39.4,Improved Traditional,1.17
2008,Elgeyo-Marakwet,Long Rains,Beans,1.54,854.6,17.3,32.5,Traditional,0.67
2008,Elgeyo-Marakwet,Long Rains,Maize,4.65,902.8,19.3,32.5,Traditional,2.44
2008,Elgeyo-Marakwet,Short Rains,Beans,8.3,316.9,17.1,32.5,Traditional,0.2
2008,Elgeyo-Marakwet,Short Rains,Maize,2.63,316.9,17.0,32.5,Hybrid,0.27
2008,Busia,Long Rains,Beans,6.06,1020.0,19.2,68.3,Traditional,0.49
2008,Busia,Long Rains,Maize,13.9,657.2,21.8,68.3,Traditional,2.54
2008,Busia,Long Rains,Cassava,4.53,970.2,20.0,68.3,Traditional,2.49
2008,Busia,Long Rains,Rice,10.36,742.3,19.0,68.3,Improved Traditional,1.61
2008,Busia,Short Rains,Beans,7.29,926.7,19.1,68.3,Hybrid,1.08
2008,Busia,Short Rains,Maize,0.86,547.8,22.1,68.3,Hybrid,3.18
2008,Busia,Short Rains,Cassava,12.66,620.8,17.8,68.3,Improved Traditional,0.72
2008,Busia,Short Rains,Rice,8.43,806.9,19.2,68.3,Hybrid,2.52
2008,Isiolo,Long Rains,Beans,12.76,306.3,30.7,21.4,Traditional,0.2
2008,Isiolo,Long Rains,Maize,3.37,342.9,32.3,21.4,Traditional,0.2
2008,Isiolo,Short Rains,Beans,12.19,135.2,30.6,21.4,Hybrid,0.2
2008,Isiolo,Short Rains,Maize,7.53,185.3,29.0,21.4,Traditional,0.2
2008,Marsabit,Long Rains,Beans,13.27,375.0,32.0,2.9,Hybrid,0.2
2008,Marsabit,Long Rains,Maize,12.86,321.3,31.5,2.9,Traditional,0.22
2008,Marsabit,Short Rains,Beans,12.91,302.2,33.5,2.9,Traditional,0.2
2008,Marsabit,Short Rains,Maize,14.1,235.2,31.8,2.9,Traditional,0.2
2009,Uasin Gishu,Long Rains,Wheat,12.08,943.3,15.7,143.2,Hybrid,5.3
2009,Uasin Gishu,Long Rains,Beans,6.49,955.4,17.3,143.2,Hybrid,2.91
2009,Uasin Gishu,Long Rains,Maize,5.6,732.5,18.3,143.2,Hybrid,3.39
2009,Uasin Gishu,Short Rains,Wheat,9.17,266.1,17.7,143.2,Hybrid,0.61
2009,Uasin Gishu,Short Rains,Beans,10.85,718.8,17.2,143.2,Improved Traditional,0.73
2009,Uasin Gishu,Short Rains,Maize,1.92,650.6,15.7,143.2,Hybrid,1.13
2009,Trans Nzoia,Long Rains,Wheat,9.04,1101.8,19.4,159.1,Improved Traditional,4.42
2009,Trans Nzoia,Long Rains,Beans,6.12,899.2,16.0,159.1,Improved Traditional,0.91
2009,Trans Nzoia,Long Rains,Maize,14.51,940.0,15.6,159.1,Hybrid,1.89
2009,Trans Nzoia,Short Rains,Wheat,5.56,754.9,16.4,159.1,Improved Traditional,3.79
2009,Trans Nzoia,Short Rains,Beans,1.58,662.3,15.9,159.1,Hybrid,0.9
2009,Trans Nzoia,Short Rains,Maize,11.36,905.4,15.2,159.1,Traditional,2.76
2009,Nakuru,Long Rains,Wheat,5.29,907.7,20.0,188.4,Hybrid,6.14
2009,Nakuru,Long Rains,Beans,12.63,446.1,19.6,188.4,Hybrid,0.47
2009,Nakuru,Long Rains,Maize,6.06,715.2,18.0,188.4,Traditional,3.76
2009,Nakuru,Long Rains,Potatoes,9.93,644.7,19.7,188.4,Improved Traditional,4.31
2009,Nakuru,Short Rains,Wheat,14.52,534.6,20.5,188.4,Hybrid,2.36
2009,Nakuru,Short Rains,Beans,13.68,382.2,19.9,188.4,Hybrid,0.25
2009,Nakuru,Short Rains,Maize,5.04,615.9,18.5,188.4,Hybrid,4.02
2009,Nakuru,Short Rains,Potatoes,1.18,450.6,20.8,188.4,Hybrid,2.21
2009,Nandi,Long Rains,Beans,9.78,820.4,18.3,91.2,Hybrid,1.28
2009,Nandi,Long Rains,Maize,12.42,872.0,17.1,91.2,Improved Traditional,1.18
2009,Nandi,Long Rains,Tea,5.71,679.1,18.5,91.2,Improved Traditional,1.7
2009,Nandi,Short Rains,Beans,5.48,646.6,17.2,91.2,Hybrid,0.8
2009,Nandi,Short Rains,Maize,4.15,311.1,18.0,91.2,Hybrid,0.45
2009,Nandi,Short Rains,Tea,1.62,843.7,19.7,91.2,Traditional,1.88
2009,Bungoma,Long Rains,Beans,9.82,1172.7,18.5,115.1,Improved Traditional,1.97
2009,Bungoma,Long Rains,Maize,4.79,1021.7,19.0,115.1,Improved Traditional,1.45
2009,Bungoma,Short Rains,Beans,9.54,602.4,19.4,115.1,Hybrid,1.33
2009,Bungoma,Short Rains,Maize,10.08,502.4,19.5,115.1,Hybrid,0.68
2009,Kakamega,Long Rains,Beans,13.06,1069.4,19.8,94.0,Improved Traditional,1.35
2009,Kakamega,Long Rains,Maize,2.38,1075.1,22.4,94.0,Hybrid,2.51
2009,Kakamega,Short Rains,Beans,0.73,656.7,19.7,94.0,Improved Traditional,0.66
2009,Kakamega,Short Rains,Maize,5.46,652.9,18.6,94.0,Improved Traditional,0.83
2009,Kisii,Long Rains,Beans,7.28,1409.2,20.5,100.6,Hybrid,1.45
2009,Kisii,Long Rains,Maize,9.43,1627.2,20.1,100.6,Traditional,3.24
2009,Kisii,Short Rains,Beans,3.6,481.2,18.4,100.6,Improved Traditional,0.2
2009,Kisii,Short Rains,Maize,3.8,919.2,18.3,100.6,Improved Traditional,2.0
2009,Nyamira,Long Rains,Beans,10.14,1259.9,19.8,108.3,Improved Traditional,1.56
2009,Nyamira,Long Rains,Maize,3.2,1491.6,19.0,108.3,Improved Traditional,2.6
2009,Nyamira,Short Rains,Beans,11.53,199.6,18.9,108.3,Hybrid,0.2
2009,Nyamira,Short Rains,Maize,14.52,385.9,18.6,108.3,Traditional,0.24
2009,Vihiga,Long Rains,Beans,12.7,994.7,19.0,44.0,Traditional,0.42
2009,Vihiga,Long Rains,Maize,7.37,1391.6,19.1,44.0,Improved Traditional,1.7
2009,Vihiga,Short Rains,Beans,3.61,684.3,19.5,44.0,Improved Traditional,0.5
2009,Vihiga,Short Rains,Maize,4.29,846.0,19.4,44.0,Hybrid,1.7
2009,Bomet,Long Rains,Beans,11.37,829.6,15.7,131.8,Improved Traditional,0.67
2009,Bomet,Long Rains,Maize,6.04,1124.1,16.1,131.8,Hybrid,1.51
2009,Bomet,Long Rains,Tea,4.01,798.5,17.8,131.8,Hybrid,3.43
2009,Bomet,Long Rains,Potatoes,6.47,609.7,17.6,131.8,Traditional,3.5
2009,Bomet,Short Rains,Beans,4.0,557.8,16.6,131.8,Hybrid,0.39
2009,Bomet,Short Rains,Maize,11.62,471.4,16.2,131.8,Improved Traditional,0.3
2009,Bomet,Short Rains,Tea,5.3,903.1,15.3,131.8,Hybrid,2.52
2009,Bomet,Short Rains,Potatoes,4.31,471.6,17.4,131.8,Hybrid,0.82
2009,Kericho,Long Rains,Beans,1.48,1008.5,17.4,69.5,Hybrid,0.66
2009,Kericho,Long Rains,Maize,2.33,1023.5,16.9,69.5,Hybrid,2.11
2009,Kericho,Long Rains,Tea,12.61,922.9,17.0,69.5,Improved Traditional,1.37
2009,Kericho,Short Rains,Beans,2.41,672.3,17.3,69.5,Traditional,0.35
2009,Kericho,Short Rains,Maize,14.68,1096.6,16.8,69.5,Traditional,1.37
2009,Kericho,Short Rains,Tea,4.8,829.5,18.1,69.5,Hybrid,1.61
2009,Nyeri,Long Rains,Beans,8.4,476.6,15.7,58.5,Improved Traditional,0.41
2009,Nyeri,Long Rains,Maize,11.72,860.3,16.2,58.5,Hybrid,1.04
2009,Nyeri,Long Rains,Tea,9.91,522.8,17.4,58.5,Traditional,0.97
2009,Nyeri,Long Rains,Coffee,6.56,553.7,17.4,58.5,Improved Traditional,0.62
2009,Nyeri,Short Rains,Beans,3.12,279.5,15.4,58.5,Traditional,0.2
2009,Nyeri,Short Rains,Maize,5.48,545.5,18.5,58.5,Traditional,0.77
2009,Nyeri,Short Rains,Tea,5.19,474.6,14.4,58.5,Traditional,0.71
2009,Nyeri,Short Rains,Coffee,3.05,462.0,16.6,58.5,Traditional,0.57
2009,Muranga,Long Rains,Beans,14.3,795.6,18.3,56.9,Traditional,0.59
2009,Muranga,Long Rains,Maize,8.88,781.3,17.9,56.9,Improved Traditional,0.73
2009,Muranga,Long Rains,Tea,2.2,740.7,18.8,56.9,Improved Traditional,1.24
2009,Muranga,Long Rains,Coffee,12.24,805.6,18.2,56.9,Traditional,0.8
2009,Muranga,Short Rains,Beans,13.71,583.9,19.7,56.9,Hybrid,0.74
2009,Muranga,Short Rains,Maize,1.23,268.5,18.4,56.9,Traditional,0.2
2009,Muranga,Short Rains,Tea,3.64,566.2,17.8,56.9,Hybrid,1.67
2009,Muranga,Short Rains,Coffee,10.36,414.8,16.9,56.9,Hybrid,0.2
2009,Kiambu,Long Rains,Beans,11.21,459.2,17.2,70.0,Improved Traditional,0.21
2009,Kiambu,Long Rains,Maize,1.81,685.0,16.6,70.0,Traditional,0.41
2009,Kiambu,Long Rains,Coffee,2.29,606.6,19.7,70.0,Hybrid,0.97
2009,Kiambu,Short Rains,Beans,7.16,214.2,17.2,70.0,Traditional,0.2
2009,Kiambu,Short Rains,Maize,4.9,514.3,17.5,70.0,Traditional,0.97
2009,Kiambu,Short Rains,Coffee,10.92,540.9,17.7,70.0,Improved Traditional,0.95
2009,Kirinyaga,Long Rains,Beans,6.82,495.7,19.6,53.3,Improved Traditional,0.64
2009,Kirinyaga,Long Rains,Maize,11.71,571.3,18.2,53.3,Hybrid,1.52
2009,Kirinyaga,Long Rains,Coffee,1.81,538.9,17.7,53.3,Traditional,0.58
2009,Kirinyaga,Long Rains,Rice,5.25,710.8,17.4,53.3,Traditional,0.55
2009,Kirinyaga,Short Rains,Beans,11.62,600.5,16.7,53.3,Hybrid,0.57
2009,Kirinyaga,Short Rains,Maize,11.06,458.9,18.9,53.3,Hybrid,0.92
2009,Kirinyaga,Short Rains,Coffee,1.43,621.8,18.8,53.3,Traditional,0.64
2009,Kirinyaga,Short Rains,Rice,14.66,459.4,17.9,53.3,Traditional,0.32
2009,Embu,Long Rains,Beans,4.28,522.6,17.5,76.0,Traditional,0.42
2009,Embu,Long Rains,Maize,13.9,367.9,18.7,76.0,Improved Traditional,0.75
2009,Embu,Long Rains,Coffee,9.15,763.4,18.6,76.0,Traditional,1.27
2009,Embu,Short Rains,Beans,10.18,468.5,21.2,76.0,Traditional,0.53
2009,Embu,Short Rains,Maize,1.23,477.2,18.7,76.0,Hybrid,1.11
2009,Embu,Short Rains,Coffee,6.26,274.1,20.8,76.0,Hybrid,0.2
2009,Meru,Long Rains,Beans,2.62,540.2,17.7,59.0,Traditional,0.36
2009,Meru,Long Rains,Maize,1.58,450.8,15.8,59.0,Traditional,0.33
2009,Meru,Long Rains,Coffee,4.99,650.0,17.7,59.0,Improved Traditional,0.79
2009,Meru,Long Rains,Potatoes,4.45,673.6,17.2,59.0,Improved Traditional,3.2
2009,Meru,Short Rains,Beans,14.29,398.5,18.4,59.0,Improved Traditional,0.27
2009,Meru,Short Rains,Maize,1.57,167.4,16.2,59.0,Improved Traditional,0.2
2009,Meru,Short Rains,Coffee,4.25,261.3,17.5,59.0,Traditional,0.2
2009,Meru,Short Rains,Potatoes,3.89,457.8,18.0,59.0,Traditional,1.91
2009,Tharaka-Nithi,Long Rains,Beans,2.74,344.3,20.4,57.0,Improved Traditional,0.29
2009,Tharaka-Nithi,Long Rains,Maize,12.83,595.5,20.5,57.0,Improved Traditional,1.02
2009,Tharaka-Nithi,Short Rains,Beans,5.35,460.0,17.7,57.0,Traditional,0.31
2009,Tharaka-Nithi,Short Rains,Maize,7.21,410.7,18.9,57.0,Traditional,0.38
2009,Nyandarua,Long Rains,Beans,9.42,712.1,15.3,151.3,Improved Traditional,0.51
2009,Nyandarua,Long Rains,Maize,12.29,662.2,16.9,151.3,Traditional,1.71
2009,Nyandarua,Long Rains,Potatoes,11.71,1004.2,16.1,151.3,Improved Traditional,7.96
2009,Nyandarua,Short Rains,Beans,1.07,604.5,16.2,151.3,Improved Traditional,0.93
2009,Nyandarua,Short Rains,Maize,10.1,618.7,16.4,151.3,Hybrid,1.54
2009,Nyandarua,Short Rains,Potatoes,1.07,603.8,17.6,151.3,Hybrid,2.21
2009,Nairobi,Long Rains,Beans,1.51,438.3,19.9,16.2,Improved Traditional,0.22
2009,Nairobi,Long Rains,Maize,10.76,299.5,19.2,16.2,Improved Traditional,0.2
2009,Nairobi,Short Rains,Beans,1.25,548.3,19.4,16.2,Traditional,0.23
2009,Nairobi,Short Rains,Maize,1.46,207.1,20.5,16.2,Hybrid,0.2
2009,Machakos,Long Rains,Sorghum,9.77,453.2,23.1,65.4,Hybrid,0.38
2009,Machakos,Long Rains,Beans,9.33,488.3,23.2,65.4,Improved Traditional,0.52
2009,Machakos,Long Rains,Maize,14.34,293.4,24.8,65.4,Traditional,0.2
2009,Machakos,Short Rains,Sorghum,4.67,183.5,21.4,65.4,Traditional,0.2
2009,Machakos,Short Rains,Beans,7.83,233.3,20.9,65.4,Improved Traditional,0.2
2009,Machakos,Short Rains,Maize,12.63,150.8,22.7,65.4,Traditional,0.2
2009,Makueni,Long Rains,Sorghum,6.93,433.5,24.5,22.4,Traditional,0.23
2009,Makueni,Long Rains,Beans,12.76,385.8,25.2,22.4,Traditional,0.2
2009,Makueni,Long Rains,Maize,13.79,447.4,22.8,22.4,Hybrid,0.34
2009,Makueni,Short Rains,Sorghum,7.09,432.7,23.9,22.4,Traditional,0.21
2009,Makueni,Short Rains,Beans,5.9,339.4,23.5,22.4,Improved Traditional,0.2
2009,Makueni,Short Rains,Maize,12.13,133.1,23.6,22.4,Traditional,0.2
2009,Kitui,Long Rains,Sorghum,4.95,479.0,24.2,18.5,Traditional,0.28
2009,Kitui,Long Rains,Beans,0.6,467.9,25.3,18.5,Traditional,0.2
2009,Kitui,Long Rains,Maize,14.73,529.5,24.6,18.5,Traditional,0.35
2009,Kitui,Short Rains,Sorghum,6.93,208.7,23.2,18.5,Traditional,0.2
2009,Kitui,Short Rains,Beans,10.77,139.0,26.1,18.5,Hybrid,0.2
2009,Kitui,Short Rains,Maize,13.89,106.3,26.1,18.5,Traditional,0.2
2009,Mombasa,Long Rains,Beans,10.47,753.2,29.3,6.3,Traditional,0.2
2009,Mombasa,Long Rains,Maize,10.31,847.6,27.5,6.3,Improved Traditional,0.21
2009,Mombasa,Short Rains,Beans,3.58,477.8,27.8,6.3,Improved Traditional,0.2
2009,Mombasa,Short Rains,Maize,2.82,340.1,29.6,6.3,Hybrid,0.2
2009,Kilifi,Long Rains,Beans,12.35,664.5,26.5,22.4,Improved Traditional,0.2
2009,Kilifi,Long Rains,Maize,10.92,745.0,27.5,22.4,Traditional,0.47
2009,Kilifi,Long Rains,Cassava,2.35,668.7,26.6,22.4,Traditional,0.5
2009,Kilifi,Short Rains,Beans,13.9,234.6,28.1,22.4,Hybrid,0.2
2009,Kilifi,Short Rains,Maize,10.51,477.7,27.7,22.4,Traditional,0.29
2009,Kilifi,Short Rains,Cassava,13.87,432.1,27.8,22.4,Traditional,0.71
2009,Kwale,Long Rains,Beans,8.86,780.3,27.1,27.1,Traditional,0.2
2009,Kwale,Long Rains,Maize,14.06,551.9,27.1,27.1,Improved Traditional,0.39
2009,Kwale,Long Rains,Cassava,3.65,779.6,28.7,27.1,Improved Traditional,1.16
2009,Kwale,Short Rains,Beans,8.94,492.0,26.8,27.1,Improved Traditional,0.2
2009,Kwale,Short Rains,Maize,0.92,476.5,28.1,27.1,Hybrid,0.24
2009,Kwale,Short Rains,Cassava,4.63,558.1,27.1,27.1,Hybrid,1.3
2009,Tana River,Long Rains,Beans,9.18,276.6,31.4,31.3,Hybrid,0.2
2009,Tana River,Long Rains,Maize,8.03,417.4,27.3,31.3,Traditional,0.26
2009,Tana River,Long Rains,Rice,2.86,377.1,29.6,31.3,Traditional,0.34
2009,Tana River,Short Rains,Beans,1.95,122.5,30.5,31.3,Hybrid,0.2
2009,Tana River,Short Rains,Maize,5.14,311.1,29.1,31.3,Traditional,0.2
2009,Tana River,Short Rains,Rice,7.77,201.4,31.1,31.3,Improved Traditional,0.2
2009,Lamu,Long Rains,Beans,12.53,520.0,28.3,30.1,Improved Traditional,0.2
2009,Lamu,Long Rains,Maize,10.31,1037.2,27.0,30.1,Traditional,0.55
2009,Lamu,Short Rains,Beans,5.44,330.2,30.4,30.1,Improved Traditional,0.2
2009,Lamu,Short Rains,Maize,5.33,371.5,30.3,30.1,Traditional,0.2
2009,Taita Taveta,Long Rains,Beans,9.44,503.5,22.8,29.2,Traditional,0.2
2009,Taita Taveta,Long Rains,Maize,14.22,308.5,20.8,29.2,Traditional,0.2
2009,Taita Taveta,Short Rains,Beans,8.92,336.9,22.4,29.2,Traditional,0.2
2009,Taita Taveta,Short Rains,Maize,2.93,336.1,22.2,29.2,Traditional,0.22
2009,Garissa,Long Rains,Sorghum,0.8,300.6,32.4,29.0,Improved Traditional,0.2
2009,Garissa,Long Rains,Beans,3.58,189.2,30.7,29.0,Traditional,0.2
2009,Garissa,Long Rains,Maize,5.98,243.4,32.0,29.0,Improved Traditional,0.2
2009,Garissa,Short Rains,Sorghum,14.17,155.8,32.1,29.0,Hybrid,0.2
2009,Garissa,Short Rains,Beans,7.7,132.0,34.3,29.0,Hybrid,0.2
2009,Garissa,Short Rains,Maize,6.58,188.4,33.2,29.0,Hybrid,0.2
2009,Wajir,Long Rains,Sorghum,6.77,257.7,33.1,23.2,Traditional,0.26
2009,Wajir,Long Rains,Beans,1.36,212.9,34.3,23.2,Traditional,0.2
2009,Wajir,Long Rains,Maize,0.67,265.7,33.6,23.2,Hybrid,0.22
2009,Wajir,Short Rains,Sorghum,14.53,167.1,34.2,23.2,Improved Traditional,0.2
2009,Wajir,Short Rains,Beans,10.2,115.2,34.3,23.2,Improved Traditional,0.2
2009,Wajir,Short Rains,Maize,12.37,151.4,32.8,23.2,Traditional,0.2
2009,Mandera,Long Rains,Sorghum,1.23,243.0,35.8,24.8,Traditional,0.2
2009,Mandera,Long Rains,Beans,5.82,213.7,34.3,24.8,Improved Traditional,0.2
2009,Mandera,Long Rains,Maize,2.29,130.8,35.0,24.8,Traditional,0.2
2009,Mandera,Short Rains,Sorghum,12.33,92.4,34.9,24.8,Hybrid,0.2
2009,Mandera,Short Rains,Beans,3.23,165.7,33.0,24.8,Improved Traditional,0.2
2009,Mandera,Short Rains,Maize,5.25,201.2,38.0,24.8,Traditional,0.2
2009,Turkana,Long Rains,Sorghum,9.53,218.8,37.1,35.5,Hybrid,0.2
2009,Turkana,Long Rains,Beans,0.81,170.7,35.1,35.5,Improved Traditional,0.2
2009,Turkana,Long Rains,Maize,3.67,221.6,37.3,35.5,Traditional,0.2
2009,Turkana,Short Rains,Sorghum,4.76,50.0,35.6,35.5,Traditional,0.2
2009,Turkana,Short Rains,Beans,3.44,50.0,34.6,35.5,Traditional,0.2
2009,Turkana,Short Rains,Maize,3.06,128.1,36.1,35.5,Hybrid,0.2
2009,West Pokot,Long Rains,Beans,6.04,391.7,23.2,47.4,Hybrid,0.2
2009,West Pokot,Long Rains,Maize,8.01,565.3,20.7,47.4,Improved Traditional,0.44
2009,West Pokot,Short Rains,Beans,14.62,187.5,22.3,47.4,Traditional,0.2
2009,West Pokot,Short Rains,Maize,11.35,342.0,23.1,47.4,Hybrid,0.53
2009,Samburu,Long Rains,Beans,4.46,334.7,24.9,9.1,Traditional,0.2
2009,Samburu,Long Rains,Maize,13.83,281.2,25.5,9.1,Improved Traditional,0.24
2009,Samburu,Short Rains,Beans,6.92,230.4,24.9,9.1,Traditional,0.2
2009,Samburu,Short Rains,Maize,6.2,256.3,28.2,9.1,Hybrid,0.2
2009,Baringo,Long Rains,Beans,4.05,582.0,25.1,10.6,Improved Traditional,0.2
2009,Baringo,Long Rains,Maize,8.46,442.7,23.7,10.6,Hybrid,0.42
2009,Baringo,Short Rains,Beans,4.96,577.4,24.1,10.6,Traditional,0.2
2009,Baringo,Short Rains,Maize,12.32,430.0,21.6,10.6,Hybrid,0.25
2009,Laikipia,Long Rains,Wheat,2.09,648.7,19.6,61.9,Hybrid,1.56
2009,Laikipia,Long Rains,Beans,13.74,527.6,22.3,61.9,Traditional,0.24
2009,Laikipia,Long Rains,Maize,0.56,454.6,19.3,61.9,Improved Traditional,0.49
2009,Laikipia,Short Rains,Wheat,10.26,289.9,19.3,61.9,Hybrid,0.2
2009,Laikipia,Short Rains,Beans,8.37,170.6,18.1,61.9,Traditional,0.2
2009,Laikipia,Short Rains,Maize,11.53,268.1,19.0,61.9,Hybrid,0.28
2009,Kisumu,Long Rains,Beans,12.38,839.5,23.0,39.6,Hybrid,0.45
2009,Kisumu,Long Rains,Maize,13.44,602.0,22.4,39.6,Traditional,0.98
2009,Kisumu,Short Rains,Beans,0.89,354.7,24.3,39.6,Traditional,0.2
2009,Kisumu,Short Rains,Maize,5.46,459.9,20.8,39.6,Improved Traditional,0.82
2009,Siaya,Long Rains,Beans,4.29,868.0,23.2,83.4,Hybrid,0.86
2009,Siaya,Long Rains,Maize,10.16,942.1,21.6,83.4,Hybrid,2.91
2009,Siaya,Long Rains,Cassava,6.11,871.5,21.6,83.4,Traditional,1.51
2009,Siaya,Short Rains,Beans,9.98,486.2,26.3,83.4,Improved Traditional,0.22
2009,Siaya,Short Rains,Maize,12.91,430.1,24.0,83.4,Improved Traditional,0.25
2009,Siaya,Short Rains,Cassava,2.1,236.8,22.3,83.4,Improved Traditional,0.2
2009,Homa Bay,Long Rains,Beans,6.36,763.6,22.2,56.5,Traditional,0.4
2009,Homa Bay,Long Rains,Maize,3.52,670.8,25.2,56.5,Traditional,0.93
2009,Homa Bay,Short Rains,Beans,1.46,810.9,22.8,56.5,Hybrid,0.42
2009,Homa Bay,Short Rains,Maize,2.41,271.1,24.7,56.5,Traditional,0.2
2009,Migori,Long Rains,Beans,4.5,1119.7,22.4,73.3,Traditional,0.29
2009,Migori,Long Rains,Maize,14.5,912.3,21.6,73.3,Traditional,1.57
2009,Migori,Short Rains,Beans,8.38,216.0,22.0,73.3,Hybrid,0.2
2009,Migori,Short Rains,Maize,7.41,876.2,22.9,73.3,Traditional,1.6
2009,Kajiado,Long Rains,Beans,13.63,448.8,20.9,32.6,Traditional,0.29
2009,Kajiado,Long Rains,Maize,11.09,413.5,21.4,32.6,Hybrid,0.78
2009,Kajiado,Short Rains,Beans,1.36,168.3,23.0,32.6,Traditional,0.2
2009,Kajiado,Short Rains,Maize,14.88,175.4,23.2,32.6,Traditional,0.2
2009,Narok,Long Rains,Wheat,10.03,885.2,18.6,70.4,Improved Traditional,2.09
2009,Narok,Long Rains,Beans,7.13,666.0,19.5,70.4,Traditional,0.69
2009,Narok,Long Rains,Maize,13.54,629.7,15.9,70.4,Hybrid,0.66
2009,Narok,Short Rains,Wheat,12.41,297.2,17.7,70.4,Traditional,0.35
2009,Narok,Short Rains,Beans,1.66,519.4,19.2,70.4,Hybrid,0.2
2009,Narok,Short Rains,Maize,5.35,427.6,16.2,70.4,Traditional,0.58
2009,Elgeyo-Marakwet,Long Rains,Beans,10.71,531.7,18.5,68.2,Improved Traditional,0.54
2009,Elgeyo-Marakwet,Long Rains,Maize,12.28,643.6,17.6,68.2,Hybrid,1.0
2009,Elgeyo-Marakwet,Short Rains,Beans,4.3,269.5,17.0,68.2,Improved Traditional,0.2
2009,Elgeyo-Marakwet,Short Rains,Maize,11.06,279.8,17.2,68.2,Traditional,0.21
2009,Busia,Long Rains,Beans,14.55,954.4,19.1,51.1,Traditional,0.53
2009,Busia,Long Rains,Maize,5.34,788.2,19.7,51.1,Hybrid,1.26
2009,Busia,Long Rains,Cassava,14.59,966.8,20.2,51.1,Hybrid,1.46
2009,Busia,Long Rains,Rice,6.85,847.6,20.4,51.1,Improved Traditional,1.07
2009,Busia,Short Rains,Beans,1.11,663.6,20.4,51.1,Traditional,0.47
2009,Busia,Short Rains,Maize,2.09,790.8,18.7,51.1,Improved Traditional,1.24
2009,Busia,Short Rains,Cassava,6.84,726.5,18.6,51.1,Hybrid,0.82
2009,Busia,Short Rains,Rice,13.74,471.0,20.2,51.1,Traditional,0.2
2009,Isiolo,Long Rains,Beans,9.69,257.7,31.1,27.3,Traditional,0.2
2009,Isiolo,Long Rains,Maize,5.66,118.5,28.2,27.3,Traditional,0.2
2009,Isiolo,Short Rains,Beans,10.07,248.9,29.1,27.3,Improved Traditional,0.2
2009,Isiolo,Short Rains,Maize,1.42,205.9,29.5,27.3,Hybrid,0.28
2009,Marsabit,Long Rains,Beans,4.63,192.4,30.1,38.3,Improved Traditional,0.2
2009,Marsabit,Long Rains,Maize,14.44,148.0,31.7,38.3,Traditional,0.2
2009,Marsabit,Short Rains,Beans,14.84,284.0,29.5,38.3,Improved Traditional,0.2
2009,Marsabit,Short Rains,Maize,8.81,50.0,29.8,38.3,Hybrid,0.2
2010,Uasin Gishu,Long Rains,Wheat,2.46,1151.4,17.4,76.1,Traditional,3.64
2010,Uasin Gishu,Long Rains,Beans,4.64,1016.0,16.3,76.1,Hybrid,0.76
2010,Uasin Gishu,Long Rains,Maize,12.66,1079.0,18.9,76.1,Hybrid,7.55
2010,Uasin Gishu,Short Rains,Wheat,7.42,323.7,17.1,76.1,Improved Traditional,0.62
2010,Uasin Gishu,Short Rains,Beans,14.75,667.5,18.4,76.1,Improved Traditional,2.08
2010,Uasin Gishu,Short Rains,Maize,9.08,312.8,16.8,76.1,Improved Traditional,0.45
2010,Trans Nzoia,Long Rains,Wheat,7.88,1176.6,16.0,100.4,Improved Traditional,11.43
2010,Trans Nzoia,Long Rains,Beans,10.47,1448.9,15.4,100.4,Traditional,1.89
2010,Trans Nzoia,Long Rains,Maize,8.41,1320.1,16.3,100.4,Improved Traditional,5.99
2010,Trans Nzoia,Short Rains,Wheat,13.25,591.9,17.2,100.4,Traditional,4.16
2010,Trans Nzoia,Short Rains,Beans,7.5,562.8,17.3,100.4,Hybrid,1.01
2010,Trans Nzoia,Short Rains,Maize,1.25,688.3,14.8,100.4,Hybrid,2.09
2010,Nakuru,Long Rains,Wheat,13.32,593.0,19.3,107.3,Traditional,3.86
2010,Nakuru,Long Rains,Beans,7.86,775.8,18.6,107.3,Hybrid,2.3
2010,Nakuru,Long Rains,Maize,10.43,702.9,20.1,107.3,Improved Traditional,3.02
2010,Nakuru,Long Rains,Potatoes,11.63,827.5,18.8,107.3,Hybrid,5.51
2010,Nakuru,Short Rains,Wheat,0.8,409.2,19.7,107.3,Traditional,1.18
2010,Nakuru,Short Rains,Beans,9.3,467.5,20.3,107.3,Improved Traditional,1.09
2010,Nakuru,Short Rains,Maize,9.24,503.9,17.7,107.3,Hybrid,3.0
2010,Nakuru,Short Rains,Potatoes,4.37,775.0,19.7,107.3,Improved Traditional,7.47
2010,Nandi,Long Rains,Beans,4.29,1195.7,18.0,119.0,Improved Traditional,3.09
2010,Nandi,Long Rains,Maize,7.69,781.4,17.5,119.0,Hybrid,4.7
2010,Nandi,Long Rains,Tea,4.24,815.8,16.3,119.0,Hybrid,2.14
2010,Nandi,Short Rains,Beans,13.62,477.4,17.3,119.0,Hybrid,0.58
2010,Nandi,Short Rains,Maize,14.09,459.9,17.4,119.0,Hybrid,0.66
2010,Nandi,Short Rains,Tea,2.54,1013.8,17.1,119.0,Traditional,4.23
2010,Bungoma,Long Rains,Beans,1.84,1065.4,18.2,122.6,Hybrid,1.49
2010,Bungoma,Long Rains,Maize,2.12,1337.0,19.9,122.6,Hybrid,10.73
2010,Bungoma,Short Rains,Beans,10.27,602.4,17.6,122.6,Hybrid,1.97
2010,Bungoma,Short Rains,Maize,2.48,187.4,17.9,122.6,Hybrid,0.25
2010,Kakamega,Long Rains,Beans,7.85,1508.4,20.1,141.2,Improved Traditional,5.1
2010,Kakamega,Long Rains,Maize,8.45,822.5,19.0,141.2,Hybrid,4.41
2010,Kakamega,Short Rains,Beans,5.17,295.7,20.0,141.2,Improved Traditional,0.22
2010,Kakamega,Short Rains,Maize,10.72,599.1,20.3,141.2,Traditional,0.76
2010,Kisii,Long Rains,Beans,8.37,1364.6,20.3,126.7,Hybrid,2.69
2010,Kisii,Long Rains,Maize,9.42,1200.8,18.0,126.7,Improved Traditional,3.18
2010,Kisii,Short Rains,Beans,5.11,783.7,20.4,126.7,Hybrid,2.66
2010,Kisii,Short Rains,Maize,7.31,606.2,20.4,126.7,Improved Traditional,0.92
2010,Nyamira,Long Rains,Beans,2.72,1756.8,18.1,129.9,Hybrid,3.41
2010,Nyamira,Long Rains,Maize,12.89,1317.5,17.1,129.9,Hybrid,1.88
2010,Nyamira,Short Rains,Beans,11.28,1209.2,18.6,129.9,Hybrid,1.86
2010,Nyamira,Short Rains,Maize,11.91,957.3,20.1,129.9,Hybrid,3.06
2010,Vihiga,Long Rains,Beans,13.63,1501.0,19.3,49.3,Traditional,0.91
2010,Vihiga,Long Rains,Maize,4.57,1444.1,18.4,49.3,Traditional,1.99
2010,Vihiga,Short Rains,Beans,11.0,1073.9,20.7,49.3,Improved Traditional,1.32
2010,Vihiga,Short Rains,Maize,11.25,1127.1,19.0,49.3,Traditional,2.26
2010,Bomet,Long Rains,Beans,5.03,1103.8,15.2,114.8,Improved Traditional,1.57
2010,Bomet,Long Rains,Maize,7.97,973.4,17.8,114.8,Hybrid,3.8
2010,Bomet,Long Rains,Tea,3.58,1203.4,18.6,114.8,Hybrid,6.1
2010,Bomet,Long Rains,Potatoes,11.88,1316.2,18.0,114.8,Improved Traditional,9.77
2010,Bomet,Short Rains,Beans,7.02,531.3,19.3,114.8,Improved Traditional,0.53
2010,Bomet,Short Rains,Maize,10.61,816.2,16.4,114.8,Improved Traditional,2.11
2010,Bomet,Short Rains,Tea,14.35,1007.0,17.4,114.8,Hybrid,5.66
2010,Bomet,Short Rains,Potatoes,1.97,993.3,17.4,114.8,Hybrid,8.81
2010,Kericho,Long Rains,Beans,6.98,1533.5,17.6,75.2,Hybrid,2.3
2010,Kericho,Long Rains,Maize,12.17,1816.5,17.9,75.2,Hybrid,6.84
2010,Kericho,Long Rains,Tea,2.93,1421.4,17.7,75.2,Hybrid,3.87
2010,Kericho,Short Rains,Beans,0.64,865.7,17.9,75.2,Hybrid,1.03
2010,Kericho,Short Rains,Maize,2.46,816.7,15.6,75.2,Hybrid,2.5
2010,Kericho,Short Rains,Tea,7.74,1024.2,16.7,75.2,Hybrid,4.72
2010,Nyeri,Long Rains,Beans,3.07,993.9,15.0,58.8,Improved Traditional,0.68
2010,Nyeri,Long Rains,Maize,1.08,1137.3,16.8,58.8,Traditional,2.99
2010,Nyeri,Long Rains,Tea,14.18,788.1,18.0,58.8,Traditional,2.5
2010,Nyeri,Long Rains,Coffee,9.22,815.3,17.5,58.8,Traditional,1.64
2010,Nyeri,Short Rains,Beans,10.45,892.2,15.9,58.8,Traditional,1.03
2010,Nyeri,Short Rains,Maize,9.58,469.0,14.5,58.8,Improved Traditional,0.89
2010,Nyeri,Short Rains,Tea,14.98,809.0,16.5,58.8,Traditional,1.43
2010,Nyeri,Short Rains,Coffee,7.91,380.3,15.5,58.8,Traditional,0.24
2010,Muranga,Long Rains,Beans,3.74,852.1,17.0,80.6,Traditional,1.05
2010,Muranga,Long Rains,Maize,13.0,948.2,17.6,80.6,Traditional,3.17
2010,Muranga,Long Rains,Tea,6.32,1043.0,16.1,80.6,Traditional,2.6
2010,Muranga,Long Rains,Coffee,10.73,1280.7,18.3,80.6,Traditional,2.17
2010,Muranga,Short Rains,Beans,9.97,854.0,17.7,80.6,Hybrid,0.76
2010,Muranga,Short Rains,Maize,3.35,704.9,17.9,80.6,Traditional,1.38
2010,Muranga,Short Rains,Tea,4.06,579.4,17.8,80.6,Improved Traditional,0.55
2010,Muranga,Short Rains,Coffee,5.8,684.3,19.0,80.6,Improved Traditional,1.21
2010,Kiambu,Long Rains,Beans,9.96,901.1,16.5,31.0,Traditional,0.9
2010,Kiambu,Long Rains,Maize,4.37,784.1,17.6,31.0,Traditional,1.03
2010,Kiambu,Long Rains,Coffee,12.9,693.5,18.4,31.0,Traditional,0.98
2010,Kiambu,Short Rains,Beans,14.62,623.0,17.9,31.0,Hybrid,0.78
2010,Kiambu,Short Rains,Maize,10.98,507.7,20.0,31.0,Improved Traditional,0.3
2010,Kiambu,Short Rains,Coffee,14.25,306.1,20.1,31.0,Improved Traditional,0.2
2010,Kirinyaga,Long Rains,Beans,13.48,907.2,19.5,58.1,Improved Traditional,1.64
2010,Kirinyaga,Long Rains,Maize,4.9,1011.6,18.8,58.1,Traditional,1.37
2010,Kirinyaga,Long Rains,Coffee,13.22,793.8,17.7,58.1,Improved Traditional,1.5
2010,Kirinyaga,Long Rains,Rice,10.16,972.2,16.9,58.1,Traditional,0.57
2010,Kirinyaga,Short Rains,Beans,7.33,289.9,18.0,58.1,Hybrid,0.2
2010,Kirinyaga,Short Rains,Maize,8.43,299.3,19.3,58.1,Improved Traditional,0.2
2010,Kirinyaga,Short Rains,Coffee,2.91,660.9,18.7,58.1,Traditional,1.05
2010,Kirinyaga,Short Rains,Rice,13.51,272.8,18.9,58.1,Hybrid,0.21
2010,Embu,Long Rains,Beans,9.89,533.8,19.5,43.0,Traditional,0.42
2010,Embu,Long Rains,Maize,8.07,839.8,20.3,43.0,Hybrid,4.15
2010,Embu,Long Rains,Coffee,2.22,930.3,19.5,43.0,Hybrid,2.44
2010,Embu,Short Rains,Beans,3.09,342.9,19.5,43.0,Traditional,0.2
2010,Embu,Short Rains,Maize,8.26,517.5,20.2,43.0,Improved Traditional,0.44
2010,Embu,Short Rains,Coffee,14.6,466.1,21.3,43.0,Hybrid,1.01
2010,Meru,Long Rains,Beans,11.8,605.7,18.1,66.0,Hybrid,0.67
2010,Meru,Long Rains,Maize,4.37,696.4,16.2,66.0,Improved Traditional,1.98
2010,Meru,Long Rains,Coffee,1.97,513.4,16.4,66.0,Traditional,0.39
2010,Meru,Long Rains,Potatoes,3.43,725.3,17.0,66.0,Hybrid,7.7
2010,Meru,Short Rains,Beans,1.0,509.1,16.3,66.0,Improved Traditional,0.21
2010,Meru,Short Rains,Maize,0.78,374.1,15.9,66.0,Improved Traditional,0.22
2010,Meru,Short Rains,Coffee,6.59,380.0,18.4,66.0,Traditional,0.76
2010,Meru,Short Rains,Potatoes,2.45,455.0,17.0,66.0,Improved Traditional,2.84
2010,Tharaka-Nithi,Long Rains,Beans,14.79,822.2,20.2,46.9,Hybrid,1.8
2010,Tharaka-Nithi,Long Rains,Maize,5.91,708.4,18.9,46.9,Traditional,1.21
2010,Tharaka-Nithi,Short Rains,Beans,7.51,419.1,19.7,46.9,Hybrid,0.98
2010,Tharaka-Nithi,Short Rains,Maize,12.8,393.4,21.7,46.9,Hybrid,1.22
2010,Nyandarua,Long Rains,Beans,5.29,1059.6,14.7,71.0,Hybrid,1.37
2010,Nyandarua,Long Rains,Maize,10.77,996.1,16.3,71.0,Hybrid,1.92
2010,Nyandarua,Long Rains,Potatoes,9.61,1081.2,16.7,71.0,Hybrid,8.06
2010,Nyandarua,Short Rains,Beans,11.18,653.0,16.6,71.0,Hybrid,0.69
2010,Nyandarua,Short Rains,Maize,8.38,770.6,14.4,71.0,Hybrid,1.57
2010,Nyandarua,Short Rains,Potatoes,4.77,680.9,16.5,71.0,Hybrid,4.97
2010,Nairobi,Long Rains,Beans,7.56,606.0,18.3,20.7,Improved Traditional,0.31
2010,Nairobi,Long Rains,Maize,8.13,373.4,17.8,20.7,Traditional,0.26
2010,Nairobi,Short Rains,Beans,4.85,771.2,19.0,20.7,Traditional,0.48
2010,Nairobi,Short Rains,Maize,12.12,375.5,19.7,20.7,Hybrid,0.65
2010,Machakos,Long Rains,Sorghum,5.15,620.1,23.0,42.7,Hybrid,0.8
2010,Machakos,Long Rains,Beans,11.86,779.7,23.5,42.7,Traditional,0.74
2010,Machakos,Long Rains,Maize,2.94,643.5,20.0,42.7,Traditional,1.87
2010,Machakos,Short Rains,Sorghum,7.49,201.4,22.3,42.7,Improved Traditional,0.2
2010,Machakos,Short Rains,Beans,6.23,454.2,23.1,42.7,Traditional,0.45
2010,Machakos,Short Rains,Maize,4.55,448.0,22.5,42.7,Hybrid,0.96
2010,Makueni,Long Rains,Sorghum,3.64,597.9,25.2,19.8,Improved Traditional,0.73
2010,Makueni,Long Rains,Beans,6.5,593.0,24.5,19.8,Hybrid,0.38
2010,Makueni,Long Rains,Maize,4.59,672.5,24.3,19.8,Traditional,0.75
2010,Makueni,Short Rains,Sorghum,1.78,202.8,27.9,19.8,Traditional,0.2
2010,Makueni,Short Rains,Beans,0.56,570.5,24.9,19.8,Traditional,0.29
2010,Makueni,Short Rains,Maize,10.68,392.3,24.7,19.8,Hybrid,0.56
2010,Kitui,Long Rains,Sorghum,5.89,513.1,25.1,25.6,Traditional,0.31
2010,Kitui,Long Rains,Beans,14.07,584.4,23.0,25.6,Improved Traditional,0.56
2010,Kitui,Long Rains,Maize,3.74,896.7,26.0,25.6,Hybrid,1.56
2010,Kitui,Short Rains,Sorghum,5.5,479.2,25.3,25.6,Improved Traditional,0.32
2010,Kitui,Short Rains,Beans,13.43,50.0,23.6,25.6,Traditional,0.2
2010,Kitui,Short Rains,Maize,2.57,558.1,24.8,25.6,Hybrid,0.91
2010,Mombasa,Long Rains,Beans,1.64,878.8,27.5,16.7,Traditional,0.2
2010,Mombasa,Long Rains,Maize,10.63,1235.7,29.2,16.7,Improved Traditional,0.32
2010,Mombasa,Short Rains,Beans,12.78,745.2,29.4,16.7,Improved Traditional,0.2
2010,Mombasa,Short Rains,Maize,5.7,668.7,30.1,16.7,Traditional,0.2
2010,Kilifi,Long Rains,Beans,8.96,750.1,26.2,31.6,Traditional,0.36
2010,Kilifi,Long Rains,Maize,5.07,1136.4,27.2,31.6,Improved Traditional,0.71
2010,Kilifi,Long Rains,Cassava,10.01,659.5,23.9,31.6,Improved Traditional,1.54
2010,Kilifi,Short Rains,Beans,11.18,591.9,29.3,31.6,Traditional,0.2
2010,Kilifi,Short Rains,Maize,1.98,675.8,27.2,31.6,Hybrid,1.38
2010,Kilifi,Short Rains,Cassava,9.23,587.2,27.3,31.6,Hybrid,1.24
2010,Kwale,Long Rains,Beans,14.85,1001.8,29.1,29.4,Traditional,0.2
2010,Kwale,Long Rains,Maize,10.39,888.8,29.5,29.4,Traditional,0.73
2010,Kwale,Long Rains,Cassava,12.67,1113.1,26.9,29.4,Traditional,1.03
2010,Kwale,Short Rains,Beans,0.89,478.7,28.3,29.4,Hybrid,0.2
2010,Kwale,Short Rains,Maize,1.33,171.0,28.1,29.4,Improved Traditional,0.2
2010,Kwale,Short Rains,Cassava,12.88,859.7,28.9,29.4,Traditional,1.86
2010,Tana River,Long Rains,Beans,9.59,448.9,30.1,20.1,Improved Traditional,0.2
2010,Tana River,Long Rains,Maize,6.16,417.3,28.2,20.1,Traditional,0.27
2010,Tana River,Long Rains,Rice,13.5,542.9,30.7,20.1,Traditional,0.86
2010,Tana River,Short Rains,Beans,9.88,215.3,31.8,20.1,Traditional,0.2
2010,Tana River,Short Rains,Maize,1.05,247.3,27.5,20.1,Hybrid,0.44
2010,Tana River,Short Rains,Rice,1.32,331.7,31.8,20.1,Hybrid,0.33
2010,Lamu,Long Rains,Beans,2.4,836.6,28.3,38.4,Traditional,0.2
2010,Lamu,Long Rains,Maize,4.67,860.9,26.5,38.4,Improved Traditional,0.21
2010,Lamu,Short Rains,Beans,10.63,476.3,29.8,38.4,Improved Traditional,0.2
2010,Lamu,Short Rains,Maize,9.25,293.3,26.3,38.4,Traditional,0.2
2010,Taita Taveta,Long Rains,Beans,13.85,936.4,22.6,30.7,Improved Traditional,0.91
2010,Taita Taveta,Long Rains,Maize,7.54,897.8,21.8,30.7,Hybrid,2.53
2010,Taita Taveta,Short Rains,Beans,8.12,477.5,22.0,30.7,Traditional,0.3
2010,Taita Taveta,Short Rains,Maize,13.83,418.4,25.1,30.7,Hybrid,1.18
2010,Garissa,Long Rains,Sorghum,12.36,313.4,28.9,18.8,Traditional,0.38
2010,Garissa,Long Rains,Beans,7.3,240.4,31.3,18.8,Traditional,0.2
2010,Garissa,Long Rains,Maize,1.59,295.1,32.7,18.8,Hybrid,0.24
2010,Garissa,Short Rains,Sorghum,4.27,50.0,32.0,18.8,Traditional,0.2
2010,Garissa,Short Rains,Beans,4.55,95.3,33.9,18.8,Improved Traditional,0.2
2010,Garissa,Short Rains,Maize,14.89,223.7,33.0,18.8,Hybrid,0.2
2010,Wajir,Long Rains,Sorghum,7.38,283.0,33.9,30.8,Improved Traditional,0.35
2010,Wajir,Long Rains,Beans,7.14,255.1,33.5,30.8,Traditional,0.2
2010,Wajir,Long Rains,Maize,14.31,86.7,35.3,30.8,Traditional,0.2
2010,Wajir,Short Rains,Sorghum,1.32,146.8,32.5,30.8,Improved Traditional,0.31
2010,Wajir,Short Rains,Beans,10.05,99.0,33.1,30.8,Hybrid,0.2
2010,Wajir,Short Rains,Maize,9.55,125.6,31.1,30.8,Traditional,0.2
2010,Mandera,Long Rains,Sorghum,7.22,288.4,35.0,30.5,Traditional,0.2
2010,Mandera,Long Rains,Beans,5.77,189.9,35.2,30.5,Traditional,0.2
2010,Mandera,Long Rains,Maize,12.4,141.0,32.5,30.5,Traditional,0.2
2010,Mandera,Short Rains,Sorghum,3.71,200.4,34.1,30.5,Hybrid,0.27
2010,Mandera,Short Rains,Beans,8.97,104.9,34.5,30.5,Traditional,0.2
2010,Mandera,Short Rains,Maize,12.65,166.6,34.7,30.5,Hybrid,0.24
2010,Turkana,Long Rains,Sorghum,10.29,448.7,35.7,11.2,Hybrid,0.2
2010,Turkana,Long Rains,Beans,3.48,99.9,37.1,11.2,Hybrid,0.2
2010,Turkana,Long Rains,Maize,9.3,191.9,35.2,11.2,Hybrid,0.25
2010,Turkana,Short Rains,Sorghum,2.94,223.1,34.6,11.2,Improved Traditional,0.2
2010,Turkana,Short Rains,Beans,3.66,178.6,35.7,11.2,Traditional,0.2
2010,Turkana,Short Rains,Maize,5.54,242.1,36.1,11.2,Hybrid,0.31
2010,West Pokot,Long Rains,Beans,12.55,965.3,21.8,59.0,Hybrid,1.57
2010,West Pokot,Long Rains,Maize,8.75,845.0,24.3,59.0,Traditional,3.04
2010,West Pokot,Short Rains,Beans,10.04,414.3,21.6,59.0,Hybrid,0.55
2010,West Pokot,Short Rains,Maize,3.09,249.7,22.5,59.0,Traditional,0.37
2010,Samburu,Long Rains,Beans,11.14,384.5,28.6,23.6,Improved Traditional,0.2
2010,Samburu,Long Rains,Maize,8.56,419.4,25.2,23.6,Traditional,0.76
2010,Samburu,Short Rains,Beans,4.58,133.5,26.2,23.6,Hybrid,0.2
2010,Samburu,Short Rains,Maize,6.08,381.5,28.5,23.6,Improved Traditional,0.46
2010,Baringo,Long Rains,Beans,7.68,892.9,22.5,15.9,Traditional,0.37
2010,Baringo,Long Rains,Maize,12.88,810.3,22.3,15.9,Traditional,1.03
2010,Baringo,Short Rains,Beans,12.77,251.5,25.1,15.9,Hybrid,0.2
2010,Baringo,Short Rains,Maize,8.42,598.4,23.7,15.9,Improved Traditional,0.82
2010,Laikipia,Long Rains,Wheat,10.45,551.0,20.6,79.8,Traditional,1.31
2010,Laikipia,Long Rains,Beans,7.86,711.3,19.9,79.8,Traditional,0.98
2010,Laikipia,Long Rains,Maize,1.93,852.7,20.4,79.8,Hybrid,6.2
2010,Laikipia,Short Rains,Wheat,14.19,567.6,19.0,79.8,Improved Traditional,1.68
2010,Laikipia,Short Rains,Beans,3.88,325.4,19.3,79.8,Traditional,0.21
2010,Laikipia,Short Rains,Maize,9.49,186.0,18.2,79.8,Improved Traditional,0.26
2010,Kisumu,Long Rains,Beans,3.98,930.9,23.2,62.3,Traditional,0.91
2010,Kisumu,Long Rains,Maize,10.65,1269.0,26.3,62.3,Hybrid,6.12
2010,Kisumu,Short Rains,Beans,14.75,512.6,22.9,62.3,Traditional,0.48
2010,Kisumu,Short Rains,Maize,12.42,639.2,21.9,62.3,Traditional,2.34
2010,Siaya,Long Rains,Beans,3.67,952.1,21.1,68.9,Traditional,1.08
2010,Siaya,Long Rains,Maize,8.64,800.1,23.0,68.9,Traditional,2.24
2010,Siaya,Long Rains,Cassava,14.56,483.4,24.4,68.9,Improved Traditional,1.9
2010,Siaya,Short Rains,Beans,10.0,412.1,23.1,68.9,Traditional,0.2
2010,Siaya,Short Rains,Maize,9.73,451.3,21.3,68.9,Improved Traditional,0.58
2010,Siaya,Short Rains,Cassava,9.74,695.3,24.1,68.9,Traditional,2.56
2010,Homa Bay,Long Rains,Beans,9.23,1126.4,22.8,86.3,Traditional,0.89
2010,Homa Bay,Long Rains,Maize,6.28,729.7,22.2,86.3,Hybrid,2.48
2010,Homa Bay,Short Rains,Beans,9.88,395.1,22.6,86.3,Improved Traditional,0.2
2010,Homa Bay,Short Rains,Maize,3.81,646.0,25.1,86.3,Traditional,1.82
2010,Migori,Long Rains,Beans,2.03,1133.6,21.4,68.6,Hybrid,0.96
2010,Migori,Long Rains,Maize,3.78,501.4,22.1,68.6,Hybrid,0.9
2010,Migori,Short Rains,Beans,11.06,578.9,20.9,68.6,Traditional,0.66
2010,Migori,Short Rains,Maize,10.79,616.9,19.0,68.6,Traditional,1.08
2010,Kajiado,Long Rains,Beans,1.56,514.7,21.6,22.6,Traditional,0.49
2010,Kajiado,Long Rains,Maize,8.17,615.0,20.5,22.6,Improved Traditional,0.94
2010,Kajiado,Short Rains,Beans,10.15,310.7,20.0,22.6,Hybrid,0.4
2010,Kajiado,Short Rains,Maize,10.64,292.7,21.4,22.6,Hybrid,0.58
2010,Narok,Long Rains,Wheat,6.39,849.8,20.3,56.1,Traditional,3.06
2010,Narok,Long Rains,Beans,9.65,659.5,20.2,56.1,Improved Traditional,1.3
2010,Narok,Long Rains,Maize,11.8,483.2,16.8,56.1,Hybrid,0.93
2010,Narok,Short Rains,Wheat,0.75,683.6,18.7,56.1,Traditional,2.76
2010,Narok,Short Rains,Beans,7.16,818.9,16.9,56.1,Hybrid,1.63
2010,Narok,Short Rains,Maize,3.51,979.0,18.7,56.1,Hybrid,3.61
2010,Elgeyo-Marakwet,Long Rains,Beans,0.76,623.8,18.2,61.3,Traditional,0.53
2010,Elgeyo-Marakwet,Long Rains,Maize,5.65,732.3,18.1,61.3,Improved Traditional,1.44
2010,Elgeyo-Marakwet,Short Rains,Beans,14.28,536.7,16.1,61.3,Improved Traditional,0.74
2010,Elgeyo-Marakwet,Short Rains,Maize,1.54,510.1,16.7,61.3,Traditional,1.15
2010,Busia,Long Rains,Beans,3.46,994.6,20.4,68.1,Hybrid,0.2
2010,Busia,Long Rains,Maize,2.83,929.8,22.1,68.1,Traditional,3.39
2010,Busia,Long Rains,Cassava,11.58,898.6,21.7,68.1,Traditional,2.44
2010,Busia,Long Rains,Rice,14.53,782.7,19.6,68.1,Improved Traditional,1.4
2010,Busia,Short Rains,Beans,12.34,516.2,20.8,68.1,Traditional,0.43
2010,Busia,Short Rains,Maize,10.73,712.6,20.7,68.1,Traditional,1.93
2010,Busia,Short Rains,Cassava,5.28,791.5,17.7,68.1,Improved Traditional,0.9
2010,Busia,Short Rains,Rice,10.19,778.6,20.7,68.1,Improved Traditional,1.75
2010,Isiolo,Long Rains,Beans,4.65,250.6,30.1,20.3,Improved Traditional,0.2
2010,Isiolo,Long Rains,Maize,8.86,263.6,29.7,20.3,Traditional,0.26
2010,Isiolo,Short Rains,Beans,9.92,50.0,31.2,20.3,Traditional,0.2
2010,Isiolo,Short Rains,Maize,9.64,191.4,31.5,20.3,Hybrid,0.2
2010,Marsabit,Long Rains,Beans,10.14,191.0,32.8,45.3,Hybrid,0.2
2010,Marsabit,Long Rains,Maize,0.93,147.8,27.5,45.3,Traditional,0.2
2010,Marsabit,Short Rains,Beans,10.25,72.6,31.0,45.3,Hybrid,0.2
2010,Marsabit,Short Rains,Maize,9.85,123.1,33.0,45.3,Traditional,0.2
2011,Uasin Gishu,Long Rains,Wheat,3.64,1059.7,16.3,79.2,Traditional,8.38
2011,Uasin Gishu,Long Rains,Beans,7.81,951.8,17.2,79.2,Improved Traditional,1.06
2011,Uasin Gishu,Long Rains,Maize,3.66,1207.9,18.1,79.2,Hybrid,6.82
2011,Uasin Gishu,Short Rains,Wheat,12.52,850.0,17.2,79.2,Hybrid,5.42
2011,Uasin Gishu,Short Rains,Beans,11.82,835.6,17.3,79.2,Improved Traditional,0.98
2011,Uasin Gishu,Short Rains,Maize,5.59,1024.4,17.6,79.2,Hybrid,3.44
2011,Trans Nzoia,Long Rains,Wheat,7.19,1660.4,16.2,100.7,Hybrid,21.23
2011,Trans Nzoia,Long Rains,Beans,2.29,1085.4,15.4,100.7,Improved Traditional,1.22
2011,Trans Nzoia,Long Rains,Maize,9.62,986.5,14.6,100.7,Hybrid,4.18
2011,Trans Nzoia,Short Rains,Wheat,7.66,832.4,15.9,100.7,Hybrid,7.92
2011,Trans Nzoia,Short Rains,Beans,9.29,638.0,14.6,100.7,Traditional,0.43
2011,Trans Nzoia,Short Rains,Maize,11.49,959.9,15.6,100.7,Traditional,2.99
2011,Nakuru,Long Rains,Wheat,3.95,630.8,17.5,121.2,Improved Traditional,2.84
2011,Nakuru,Long Rains,Beans,10.53,892.0,18.7,121.2,Hybrid,3.53
2011,Nakuru,Long Rains,Maize,12.21,1210.2,17.5,121.2,Hybrid,7.92
2011,Nakuru,Long Rains,Potatoes,10.42,970.7,19.2,121.2,Improved Traditional,11.14
2011,Nakuru,Short Rains,Wheat,10.59,693.3,17.4,121.2,Hybrid,4.39
2011,Nakuru,Short Rains,Beans,10.0,545.3,19.1,121.2,Traditional,1.44
2011,Nakuru,Short Rains,Maize,8.52,668.1,19.5,121.2,Improved Traditional,4.44
2011,Nakuru,Short Rains,Potatoes,9.73,591.5,21.5,121.2,Hybrid,4.06
2011,Nandi,Long Rains,Beans,13.67,1387.3,15.6,130.3,Traditional,2.35
2011,Nandi,Long Rains,Maize,7.2,1168.2,18.1,130.3,Traditional,4.27
2011,Nandi,Long Rains,Tea,5.88,1179.8,17.1,130.3,Hybrid,2.4
2011,Nandi,Short Rains,Beans,5.53,934.4,17.2,130.3,Hybrid,2.54
2011,Nandi,Short Rains,Maize,4.64,560.1,19.1,130.3,Improved Traditional,3.26
2011,Nandi,Short Rains,Tea,2.48,710.1,17.9,130.3,Hybrid,2.74
2011,Bungoma,Long Rains,Beans,7.21,1218.0,20.0,108.2,Traditional,2.9
2011,Bungoma,Long Rains,Maize,12.68,796.6,17.4,108.2,Hybrid,4.84
2011,Bungoma,Short Rains,Beans,10.69,778.1,17.0,108.2,Hybrid,2.03
2011,Bungoma,Short Rains,Maize,10.75,1053.3,18.5,108.2,Hybrid,6.63
2011,Kakamega,Long Rains,Beans,14.18,1289.6,18.5,105.6,Hybrid,1.86
2011,Kakamega,Long Rains,Maize,7.25,1397.1,17.6,105.6,Improved Traditional,2.56
2011,Kakamega,Short Rains,Beans,13.37,854.6,17.2,105.6,Hybrid,0.85
2011,Kakamega,Short Rains,Maize,9.99,1346.5,19.9,105.6,Hybrid,5.25
2011,Kisii,Long Rains,Beans,13.0,1200.7,19.7,91.7,Traditional,1.12
2011,Kisii,Long Rains,Maize,5.12,1626.7,16.6,91.7,Hybrid,5.38
2011,Kisii,Short Rains,Beans,7.4,1027.0,19.2,91.7,Hybrid,2.19
2011,Kisii,Short Rains,Maize,5.34,477.3,17.1,91.7,Traditional,0.35
2011,Nyamira,Long Rains,Beans,10.72,1929.5,19.7,80.5,Hybrid,4.44
2011,Nyamira,Long Rains,Maize,4.07,1173.2,18.3,80.5,Hybrid,3.32
2011,Nyamira,Short Rains,Beans,10.41,864.6,17.5,80.5,Improved Traditional,0.81
2011,Nyamira,Short Rains,Maize,7.15,484.7,18.1,80.5,Hybrid,0.49
2011,Vihiga,Long Rains,Beans,6.88,1509.4,19.5,62.2,Traditional,1.85
2011,Vihiga,Long Rains,Maize,12.54,1519.0,20.6,62.2,Traditional,3.69
2011,Vihiga,Short Rains,Beans,9.34,886.0,20.2,62.2,Traditional,1.05
2011,Vihiga,Short Rains,Maize,1.1,1031.9,20.3,62.2,Traditional,2.92
2011,Bomet,Long Rains,Beans,9.47,1147.3,19.0,142.5,Improved Traditional,2.96
2011,Bomet,Long Rains,Maize,6.75,1361.7,18.5,142.5,Improved Traditional,7.46
2011,Bomet,Long Rains,Tea,4.14,1226.3,18.7,142.5,Hybrid,12.82
2011,Bomet,Long Rains,Potatoes,13.88,1784.2,17.9,142.5,Hybrid,25.25
2011,Bomet,Short Rains,Beans,5.1,1348.4,16.6,142.5,Improved Traditional,2.4
2011,Bomet,Short Rains,Maize,8.12,1045.7,19.4,142.5,Traditional,3.92
2011,Bomet,Short Rains,Tea,3.46,597.3,19.2,142.5,Hybrid,3.5
2011,Bomet,Short Rains,Potatoes,2.32,835.0,16.6,142.5,Hybrid,7.69
2011,Kericho,Long Rains,Beans,3.81,908.4,18.0,125.9,Improved Traditional,1.79
2011,Kericho,Long Rains,Maize,2.1,1393.1,19.2,125.9,Hybrid,3.94
2011,Kericho,Long Rains,Tea,9.58,1603.3,18.2,125.9,Hybrid,4.59
2011,Kericho,Short Rains,Beans,6.91,1388.9,16.2,125.9,Hybrid,2.86
2011,Kericho,Short Rains,Maize,3.59,822.9,19.0,125.9,Traditional,3.51
2011,Kericho,Short Rains,Tea,13.7,588.3,17.6,125.9,Hybrid,1.68
2011,Nyeri,Long Rains,Beans,11.06,744.9,17.8,66.2,Improved Traditional,1.48
2011,Nyeri,Long Rains,Maize,0.95,686.8,14.8,66.2,Traditional,1.5
2011,Nyeri,Long Rains,Tea,4.89,1042.8,16.6,66.2,Traditional,4.17
2011,Nyeri,Long Rains,Coffee,2.87,725.4,17.9,66.2,Improved Traditional,1.8
2011,Nyeri,Short Rains,Beans,2.59,196.5,17.3,66.2,Hybrid,0.2
2011,Nyeri,Short Rains,Maize,6.72,537.2,14.1,66.2,Traditional,0.57
2011,Nyeri,Short Rains,Tea,6.47,910.5,18.1,66.2,Traditional,4.42
2011,Nyeri,Short Rains,Coffee,6.11,365.4,15.9,66.2,Traditional,0.25
2011,Muranga,Long Rains,Beans,9.89,722.3,18.2,40.6,Hybrid,1.02
2011,Muranga,Long Rains,Maize,6.35,953.2,18.5,40.6,Traditional,1.54
2011,Muranga,Long Rains,Tea,2.5,1050.0,19.6,40.6,Improved Traditional,2.21
2011,Muranga,Long Rains,Coffee,4.06,894.2,19.0,40.6,Traditional,0.69
2011,Muranga,Short Rains,Beans,14.59,513.0,17.4,40.6,Traditional,0.65
2011,Muranga,Short Rains,Maize,14.93,1087.4,16.9,40.6,Traditional,1.86
2011,Muranga,Short Rains,Tea,9.16,389.3,17.3,40.6,Hybrid,0.47
2011,Muranga,Short Rains,Coffee,8.79,553.9,18.6,40.6,Hybrid,0.88
2011,Kiambu,Long Rains,Beans,9.64,1091.0,18.2,62.4,Traditional,1.41
2011,Kiambu,Long Rains,Maize,11.71,1159.2,16.7,62.4,Traditional,1.66
2011,Kiambu,Long Rains,Coffee,0.51,1031.5,18.5,62.4,Traditional,3.21
2011,Kiambu,Short Rains,Beans,6.85,587.3,17.8,62.4,Traditional,0.6
2011,Kiambu,Short Rains,Maize,5.23,502.9,18.2,62.4,Improved Traditional,0.75
2011,Kiambu,Short Rains,Coffee,13.7,674.0,15.7,62.4,Traditional,0.95
2011,Kirinyaga,Long Rains,Beans,3.97,1170.4,18.6,24.5,Traditional,1.14
2011,Kirinyaga,Long Rains,Maize,3.37,1120.2,18.0,24.5,Improved Traditional,1.88
2011,Kirinyaga,Long Rains,Coffee,7.48,748.5,17.3,24.5,Hybrid,1.75
2011,Kirinyaga,Long Rains,Rice,11.56,1250.8,17.9,24.5,Hybrid,0.98
2011,Kirinyaga,Short Rains,Beans,14.84,798.5,17.5,24.5,Traditional,0.66
2011,Kirinyaga,Short Rains,Maize,13.69,602.0,17.6,24.5,Traditional,0.93
2011,Kirinyaga,Short Rains,Coffee,10.69,598.9,17.4,24.5,Traditional,0.62
2011,Kirinyaga,Short Rains,Rice,12.24,557.9,20.1,24.5,Hybrid,0.73
2011,Embu,Long Rains,Beans,2.99,773.3,21.4,86.7,Traditional,1.09
2011,Embu,Long Rains,Maize,13.74,805.8,19.3,86.7,Traditional,1.22
2011,Embu,Long Rains,Coffee,8.94,853.3,18.9,86.7,Traditional,2.35
2011,Embu,Short Rains,Beans,1.91,401.8,20.6,86.7,Traditional,0.65
2011,Embu,Short Rains,Maize,5.22,214.0,20.0,86.7,Improved Traditional,0.45
2011,Embu,Short Rains,Coffee,8.96,424.6,19.2,86.7,Traditional,1.66
2011,Meru,Long Rains,Beans,13.81,989.9,19.0,54.0,Hybrid,2.19
2011,Meru,Long Rains,Maize,13.04,675.8,15.9,54.0,Traditional,0.71
2011,Meru,Long Rains,Coffee,11.52,712.9,17.3,54.0,Traditional,1.56
2011,Meru,Long Rains,Potatoes,3.3,928.6,17.6,54.0,Improved Traditional,6.54
2011,Meru,Short Rains,Beans,13.24,569.9,17.4,54.0,Traditional,0.49
2011,Meru,Short Rains,Maize,6.97,623.5,17.7,54.0,Improved Traditional,1.96
2011,Meru,Short Rains,Coffee,2.7,520.6,18.3,54.0,Hybrid,1.76
2011,Meru,Short Rains,Potatoes,7.94,473.5,20.1,54.0,Improved Traditional,2.65
2011,Tharaka-Nithi,Long Rains,Beans,6.14,859.3,21.5,52.8,Hybrid,1.9
2011,Tharaka-Nithi,Long Rains,Maize,14.91,608.7,20.1,52.8,Traditional,2.6
2011,Tharaka-Nithi,Short Rains,Beans,5.43,819.3,20.8,52.8,Improved Traditional,1.14
2011,Tharaka-Nithi,Short Rains,Maize,10.47,818.3,22.6,52.8,Traditional,3.3
2011,Nyandarua,Long Rains,Beans,8.89,836.4,15.9,108.8,Hybrid,1.52
2011,Nyandarua,Long Rains,Maize,10.4,818.9,17.1,108.8,Hybrid,2.95
2011,Nyandarua,Long Rains,Potatoes,9.34,1294.3,13.9,108.8,Hybrid,15.74
2011,Nyandarua,Short Rains,Beans,9.25,678.0,16.2,108.8,Hybrid,1.44
2011,Nyandarua,Short Rains,Maize,14.55,605.4,16.0,108.8,Hybrid,2.66
2011,Nyandarua,Short Rains,Potatoes,2.34,655.9,16.2,108.8,Traditional,5.64
2011,Nairobi,Long Rains,Beans,14.53,776.1,18.4,37.1,Traditional,0.6
2011,Nairobi,Long Rains,Maize,2.85,657.3,20.3,37.1,Improved Traditional,0.93
2011,Nairobi,Short Rains,Beans,12.14,385.2,17.5,37.1,Improved Traditional,0.28
2011,Nairobi,Short Rains,Maize,10.88,502.5,18.5,37.1,Traditional,0.48
2011,Machakos,Long Rains,Sorghum,4.55,797.0,21.9,68.0,Improved Traditional,0.59
2011,Machakos,Long Rains,Beans,8.71,476.0,21.2,68.0,Traditional,0.28
2011,Machakos,Long Rains,Maize,1.22,710.0,23.4,68.0,Hybrid,2.78
2011,Machakos,Short Rains,Sorghum,8.11,315.8,22.7,68.0,Traditional,0.44
2011,Machakos,Short Rains,Beans,8.17,274.9,23.1,68.0,Improved Traditional,0.2
2011,Machakos,Short Rains,Maize,11.35,403.0,22.1,68.0,Traditional,2.45
2011,Makueni,Long Rains,Sorghum,14.9,681.5,25.4,25.8,Traditional,0.88
2011,Makueni,Long Rains,Beans,8.06,484.8,26.6,25.8,Traditional,0.2
2011,Makueni,Long Rains,Maize,8.31,561.9,26.1,25.8,Hybrid,1.14
2011,Makueni,Short Rains,Sorghum,3.37,490.4,23.8,25.8,Hybrid,0.72
2011,Makueni,Short Rains,Beans,2.91,155.4,24.2,25.8,Traditional,0.2
2011,Makueni,Short Rains,Maize,9.06,293.3,23.9,25.8,Traditional,0.63
2011,Kitui,Long Rains,Sorghum,13.79,545.9,23.6,20.2,Traditional,0.37
2011,Kitui,Long Rains,Beans,5.06,650.1,24.7,20.2,Improved Traditional,0.2
2011,Kitui,Long Rains,Maize,14.35,385.8,23.6,20.2,Hybrid,0.66
2011,Kitui,Short Rains,Sorghum,1.96,292.3,24.9,20.2,Improved Traditional,0.2
2011,Kitui,Short Rains,Beans,9.8,347.5,24.9,20.2,Improved Traditional,0.2
2011,Kitui,Short Rains,Maize,10.58,719.5,24.7,20.2,Traditional,1.17
2011,Mombasa,Long Rains,Beans,9.34,1000.7,28.2,11.3,Traditional,0.2
2011,Mombasa,Long Rains,Maize,5.4,1046.4,27.9,11.3,Improved Traditional,0.46
2011,Mombasa,Short Rains,Beans,10.27,588.5,28.1,11.3,Traditional,0.2
2011,Mombasa,Short Rains,Maize,12.07,1054.3,30.4,11.3,Traditional,0.31
2011,Kilifi,Long Rains,Beans,14.06,631.9,28.3,14.9,Traditional,0.2
2011,Kilifi,Long Rains,Maize,5.86,677.5,26.0,14.9,Hybrid,0.89
2011,Kilifi,Long Rains,Cassava,8.46,1281.4,28.7,14.9,Traditional,1.8
2011,Kilifi,Short Rains,Beans,5.24,344.6,26.4,14.9,Traditional,0.2
2011,Kilifi,Short Rains,Maize,5.68,70.0,27.5,14.9,Improved Traditional,0.2
2011,Kilifi,Short Rains,Cassava,7.7,550.7,28.5,14.9,Traditional,1.46
2011,Kwale,Long Rains,Beans,9.61,1122.9,27.2,27.1,Traditional,0.37
2011,Kwale,Long Rains,Maize,8.63,937.7,26.4,27.1,Traditional,0.74
2011,Kwale,Long Rains,Cassava,14.32,966.0,30.8,27.1,Traditional,1.5
2011,Kwale,Short Rains,Beans,8.35,324.2,28.0,27.1,Hybrid,0.2
2011,Kwale,Short Rains,Maize,2.56,502.4,28.0,27.1,Traditional,0.3
2011,Kwale,Short Rains,Cassava,13.38,713.7,28.1,27.1,Improved Traditional,1.23
2011,Tana River,Long Rains,Beans,12.83,465.5,28.0,30.9,Traditional,0.2
2011,Tana River,Long Rains,Maize,3.76,285.0,28.5,30.9,Traditional,0.45
2011,Tana River,Long Rains,Rice,3.67,488.3,29.8,30.9,Traditional,0.35
2011,Tana River,Short Rains,Beans,8.77,331.5,28.6,30.9,Hybrid,0.2
2011,Tana River,Short Rains,Maize,1.13,428.0,29.1,30.9,Hybrid,0.58
2011,Tana River,Short Rains,Rice,13.62,385.1,30.9,30.9,Traditional,0.3
2011,Lamu,Long Rains,Beans,8.44,646.4,29.1,21.2,Traditional,0.2
2011,Lamu,Long Rains,Maize,3.97,1064.1,30.1,21.2,Improved Traditional,0.29
2011,Lamu,Short Rains,Beans,10.79,520.9,30.5,21.2,Traditional,0.2
2011,Lamu,Short Rains,Maize,14.2,777.6,26.9,21.2,Traditional,0.7
2011,Taita Taveta,Long Rains,Beans,5.73,772.5,23.7,8.4,Traditional,0.2
2011,Taita Taveta,Long Rains,Maize,8.63,581.8,24.1,8.4,Hybrid,0.96
2011,Taita Taveta,Short Rains,Beans,7.96,655.9,23.4,8.4,Improved Traditional,0.2
2011,Taita Taveta,Short Rains,Maize,12.72,500.3,23.9,8.4,Improved Traditional,0.54
2011,Garissa,Long Rains,Sorghum,14.85,260.9,33.0,24.0,Improved Traditional,0.41
2011,Garissa,Long Rains,Beans,8.76,278.0,33.8,24.0,Traditional,0.2
2011,Garissa,Long Rains,Maize,0.96,375.5,32.1,24.0,Improved Traditional,0.38
2011,Garissa,Short Rains,Sorghum,8.01,276.4,32.4,24.0,Hybrid,0.53
2011,Garissa,Short Rains,Beans,9.04,228.2,31.7,24.0,Traditional,0.2
2011,Garissa,Short Rains,Maize,7.5,117.5,33.3,24.0,Hybrid,0.2
2011,Wajir,Long Rains,Sorghum,14.49,360.0,34.0,16.5,Hybrid,0.34
2011,Wajir,Long Rains,Beans,9.25,248.1,34.5,16.5,Traditional,0.2
2011,Wajir,Long Rains,Maize,5.75,277.0,32.3,16.5,Improved Traditional,0.2
2011,Wajir,Short Rains,Sorghum,4.23,254.5,32.3,16.5,Improved Traditional,0.26
2011,Wajir,Short Rains,Beans,5.85,94.4,31.3,16.5,Improved Traditional,0.2
2011,Wajir,Short Rains,Maize,10.66,121.9,32.1,16.5,Traditional,0.2
2011,Mandera,Long Rains,Sorghum,4.7,183.9,32.9,23.8,Traditional,0.2
2011,Mandera,Long Rains,Beans,4.37,225.7,37.4,23.8,Hybrid,0.2
2011,Mandera,Long Rains,Maize,1.58,298.7,34.9,23.8,Improved Traditional,0.2
2011,Mandera,Short Rains,Sorghum,11.78,274.8,34.3,23.8,Hybrid,0.3
2011,Mandera,Short Rains,Beans,8.07,228.9,34.4,23.8,Hybrid,0.2
2011,Mandera,Short Rains,Maize,5.74,50.0,33.4,23.8,Hybrid,0.2
2011,Turkana,Long Rains,Sorghum,10.03,254.5,33.9,17.2,Traditional,0.2
2011,Turkana,Long Rains,Beans,11.08,312.4,34.4,17.2,Improved Traditional,0.2
2011,Turkana,Long Rains,Maize,8.21,297.7,35.6,17.2,Improved Traditional,0.3
2011,Turkana,Short Rains,Sorghum,9.85,86.1,36.1,17.2,Traditional,0.2
2011,Turkana,Short Rains,Beans,3.28,233.1,36.8,17.2,Hybrid,0.2
2011,Turkana,Short Rains,Maize,8.6,275.0,34.8,17.2,Hybrid,0.35
2011,West Pokot,Long Rains,Beans,1.88,654.8,21.9,33.8,Hybrid,0.76
2011,West Pokot,Long Rains,Maize,0.99,828.1,22.7,33.8,Traditional,2.51
2011,West Pokot,Short Rains,Beans,2.04,497.8,22.0,33.8,Hybrid,0.41
2011,West Pokot,Short Rains,Maize,14.78,468.3,22.5,33.8,Traditional,1.49
2011,Samburu,Long Rains,Beans,5.89,403.5,26.1,23.5,Traditional,0.21
2011,Samburu,Long Rains,Maize,11.86,303.7,27.4,23.5,Traditional,0.2
2011,Samburu,Short Rains,Beans,11.98,322.6,24.1,23.5,Hybrid,0.2
2011,Samburu,Short Rains,Maize,8.45,334.4,25.6,23.5,Traditional,0.35
2011,Baringo,Long Rains,Beans,0.78,518.0,25.5,34.4,Traditional,0.2
2011,Baringo,Long Rains,Maize,5.33,1043.9,24.5,34.4,Hybrid,2.59
2011,Baringo,Short Rains,Beans,12.53,367.5,23.7,34.4,Improved Traditional,0.2
2011,Baringo,Short Rains,Maize,11.26,244.0,24.7,34.4,Improved Traditional,0.2
2011,Laikipia,Long Rains,Wheat,11.72,774.6,19.2,62.7,Improved Traditional,2.88
2011,Laikipia,Long Rains,Beans,10.29,995.7,20.7,62.7,Traditional,0.99
2011,Laikipia,Long Rains,Maize,13.67,734.9,20.0,62.7,Hybrid,3.49
2011,Laikipia,Short Rains,Wheat,5.31,338.4,19.0,62.7,Improved Traditional,0.6
2011,Laikipia,Short Rains,Beans,10.46,737.7,20.8,62.7,Traditional,1.06
2011,Laikipia,Short Rains,Maize,4.32,555.3,19.3,62.7,Traditional,1.84
2011,Kisumu,Long Rains,Beans,13.8,771.1,23.3,39.3,Traditional,0.51
2011,Kisumu,Long Rains,Maize,5.01,1222.0,22.1,39.3,Traditional,1.02
2011,Kisumu,Short Rains,Beans,5.37,320.9,21.4,39.3,Hybrid,0.2
2011,Kisumu,Short Rains,Maize,14.81,331.1,24.3,39.3,Traditional,0.21
2011,Siaya,Long Rains,Beans,3.65,952.8,21.6,26.5,Traditional,0.5
2011,Siaya,Long Rains,Maize,13.62,771.6,23.5,26.5,Improved Traditional,1.76
2011,Siaya,Long Rains,Cassava,2.44,1158.2,20.0,26.5,Traditional,1.17
2011,Siaya,Short Rains,Beans,10.4,598.1,21.7,26.5,Traditional,0.21
2011,Siaya,Short Rains,Maize,12.08,820.0,22.9,26.5,Hybrid,1.19
2011,Siaya,Short Rains,Cassava,11.75,326.4,23.4,26.5,Traditional,0.25
2011,Homa Bay,Long Rains,Beans,8.28,1160.9,24.3,47.9,Traditional,0.83
2011,Homa Bay,Long Rains,Maize,12.12,1069.2,24.1,47.9,Traditional,1.7
2011,Homa Bay,Short Rains,Beans,8.83,741.6,22.4,47.9,Hybrid,0.88
2011,Homa Bay,Short Rains,Maize,12.73,607.5,25.0,47.9,Improved Traditional,1.28
2011,Migori,Long Rains,Beans,4.02,1115.9,21.8,66.9,Traditional,0.77
2011,Migori,Long Rains,Maize,13.19,1316.6,21.6,66.9,Traditional,3.12
2011,Migori,Short Rains,Beans,0.64,706.6,20.2,66.9,Traditional,0.54
2011,Migori,Short Rains,Maize,1.17,411.6,21.6,66.9,Traditional,0.3
2011,Kajiado,Long Rains,Beans,13.75,676.5,21.4,35.4,Improved Traditional,0.82
2011,Kajiado,Long Rains,Maize,10.81,259.8,23.7,35.4,Hybrid,0.83
2011,Kajiado,Short Rains,Beans,11.9,368.8,20.4,35.4,Improved Traditional,0.31
2011,Kajiado,Short Rains,Maize,2.09,448.9,20.5,35.4,Traditional,1.1
2011,Narok,Long Rains,Wheat,11.06,1162.5,18.5,60.0,Hybrid,5.52
2011,Narok,Long Rains,Beans,3.06,1003.4,19.9,60.0,Improved Traditional,0.89
2011,Narok,Long Rains,Maize,8.34,652.6,18.0,60.0,Traditional,1.45
2011,Narok,Short Rains,Wheat,10.28,688.0,19.6,60.0,Traditional,2.09
2011,Narok,Short Rains,Beans,7.79,416.4,19.8,60.0,Hybrid,0.46
2011,Narok,Short Rains,Maize,3.33,407.6,18.4,60.0,Improved Traditional,1.23
2011,Elgeyo-Marakwet,Long Rains,Beans,12.81,1166.5,20.5,53.4,Improved Traditional,1.43
2011,Elgeyo-Marakwet,Long Rains,Maize,12.37,953.6,18.2,53.4,Hybrid,4.05
2011,Elgeyo-Marakwet,Short Rains,Beans,4.8,641.7,17.0,53.4,Improved Traditional,1.2
2011,Elgeyo-Marakwet,Short Rains,Maize,10.45,636.6,17.3,53.4,Hybrid,2.02
2011,Busia,Long Rains,Beans,2.41,792.8,22.6,33.6,Improved Traditional,0.38
2011,Busia,Long Rains,Maize,14.24,641.3,18.9,33.6,Hybrid,2.17
2011,Busia,Long Rains,Cassava,3.64,679.8,19.3,33.6,Traditional,0.7
2011,Busia,Long Rains,Rice,0.5,979.8,22.6,33.6,Traditional,1.23
2011,Busia,Short Rains,Beans,2.94,685.0,20.8,33.6,Traditional,0.5
2011,Busia,Short Rains,Maize,8.61,794.1,20.3,33.6,Traditional,0.58
2011,Busia,Short Rains,Cassava,13.15,668.0,19.3,33.6,Improved Traditional,1.28
2011,Busia,Short Rains,Rice,7.58,1141.1,20.2,33.6,Traditional,1.56
2011,Isiolo,Long Rains,Beans,11.39,495.2,30.2,22.1,Hybrid,0.2
2011,Isiolo,Long Rains,Maize,3.81,320.4,28.9,22.1,Traditional,0.33
2011,Isiolo,Short Rains,Beans,5.28,136.4,30.6,22.1,Improved Traditional,0.2
2011,Isiolo,Short Rains,Maize,14.95,289.3,30.4,22.1,Traditional,0.23
2011,Marsabit,Long Rains,Beans,4.56,385.1,31.8,17.0,Hybrid,0.2
2011,Marsabit,Long Rains,Maize,9.16,291.2,30.6,17.0,Traditional,0.2
2011,Marsabit,Short Rains,Beans,4.04,165.4,32.7,17.0,Improved Traditional,0.2
2011,Marsabit,Short Rains,Maize,14.33,281.0,30.9,17.0,Improved Traditional,0.2
2012,Uasin Gishu,Long Rains,Wheat,6.44,1140.6,18.2,130.1,Improved Traditional,9.79
2012,Uasin Gishu,Long Rains,Beans,3.65,744.3,19.0,130.1,Hybrid,2.49
2012,Uasin Gishu,Long Rains,Maize,6.37,910.7,16.6,130.1,Traditional,6.79
2012,Uasin Gishu,Short Rains,Wheat,6.13,450.4,16.7,130.1,Hybrid,1.17
2012,Uasin Gishu,Short Rains,Beans,6.09,307.3,17.4,130.1,Hybrid,0.4
2012,Uasin Gishu,Short Rains,Maize,6.32,425.9,17.9,130.1,Improved Traditional,0.79
2012,Trans Nzoia,Long Rains,Wheat,6.26,1082.9,16.4,96.3,Hybrid,6.91
2012,Trans Nzoia,Long Rains,Beans,4.06,713.0,14.8,96.3,Traditional,0.88
2012,Trans Nzoia,Long Rains,Maize,7.89,874.7,16.1,96.3,Hybrid,3.18
2012,Trans Nzoia,Short Rains,Wheat,0.79,704.3,16.5,96.3,Hybrid,6.43
2012,Trans Nzoia,Short Rains,Beans,7.53,610.3,15.2,96.3,Hybrid,1.5
2012,Trans Nzoia,Short Rains,Maize,4.35,726.9,15.6,96.3,Traditional,2.45
2012,Nakuru,Long Rains,Wheat,4.73,857.8,17.4,117.2,Hybrid,10.37
2012,Nakuru,Long Rains,Beans,5.56,809.4,20.2,117.2,Traditional,1.68
2012,Nakuru,Long Rains,Maize,7.69,736.8,20.2,117.2,Traditional,5.49
2012,Nakuru,Long Rains,Potatoes,3.19,707.9,19.0,117.2,Hybrid,8.34
2012,Nakuru,Short Rains,Wheat,1.75,389.7,19.2,117.2,Hybrid,1.06
2012,Nakuru,Short Rains,Beans,3.04,488.1,20.7,117.2,Hybrid,2.13
2012,Nakuru,Short Rains,Maize,9.81,429.3,18.2,117.2,Hybrid,2.2
2012,Nakuru,Short Rains,Potatoes,14.76,748.5,20.1,117.2,Improved Traditional,5.31
2012,Nandi,Long Rains,Beans,6.89,822.9,17.7,129.0,Hybrid,1.73
2012,Nandi,Long Rains,Maize,8.5,681.1,18.4,129.0,Improved Traditional,2.13
2012,Nandi,Long Rains,Tea,3.47,1154.7,20.0,129.0,Hybrid,6.67
2012,Nandi,Short Rains,Beans,7.52,592.8,20.2,129.0,Hybrid,3.13
2012,Nandi,Short Rains,Maize,6.88,494.8,19.7,129.0,Improved Traditional,1.32
2012,Nandi,Short Rains,Tea,1.49,440.0,17.6,129.0,Hybrid,1.35
2012,Bungoma,Long Rains,Beans,12.84,623.6,17.8,123.5,Hybrid,1.38
2012,Bungoma,Long Rains,Maize,0.81,1011.3,16.8,123.5,Hybrid,5.26
2012,Bungoma,Short Rains,Beans,2.02,384.4,18.7,123.5,Hybrid,0.56
2012,Bungoma,Short Rains,Maize,5.3,366.3,18.7,123.5,Hybrid,0.77
2012,Kakamega,Long Rains,Beans,10.48,859.8,19.2,92.3,Improved Traditional,1.1
2012,Kakamega,Long Rains,Maize,14.57,705.0,19.1,92.3,Traditional,1.38
2012,Kakamega,Short Rains,Beans,2.55,438.5,17.6,92.3,Improved Traditional,0.2
2012,Kakamega,Short Rains,Maize,2.73,756.3,18.2,92.3,Traditional,1.61
2012,Kisii,Long Rains,Beans,8.58,938.8,16.7,132.2,Hybrid,0.87
2012,Kisii,Long Rains,Maize,5.53,1045.4,18.6,132.2,Traditional,3.67
2012,Kisii,Short Rains,Beans,11.19,418.5,18.5,132.2,Improved Traditional,0.2
2012,Kisii,Short Rains,Maize,7.4,1438.1,18.6,132.2,Traditional,4.61
2012,Nyamira,Long Rains,Beans,13.37,1654.3,19.0,142.2,Improved Traditional,3.73
2012,Nyamira,Long Rains,Maize,13.17,920.7,18.1,142.2,Traditional,2.82
2012,Nyamira,Short Rains,Beans,12.96,575.9,19.8,142.2,Traditional,0.54
2012,Nyamira,Short Rains,Maize,11.2,758.8,19.8,142.2,Hybrid,4.01
2012,Vihiga,Long Rains,Beans,13.03,926.7,20.5,69.9,Traditional,0.58
2012,Vihiga,Long Rains,Maize,10.0,1209.0,21.8,69.9,Hybrid,4.75
2012,Vihiga,Short Rains,Beans,2.67,689.7,19.3,69.9,Traditional,0.8
2012,Vihiga,Short Rains,Maize,5.45,634.5,19.4,69.9,Hybrid,2.99
2012,Bomet,Long Rains,Beans,2.03,991.2,14.4,81.1,Hybrid,0.93
2012,Bomet,Long Rains,Maize,10.01,939.1,17.9,81.1,Improved Traditional,2.33
2012,Bomet,Long Rains,Tea,13.89,833.4,18.5,81.1,Traditional,1.24
2012,Bomet,Long Rains,Potatoes,12.12,1025.7,17.9,81.1,Improved Traditional,4.41
2012,Bomet,Short Rains,Beans,12.8,504.1,19.6,81.1,Hybrid,0.49
2012,Bomet,Short Rains,Maize,12.72,630.1,18.1,81.1,Hybrid,2.52
2012,Bomet,Short Rains,Tea,9.69,738.9,18.6,81.1,Hybrid,2.75
2012,Bomet,Short Rains,Potatoes,13.78,421.6,18.0,81.1,Hybrid,1.14
2012,Kericho,Long Rains,Beans,1.95,934.7,17.9,99.3,Improved Traditional,0.7
2012,Kericho,Long Rains,Maize,14.77,1354.9,18.4,99.3,Hybrid,6.9
2012,Kericho,Long Rains,Tea,10.52,1146.6,17.1,99.3,Improved Traditional,2.27
2012,Kericho,Short Rains,Beans,11.35,524.8,17.4,99.3,Hybrid,0.25
2012,Kericho,Short Rains,Maize,11.61,809.9,18.6,99.3,Traditional,2.15
2012,Kericho,Short Rains,Tea,14.41,1081.4,16.4,99.3,Traditional,2.1
2012,Nyeri,Long Rains,Beans,9.05,713.2,16.9,72.3,Improved Traditional,1.32
2012,Nyeri,Long Rains,Maize,13.64,578.9,15.6,72.3,Traditional,1.25
2012,Nyeri,Long Rains,Tea,5.81,588.0,15.9,72.3,Hybrid,2.51
2012,Nyeri,Long Rains,Coffee,2.39,565.0,15.7,72.3,Hybrid,2.13
2012,Nyeri,Short Rains,Beans,13.27,583.7,16.8,72.3,Improved Traditional,1.29
2012,Nyeri,Short Rains,Maize,11.56,431.3,17.0,72.3,Improved Traditional,0.94
2012,Nyeri,Short Rains,Tea,7.76,403.7,15.5,72.3,Traditional,1.25
2012,Nyeri,Short Rains,Coffee,10.24,523.5,16.7,72.3,Traditional,1.49
2012,Muranga,Long Rains,Beans,7.29,906.3,18.2,43.1,Traditional,1.26
2012,Muranga,Long Rains,Maize,10.74,688.6,18.3,43.1,Traditional,1.53
2012,Muranga,Long Rains,Tea,5.85,730.4,19.6,43.1,Hybrid,0.69
2012,Muranga,Long Rains,Coffee,4.21,940.1,18.7,43.1,Improved Traditional,2.07
2012,Muranga,Short Rains,Beans,14.56,385.7,18.6,43.1,Traditional,0.2
2012,Muranga,Short Rains,Maize,13.22,651.5,19.2,43.1,Traditional,1.19
2012,Muranga,Short Rains,Tea,8.55,350.3,19.1,43.1,Hybrid,0.34
2012,Muranga,Short Rains,Coffee,9.88,592.0,18.9,43.1,Traditional,1.17
2012,Kiambu,Long Rains,Beans,5.65,615.0,17.1,58.2,Traditional,0.53
2012,Kiambu,Long Rains,Maize,2.61,766.0,19.8,58.2,Improved Traditional,2.31
2012,Kiambu,Long Rains,Coffee,5.94,572.5,13.9,58.2,Traditional,0.98
2012,Kiambu,Short Rains,Beans,7.82,394.8,17.9,58.2,Hybrid,0.65
2012,Kiambu,Short Rains,Maize,5.68,362.9,17.3,58.2,Hybrid,0.36
2012,Kiambu,Short Rains,Coffee,12.73,267.9,16.6,58.2,Improved Traditional,0.2
2012,Kirinyaga,Long Rains,Beans,0.6,878.0,19.1,56.7,Improved Traditional,1.77
2012,Kirinyaga,Long Rains,Maize,7.59,622.3,17.0,56.7,Hybrid,2.17
2012,Kirinyaga,Long Rains,Coffee,12.71,778.5,17.6,56.7,Traditional,1.3
2012,Kirinyaga,Long Rains,Rice,8.1,459.7,17.3,56.7,Traditional,0.9
2012,Kirinyaga,Short Rains,Beans,12.21,518.2,17.1,56.7,Traditional,0.43
2012,Kirinyaga,Short Rains,Maize,11.99,508.5,20.7,56.7,Hybrid,2.01
2012,Kirinyaga,Short Rains,Coffee,8.78,462.0,16.6,56.7,Improved Traditional,0.81
2012,Kirinyaga,Short Rains,Rice,5.78,457.5,18.7,56.7,Traditional,0.56
2012,Embu,Long Rains,Beans,7.42,677.2,22.8,56.6,Traditional,1.14
2012,Embu,Long Rains,Maize,8.16,689.3,19.6,56.6,Traditional,1.84
2012,Embu,Long Rains,Coffee,11.69,628.9,20.0,56.6,Traditional,1.99
2012,Embu,Short Rains,Beans,4.25,356.4,21.1,56.6,Improved Traditional,0.44
2012,Embu,Short Rains,Maize,1.17,430.3,18.2,56.6,Traditional,1.53
2012,Embu,Short Rains,Coffee,2.4,334.8,18.3,56.6,Traditional,0.22
2012,Meru,Long Rains,Beans,5.46,608.2,18.6,70.8,Improved Traditional,1.05
2012,Meru,Long Rains,Maize,11.86,610.8,16.2,70.8,Hybrid,1.92
2012,Meru,Long Rains,Coffee,10.49,644.8,16.8,70.8,Traditional,1.43
2012,Meru,Long Rains,Potatoes,2.95,579.6,18.5,70.8,Hybrid,4.91
2012,Meru,Short Rains,Beans,14.96,267.7,19.2,70.8,Traditional,0.23
2012,Meru,Short Rains,Maize,4.78,421.5,17.3,70.8,Traditional,0.84
2012,Meru,Short Rains,Coffee,13.16,578.0,17.0,70.8,Traditional,0.94
2012,Meru,Short Rains,Potatoes,2.63,319.0,17.7,70.8,Traditional,0.45
2012,Tharaka-Nithi,Long Rains,Beans,13.29,596.9,20.7,72.3,Traditional,1.05
2012,Tharaka-Nithi,Long Rains,Maize,6.97,426.6,20.7,72.3,Traditional,1.64
2012,Tharaka-Nithi,Short Rains,Beans,10.92,431.0,20.9,72.3,Traditional,0.76
2012,Tharaka-Nithi,Short Rains,Maize,9.37,314.1,18.9,72.3,Improved Traditional,0.35
2012,Nyandarua,Long Rains,Beans,6.79,656.5,16.7,128.1,Hybrid,1.05
2012,Nyandarua,Long Rains,Maize,8.46,802.1,17.6,128.1,Traditional,2.01
2012,Nyandarua,Long Rains,Potatoes,5.72,882.8,16.0,128.1,Improved Traditional,13.27
2012,Nyandarua,Short Rains,Beans,3.74,191.9,15.6,128.1,Hybrid,0.2
2012,Nyandarua,Short Rains,Maize,13.37,303.5,17.8,128.1,Hybrid,0.53
2012,Nyandarua,Short Rains,Potatoes,13.17,481.8,15.6,128.1,Hybrid,6.28
2012,Nairobi,Long Rains,Beans,8.97,749.8,18.1,31.1,Hybrid,0.61
2012,Nairobi,Long Rains,Maize,10.31,638.3,19.1,31.1,Traditional,0.8
2012,Nairobi,Short Rains,Beans,14.66,338.1,21.5,31.1,Traditional,0.2
2012,Nairobi,Short Rains,Maize,14.93,508.4,21.0,31.1,Improved Traditional,0.97
2012,Machakos,Long Rains,Sorghum,9.54,497.0,21.0,52.1,Hybrid,1.0
2012,Machakos,Long Rains,Beans,12.64,446.4,23.7,52.1,Traditional,0.55
2012,Machakos,Long Rains,Maize,4.61,442.5,26.0,52.1,Improved Traditional,1.59
2012,Machakos,Short Rains,Sorghum,3.93,375.4,22.0,52.1,Improved Traditional,0.33
2012,Machakos,Short Rains,Beans,11.06,635.3,22.3,52.1,Traditional,0.58
2012,Machakos,Short Rains,Maize,14.54,465.4,23.7,52.1,Traditional,1.57
2012,Makueni,Long Rains,Sorghum,13.02,560.7,25.9,20.9,Traditional,0.8
2012,Makueni,Long Rains,Beans,6.41,603.6,26.0,20.9,Hybrid,0.47
2012,Makueni,Long Rains,Maize,7.36,418.3,23.5,20.9,Traditional,0.75
2012,Makueni,Short Rains,Sorghum,2.2,415.8,25.5,20.9,Traditional,0.31
2012,Makueni,Short Rains,Beans,10.23,204.5,23.7,20.9,Traditional,0.2
2012,Makueni,Short Rains,Maize,14.3,409.4,25.4,20.9,Improved Traditional,0.23
2012,Kitui,Long Rains,Sorghum,13.12,764.6,24.3,11.1,Improved Traditional,0.21
2012,Kitui,Long Rains,Beans,6.29,411.8,25.8,11.1,Hybrid,0.2
2012,Kitui,Long Rains,Maize,5.92,391.3,24.3,11.1,Traditional,0.26
2012,Kitui,Short Rains,Sorghum,4.16,302.7,24.0,11.1,Traditional,0.27
2012,Kitui,Short Rains,Beans,14.53,152.1,22.1,11.1,Traditional,0.2
2012,Kitui,Short Rains,Maize,10.8,429.8,25.1,11.1,Hybrid,0.54
2012,Mombasa,Long Rains,Beans,9.06,713.4,28.8,36.1,Traditional,0.2
2012,Mombasa,Long Rains,Maize,3.68,565.8,28.6,36.1,Improved Traditional,0.31
2012,Mombasa,Short Rains,Beans,2.18,311.3,29.8,36.1,Traditional,0.2
2012,Mombasa,Short Rains,Maize,1.22,125.9,28.5,36.1,Improved Traditional,0.2
2012,Kilifi,Long Rains,Beans,12.19,620.9,26.5,23.6,Traditional,0.2
2012,Kilifi,Long Rains,Maize,6.88,597.4,28.5,23.6,Traditional,0.47
2012,Kilifi,Long Rains,Cassava,1.89,591.9,25.4,23.6,Hybrid,1.8
2012,Kilifi,Short Rains,Beans,3.08,370.9,27.4,23.6,Hybrid,0.2
2012,Kilifi,Short Rains,Maize,10.27,197.7,26.8,23.6,Hybrid,0.2
2012,Kilifi,Short Rains,Cassava,1.9,493.3,28.3,23.6,Traditional,1.18
2012,Kwale,Long Rains,Beans,9.71,830.1,28.7,27.4,Traditional,0.2
2012,Kwale,Long Rains,Maize,9.4,465.6,24.4,27.4,Traditional,0.42
2012,Kwale,Long Rains,Cassava,10.71,443.2,29.0,27.4,Hybrid,0.63
2012,Kwale,Short Rains,Beans,14.44,404.4,28.3,27.4,Traditional,0.2
2012,Kwale,Short Rains,Maize,8.1,757.1,30.1,27.4,Improved Traditional,0.36
2012,Kwale,Short Rains,Cassava,13.07,369.5,27.4,27.4,Hybrid,0.37
2012,Tana River,Long Rains,Beans,14.95,476.3,29.0,15.7,Traditional,0.2
2012,Tana River,Long Rains,Maize,7.22,435.1,29.1,15.7,Hybrid,0.35
2012,Tana River,Long Rains,Rice,9.41,304.7,30.1,15.7,Hybrid,0.43
2012,Tana River,Short Rains,Beans,9.89,90.5,29.6,15.7,Traditional,0.2
2012,Tana River,Short Rains,Maize,10.92,153.6,28.3,15.7,Improved Traditional,0.2
2012,Tana River,Short Rains,Rice,2.95,371.8,30.0,15.7,Improved Traditional,0.64
2012,Lamu,Long Rains,Beans,13.52,694.3,27.0,25.7,Hybrid,0.28
2012,Lamu,Long Rains,Maize,11.17,566.4,29.9,25.7,Traditional,0.27
2012,Lamu,Short Rains,Beans,11.37,571.8,26.9,25.7,Improved Traditional,0.2
2012,Lamu,Short Rains,Maize,12.51,756.6,32.0,25.7,Traditional,0.33
2012,Taita Taveta,Long Rains,Beans,3.87,884.7,23.6,29.3,Improved Traditional,0.89
2012,Taita Taveta,Long Rains,Maize,4.59,426.7,22.6,29.3,Traditional,0.63
2012,Taita Taveta,Short Rains,Beans,4.0,493.9,23.7,29.3,Traditional,0.3
2012,Taita Taveta,Short Rains,Maize,11.21,495.5,22.7,29.3,Improved Traditional,0.65
2012,Garissa,Long Rains,Sorghum,9.89,231.9,31.7,14.0,Improved Traditional,0.39
2012,Garissa,Long Rains,Beans,4.01,157.5,31.6,14.0,Hybrid,0.2
2012,Garissa,Long Rains,Maize,12.31,141.2,34.3,14.0,Traditional,0.2
2012,Garissa,Short Rains,Sorghum,1.64,131.6,32.7,14.0,Traditional,0.2
2012,Garissa,Short Rains,Beans,2.35,83.2,34.4,14.0,Traditional,0.2
2012,Garissa,Short Rains,Maize,6.54,98.5,31.4,14.0,Improved Traditional,0.2
2012,Wajir,Long Rains,Sorghum,14.6,251.8,33.9,25.1,Traditional,0.23
2012,Wajir,Long Rains,Beans,9.51,268.1,34.2,25.1,Traditional,0.2
2012,Wajir,Long Rains,Maize,5.13,211.7,35.3,25.1,Hybrid,0.23
2012,Wajir,Short Rains,Sorghum,1.44,125.8,35.3,25.1,Hybrid,0.2
2012,Wajir,Short Rains,Beans,12.19,146.5,34.8,25.1,Hybrid,0.2
2012,Wajir,Short Rains,Maize,7.88,196.8,32.2,25.1,Improved Traditional,0.2
2012,Mandera,Long Rains,Sorghum,2.67,181.4,35.9,35.0,Hybrid,0.27
2012,Mandera,Long Rains,Beans,6.78,217.6,36.5,35.0,Traditional,0.2
2012,Mandera,Long Rains,Maize,3.78,254.7,34.6,35.0,Traditional,0.45
2012,Mandera,Short Rains,Sorghum,8.63,66.5,34.5,35.0,Hybrid,0.2
2012,Mandera,Short Rains,Beans,1.19,128.2,33.2,35.0,Hybrid,0.2
2012,Mandera,Short Rains,Maize,10.83,86.7,34.6,35.0,Traditional,0.2
2012,Turkana,Long Rains,Sorghum,7.81,113.6,35.1,25.5,Improved Traditional,0.2
2012,Turkana,Long Rains,Beans,5.36,184.6,34.0,25.5,Hybrid,0.2
2012,Turkana,Long Rains,Maize,11.13,223.5,34.6,25.5,Traditional,0.31
2012,Turkana,Short Rains,Sorghum,2.3,50.0,35.8,25.5,Improved Traditional,0.2
2012,Turkana,Short Rains,Beans,7.98,90.1,36.0,25.5,Traditional,0.2
2012,Turkana,Short Rains,Maize,0.89,124.2,34.9,25.5,Improved Traditional,0.2
2012,West Pokot,Long Rains,Beans,0.76,472.2,21.8,58.0,Traditional,0.68
2012,West Pokot,Long Rains,Maize,10.57,541.3,21.6,58.0,Hybrid,2.81
2012,West Pokot,Short Rains,Beans,11.7,388.2,22.3,58.0,Improved Traditional,0.32
2012,West Pokot,Short Rains,Maize,6.88,337.1,21.2,58.0,Improved Traditional,1.2
2012,Samburu,Long Rains,Beans,9.51,370.3,27.4,37.5,Traditional,0.2
2012,Samburu,Long Rains,Maize,14.94,299.7,26.5,37.5,Traditional,0.56
2012,Samburu,Short Rains,Beans,3.87,313.0,26.0,37.5,Improved Traditional,0.29
2012,Samburu,Short Rains,Maize,6.55,222.4,25.7,37.5,Improved Traditional,0.34
2012,Baringo,Long Rains,Beans,7.55,602.4,23.3,21.3,Traditional,0.2
2012,Baringo,Long Rains,Maize,3.01,584.5,24.0,21.3,Traditional,0.48
2012,Baringo,Short Rains,Beans,1.93,58.5,21.6,21.3,Improved Traditional,0.2
2012,Baringo,Short Rains,Maize,12.48,645.7,24.6,21.3,Hybrid,1.65
2012,Laikipia,Long Rains,Wheat,6.04,734.3,19.4,78.5,Traditional,3.36
2012,Laikipia,Long Rains,Beans,1.82,573.6,19.1,78.5,Improved Traditional,0.63
2012,Laikipia,Long Rains,Maize,12.77,714.9,19.6,78.5,Improved Traditional,2.99
2012,Laikipia,Short Rains,Wheat,8.13,528.6,20.3,78.5,Improved Traditional,1.4
2012,Laikipia,Short Rains,Beans,3.52,463.8,17.5,78.5,Traditional,0.74
2012,Laikipia,Short Rains,Maize,9.54,628.1,17.6,78.5,Hybrid,2.88
2012,Kisumu,Long Rains,Beans,14.63,938.1,21.3,33.5,Traditional,0.46
2012,Kisumu,Long Rains,Maize,8.13,874.9,23.0,33.5,Traditional,2.17
2012,Kisumu,Short Rains,Beans,2.07,352.2,24.3,33.5,Traditional,0.2
2012,Kisumu,Short Rains,Maize,4.33,580.2,21.9,33.5,Traditional,1.37
2012,Siaya,Long Rains,Beans,4.48,935.3,21.1,68.4,Improved Traditional,0.93
2012,Siaya,Long Rains,Maize,6.61,855.7,26.1,68.4,Improved Traditional,0.57
2012,Siaya,Long Rains,Cassava,3.56,641.2,22.8,68.4,Traditional,1.42
2012,Siaya,Short Rains,Beans,2.03,454.4,24.0,68.4,Hybrid,0.22
2012,Siaya,Short Rains,Maize,7.83,708.5,25.0,68.4,Traditional,1.6
2012,Siaya,Short Rains,Cassava,6.41,770.9,22.9,68.4,Improved Traditional,2.99
2012,Homa Bay,Long Rains,Beans,11.38,697.8,23.6,77.3,Traditional,0.43
2012,Homa Bay,Long Rains,Maize,13.69,530.9,26.0,77.3,Traditional,1.49
2012,Homa Bay,Short Rains,Beans,1.1,390.8,25.0,77.3,Traditional,0.2
2012,Homa Bay,Short Rains,Maize,3.45,387.2,22.6,77.3,Hybrid,0.53
2012,Migori,Long Rains,Beans,13.95,1034.2,21.3,81.5,Traditional,0.81
2012,Migori,Long Rains,Maize,4.1,629.9,22.6,81.5,Traditional,0.58
2012,Migori,Short Rains,Beans,9.07,613.0,23.2,81.5,Hybrid,0.57
2012,Migori,Short Rains,Maize,9.91,768.9,21.2,81.5,Improved Traditional,2.67
2012,Kajiado,Long Rains,Beans,14.34,463.9,20.1,27.1,Traditional,0.38
2012,Kajiado,Long Rains,Maize,9.63,419.6,19.2,27.1,Traditional,0.53
2012,Kajiado,Short Rains,Beans,11.68,191.8,21.8,27.1,Improved Traditional,0.2
2012,Kajiado,Short Rains,Maize,1.96,473.3,21.1,27.1,Traditional,0.59
2012,Narok,Long Rains,Wheat,5.74,449.0,17.4,54.8,Traditional,1.6
2012,Narok,Long Rains,Beans,5.89,981.4,19.8,54.8,Improved Traditional,1.88
2012,Narok,Long Rains,Maize,7.78,550.6,17.8,54.8,Traditional,0.99
2012,Narok,Short Rains,Wheat,13.94,571.3,17.9,54.8,Hybrid,1.99
2012,Narok,Short Rains,Beans,13.63,388.6,19.3,54.8,Hybrid,0.26
2012,Narok,Short Rains,Maize,7.43,581.3,20.0,54.8,Improved Traditional,1.49
2012,Elgeyo-Marakwet,Long Rains,Beans,2.74,515.1,16.4,67.8,Improved Traditional,0.45
2012,Elgeyo-Marakwet,Long Rains,Maize,10.12,1025.3,17.3,67.8,Improved Traditional,3.8
2012,Elgeyo-Marakwet,Short Rains,Beans,1.45,652.4,16.5,67.8,Traditional,0.4
2012,Elgeyo-Marakwet,Short Rains,Maize,7.55,361.0,15.5,67.8,Traditional,0.23
2012,Busia,Long Rains,Beans,0.55,819.6,21.4,87.0,Traditional,1.36
2012,Busia,Long Rains,Maize,1.64,789.2,19.0,87.0,Traditional,1.71
2012,Busia,Long Rains,Cassava,11.97,518.8,20.8,87.0,Traditional,1.15
2012,Busia,Long Rains,Rice,3.19,1218.2,22.2,87.0,Traditional,4.42
2012,Busia,Short Rains,Beans,0.68,377.8,18.9,87.0,Hybrid,0.32
2012,Busia,Short Rains,Maize,11.23,473.8,18.0,87.0,Traditional,0.57
2012,Busia,Short Rains,Cassava,9.16,470.0,17.9,87.0,Hybrid,0.32
2012,Busia,Short Rains,Rice,6.62,207.9,22.7,87.0,Traditional,0.2
2012,Isiolo,Long Rains,Beans,2.52,249.0,30.8,25.3,Improved Traditional,0.2
2012,Isiolo,Long Rains,Maize,1.0,275.2,28.6,25.3,Hybrid,0.21
2012,Isiolo,Short Rains,Beans,12.19,111.5,29.8,25.3,Hybrid,0.2
2012,Isiolo,Short Rains,Maize,11.34,115.3,30.9,25.3,Hybrid,0.2
2012,Marsabit,Long Rains,Beans,5.25,210.6,32.4,26.8,Traditional,0.2
2012,Marsabit,Long Rains,Maize,5.44,279.5,31.0,26.8,Improved Traditional,0.21
2012,Marsabit,Short Rains,Beans,12.29,192.3,29.6,26.8,Traditional,0.2
2012,Marsabit,Short Rains,Maize,8.44,118.2,30.3,26.8,Improved Traditional,0.2
2013,Uasin Gishu,Long Rains,Wheat,4.81,966.5,15.3,127.5,Hybrid,8.25
2013,Uasin Gishu,Long Rains,Beans,8.74,1327.3,18.8,127.5,Hybrid,5.15
2013,Uasin Gishu,Long Rains,Maize,6.06,1111.2,18.6,127.5,Hybrid,4.34
2013,Uasin Gishu,Short Rains,Wheat,14.53,226.7,19.1,127.5,Hybrid,0.54
2013,Uasin Gishu,Short Rains,Beans,10.81,481.0,18.6,127.5,Hybrid,1.48
2013,Uasin Gishu,Short Rains,Maize,1.38,589.7,17.2,127.5,Traditional,2.76
2013,Trans Nzoia,Long Rains,Wheat,1.04,1194.1,17.3,97.4,Improved Traditional,12.01
2013,Trans Nzoia,Long Rains,Beans,9.11,1030.5,16.7,97.4,Improved Traditional,1.21
2013,Trans Nzoia,Long Rains,Maize,11.7,1138.7,14.0,97.4,Hybrid,2.54
2013,Trans Nzoia,Short Rains,Wheat,13.66,764.6,16.3,97.4,Improved Traditional,3.98
2013,Trans Nzoia,Short Rains,Beans,9.76,941.9,15.7,97.4,Hybrid,1.94
2013,Trans Nzoia,Short Rains,Maize,9.37,759.9,15.8,97.4,Hybrid,2.45
2013,Nakuru,Long Rains,Wheat,12.37,1065.2,19.1,103.7,Traditional,6.51
2013,Nakuru,Long Rains,Beans,4.38,801.5,20.2,103.7,Hybrid,2.25
2013,Nakuru,Long Rains,Maize,13.99,944.8,17.0,103.7,Hybrid,3.25
2013,Nakuru,Long Rains,Potatoes,1.09,637.4,19.9,103.7,Improved Traditional,7.37
2013,Nakuru,Short Rains,Wheat,2.05,522.1,19.6,103.7,Improved Traditional,3.29
2013,Nakuru,Short Rains,Beans,0.88,844.0,18.2,103.7,Traditional,1.58
2013,Nakuru,Short Rains,Maize,14.87,1017.5,19.0,103.7,Traditional,3.36
2013,Nakuru,Short Rains,Potatoes,14.63,349.6,20.5,103.7,Improved Traditional,0.74
2013,Nandi,Long Rains,Beans,2.55,883.2,16.4,126.6,Traditional,1.83
2013,Nandi,Long Rains,Maize,2.68,1110.4,18.6,126.6,Improved Traditional,5.04
2013,Nandi,Long Rains,Tea,14.92,1146.4,16.9,126.6,Traditional,1.37
2013,Nandi,Short Rains,Beans,6.28,795.4,18.2,126.6,Hybrid,0.88
2013,Nandi,Short Rains,Maize,0.75,669.2,19.9,126.6,Hybrid,4.48
2013,Nandi,Short Rains,Tea,1.09,1079.1,18.9,126.6,Improved Traditional,3.96
2013,Bungoma,Long Rains,Beans,11.36,1135.7,17.2,110.7,Hybrid,1.34
2013,Bungoma,Long Rains,Maize,0.68,1081.1,18.4,110.7,Improved Traditional,4.31
2013,Bungoma,Short Rains,Beans,12.43,529.3,17.7,110.7,Traditional,0.64
2013,Bungoma,Short Rains,Maize,3.9,276.7,17.4,110.7,Hybrid,0.5
2013,Kakamega,Long Rains,Beans,9.65,1198.6,20.4,95.3,Hybrid,2.29
2013,Kakamega,Long Rains,Maize,1.13,1090.4,20.5,95.3,Hybrid,5.79
2013,Kakamega,Short Rains,Beans,4.51,1309.6,20.2,95.3,Traditional,1.61
2013,Kakamega,Short Rains,Maize,2.22,584.4,20.4,95.3,Traditional,0.51
2013,Kisii,Long Rains,Beans,1.38,1069.5,19.3,129.5,Traditional,1.45
2013,Kisii,Long Rains,Maize,10.08,1300.8,19.1,129.5,Improved Traditional,3.12
2013,Kisii,Short Rains,Beans,5.76,636.7,18.5,129.5,Hybrid,0.63
2013,Kisii,Short Rains,Maize,1.08,827.9,18.7,129.5,Hybrid,1.99
2013,Nyamira,Long Rains,Beans,7.53,2033.7,17.5,161.8,Improved Traditional,4.75
2013,Nyamira,Long Rains,Maize,6.57,1461.2,18.6,161.8,Hybrid,6.89
2013,Nyamira,Short Rains,Beans,11.04,944.3,17.0,161.8,Hybrid,1.45
2013,Nyamira,Short Rains,Maize,14.28,1041.5,16.8,161.8,Improved Traditional,3.28
2013,Vihiga,Long Rains,Beans,5.71,1369.4,19.9,78.6,Traditional,2.59
2013,Vihiga,Long Rains,Maize,4.59,1109.7,21.0,78.6,Improved Traditional,2.7
2013,Vihiga,Short Rains,Beans,2.01,850.6,19.9,78.6,Improved Traditional,0.83
2013,Vihiga,Short Rains,Maize,6.57,524.4,18.4,78.6,Improved Traditional,0.4
2013,Bomet,Long Rains,Beans,8.69,1213.9,17.6,112.2,Improved Traditional,1.38
2013,Bomet,Long Rains,Maize,5.22,1269.7,16.2,112.2,Hybrid,4.73
2013,Bomet,Long Rains,Tea,1.98,1079.2,17.5,112.2,Hybrid,6.83
2013,Bomet,Long Rains,Potatoes,1.11,1131.6,16.0,112.2,Hybrid,20.23
2013,Bomet,Short Rains,Beans,5.78,664.7,17.7,112.2,Traditional,1.33
2013,Bomet,Short Rains,Maize,6.66,1082.9,17.4,112.2,Traditional,4.02
2013,Bomet,Short Rains,Tea,2.17,741.8,19.2,112.2,Improved Traditional,3.98
2013,Bomet,Short Rains,Potatoes,4.78,842.1,17.5,112.2,Hybrid,5.17
2013,Kericho,Long Rains,Beans,9.23,1030.2,18.2,122.3,Traditional,0.71
2013,Kericho,Long Rains,Maize,4.09,1007.2,17.0,122.3,Hybrid,2.34
2013,Kericho,Long Rains,Tea,1.91,1490.1,19.1,122.3,Hybrid,7.32
2013,Kericho,Short Rains,Beans,1.56,830.6,18.9,122.3,Hybrid,2.09
2013,Kericho,Short Rains,Maize,11.09,765.4,15.7,122.3,Hybrid,2.47
2013,Kericho,Short Rains,Tea,7.79,390.5,17.9,122.3,Traditional,0.58
2013,Nyeri,Long Rains,Beans,13.75,952.8,17.1,50.5,Traditional,0.81
2013,Nyeri,Long Rains,Maize,11.09,962.2,18.8,50.5,Hybrid,4.44
2013,Nyeri,Long Rains,Tea,11.32,1052.1,15.4,50.5,Improved Traditional,2.22
2013,Nyeri,Long Rains,Coffee,1.77,927.8,16.3,50.5,Hybrid,1.47
2013,Nyeri,Short Rains,Beans,8.46,620.6,17.3,50.5,Hybrid,0.82
2013,Nyeri,Short Rains,Maize,7.96,338.5,15.9,50.5,Hybrid,0.28
2013,Nyeri,Short Rains,Tea,2.95,542.5,17.9,50.5,Traditional,1.38
2013,Nyeri,Short Rains,Coffee,7.61,429.7,17.1,50.5,Traditional,1.62
2013,Muranga,Long Rains,Beans,3.53,878.3,16.6,62.1,Traditional,1.0
2013,Muranga,Long Rains,Maize,1.06,990.2,18.7,62.1,Improved Traditional,1.84
2013,Muranga,Long Rains,Tea,5.98,404.9,18.3,62.1,Hybrid,0.76
2013,Muranga,Long Rains,Coffee,8.57,574.4,19.2,62.1,Improved Traditional,0.78
2013,Muranga,Short Rains,Beans,10.58,498.6,20.5,62.1,Traditional,0.8
2013,Muranga,Short Rains,Maize,6.76,754.0,19.1,62.1,Traditional,2.33
2013,Muranga,Short Rains,Tea,0.89,306.6,21.3,62.1,Improved Traditional,0.31
2013,Muranga,Short Rains,Coffee,14.34,515.5,20.0,62.1,Traditional,0.79
2013,Kiambu,Long Rains,Beans,1.53,734.8,16.8,66.9,Traditional,0.58
2013,Kiambu,Long Rains,Maize,12.98,530.7,16.5,66.9,Hybrid,1.47
2013,Kiambu,Long Rains,Coffee,13.34,783.5,21.0,66.9,Improved Traditional,1.61
2013,Kiambu,Short Rains,Beans,13.33,450.8,18.1,66.9,Traditional,0.66
2013,Kiambu,Short Rains,Maize,13.81,580.5,17.6,66.9,Improved Traditional,1.51
2013,Kiambu,Short Rains,Coffee,2.48,781.8,18.3,66.9,Traditional,0.58
2013,Kirinyaga,Long Rains,Beans,8.6,1057.8,16.9,62.1,Improved Traditional,1.63
2013,Kirinyaga,Long Rains,Maize,5.08,1052.3,16.2,62.1,Traditional,2.25
2013,Kirinyaga,Long Rains,Coffee,13.95,973.2,18.6,62.1,Improved Traditional,2.72
2013,Kirinyaga,Long Rains,Rice,10.57,671.4,20.2,62.1,Traditional,1.92
2013,Kirinyaga,Short Rains,Beans,3.56,742.5,18.1,62.1,Improved Traditional,1.15
2013,Kirinyaga,Short Rains,Maize,12.9,394.6,20.9,62.1,Improved Traditional,0.87
2013,Kirinyaga,Short Rains,Coffee,13.16,597.4,16.6,62.1,Improved Traditional,0.93
2013,Kirinyaga,Short Rains,Rice,1.24,487.2,15.6,62.1,Hybrid,0.52
2013,Embu,Long Rains,Beans,12.28,973.3,18.8,73.8,Traditional,1.73
2013,Embu,Long Rains,Maize,10.04,812.8,19.9,73.8,Traditional,2.1
2013,Embu,Long Rains,Coffee,10.58,752.5,20.1,73.8,Hybrid,2.55
2013,Embu,Short Rains,Beans,2.23,253.1,19.4,73.8,Hybrid,0.33
2013,Embu,Short Rains,Maize,5.14,578.7,20.6,73.8,Hybrid,3.44
2013,Embu,Short Rains,Coffee,7.56,279.3,19.1,73.8,Hybrid,0.44
2013,Meru,Long Rains,Beans,14.86,696.2,18.9,57.1,Hybrid,0.35
2013,Meru,Long Rains,Maize,9.7,698.4,14.6,57.1,Traditional,1.12
2013,Meru,Long Rains,Coffee,9.04,562.2,15.4,57.1,Hybrid,1.14
2013,Meru,Long Rains,Potatoes,8.87,700.9,16.3,57.1,Hybrid,8.79
2013,Meru,Short Rains,Beans,11.23,380.7,16.4,57.1,Traditional,0.4
2013,Meru,Short Rains,Maize,2.71,771.4,19.2,57.1,Hybrid,2.89
2013,Meru,Short Rains,Coffee,4.22,339.8,19.5,57.1,Traditional,0.37
2013,Meru,Short Rains,Potatoes,3.09,444.9,19.6,57.1,Hybrid,1.52
2013,Tharaka-Nithi,Long Rains,Beans,5.85,584.8,21.6,58.8,Traditional,0.81
2013,Tharaka-Nithi,Long Rains,Maize,6.55,733.1,19.2,58.8,Hybrid,2.6
2013,Tharaka-Nithi,Short Rains,Beans,4.15,451.3,20.1,58.8,Traditional,0.56
2013,Tharaka-Nithi,Short Rains,Maize,4.53,135.7,20.5,58.8,Traditional,0.2
2013,Nyandarua,Long Rains,Beans,3.96,1070.2,17.2,120.1,Hybrid,4.11
2013,Nyandarua,Long Rains,Maize,5.25,934.5,15.0,120.1,Hybrid,2.94
2013,Nyandarua,Long Rains,Potatoes,12.32,842.7,14.5,120.1,Traditional,5.62
2013,Nyandarua,Short Rains,Beans,5.56,576.3,15.3,120.1,Hybrid,0.57
2013,Nyandarua,Short Rains,Maize,10.07,582.6,15.4,120.1,Improved Traditional,1.19
2013,Nyandarua,Short Rains,Potatoes,11.02,521.8,16.9,120.1,Hybrid,7.62
2013,Nairobi,Long Rains,Beans,1.06,626.8,21.4,35.0,Traditional,0.42
2013,Nairobi,Long Rains,Maize,11.38,482.0,19.1,35.0,Improved Traditional,0.61
2013,Nairobi,Short Rains,Beans,11.84,816.7,19.3,35.0,Traditional,0.26
2013,Nairobi,Short Rains,Maize,8.61,461.4,18.9,35.0,Traditional,0.63
2013,Machakos,Long Rains,Sorghum,2.11,83.2,22.9,37.9,Traditional,0.2
2013,Machakos,Long Rains,Beans,12.37,474.5,21.5,37.9,Traditional,0.34
2013,Machakos,Long Rains,Maize,9.55,424.7,21.2,37.9,Improved Traditional,1.48
2013,Machakos,Short Rains,Sorghum,4.87,243.0,23.6,37.9,Improved Traditional,0.2
2013,Machakos,Short Rains,Beans,7.17,364.7,23.0,37.9,Traditional,0.4
2013,Machakos,Short Rains,Maize,10.36,494.0,21.3,37.9,Hybrid,1.6
2013,Makueni,Long Rains,Sorghum,5.38,687.1,22.7,23.2,Traditional,0.59
2013,Makueni,Long Rains,Beans,1.46,486.2,25.1,23.2,Traditional,0.2
2013,Makueni,Long Rains,Maize,14.03,482.5,26.0,23.2,Traditional,0.43
2013,Makueni,Short Rains,Sorghum,3.92,280.8,23.0,23.2,Traditional,0.22
2013,Makueni,Short Rains,Beans,0.97,448.3,24.1,23.2,Improved Traditional,0.24
2013,Makueni,Short Rains,Maize,9.45,350.6,25.0,23.2,Hybrid,0.65
2013,Kitui,Long Rains,Sorghum,5.83,388.0,25.0,37.3,Hybrid,0.88
2013,Kitui,Long Rains,Beans,1.43,593.8,26.8,37.3,Hybrid,0.3
2013,Kitui,Long Rains,Maize,2.55,658.2,24.3,37.3,Improved Traditional,1.43
2013,Kitui,Short Rains,Sorghum,4.21,473.3,25.4,37.3,Improved Traditional,0.37
2013,Kitui,Short Rains,Beans,14.56,84.4,25.3,37.3,Hybrid,0.2
2013,Kitui,Short Rains,Maize,2.94,511.6,25.5,37.3,Traditional,0.63
2013,Mombasa,Long Rains,Beans,13.43,445.8,29.1,30.8,Hybrid,0.2
2013,Mombasa,Long Rains,Maize,4.2,951.5,29.4,30.8,Traditional,0.38
2013,Mombasa,Short Rains,Beans,5.67,611.1,28.8,30.8,Traditional,0.2
2013,Mombasa,Short Rains,Maize,7.64,705.7,28.8,30.8,Traditional,0.3
2013,Kilifi,Long Rains,Beans,4.13,373.7,26.8,31.3,Traditional,0.2
2013,Kilifi,Long Rains,Maize,6.64,779.5,27.7,31.3,Improved Traditional,1.04
2013,Kilifi,Long Rains,Cassava,10.06,608.1,26.1,31.3,Traditional,1.7
2013,Kilifi,Short Rains,Beans,8.41,485.4,26.3,31.3,Traditional,0.21
2013,Kilifi,Short Rains,Maize,13.29,250.7,28.5,31.3,Traditional,0.2
2013,Kilifi,Short Rains,Cassava,2.84,534.9,26.3,31.3,Traditional,1.21
2013,Kwale,Long Rains,Beans,10.61,1052.7,28.2,32.0,Improved Traditional,0.2
2013,Kwale,Long Rains,Maize,6.63,482.0,28.1,32.0,Improved Traditional,0.43
2013,Kwale,Long Rains,Cassava,13.53,955.4,27.4,32.0,Traditional,2.06
2013,Kwale,Short Rains,Beans,7.66,594.0,26.1,32.0,Traditional,0.2
2013,Kwale,Short Rains,Maize,8.76,572.6,28.9,32.0,Improved Traditional,0.28
2013,Kwale,Short Rains,Cassava,14.32,436.9,26.1,32.0,Hybrid,1.32
2013,Tana River,Long Rains,Beans,12.09,356.7,30.6,13.1,Hybrid,0.2
2013,Tana River,Long Rains,Maize,7.03,334.6,28.6,13.1,Traditional,0.21
2013,Tana River,Long Rains,Rice,11.02,391.8,29.0,13.1,Traditional,0.6
2013,Tana River,Short Rains,Beans,10.07,186.4,28.8,13.1,Traditional,0.2
2013,Tana River,Short Rains,Maize,12.65,223.7,29.0,13.1,Hybrid,0.2
2013,Tana River,Short Rains,Rice,1.81,108.3,28.7,13.1,Traditional,0.2
2013,Lamu,Long Rains,Beans,11.29,785.1,27.8,11.9,Improved Traditional,0.2
2013,Lamu,Long Rains,Maize,7.83,634.4,28.2,11.9,Traditional,0.2
2013,Lamu,Short Rains,Beans,4.03,762.2,27.2,11.9,Traditional,0.2
2013,Lamu,Short Rains,Maize,9.46,470.5,28.3,11.9,Traditional,0.26
2013,Taita Taveta,Long Rains,Beans,4.36,1203.6,22.2,30.5,Improved Traditional,0.56
2013,Taita Taveta,Long Rains,Maize,5.06,584.1,24.6,30.5,Hybrid,1.16
2013,Taita Taveta,Short Rains,Beans,13.0,283.8,24.3,30.5,Hybrid,0.2
2013,Taita Taveta,Short Rains,Maize,5.63,280.0,24.3,30.5,Traditional,0.2
2013,Garissa,Long Rains,Sorghum,2.44,212.3,30.0,28.9,Hybrid,0.33
2013,Garissa,Long Rains,Beans,1.74,233.8,32.0,28.9,Improved Traditional,0.2
2013,Garissa,Long Rains,Maize,12.54,182.6,33.9,28.9,Improved Traditional,0.24
2013,Garissa,Short Rains,Sorghum,7.91,238.2,31.1,28.9,Hybrid,0.35
2013,Garissa,Short Rains,Beans,11.35,194.7,33.6,28.9,Traditional,0.2
2013,Garissa,Short Rains,Maize,13.28,101.8,31.2,28.9,Traditional,0.2
2013,Wajir,Long Rains,Sorghum,3.3,240.5,32.8,0.0,Traditional,0.24
2013,Wajir,Long Rains,Beans,4.66,384.0,33.8,0.0,Improved Traditional,0.2
2013,Wajir,Long Rains,Maize,13.72,152.3,34.2,0.0,Improved Traditional,0.2
2013,Wajir,Short Rains,Sorghum,9.93,119.7,31.7,0.0,Hybrid,0.2
2013,Wajir,Short Rains,Beans,10.07,210.1,34.9,0.0,Hybrid,0.2
2013,Wajir,Short Rains,Maize,11.87,103.6,32.1,0.0,Hybrid,0.2
2013,Mandera,Long Rains,Sorghum,2.84,234.2,34.7,26.0,Improved Traditional,0.26
2013,Mandera,Long Rains,Beans,8.0,166.9,35.1,26.0,Hybrid,0.2
2013,Mandera,Long Rains,Maize,7.97,195.9,32.7,26.0,Hybrid,0.2
2013,Mandera,Short Rains,Sorghum,2.94,87.8,37.3,26.0,Traditional,0.2
2013,Mandera,Short Rains,Beans,5.03,123.5,33.5,26.0,Improved Traditional,0.2
2013,Mandera,Short Rains,Maize,13.68,137.6,33.3,26.0,Improved Traditional,0.2
2013,Turkana,Long Rains,Sorghum,14.0,91.8,35.5,15.4,Improved Traditional,0.2
2013,Turkana,Long Rains,Beans,3.44,73.1,33.9,15.4,Improved Traditional,0.2
2013,Turkana,Long Rains,Maize,9.71,143.4,35.6,15.4,Traditional,0.2
2013,Turkana,Short Rains,Sorghum,12.26,180.1,33.7,15.4,Improved Traditional,0.24
2013,Turkana,Short Rains,Beans,9.74,155.7,35.0,15.4,Improved Traditional,0.2
2013,Turkana,Short Rains,Maize,13.98,50.0,37.0,15.4,Traditional,0.2
2013,West Pokot,Long Rains,Beans,6.18,688.9,21.3,40.8,Traditional,0.93
2013,West Pokot,Long Rains,Maize,11.33,841.8,22.7,40.8,Traditional,1.12
2013,West Pokot,Short Rains,Beans,0.72,650.4,22.5,40.8,Traditional,0.68
2013,West Pokot,Short Rains,Maize,8.28,495.4,22.1,40.8,Improved Traditional,1.54
2013,Samburu,Long Rains,Beans,5.13,203.7,27.8,34.4,Traditional,0.2
2013,Samburu,Long Rains,Maize,1.87,395.9,26.3,34.4,Traditional,0.54
2013,Samburu,Short Rains,Beans,14.65,487.6,28.0,34.4,Improved Traditional,0.2
2013,Samburu,Short Rains,Maize,2.85,290.8,26.6,34.4,Traditional,0.4
2013,Baringo,Long Rains,Beans,9.62,523.9,25.8,33.5,Hybrid,0.42
2013,Baringo,Long Rains,Maize,8.86,724.4,23.8,33.5,Traditional,1.15
2013,Baringo,Short Rains,Beans,9.12,760.8,23.9,33.5,Traditional,0.37
2013,Baringo,Short Rains,Maize,14.09,354.7,23.6,33.5,Traditional,0.63
2013,Laikipia,Long Rains,Wheat,9.48,419.4,19.6,47.7,Improved Traditional,1.01
2013,Laikipia,Long Rains,Beans,2.9,478.8,18.3,47.7,Improved Traditional,0.75
2013,Laikipia,Long Rains,Maize,4.85,595.0,18.9,47.7,Hybrid,1.48
2013,Laikipia,Short Rains,Wheat,0.63,311.3,21.1,47.7,Improved Traditional,0.35
2013,Laikipia,Short Rains,Beans,6.0,676.6,21.2,47.7,Traditional,0.63
2013,Laikipia,Short Rains,Maize,3.6,654.0,18.6,47.7,Traditional,1.0
2013,Kisumu,Long Rains,Beans,11.35,964.7,21.0,73.7,Improved Traditional,2.22
2013,Kisumu,Long Rains,Maize,4.06,1173.4,20.5,73.7,Traditional,2.7
2013,Kisumu,Short Rains,Beans,5.66,537.5,22.4,73.7,Improved Traditional,0.41
2013,Kisumu,Short Rains,Maize,12.75,741.3,23.8,73.7,Traditional,2.41
2013,Siaya,Long Rains,Beans,2.08,829.9,21.7,63.8,Traditional,0.62
2013,Siaya,Long Rains,Maize,9.14,1051.6,23.2,63.8,Improved Traditional,3.11
2013,Siaya,Long Rains,Cassava,2.0,961.6,24.2,63.8,Improved Traditional,3.83
2013,Siaya,Short Rains,Beans,13.01,866.8,24.9,63.8,Improved Traditional,0.72
2013,Siaya,Short Rains,Maize,2.41,526.1,22.4,63.8,Hybrid,2.39
2013,Siaya,Short Rains,Cassava,8.56,421.0,24.9,63.8,Traditional,0.54
2013,Homa Bay,Long Rains,Beans,3.69,794.3,22.5,63.8,Traditional,0.91
2013,Homa Bay,Long Rains,Maize,3.96,975.0,24.4,63.8,Traditional,2.24
2013,Homa Bay,Short Rains,Beans,10.06,383.5,22.5,63.8,Traditional,0.2
2013,Homa Bay,Short Rains,Maize,13.81,311.9,24.4,63.8,Improved Traditional,0.25
2013,Migori,Long Rains,Beans,2.21,999.9,21.0,73.7,Improved Traditional,1.0
2013,Migori,Long Rains,Maize,8.34,962.3,23.1,73.7,Improved Traditional,3.3
2013,Migori,Short Rains,Beans,11.0,345.6,20.0,73.7,Improved Traditional,0.2
2013,Migori,Short Rains,Maize,13.08,286.0,20.2,73.7,Hybrid,0.4
2013,Kajiado,Long Rains,Beans,9.4,667.7,23.4,49.3,Hybrid,0.77
2013,Kajiado,Long Rains,Maize,14.17,632.6,21.4,49.3,Traditional,1.74
2013,Kajiado,Short Rains,Beans,5.95,318.0,21.7,49.3,Traditional,0.38
2013,Kajiado,Short Rains,Maize,9.72,385.8,23.2,49.3,Traditional,0.82
2013,Narok,Long Rains,Wheat,7.51,710.8,19.8,37.8,Hybrid,2.45
2013,Narok,Long Rains,Beans,4.14,666.2,20.4,37.8,Improved Traditional,0.76
2013,Narok,Long Rains,Maize,6.74,982.8,20.4,37.8,Improved Traditional,2.58
2013,Narok,Short Rains,Wheat,5.19,415.8,17.5,37.8,Improved Traditional,0.86
2013,Narok,Short Rains,Beans,2.97,656.4,17.0,37.8,Hybrid,0.34
2013,Narok,Short Rains,Maize,12.07,324.3,17.5,37.8,Traditional,0.2
2013,Elgeyo-Marakwet,Long Rains,Beans,13.23,555.3,17.0,85.2,Traditional,0.91
2013,Elgeyo-Marakwet,Long Rains,Maize,2.03,1044.9,18.4,85.2,Traditional,3.93
2013,Elgeyo-Marakwet,Short Rains,Beans,8.31,448.9,19.5,85.2,Hybrid,0.77
2013,Elgeyo-Marakwet,Short Rains,Maize,7.06,579.2,16.2,85.2,Hybrid,2.21
2013,Busia,Long Rains,Beans,13.0,1245.8,20.0,65.3,Traditional,1.62
2013,Busia,Long Rains,Maize,11.8,1464.4,19.9,65.3,Hybrid,7.44
2013,Busia,Long Rains,Cassava,9.11,734.0,19.2,65.3,Traditional,1.26
2013,Busia,Long Rains,Rice,12.82,1044.8,21.4,65.3,Traditional,2.6
2013,Busia,Short Rains,Beans,7.61,688.1,19.6,65.3,Traditional,1.15
2013,Busia,Short Rains,Maize,4.15,628.0,20.0,65.3,Hybrid,0.92
2013,Busia,Short Rains,Cassava,8.16,489.9,20.9,65.3,Hybrid,0.37
2013,Busia,Short Rains,Rice,14.3,382.4,22.6,65.3,Improved Traditional,0.68
2013,Isiolo,Long Rains,Beans,10.17,123.8,30.6,16.5,Improved Traditional,0.2
2013,Isiolo,Long Rains,Maize,9.68,345.5,29.1,16.5,Improved Traditional,0.26
2013,Isiolo,Short Rains,Beans,5.23,225.1,29.8,16.5,Traditional,0.2
2013,Isiolo,Short Rains,Maize,2.63,50.0,32.6,16.5,Traditional,0.2
2013,Marsabit,Long Rains,Beans,9.66,361.4,32.7,11.5,Improved Traditional,0.2
2013,Marsabit,Long Rains,Maize,2.42,225.0,29.8,11.5,Traditional,0.2
2013,Marsabit,Short Rains,Beans,11.97,231.8,30.6,11.5,Improved Traditional,0.2
2013,Marsabit,Short Rains,Maize,8.9,149.4,32.4,11.5,Traditional,0.2
2014,Uasin Gishu,Long Rains,Wheat,8.61,675.0,16.4,137.9,Traditional,4.34
2014,Uasin Gishu,Long Rains,Beans,0.53,512.4,18.3,137.9,Hybrid,1.39
2014,Uasin Gishu,Long Rains,Maize,12.09,613.7,17.7,137.9,Traditional,1.16
2014,Uasin Gishu,Short Rains,Wheat,12.76,454.7,19.0,137.9,Improved Traditional,1.33
2014,Uasin Gishu,Short Rains,Beans,0.55,288.0,20.4,137.9,Hybrid,0.34
2014,Uasin Gishu,Short Rains,Maize,13.95,462.2,18.6,137.9,Hybrid,1.15
2014,Trans Nzoia,Long Rains,Wheat,10.52,619.6,17.8,86.6,Hybrid,4.68
2014,Trans Nzoia,Long Rains,Beans,4.59,561.8,18.0,86.6,Hybrid,1.23
2014,Trans Nzoia,Long Rains,Maize,9.74,631.3,16.4,86.6,Traditional,0.76
2014,Trans Nzoia,Short Rains,Wheat,6.18,200.8,17.8,86.6,Improved Traditional,0.49
2014,Trans Nzoia,Short Rains,Beans,6.42,227.0,17.9,86.6,Hybrid,0.2
2014,Trans Nzoia,Short Rains,Maize,3.6,213.6,18.4,86.6,Hybrid,0.37
2014,Nakuru,Long Rains,Wheat,5.51,543.1,19.1,112.0,Improved Traditional,3.22
2014,Nakuru,Long Rains,Beans,6.45,372.8,19.4,112.0,Improved Traditional,0.38
2014,Nakuru,Long Rains,Maize,7.0,495.0,20.7,112.0,Hybrid,3.74
2014,Nakuru,Long Rains,Potatoes,4.58,575.4,17.1,112.0,Traditional,6.59
2014,Nakuru,Short Rains,Wheat,7.06,319.1,17.9,112.0,Traditional,1.36
2014,Nakuru,Short Rains,Beans,2.56,206.2,17.7,112.0,Hybrid,0.23
2014,Nakuru,Short Rains,Maize,12.08,347.4,21.3,112.0,Hybrid,1.34
2014,Nakuru,Short Rains,Potatoes,12.13,126.6,19.1,112.0,Traditional,0.39
2014,Nandi,Long Rains,Beans,14.19,625.9,17.5,117.7,Hybrid,2.03
2014,Nandi,Long Rains,Maize,13.06,586.4,19.0,117.7,Hybrid,2.57
2014,Nandi,Long Rains,Tea,12.21,525.7,17.5,117.7,Hybrid,3.34
2014,Nandi,Short Rains,Beans,12.33,416.5,17.8,117.7,Improved Traditional,0.35
2014,Nandi,Short Rains,Maize,6.4,407.2,19.4,117.7,Hybrid,1.1
2014,Nandi,Short Rains,Tea,10.19,545.7,19.4,117.7,Improved Traditional,3.14
2014,Bungoma,Long Rains,Beans,0.95,469.3,18.4,139.0,Improved Traditional,0.46
2014,Bungoma,Long Rains,Maize,4.52,610.9,17.8,139.0,Traditional,2.56
2014,Bungoma,Short Rains,Beans,7.79,311.4,15.9,139.0,Improved Traditional,0.2
2014,Bungoma,Short Rains,Maize,11.48,363.4,16.5,139.0,Hybrid,0.71
2014,Kakamega,Long Rains,Beans,14.45,669.3,21.0,99.4,Improved Traditional,0.59
2014,Kakamega,Long Rains,Maize,2.38,625.4,21.4,99.4,Hybrid,3.18
2014,Kakamega,Short Rains,Beans,4.74,783.8,18.1,99.4,Hybrid,1.66
2014,Kakamega,Short Rains,Maize,1.24,375.1,20.0,99.4,Traditional,0.37
2014,Kisii,Long Rains,Beans,3.77,596.6,17.5,112.0,Improved Traditional,0.32
2014,Kisii,Long Rains,Maize,11.75,681.0,17.6,112.0,Traditional,0.83
2014,Kisii,Short Rains,Beans,0.84,581.1,16.4,112.0,Hybrid,0.38
2014,Kisii,Short Rains,Maize,1.47,779.7,20.3,112.0,Improved Traditional,3.51
2014,Nyamira,Long Rains,Beans,3.09,667.6,18.3,68.6,Traditional,0.2
2014,Nyamira,Long Rains,Maize,13.1,931.9,16.8,68.6,Traditional,2.05
2014,Nyamira,Short Rains,Beans,7.75,628.6,18.6,68.6,Traditional,0.24
2014,Nyamira,Short Rains,Maize,12.65,600.2,18.0,68.6,Improved Traditional,0.4
2014,Vihiga,Long Rains,Beans,4.63,896.3,19.2,47.7,Improved Traditional,0.68
2014,Vihiga,Long Rains,Maize,13.43,753.7,19.0,47.7,Improved Traditional,0.31
2014,Vihiga,Short Rains,Beans,5.27,520.6,17.0,47.7,Traditional,0.2
2014,Vihiga,Short Rains,Maize,1.74,184.3,19.6,47.7,Traditional,0.2
2014,Bomet,Long Rains,Beans,5.36,749.0,18.0,116.4,Hybrid,1.95
2014,Bomet,Long Rains,Maize,13.63,638.7,18.7,116.4,Hybrid,3.06
2014,Bomet,Long Rains,Tea,8.67,529.2,18.9,116.4,Hybrid,1.57
2014,Bomet,Long Rains,Potatoes,4.21,710.6,19.5,116.4,Traditional,4.19
2014,Bomet,Short Rains,Beans,4.03,554.7,16.1,116.4,Traditional,0.65
2014,Bomet,Short Rains,Maize,2.83,475.2,17.9,116.4,Hybrid,0.76
2014,Bomet,Short Rains,Tea,3.85,513.4,15.7,116.4,Hybrid,0.8
2014,Bomet,Short Rains,Potatoes,5.03,409.9,20.0,116.4,Improved Traditional,0.51
2014,Kericho,Long Rains,Beans,4.46,753.4,18.9,111.0,Hybrid,0.58
2014,Kericho,Long Rains,Maize,14.56,794.0,17.2,111.0,Hybrid,3.55
2014,Kericho,Long Rains,Tea,14.88,818.9,19.4,111.0,Traditional,1.8
2014,Kericho,Short Rains,Beans,11.35,514.6,18.2,111.0,Traditional,0.25
2014,Kericho,Short Rains,Maize,14.43,766.9,18.8,111.0,Hybrid,5.0
2014,Kericho,Short Rains,Tea,10.67,741.4,17.4,111.0,Traditional,1.33
2014,Nyeri,Long Rains,Beans,12.29,416.5,17.0,67.8,Improved Traditional,0.75
2014,Nyeri,Long Rains,Maize,2.5,524.9,15.7,67.8,Improved Traditional,1.7
2014,Nyeri,Long Rains,Tea,9.94,472.7,17.3,67.8,Traditional,1.88
2014,Nyeri,Long Rains,Coffee,12.77,455.3,18.8,67.8,Traditional,1.21
2014,Nyeri,Short Rains,Beans,0.84,107.5,16.4,67.8,Hybrid,0.2
2014,Nyeri,Short Rains,Maize,3.53,50.0,15.8,67.8,Traditional,0.2
2014,Nyeri,Short Rains,Tea,9.83,349.1,16.3,67.8,Improved Traditional,0.27
2014,Nyeri,Short Rains,Coffee,12.13,287.4,15.2,67.8,Traditional,0.2
2014,Muranga,Long Rains,Beans,6.68,489.9,18.5,44.2,Improved Traditional,0.4
2014,Muranga,Long Rains,Maize,4.21,593.2,18.4,44.2,Improved Traditional,1.7
2014,Muranga,Long Rains,Tea,6.49,405.6,20.5,44.2,Hybrid,0.27
2014,Muranga,Long Rains,Coffee,6.89,506.7,18.3,44.2,Traditional,0.51
2014,Muranga,Short Rains,Beans,12.8,201.0,18.3,44.2,Hybrid,0.2
2014,Muranga,Short Rains,Maize,12.54,218.7,19.0,44.2,Hybrid,0.26
2014,Muranga,Short Rains,Tea,6.41,296.7,18.5,44.2,Traditional,0.2
2014,Muranga,Short Rains,Coffee,11.54,171.7,18.2,44.2,Traditional,0.2
2014,Kiambu,Long Rains,Beans,5.72,627.7,17.5,57.6,Hybrid,0.72
2014,Kiambu,Long Rains,Maize,11.12,384.5,16.3,57.6,Traditional,0.39
2014,Kiambu,Long Rains,Coffee,2.41,539.6,18.0,57.6,Traditional,0.49
2014,Kiambu,Short Rains,Beans,10.93,200.3,15.8,57.6,Hybrid,0.2
2014,Kiambu,Short Rains,Maize,10.61,273.4,19.9,57.6,Hybrid,0.32
2014,Kiambu,Short Rains,Coffee,8.08,270.5,17.9,57.6,Traditional,0.2
2014,Kirinyaga,Long Rains,Beans,0.88,512.9,17.1,63.7,Traditional,0.81
2014,Kirinyaga,Long Rains,Maize,13.75,492.4,18.3,63.7,Traditional,0.98
2014,Kirinyaga,Long Rains,Coffee,5.29,416.5,17.3,63.7,Improved Traditional,0.73
2014,Kirinyaga,Long Rains,Rice,8.4,475.3,17.8,63.7,Hybrid,1.08
2014,Kirinyaga,Short Rains,Beans,12.66,388.2,16.7,63.7,Traditional,0.2
2014,Kirinyaga,Short Rains,Maize,2.4,145.3,18.4,63.7,Improved Traditional,0.24
2014,Kirinyaga,Short Rains,Coffee,9.8,194.8,16.8,63.7,Hybrid,0.2
2014,Kirinyaga,Short Rains,Rice,8.41,313.0,19.3,63.7,Improved Traditional,0.33
2014,Embu,Long Rains,Beans,5.9,391.5,22.0,75.7,Traditional,0.42
2014,Embu,Long Rains,Maize,6.51,342.5,16.8,75.7,Improved Traditional,0.37
2014,Embu,Long Rains,Coffee,5.13,249.6,19.6,75.7,Hybrid,0.34
2014,Embu,Short Rains,Beans,14.26,203.9,20.9,75.7,Hybrid,0.2
2014,Embu,Short Rains,Maize,1.49,275.8,20.2,75.7,Traditional,0.36
2014,Embu,Short Rains,Coffee,2.44,119.2,22.4,75.7,Traditional,0.2
2014,Meru,Long Rains,Beans,8.98,393.2,15.9,57.5,Hybrid,0.88
2014,Meru,Long Rains,Maize,0.86,412.8,14.8,57.5,Traditional,0.82
2014,Meru,Long Rains,Coffee,11.97,339.6,17.6,57.5,Traditional,0.26
2014,Meru,Long Rains,Potatoes,8.68,517.7,19.2,57.5,Traditional,2.52
2014,Meru,Short Rains,Beans,0.52,197.5,16.9,57.5,Traditional,0.2
2014,Meru,Short Rains,Maize,4.08,301.8,16.7,57.5,Traditional,0.2
2014,Meru,Short Rains,Coffee,3.78,244.7,18.7,57.5,Traditional,0.22
2014,Meru,Short Rains,Potatoes,7.54,224.1,16.8,57.5,Hybrid,0.82
2014,Tharaka-Nithi,Long Rains,Beans,7.64,478.1,20.2,67.7,Traditional,0.87
2014,Tharaka-Nithi,Long Rains,Maize,3.39,375.3,21.3,67.7,Improved Traditional,2.07
2014,Tharaka-Nithi,Short Rains,Beans,10.69,187.8,21.3,67.7,Improved Traditional,0.2
2014,Tharaka-Nithi,Short Rains,Maize,6.39,187.2,23.1,67.7,Traditional,0.2
2014,Nyandarua,Long Rains,Beans,6.38,504.4,14.8,153.1,Hybrid,1.29
2014,Nyandarua,Long Rains,Maize,10.84,593.4,16.3,153.1,Traditional,1.72
2014,Nyandarua,Long Rains,Potatoes,5.88,337.3,15.7,153.1,Traditional,1.53
2014,Nyandarua,Short Rains,Beans,12.56,193.8,15.8,153.1,Hybrid,0.28
2014,Nyandarua,Short Rains,Maize,9.38,318.7,17.2,153.1,Hybrid,0.75
2014,Nyandarua,Short Rains,Potatoes,0.92,299.9,15.4,153.1,Hybrid,3.06
2014,Nairobi,Long Rains,Beans,7.87,439.0,16.7,11.5,Hybrid,0.2
2014,Nairobi,Long Rains,Maize,3.61,551.7,18.6,11.5,Traditional,0.55
2014,Nairobi,Short Rains,Beans,8.85,316.3,19.0,11.5,Hybrid,0.2
2014,Nairobi,Short Rains,Maize,3.87,233.6,18.7,11.5,Traditional,0.2
2014,Machakos,Long Rains,Sorghum,6.54,123.3,21.9,60.7,Traditional,0.2
2014,Machakos,Long Rains,Beans,8.5,206.0,22.4,60.7,Hybrid,0.2
2014,Machakos,Long Rains,Maize,7.88,305.7,23.4,60.7,Traditional,0.93
2014,Machakos,Short Rains,Sorghum,3.81,92.5,22.2,60.7,Traditional,0.2
2014,Machakos,Short Rains,Beans,10.87,188.4,22.7,60.7,Traditional,0.2
2014,Machakos,Short Rains,Maize,14.11,207.9,23.0,60.7,Traditional,0.27
2014,Makueni,Long Rains,Sorghum,8.35,367.5,24.6,39.5,Improved Traditional,0.65
2014,Makueni,Long Rains,Beans,8.53,221.5,27.0,39.5,Hybrid,0.2
2014,Makueni,Long Rains,Maize,0.59,420.8,23.3,39.5,Hybrid,1.11
2014,Makueni,Short Rains,Sorghum,1.83,287.5,25.2,39.5,Traditional,0.24
2014,Makueni,Short Rains,Beans,13.66,126.2,22.5,39.5,Traditional,0.2
2014,Makueni,Short Rains,Maize,5.39,295.7,23.7,39.5,Traditional,0.71
2014,Kitui,Long Rains,Sorghum,2.61,304.8,26.9,37.3,Traditional,0.47
2014,Kitui,Long Rains,Beans,14.02,293.3,25.3,37.3,Traditional,0.2
2014,Kitui,Long Rains,Maize,7.03,439.7,25.6,37.3,Hybrid,0.8
2014,Kitui,Short Rains,Sorghum,11.74,289.8,26.0,37.3,Hybrid,0.27
2014,Kitui,Short Rains,Beans,14.39,245.5,24.3,37.3,Improved Traditional,0.2
2014,Kitui,Short Rains,Maize,1.98,338.7,26.4,37.3,Hybrid,0.8
2014,Mombasa,Long Rains,Beans,13.94,621.1,28.2,24.8,Improved Traditional,0.2
2014,Mombasa,Long Rains,Maize,8.99,549.3,28.5,24.8,Traditional,0.2
2014,Mombasa,Short Rains,Beans,2.02,416.7,26.6,24.8,Hybrid,0.2
2014,Mombasa,Short Rains,Maize,8.77,372.8,27.8,24.8,Hybrid,0.2
2014,Kilifi,Long Rains,Beans,2.81,557.5,25.6,26.9,Traditional,0.21
2014,Kilifi,Long Rains,Maize,2.64,431.0,28.0,26.9,Improved Traditional,0.3
2014,Kilifi,Long Rains,Cassava,11.42,205.7,26.6,26.9,Traditional,0.2
2014,Kilifi,Short Rains,Beans,13.82,268.2,27.7,26.9,Traditional,0.2
2014,Kilifi,Short Rains,Maize,12.86,501.2,27.0,26.9,Traditional,0.71
2014,Kilifi,Short Rains,Cassava,12.21,337.6,25.9,26.9,Hybrid,0.55
2014,Kwale,Long Rains,Beans,9.86,438.1,26.0,32.8,Traditional,0.2
2014,Kwale,Long Rains,Maize,14.19,584.3,28.6,32.8,Hybrid,0.69
2014,Kwale,Long Rains,Cassava,2.01,460.6,25.8,32.8,Improved Traditional,1.26
2014,Kwale,Short Rains,Beans,5.58,360.9,26.3,32.8,Traditional,0.2
2014,Kwale,Short Rains,Maize,11.77,291.7,28.7,32.8,Improved Traditional,0.2
2014,Kwale,Short Rains,Cassava,9.36,50.0,27.9,32.8,Improved Traditional,0.2
2014,Tana River,Long Rains,Beans,10.28,265.6,29.2,7.5,Traditional,0.2
2014,Tana River,Long Rains,Maize,1.4,319.2,30.4,7.5,Improved Traditional,0.2
2014,Tana River,Long Rains,Rice,11.02,340.5,28.6,7.5,Improved Traditional,0.25
2014,Tana River,Short Rains,Beans,5.52,258.3,27.5,7.5,Improved Traditional,0.2
2014,Tana River,Short Rains,Maize,12.94,191.1,31.6,7.5,Traditional,0.2
2014,Tana River,Short Rains,Rice,7.73,161.2,28.2,7.5,Traditional,0.2
2014,Lamu,Long Rains,Beans,3.76,450.4,29.6,38.8,Traditional,0.2
2014,Lamu,Long Rains,Maize,0.79,448.0,27.7,38.8,Traditional,0.2
2014,Lamu,Short Rains,Beans,7.37,336.6,29.2,38.8,Traditional,0.2
2014,Lamu,Short Rains,Maize,5.67,352.2,28.0,38.8,Traditional,0.2
2014,Taita Taveta,Long Rains,Beans,3.99,385.6,23.4,32.2,Improved Traditional,0.2
2014,Taita Taveta,Long Rains,Maize,4.74,372.3,23.6,32.2,Hybrid,1.07
2014,Taita Taveta,Short Rains,Beans,7.75,247.8,23.7,32.2,Traditional,0.2
2014,Taita Taveta,Short Rains,Maize,14.19,479.7,24.6,32.2,Hybrid,0.44
2014,Garissa,Long Rains,Sorghum,4.45,134.9,32.1,20.9,Traditional,0.2
2014,Garissa,Long Rains,Beans,12.02,178.3,32.3,20.9,Traditional,0.2
2014,Garissa,Long Rains,Maize,1.24,127.1,30.6,20.9,Improved Traditional,0.2
2014,Garissa,Short Rains,Sorghum,11.12,168.9,34.3,20.9,Hybrid,0.32
2014,Garissa,Short Rains,Beans,4.28,82.2,31.9,20.9,Traditional,0.2
2014,Garissa,Short Rains,Maize,0.63,90.5,33.1,20.9,Hybrid,0.2
2014,Wajir,Long Rains,Sorghum,6.44,130.4,33.2,23.3,Improved Traditional,0.2
2014,Wajir,Long Rains,Beans,6.87,147.5,31.5,23.3,Traditional,0.2
2014,Wajir,Long Rains,Maize,0.7,126.3,33.2,23.3,Traditional,0.2
2014,Wajir,Short Rains,Sorghum,13.32,131.0,33.2,23.3,Improved Traditional,0.2
2014,Wajir,Short Rains,Beans,1.01,50.0,32.2,23.3,Hybrid,0.2
2014,Wajir,Short Rains,Maize,9.87,76.4,32.4,23.3,Traditional,0.2
2014,Mandera,Long Rains,Sorghum,11.98,87.3,35.4,42.5,Traditional,0.2
2014,Mandera,Long Rains,Beans,3.29,83.6,33.4,42.5,Hybrid,0.2
2014,Mandera,Long Rains,Maize,9.84,118.2,34.8,42.5,Traditional,0.2
2014,Mandera,Short Rains,Sorghum,8.8,126.8,34.1,42.5,Traditional,0.21
2014,Mandera,Short Rains,Beans,9.4,50.0,33.2,42.5,Traditional,0.2
2014,Mandera,Short Rains,Maize,14.44,83.0,36.2,42.5,Traditional,0.2
2014,Turkana,Long Rains,Sorghum,13.89,50.0,35.6,28.7,Traditional,0.2
2014,Turkana,Long Rains,Beans,3.31,133.6,35.7,28.7,Traditional,0.2
2014,Turkana,Long Rains,Maize,12.67,145.2,34.5,28.7,Traditional,0.2
2014,Turkana,Short Rains,Sorghum,4.45,92.0,36.0,28.7,Improved Traditional,0.2
2014,Turkana,Short Rains,Beans,12.46,112.1,34.2,28.7,Improved Traditional,0.2
2014,Turkana,Short Rains,Maize,10.31,134.3,36.5,28.7,Improved Traditional,0.2
2014,West Pokot,Long Rains,Beans,9.32,312.6,23.2,62.0,Traditional,0.33
2014,West Pokot,Long Rains,Maize,5.52,422.3,20.9,62.0,Traditional,1.47
2014,West Pokot,Short Rains,Beans,8.56,304.2,22.1,62.0,Hybrid,0.39
2014,West Pokot,Short Rains,Maize,1.36,247.4,22.2,62.0,Traditional,0.45
2014,Samburu,Long Rains,Beans,5.58,239.9,24.0,9.8,Improved Traditional,0.2
2014,Samburu,Long Rains,Maize,14.26,200.0,25.8,9.8,Hybrid,0.27
2014,Samburu,Short Rains,Beans,3.19,86.2,26.7,9.8,Traditional,0.2
2014,Samburu,Short Rains,Maize,13.71,131.2,27.1,9.8,Traditional,0.2
2014,Baringo,Long Rains,Beans,8.26,371.2,23.3,14.1,Hybrid,0.2
2014,Baringo,Long Rains,Maize,5.84,370.9,23.1,14.1,Hybrid,0.43
2014,Baringo,Short Rains,Beans,9.49,366.8,23.6,14.1,Traditional,0.23
2014,Baringo,Short Rains,Maize,4.81,125.1,25.2,14.1,Hybrid,0.2
2014,Laikipia,Long Rains,Wheat,6.82,442.0,22.2,54.7,Traditional,1.25
2014,Laikipia,Long Rains,Beans,3.25,385.5,18.9,54.7,Improved Traditional,0.31
2014,Laikipia,Long Rains,Maize,4.41,314.0,18.8,54.7,Hybrid,0.41
2014,Laikipia,Short Rains,Wheat,14.78,259.0,20.4,54.7,Traditional,0.32
2014,Laikipia,Short Rains,Beans,12.64,373.7,20.5,54.7,Hybrid,0.87
2014,Laikipia,Short Rains,Maize,3.01,343.6,19.2,54.7,Hybrid,0.2
2014,Kisumu,Long Rains,Beans,4.28,438.3,23.3,61.4,Traditional,0.2
2014,Kisumu,Long Rains,Maize,7.58,715.4,22.3,61.4,Hybrid,2.98
2014,Kisumu,Short Rains,Beans,0.55,514.0,23.7,61.4,Traditional,0.36
2014,Kisumu,Short Rains,Maize,7.37,384.1,23.0,61.4,Hybrid,0.57
2014,Siaya,Long Rains,Beans,7.85,438.3,23.9,54.6,Hybrid,0.25
2014,Siaya,Long Rains,Maize,3.73,597.1,23.9,54.6,Improved Traditional,1.8
2014,Siaya,Long Rains,Cassava,6.88,313.5,24.1,54.6,Improved Traditional,0.38
2014,Siaya,Short Rains,Beans,13.62,575.1,24.4,54.6,Traditional,0.2
2014,Siaya,Short Rains,Maize,1.53,427.0,23.7,54.6,Traditional,0.25
2014,Siaya,Short Rains,Cassava,9.22,535.0,23.4,54.6,Hybrid,2.13
2014,Homa Bay,Long Rains,Beans,11.64,684.4,21.6,69.5,Hybrid,0.95
2014,Homa Bay,Long Rains,Maize,10.12,569.3,23.5,69.5,Improved Traditional,1.24
2014,Homa Bay,Short Rains,Beans,12.18,50.0,23.4,69.5,Traditional,0.2
2014,Homa Bay,Short Rains,Maize,13.66,260.0,21.6,69.5,Traditional,0.26
2014,Migori,Long Rains,Beans,7.29,797.7,23.1,51.9,Traditional,0.48
2014,Migori,Long Rains,Maize,8.83,663.0,21.6,51.9,Traditional,0.74
2014,Migori,Short Rains,Beans,13.95,312.4,20.3,51.9,Hybrid,0.2
2014,Migori,Short Rains,Maize,6.85,122.6,21.6,51.9,Hybrid,0.2
2014,Kajiado,Long Rains,Beans,11.14,350.6,20.5,39.1,Traditional,0.35
2014,Kajiado,Long Rains,Maize,2.75,296.9,21.0,39.1,Traditional,0.73
2014,Kajiado,Short Rains,Beans,3.59,190.3,20.5,39.1,Improved Traditional,0.2
2014,Kajiado,Short Rains,Maize,13.85,247.5,18.5,39.1,Traditional,0.2
2014,Narok,Long Rains,Wheat,8.26,520.8,15.7,58.2,Improved Traditional,3.74
2014,Narok,Long Rains,Beans,10.52,320.6,19.0,58.2,Improved Traditional,0.2
2014,Narok,Long Rains,Maize,11.19,384.3,20.8,58.2,Traditional,0.42
2014,Narok,Short Rains,Wheat,7.04,241.8,19.0,58.2,Traditional,0.26
2014,Narok,Short Rains,Beans,1.61,356.0,19.5,58.2,Improved Traditional,0.32
2014,Narok,Short Rains,Maize,12.02,307.9,17.7,58.2,Traditional,0.2
2014,Elgeyo-Marakwet,Long Rains,Beans,5.11,213.5,15.7,15.7,Improved Traditional,0.2
2014,Elgeyo-Marakwet,Long Rains,Maize,13.61,371.4,17.7,15.7,Traditional,0.2
2014,Elgeyo-Marakwet,Short Rains,Beans,11.64,228.2,18.9,15.7,Traditional,0.2
2014,Elgeyo-Marakwet,Short Rains,Maize,12.79,210.4,18.5,15.7,Improved Traditional,0.2
2014,Busia,Long Rains,Beans,9.21,631.0,22.1,62.4,Improved Traditional,0.24
2014,Busia,Long Rains,Maize,9.95,614.8,23.5,62.4,Traditional,0.77
2014,Busia,Long Rains,Cassava,10.03,370.4,20.5,62.4,Improved Traditional,0.3
2014,Busia,Long Rains,Rice,12.28,659.7,22.1,62.4,Traditional,2.15
2014,Busia,Short Rains,Beans,2.92,456.9,23.2,62.4,Traditional,0.2
2014,Busia,Short Rains,Maize,9.51,525.8,18.1,62.4,Traditional,0.91
2014,Busia,Short Rains,Cassava,7.58,366.7,22.0,62.4,Traditional,0.27
2014,Busia,Short Rains,Rice,3.53,533.4,22.2,62.4,Traditional,0.55
2014,Isiolo,Long Rains,Beans,5.97,124.5,30.6,21.2,Hybrid,0.2
2014,Isiolo,Long Rains,Maize,9.68,213.3,28.8,21.2,Improved Traditional,0.37
2014,Isiolo,Short Rains,Beans,14.06,138.2,30.8,21.2,Hybrid,0.2
2014,Isiolo,Short Rains,Maize,1.6,188.5,30.7,21.2,Hybrid,0.2
2014,Marsabit,Long Rains,Beans,5.0,166.7,31.5,29.0,Improved Traditional,0.2
2014,Marsabit,Long Rains,Maize,11.33,86.7,30.5,29.0,Hybrid,0.2
2014,Marsabit,Short Rains,Beans,8.99,65.6,31.4,29.0,Improved Traditional,0.2
2014,Marsabit,Short Rains,Maize,9.4,98.6,34.1,29.0,Improved Traditional,0.2
2015,Uasin Gishu,Long Rains,Wheat,6.67,931.3,16.3,167.9,Traditional,13.68
2015,Uasin Gishu,Long Rains,Beans,3.01,925.4,14.7,167.9,Hybrid,2.28
2015,Uasin Gishu,Long Rains,Maize,10.25,809.5,15.6,167.9,Hybrid,6.32
2015,Uasin Gishu,Short Rains,Wheat,1.65,627.8,16.1,167.9,Hybrid,10.14
2015,Uasin Gishu,Short Rains,Beans,11.33,708.0,16.5,167.9,Improved Traditional,1.0
2015,Uasin Gishu,Short Rains,Maize,8.17,665.1,18.7,167.9,Improved Traditional,3.37
2015,Trans Nzoia,Long Rains,Wheat,4.61,1225.5,17.1,107.8,Hybrid,8.45
2015,Trans Nzoia,Long Rains,Beans,13.13,1293.4,17.9,107.8,Hybrid,4.5
2015,Trans Nzoia,Long Rains,Maize,6.12,1278.8,17.1,107.8,Hybrid,0.2
2015,Trans Nzoia,Short Rains,Wheat,2.64,934.2,17.1,107.8,Traditional,3.42
2015,Trans Nzoia,Short Rains,Beans,11.51,531.6,16.1,107.8,Hybrid,0.53
2015,Trans Nzoia,Short Rains,Maize,4.64,1101.7,17.1,107.8,Hybrid,5.5
2015,Nakuru,Long Rains,Wheat,11.09,892.0,19.5,108.4,Hybrid,5.88
2015,Nakuru,Long Rains,Beans,12.2,1260.0,19.2,108.4,Hybrid,4.37
2015,Nakuru,Long Rains,Maize,8.32,924.2,20.0,108.4,Hybrid,4.94
2015,Nakuru,Long Rains,Potatoes,13.99,734.1,18.9,108.4,Traditional,4.41
2015,Nakuru,Short Rains,Wheat,13.38,780.4,20.1,108.4,Hybrid,5.22
2015,Nakuru,Short Rains,Beans,4.72,514.2,17.4,108.4,Improved Traditional,1.39
2015,Nakuru,Short Rains,Maize,13.9,588.5,17.2,108.4,Hybrid,1.11
2015,Nakuru,Short Rains,Potatoes,11.64,334.3,18.2,108.4,Improved Traditional,1.41
2015,Nandi,Long Rains,Beans,10.16,1088.1,20.1,125.1,Improved Traditional,3.57
2015,Nandi,Long Rains,Maize,14.49,1012.2,17.9,125.1,Traditional,1.55
2015,Nandi,Long Rains,Tea,13.36,1014.7,20.1,125.1,Hybrid,5.84
2015,Nandi,Short Rains,Beans,10.24,734.1,19.2,125.1,Hybrid,2.31
2015,Nandi,Short Rains,Maize,12.55,475.7,18.2,125.1,Hybrid,0.82
2015,Nandi,Short Rains,Tea,9.16,540.3,17.9,125.1,Hybrid,3.01
2015,Bungoma,Long Rains,Beans,13.14,1457.8,15.5,112.6,Hybrid,2.2
2015,Bungoma,Long Rains,Maize,6.71,993.3,18.1,112.6,Traditional,4.17
2015,Bungoma,Short Rains,Beans,1.5,891.0,18.7,112.6,Improved Traditional,1.76
2015,Bungoma,Short Rains,Maize,1.86,1021.1,20.1,112.6,Improved Traditional,3.25
2015,Kakamega,Long Rains,Beans,1.48,1488.0,20.6,92.5,Hybrid,2.49
2015,Kakamega,Long Rains,Maize,2.92,1718.6,19.5,92.5,Hybrid,8.99
2015,Kakamega,Short Rains,Beans,1.82,826.5,21.0,92.5,Improved Traditional,1.51
2015,Kakamega,Short Rains,Maize,3.44,350.0,21.0,92.5,Hybrid,0.52
2015,Kisii,Long Rains,Beans,7.2,1187.2,17.8,121.4,Hybrid,2.25
2015,Kisii,Long Rains,Maize,12.15,1352.4,20.9,121.4,Hybrid,7.81
2015,Kisii,Short Rains,Beans,3.47,1734.4,18.5,121.4,Hybrid,2.5
2015,Kisii,Short Rains,Maize,9.31,1213.4,19.2,121.4,Hybrid,3.7
2015,Nyamira,Long Rains,Beans,9.45,2188.5,19.5,110.1,Hybrid,3.57
2015,Nyamira,Long Rains,Maize,8.58,1660.5,18.0,110.1,Hybrid,7.77
2015,Nyamira,Short Rains,Beans,6.39,485.1,20.1,110.1,Hybrid,0.28
2015,Nyamira,Short Rains,Maize,7.7,807.2,19.3,110.1,Hybrid,3.2
2015,Vihiga,Long Rains,Beans,3.38,1215.9,17.7,49.6,Improved Traditional,0.98
2015,Vihiga,Long Rains,Maize,5.12,1885.8,22.6,49.6,Traditional,3.45
2015,Vihiga,Short Rains,Beans,0.94,985.3,20.9,49.6,Hybrid,1.24
2015,Vihiga,Short Rains,Maize,6.91,834.5,19.3,49.6,Improved Traditional,1.79
2015,Bomet,Long Rains,Beans,2.52,1470.7,15.3,77.4,Hybrid,1.87
2015,Bomet,Long Rains,Maize,6.11,1132.2,15.7,77.4,Hybrid,2.74
2015,Bomet,Long Rains,Tea,3.88,1072.8,16.3,77.4,Traditional,3.85
2015,Bomet,Long Rains,Potatoes,3.56,1010.0,16.2,77.4,Improved Traditional,4.42
2015,Bomet,Short Rains,Beans,8.14,846.0,16.3,77.4,Traditional,0.67
2015,Bomet,Short Rains,Maize,10.37,583.5,18.4,77.4,Hybrid,1.86
2015,Bomet,Short Rains,Tea,3.17,679.1,18.8,77.4,Traditional,1.42
2015,Bomet,Short Rains,Potatoes,4.07,1132.4,18.4,77.4,Hybrid,10.59
2015,Kericho,Long Rains,Beans,11.42,1483.9,17.3,149.5,Hybrid,2.69
2015,Kericho,Long Rains,Maize,11.32,1220.1,16.6,149.5,Hybrid,8.81
2015,Kericho,Long Rains,Tea,11.07,1879.0,18.6,149.5,Hybrid,9.29
2015,Kericho,Short Rains,Beans,13.09,914.3,15.6,149.5,Improved Traditional,1.16
2015,Kericho,Short Rains,Maize,4.37,926.6,19.6,149.5,Improved Traditional,1.64
2015,Kericho,Short Rains,Tea,13.86,1232.2,16.9,149.5,Traditional,4.93
2015,Nyeri,Long Rains,Beans,13.38,645.0,15.4,58.4,Improved Traditional,0.88
2015,Nyeri,Long Rains,Maize,4.75,764.9,16.4,58.4,Traditional,0.94
2015,Nyeri,Long Rains,Tea,7.87,1046.7,15.2,58.4,Hybrid,4.36
2015,Nyeri,Long Rains,Coffee,5.64,1174.1,16.4,58.4,Improved Traditional,1.37
2015,Nyeri,Short Rains,Beans,13.75,99.0,17.9,58.4,Traditional,0.2
2015,Nyeri,Short Rains,Maize,5.9,352.8,17.2,58.4,Hybrid,0.3
2015,Nyeri,Short Rains,Tea,6.4,246.9,17.0,58.4,Hybrid,0.27
2015,Nyeri,Short Rains,Coffee,9.21,394.2,14.7,58.4,Traditional,0.36
2015,Muranga,Long Rains,Beans,14.24,867.6,18.7,77.5,Improved Traditional,1.48
2015,Muranga,Long Rains,Maize,10.15,1294.5,19.5,77.5,Improved Traditional,3.49
2015,Muranga,Long Rains,Tea,10.99,699.2,19.1,77.5,Traditional,1.65
2015,Muranga,Long Rains,Coffee,12.35,1159.7,18.1,77.5,Traditional,1.88
2015,Muranga,Short Rains,Beans,12.8,623.7,19.8,77.5,Traditional,1.63
2015,Muranga,Short Rains,Maize,5.79,917.2,16.1,77.5,Traditional,1.34
2015,Muranga,Short Rains,Tea,9.07,366.3,17.5,77.5,Traditional,0.48
2015,Muranga,Short Rains,Coffee,6.09,629.5,18.4,77.5,Traditional,1.55
2015,Kiambu,Long Rains,Beans,5.01,638.0,20.0,83.1,Traditional,0.61
2015,Kiambu,Long Rains,Maize,14.62,1058.3,17.3,83.1,Traditional,2.64
2015,Kiambu,Long Rains,Coffee,7.23,1084.5,18.9,83.1,Traditional,1.76
2015,Kiambu,Short Rains,Beans,14.13,613.0,16.2,83.1,Traditional,0.39
2015,Kiambu,Short Rains,Maize,9.16,716.1,18.8,83.1,Traditional,1.58
2015,Kiambu,Short Rains,Coffee,14.09,818.7,19.9,83.1,Traditional,1.65
2015,Kirinyaga,Long Rains,Beans,9.32,735.0,18.1,59.7,Traditional,0.46
2015,Kirinyaga,Long Rains,Maize,0.56,1052.7,18.1,59.7,Hybrid,1.41
2015,Kirinyaga,Long Rains,Coffee,0.82,886.6,18.3,59.7,Hybrid,2.05
2015,Kirinyaga,Long Rains,Rice,11.3,1025.7,16.9,59.7,Hybrid,1.74
2015,Kirinyaga,Short Rains,Beans,4.69,544.5,18.5,59.7,Traditional,0.67
2015,Kirinyaga,Short Rains,Maize,9.31,684.5,20.7,59.7,Improved Traditional,2.92
2015,Kirinyaga,Short Rains,Coffee,12.44,527.2,20.4,59.7,Traditional,1.55
2015,Kirinyaga,Short Rains,Rice,4.33,667.0,21.1,59.7,Hybrid,2.56
2015,Embu,Long Rains,Beans,4.04,672.8,21.5,54.7,Traditional,0.91
2015,Embu,Long Rains,Maize,14.77,787.3,19.4,54.7,Traditional,2.86
2015,Embu,Long Rains,Coffee,8.79,861.1,20.4,54.7,Traditional,1.08
2015,Embu,Short Rains,Beans,1.09,477.2,18.7,54.7,Hybrid,1.0
2015,Embu,Short Rains,Maize,1.15,521.1,19.8,54.7,Hybrid,3.25
2015,Embu,Short Rains,Coffee,9.28,680.4,19.6,54.7,Traditional,2.0
2015,Meru,Long Rains,Beans,11.42,542.7,17.9,58.0,Hybrid,0.95
2015,Meru,Long Rains,Maize,12.86,806.9,19.2,58.0,Traditional,3.76
2015,Meru,Long Rains,Coffee,1.22,1022.5,18.3,58.0,Hybrid,2.98
2015,Meru,Long Rains,Potatoes,13.38,1188.1,16.6,58.0,Traditional,8.73
2015,Meru,Short Rains,Beans,10.86,631.9,18.6,58.0,Improved Traditional,1.0
2015,Meru,Short Rains,Maize,7.84,673.7,17.2,58.0,Improved Traditional,1.58
2015,Meru,Short Rains,Coffee,9.68,227.7,16.4,58.0,Traditional,0.2
2015,Meru,Short Rains,Potatoes,0.71,673.2,16.6,58.0,Improved Traditional,1.86
2015,Tharaka-Nithi,Long Rains,Beans,8.04,591.8,20.6,65.3,Traditional,0.95
2015,Tharaka-Nithi,Long Rains,Maize,6.06,716.2,21.0,65.3,Traditional,1.72
2015,Tharaka-Nithi,Short Rains,Beans,13.49,585.4,18.1,65.3,Hybrid,1.28
2015,Tharaka-Nithi,Short Rains,Maize,3.36,219.5,19.5,65.3,Improved Traditional,0.36
2015,Nyandarua,Long Rains,Beans,14.2,782.4,17.4,141.4,Hybrid,1.68
2015,Nyandarua,Long Rains,Maize,12.27,871.1,18.2,141.4,Traditional,4.1
2015,Nyandarua,Long Rains,Potatoes,9.71,896.4,16.7,141.4,Hybrid,17.34
2015,Nyandarua,Short Rains,Beans,2.45,678.2,14.3,141.4,Improved Traditional,0.57
2015,Nyandarua,Short Rains,Maize,14.14,813.9,14.1,141.4,Hybrid,2.47
2015,Nyandarua,Short Rains,Potatoes,3.26,756.7,18.1,141.4,Hybrid,10.84
2015,Nairobi,Long Rains,Beans,3.93,847.6,20.3,33.5,Traditional,0.48
2015,Nairobi,Long Rains,Maize,12.8,525.7,20.3,33.5,Traditional,0.74
2015,Nairobi,Short Rains,Beans,4.01,493.2,18.8,33.5,Improved Traditional,0.2
2015,Nairobi,Short Rains,Maize,10.42,671.4,18.6,33.5,Traditional,0.48
2015,Machakos,Long Rains,Sorghum,10.36,502.5,20.9,55.5,Traditional,0.77
2015,Machakos,Long Rains,Beans,14.36,493.7,20.4,55.5,Improved Traditional,0.92
2015,Machakos,Long Rains,Maize,3.17,537.7,22.7,55.5,Traditional,0.95
2015,Machakos,Short Rains,Sorghum,3.33,415.0,21.9,55.5,Improved Traditional,0.54
2015,Machakos,Short Rains,Beans,14.05,529.9,22.8,55.5,Hybrid,0.79
2015,Machakos,Short Rains,Maize,1.72,409.2,22.0,55.5,Hybrid,2.0
2015,Makueni,Long Rains,Sorghum,14.55,443.9,26.2,29.0,Traditional,0.54
2015,Makueni,Long Rains,Beans,7.6,702.4,24.9,29.0,Improved Traditional,0.2
2015,Makueni,Long Rains,Maize,10.66,792.9,25.6,29.0,Traditional,0.59
2015,Makueni,Short Rains,Sorghum,2.26,477.7,22.6,29.0,Hybrid,0.66
2015,Makueni,Short Rains,Beans,2.43,546.0,23.8,29.0,Improved Traditional,0.41
2015,Makueni,Short Rains,Maize,4.66,337.4,25.6,29.0,Hybrid,0.69
2015,Kitui,Long Rains,Sorghum,13.43,612.5,25.4,11.6,Traditional,0.28
2015,Kitui,Long Rains,Beans,10.68,857.4,26.7,11.6,Hybrid,0.32
2015,Kitui,Long Rains,Maize,14.52,511.7,24.4,11.6,Traditional,0.56
2015,Kitui,Short Rains,Sorghum,13.07,458.7,24.6,11.6,Traditional,0.25
2015,Kitui,Short Rains,Beans,9.14,240.0,25.3,11.6,Hybrid,0.2
2015,Kitui,Short Rains,Maize,14.55,435.1,24.7,11.6,Traditional,0.47
2015,Mombasa,Long Rains,Beans,8.19,1219.2,27.3,24.2,Traditional,0.2
2015,Mombasa,Long Rains,Maize,4.23,1177.7,31.2,24.2,Hybrid,0.48
2015,Mombasa,Short Rains,Beans,5.02,849.6,27.4,24.2,Hybrid,0.2
2015,Mombasa,Short Rains,Maize,4.64,634.8,28.2,24.2,Improved Traditional,0.34
2015,Kilifi,Long Rains,Beans,9.99,833.1,26.5,33.0,Hybrid,0.32
2015,Kilifi,Long Rains,Maize,5.15,562.4,26.8,33.0,Hybrid,0.8
2015,Kilifi,Long Rains,Cassava,5.54,990.9,27.4,33.0,Hybrid,1.62
2015,Kilifi,Short Rains,Beans,7.82,454.5,25.8,33.0,Improved Traditional,0.21
2015,Kilifi,Short Rains,Maize,5.41,542.3,26.6,33.0,Traditional,0.34
2015,Kilifi,Short Rains,Cassava,9.88,417.9,29.5,33.0,Improved Traditional,1.09
2015,Kwale,Long Rains,Beans,1.89,1259.9,27.3,34.1,Traditional,0.28
2015,Kwale,Long Rains,Maize,14.48,903.4,25.9,34.1,Improved Traditional,0.82
2015,Kwale,Long Rains,Cassava,1.82,1230.4,28.3,34.1,Hybrid,4.44
2015,Kwale,Short Rains,Beans,13.65,580.0,25.7,34.1,Hybrid,0.24
2015,Kwale,Short Rains,Maize,4.24,821.9,26.6,34.1,Traditional,0.95
2015,Kwale,Short Rains,Cassava,9.2,718.4,27.6,34.1,Traditional,1.29
2015,Tana River,Long Rains,Beans,3.93,393.6,27.8,27.0,Traditional,0.2
2015,Tana River,Long Rains,Maize,12.56,716.5,29.0,27.0,Hybrid,0.92
2015,Tana River,Long Rains,Rice,9.72,377.3,27.4,27.0,Improved Traditional,0.39
2015,Tana River,Short Rains,Beans,2.68,271.7,28.7,27.0,Improved Traditional,0.2
2015,Tana River,Short Rains,Maize,6.33,277.2,31.1,27.0,Hybrid,0.2
2015,Tana River,Short Rains,Rice,14.6,273.2,30.1,27.0,Hybrid,0.42
2015,Lamu,Long Rains,Beans,5.52,720.3,28.1,29.4,Traditional,0.2
2015,Lamu,Long Rains,Maize,2.17,735.2,28.1,29.4,Hybrid,0.84
2015,Lamu,Short Rains,Beans,7.11,717.4,30.5,29.4,Traditional,0.2
2015,Lamu,Short Rains,Maize,9.94,684.3,28.3,29.4,Improved Traditional,0.43
2015,Taita Taveta,Long Rains,Beans,7.96,996.9,23.5,11.2,Traditional,0.32
2015,Taita Taveta,Long Rains,Maize,1.02,826.7,22.5,11.2,Hybrid,1.73
2015,Taita Taveta,Short Rains,Beans,11.92,498.0,24.4,11.2,Traditional,0.26
2015,Taita Taveta,Short Rains,Maize,2.08,723.4,23.2,11.2,Traditional,0.96
2015,Garissa,Long Rains,Sorghum,14.4,341.9,30.0,13.0,Hybrid,0.51
2015,Garissa,Long Rains,Beans,2.69,269.8,34.1,13.0,Improved Traditional,0.2
2015,Garissa,Long Rains,Maize,5.27,356.6,33.0,13.0,Hybrid,0.48
2015,Garissa,Short Rains,Sorghum,8.42,210.1,31.9,13.0,Improved Traditional,0.36
2015,Garissa,Short Rains,Beans,9.12,246.9,31.7,13.0,Traditional,0.2
2015,Garissa,Short Rains,Maize,11.4,138.3,33.3,13.0,Traditional,0.2
2015,Wajir,Long Rains,Sorghum,3.94,250.7,32.1,16.2,Improved Traditional,0.28
2015,Wajir,Long Rains,Beans,1.5,311.3,33.3,16.2,Improved Traditional,0.2
2015,Wajir,Long Rains,Maize,1.53,330.5,31.9,16.2,Traditional,0.33
2015,Wajir,Short Rains,Sorghum,0.61,116.3,32.4,16.2,Traditional,0.2
2015,Wajir,Short Rains,Beans,14.79,140.2,32.9,16.2,Improved Traditional,0.2
2015,Wajir,Short Rains,Maize,11.43,64.3,31.4,16.2,Improved Traditional,0.2
2015,Mandera,Long Rains,Sorghum,1.87,287.9,33.9,17.2,Traditional,0.2
2015,Mandera,Long Rains,Beans,4.01,206.0,34.3,17.2,Hybrid,0.2
2015,Mandera,Long Rains,Maize,8.52,92.9,32.2,17.2,Improved Traditional,0.2
2015,Mandera,Short Rains,Sorghum,5.64,122.8,33.1,17.2,Traditional,0.2
2015,Mandera,Short Rains,Beans,4.16,252.9,34.6,17.2,Traditional,0.2
2015,Mandera,Short Rains,Maize,12.72,111.3,35.8,17.2,Traditional,0.2
2015,Turkana,Long Rains,Sorghum,14.17,88.0,37.6,17.0,Improved Traditional,0.2
2015,Turkana,Long Rains,Beans,3.73,78.3,37.7,17.0,Traditional,0.2
2015,Turkana,Long Rains,Maize,4.85,278.3,33.9,17.0,Improved Traditional,0.2
2015,Turkana,Short Rains,Sorghum,2.26,164.0,37.2,17.0,Improved Traditional,0.2
2015,Turkana,Short Rains,Beans,11.79,50.0,34.9,17.0,Traditional,0.2
2015,Turkana,Short Rains,Maize,7.22,229.1,36.0,17.0,Improved Traditional,0.21
2015,West Pokot,Long Rains,Beans,10.14,763.2,21.7,64.4,Improved Traditional,0.45
2015,West Pokot,Long Rains,Maize,0.96,620.2,23.6,64.4,Traditional,3.04
2015,West Pokot,Short Rains,Beans,11.71,379.2,22.1,64.4,Hybrid,0.27
2015,West Pokot,Short Rains,Maize,1.1,451.3,22.1,64.4,Traditional,1.63
2015,Samburu,Long Rains,Beans,11.1,604.6,27.3,36.8,Traditional,0.26
2015,Samburu,Long Rains,Maize,14.56,597.4,24.9,36.8,Improved Traditional,0.97
2015,Samburu,Short Rains,Beans,10.22,194.8,26.1,36.8,Hybrid,0.2
2015,Samburu,Short Rains,Maize,10.65,220.5,26.1,36.8,Traditional,0.37
2015,Baringo,Long Rains,Beans,11.16,522.9,22.6,24.2,Improved Traditional,0.21
2015,Baringo,Long Rains,Maize,12.36,832.3,22.6,24.2,Hybrid,2.13
2015,Baringo,Short Rains,Beans,12.31,482.5,23.4,24.2,Improved Traditional,0.2
2015,Baringo,Short Rains,Maize,0.86,480.5,24.0,24.2,Traditional,0.84
2015,Laikipia,Long Rains,Wheat,6.23,726.3,20.1,43.5,Improved Traditional,1.93
2015,Laikipia,Long Rains,Beans,4.52,402.7,20.5,43.5,Traditional,0.44
2015,Laikipia,Long Rains,Maize,1.34,530.5,20.4,43.5,Hybrid,1.83
2015,Laikipia,Short Rains,Wheat,6.85,326.3,20.5,43.5,Hybrid,0.45
2015,Laikipia,Short Rains,Beans,9.01,341.5,18.5,43.5,Traditional,0.2
2015,Laikipia,Short Rains,Maize,12.25,451.7,20.7,43.5,Hybrid,1.74
2015,Kisumu,Long Rains,Beans,11.82,914.4,23.4,41.5,Improved Traditional,0.88
2015,Kisumu,Long Rains,Maize,2.34,891.4,21.5,41.5,Traditional,2.21
2015,Kisumu,Short Rains,Beans,1.54,963.4,22.6,41.5,Traditional,0.89
2015,Kisumu,Short Rains,Maize,6.52,671.4,22.3,41.5,Improved Traditional,2.05
2015,Siaya,Long Rains,Beans,4.4,519.4,24.3,77.5,Traditional,0.7
2015,Siaya,Long Rains,Maize,13.27,1030.7,23.2,77.5,Traditional,2.6
2015,Siaya,Long Rains,Cassava,2.5,885.0,22.9,77.5,Traditional,2.35
2015,Siaya,Short Rains,Beans,14.43,707.7,22.1,77.5,Hybrid,0.91
2015,Siaya,Short Rains,Maize,13.71,678.3,23.1,77.5,Hybrid,1.97
2015,Siaya,Short Rains,Cassava,9.84,695.2,22.8,77.5,Traditional,2.74
2015,Homa Bay,Long Rains,Beans,11.0,1101.1,21.9,69.3,Traditional,1.26
2015,Homa Bay,Long Rains,Maize,10.37,881.7,23.7,69.3,Hybrid,3.97
2015,Homa Bay,Short Rains,Beans,4.56,182.8,25.1,69.3,Improved Traditional,0.2
2015,Homa Bay,Short Rains,Maize,12.76,387.1,23.6,69.3,Improved Traditional,0.32
2015,Migori,Long Rains,Beans,10.37,1236.6,20.6,52.6,Hybrid,1.82
2015,Migori,Long Rains,Maize,1.04,1598.4,21.1,52.6,Improved Traditional,4.93
2015,Migori,Short Rains,Beans,0.97,729.6,20.4,52.6,Traditional,0.29
2015,Migori,Short Rains,Maize,14.21,940.7,21.6,52.6,Traditional,2.61
2015,Kajiado,Long Rains,Beans,1.79,764.4,24.1,21.4,Hybrid,0.44
2015,Kajiado,Long Rains,Maize,2.4,696.0,20.7,21.4,Traditional,1.37
2015,Kajiado,Short Rains,Beans,13.56,202.9,23.4,21.4,Traditional,0.2
2015,Kajiado,Short Rains,Maize,14.7,474.0,18.0,21.4,Improved Traditional,0.73
2015,Narok,Long Rains,Wheat,8.6,504.3,19.0,62.4,Traditional,1.03
2015,Narok,Long Rains,Beans,0.62,1283.1,18.3,62.4,Traditional,1.79
2015,Narok,Long Rains,Maize,14.01,1098.3,19.0,62.4,Improved Traditional,4.15
2015,Narok,Short Rains,Wheat,4.75,153.0,18.2,62.4,Traditional,0.2
2015,Narok,Short Rains,Beans,6.65,438.3,18.5,62.4,Improved Traditional,0.63
2015,Narok,Short Rains,Maize,11.7,635.1,17.3,62.4,Improved Traditional,1.18
2015,Elgeyo-Marakwet,Long Rains,Beans,11.16,926.7,16.2,59.4,Hybrid,1.59
2015,Elgeyo-Marakwet,Long Rains,Maize,10.35,889.8,19.9,59.4,Improved Traditional,2.32
2015,Elgeyo-Marakwet,Short Rains,Beans,0.55,543.4,19.3,59.4,Traditional,0.74
2015,Elgeyo-Marakwet,Short Rains,Maize,3.45,1106.9,17.5,59.4,Traditional,3.02
2015,Busia,Long Rains,Beans,5.62,1198.8,19.6,38.6,Traditional,1.1
2015,Busia,Long Rains,Maize,12.96,1416.1,21.6,38.6,Traditional,3.3
2015,Busia,Long Rains,Cassava,4.64,757.9,20.5,38.6,Traditional,1.53
2015,Busia,Long Rains,Rice,10.08,892.8,20.7,38.6,Traditional,1.54
2015,Busia,Short Rains,Beans,1.09,849.8,18.9,38.6,Improved Traditional,0.99
2015,Busia,Short Rains,Maize,5.39,956.3,19.7,38.6,Traditional,2.49
2015,Busia,Short Rains,Cassava,4.03,1042.7,20.9,38.6,Improved Traditional,1.64
2015,Busia,Short Rains,Rice,6.34,1315.5,19.8,38.6,Traditional,2.7
2015,Isiolo,Long Rains,Beans,2.63,366.6,30.8,45.1,Traditional,0.2
2015,Isiolo,Long Rains,Maize,2.63,472.3,29.8,45.1,Hybrid,1.09
2015,Isiolo,Short Rains,Beans,7.62,153.4,30.8,45.1,Traditional,0.2
2015,Isiolo,Short Rains,Maize,6.77,152.5,30.7,45.1,Improved Traditional,0.2
2015,Marsabit,Long Rains,Beans,1.49,217.1,33.4,22.6,Improved Traditional,0.2
2015,Marsabit,Long Rains,Maize,12.37,251.2,30.5,22.6,Traditional,0.21
2015,Marsabit,Short Rains,Beans,8.79,220.7,32.0,22.6,Traditional,0.2
2015,Marsabit,Short Rains,Maize,12.31,234.4,31.1,22.6,Traditional,0.2
2016,Uasin Gishu,Long Rains,Wheat,13.57,763.3,20.6,130.2,Improved Traditional,6.63
2016,Uasin Gishu,Long Rains,Beans,12.6,789.7,17.6,130.2,Improved Traditional,1.64
2016,Uasin Gishu,Long Rains,Maize,5.58,1080.0,17.4,130.2,Hybrid,9.02
2016,Uasin Gishu,Short Rains,Wheat,13.53,575.2,17.2,130.2,Hybrid,7.18
2016,Uasin Gishu,Short Rains,Beans,6.57,184.8,16.6,130.2,Hybrid,0.21
2016,Uasin Gishu,Short Rains,Maize,5.29,628.4,19.1,130.2,Traditional,3.36
2016,Trans Nzoia,Long Rains,Wheat,9.74,1305.0,16.9,153.8,Improved Traditional,11.11
2016,Trans Nzoia,Long Rains,Beans,6.32,840.0,16.1,153.8,Hybrid,2.12
2016,Trans Nzoia,Long Rains,Maize,1.14,1040.8,18.5,153.8,Hybrid,3.97
2016,Trans Nzoia,Short Rains,Wheat,5.21,754.9,15.4,153.8,Hybrid,8.99
2016,Trans Nzoia,Short Rains,Beans,14.67,997.5,16.7,153.8,Improved Traditional,2.06
2016,Trans Nzoia,Short Rains,Maize,7.48,562.0,16.4,153.8,Hybrid,3.87
2016,Nakuru,Long Rains,Wheat,14.02,777.3,18.7,48.7,Traditional,2.98
2016,Nakuru,Long Rains,Beans,7.12,717.6,16.9,48.7,Improved Traditional,0.72
2016,Nakuru,Long Rains,Maize,9.13,594.6,21.5,48.7,Hybrid,2.13
2016,Nakuru,Long Rains,Potatoes,11.83,823.4,18.9,48.7,Hybrid,5.47
2016,Nakuru,Short Rains,Wheat,2.98,573.1,18.6,48.7,Improved Traditional,3.23
2016,Nakuru,Short Rains,Beans,2.65,227.7,21.6,48.7,Hybrid,0.2
2016,Nakuru,Short Rains,Maize,12.79,592.9,18.6,48.7,Hybrid,1.69
2016,Nakuru,Short Rains,Potatoes,4.12,387.1,20.5,48.7,Hybrid,0.92
2016,Nandi,Long Rains,Beans,7.99,916.4,16.4,81.1,Hybrid,2.87
2016,Nandi,Long Rains,Maize,8.34,743.5,16.5,81.1,Hybrid,1.46
2016,Nandi,Long Rains,Tea,6.6,954.7,17.9,81.1,Hybrid,3.88
2016,Nandi,Short Rains,Beans,7.45,736.7,15.6,81.1,Traditional,0.76
2016,Nandi,Short Rains,Maize,1.81,385.2,17.9,81.1,Improved Traditional,0.46
2016,Nandi,Short Rains,Tea,2.69,686.8,18.2,81.1,Hybrid,4.26
2016,Bungoma,Long Rains,Beans,1.91,876.8,17.5,97.4,Traditional,0.77
2016,Bungoma,Long Rains,Maize,2.37,853.7,18.6,97.4,Traditional,3.94
2016,Bungoma,Short Rains,Beans,14.34,640.4,19.1,97.4,Traditional,1.99
2016,Bungoma,Short Rains,Maize,2.46,1301.1,18.2,97.4,Improved Traditional,3.37
2016,Kakamega,Long Rains,Beans,3.65,1354.5,21.1,116.1,Hybrid,0.92
2016,Kakamega,Long Rains,Maize,5.83,1000.9,17.7,116.1,Improved Traditional,1.88
2016,Kakamega,Short Rains,Beans,14.23,804.0,20.0,116.1,Hybrid,2.73
2016,Kakamega,Short Rains,Maize,8.69,860.1,20.4,116.1,Improved Traditional,3.13
2016,Kisii,Long Rains,Beans,5.39,1260.6,18.2,140.0,Hybrid,3.08
2016,Kisii,Long Rains,Maize,9.76,962.2,18.5,140.0,Hybrid,4.38
2016,Kisii,Short Rains,Beans,2.95,872.3,19.2,140.0,Hybrid,1.76
2016,Kisii,Short Rains,Maize,14.03,1040.3,20.2,140.0,Traditional,3.67
2016,Nyamira,Long Rains,Beans,4.54,1565.9,16.8,108.2,Improved Traditional,2.04
2016,Nyamira,Long Rains,Maize,2.01,1167.9,19.8,108.2,Hybrid,2.43
2016,Nyamira,Short Rains,Beans,7.81,979.2,18.0,108.2,Hybrid,1.32
2016,Nyamira,Short Rains,Maize,11.92,692.1,18.3,108.2,Hybrid,2.58
2016,Vihiga,Long Rains,Beans,5.22,2142.1,20.6,60.9,Traditional,2.15
2016,Vihiga,Long Rains,Maize,5.67,875.1,19.6,60.9,Traditional,1.49
2016,Vihiga,Short Rains,Beans,1.8,641.8,18.7,60.9,Hybrid,0.57
2016,Vihiga,Short Rains,Maize,2.66,530.9,18.9,60.9,Traditional,0.33
2016,Bomet,Long Rains,Beans,14.82,1123.2,18.7,46.8,Improved Traditional,1.02
2016,Bomet,Long Rains,Maize,9.08,1173.9,17.2,46.8,Hybrid,1.95
2016,Bomet,Long Rains,Tea,10.04,1361.9,20.4,46.8,Improved Traditional,2.47
2016,Bomet,Long Rains,Potatoes,13.9,878.4,15.3,46.8,Hybrid,6.68
2016,Bomet,Short Rains,Beans,12.16,552.0,17.3,46.8,Improved Traditional,0.68
2016,Bomet,Short Rains,Maize,6.62,691.1,16.7,46.8,Traditional,1.8
2016,Bomet,Short Rains,Tea,2.67,933.2,17.2,46.8,Hybrid,1.73
2016,Bomet,Short Rains,Potatoes,11.46,1262.5,18.1,46.8,Hybrid,8.45
2016,Kericho,Long Rains,Beans,8.73,1049.4,17.6,104.8,Improved Traditional,0.79
2016,Kericho,Long Rains,Maize,7.78,1005.3,17.5,104.8,Hybrid,2.47
2016,Kericho,Long Rains,Tea,13.28,1333.4,18.2,104.8,Hybrid,3.39
2016,Kericho,Short Rains,Beans,2.84,797.0,17.1,104.8,Hybrid,1.76
2016,Kericho,Short Rains,Maize,7.32,628.8,18.0,104.8,Improved Traditional,0.74
2016,Kericho,Short Rains,Tea,5.82,1170.9,19.9,104.8,Hybrid,3.85
2016,Nyeri,Long Rains,Beans,14.88,1204.1,15.8,41.6,Traditional,0.74
2016,Nyeri,Long Rains,Maize,6.61,621.3,15.8,41.6,Improved Traditional,1.62
2016,Nyeri,Long Rains,Tea,12.37,447.3,18.4,41.6,Hybrid,2.23
2016,Nyeri,Long Rains,Coffee,11.62,696.4,15.4,41.6,Hybrid,1.83
2016,Nyeri,Short Rains,Beans,7.86,605.0,15.6,41.6,Traditional,0.53
2016,Nyeri,Short Rains,Maize,11.34,353.1,15.7,41.6,Improved Traditional,0.32
2016,Nyeri,Short Rains,Tea,4.15,401.2,14.7,41.6,Hybrid,0.75
2016,Nyeri,Short Rains,Coffee,3.61,517.7,17.4,41.6,Improved Traditional,1.21
2016,Muranga,Long Rains,Beans,12.06,646.9,18.2,59.8,Traditional,0.53
2016,Muranga,Long Rains,Maize,7.67,1064.7,18.1,59.8,Hybrid,2.33
2016,Muranga,Long Rains,Tea,2.22,969.6,19.9,59.8,Traditional,2.9
2016,Muranga,Long Rains,Coffee,0.75,612.0,17.1,59.8,Traditional,1.01
2016,Muranga,Short Rains,Beans,5.85,535.0,16.9,59.8,Traditional,0.65
2016,Muranga,Short Rains,Maize,2.28,725.6,18.4,59.8,Traditional,2.17
2016,Muranga,Short Rains,Tea,13.24,720.7,19.1,59.8,Hybrid,1.63
2016,Muranga,Short Rains,Coffee,6.29,569.4,18.9,59.8,Hybrid,2.68
2016,Kiambu,Long Rains,Beans,4.16,1021.6,18.4,64.2,Hybrid,1.59
2016,Kiambu,Long Rains,Maize,10.39,911.3,17.7,64.2,Traditional,2.34
2016,Kiambu,Long Rains,Coffee,10.8,690.4,17.0,64.2,Traditional,1.49
2016,Kiambu,Short Rains,Beans,13.27,386.7,17.2,64.2,Traditional,0.2
2016,Kiambu,Short Rains,Maize,10.4,379.3,19.9,64.2,Improved Traditional,0.63
2016,Kiambu,Short Rains,Coffee,4.94,178.2,19.0,64.2,Hybrid,0.25
2016,Kirinyaga,Long Rains,Beans,10.18,837.3,17.4,65.3,Traditional,1.2
2016,Kirinyaga,Long Rains,Maize,8.28,837.4,18.5,65.3,Hybrid,2.46
2016,Kirinyaga,Long Rains,Coffee,0.59,1032.6,18.0,65.3,Traditional,1.67
2016,Kirinyaga,Long Rains,Rice,4.34,788.6,18.1,65.3,Traditional,1.86
2016,Kirinyaga,Short Rains,Beans,14.57,804.2,18.6,65.3,Improved Traditional,1.22
2016,Kirinyaga,Short Rains,Maize,13.9,529.6,17.7,65.3,Hybrid,1.98
2016,Kirinyaga,Short Rains,Coffee,12.74,501.7,18.7,65.3,Improved Traditional,1.23
2016,Kirinyaga,Short Rains,Rice,9.88,687.5,19.7,65.3,Traditional,1.94
2016,Embu,Long Rains,Beans,8.22,1116.6,20.2,41.9,Hybrid,1.67
2016,Embu,Long Rains,Maize,10.98,737.0,19.1,41.9,Improved Traditional,1.69
2016,Embu,Long Rains,Coffee,10.6,430.6,20.3,41.9,Hybrid,1.04
2016,Embu,Short Rains,Beans,9.05,357.4,19.8,41.9,Improved Traditional,0.39
2016,Embu,Short Rains,Maize,8.79,575.2,20.8,41.9,Traditional,2.01
2016,Embu,Short Rains,Coffee,0.85,749.5,19.2,41.9,Improved Traditional,1.75
2016,Meru,Long Rains,Beans,12.92,537.3,18.2,60.7,Traditional,0.41
2016,Meru,Long Rains,Maize,14.93,553.0,16.7,60.7,Improved Traditional,1.88
2016,Meru,Long Rains,Coffee,8.9,767.4,15.1,60.7,Traditional,0.85
2016,Meru,Long Rains,Potatoes,9.54,686.3,17.2,60.7,Hybrid,7.07
2016,Meru,Short Rains,Beans,7.18,699.1,19.6,60.7,Hybrid,2.17
2016,Meru,Short Rains,Maize,11.99,136.7,16.4,60.7,Traditional,0.2
2016,Meru,Short Rains,Coffee,13.1,854.6,14.6,60.7,Traditional,1.11
2016,Meru,Short Rains,Potatoes,14.29,629.6,17.1,60.7,Traditional,2.83
2016,Tharaka-Nithi,Long Rains,Beans,5.25,565.5,20.0,48.3,Traditional,0.37
2016,Tharaka-Nithi,Long Rains,Maize,6.41,437.6,20.5,48.3,Traditional,1.14
2016,Tharaka-Nithi,Short Rains,Beans,2.77,591.7,23.1,48.3,Hybrid,0.47
2016,Tharaka-Nithi,Short Rains,Maize,1.91,321.2,21.6,48.3,Traditional,0.41
2016,Nyandarua,Long Rains,Beans,9.98,1072.7,15.9,51.4,Hybrid,0.8
2016,Nyandarua,Long Rains,Maize,1.46,1181.5,15.2,51.4,Improved Traditional,1.43
2016,Nyandarua,Long Rains,Potatoes,7.83,577.3,16.7,51.4,Hybrid,4.73
2016,Nyandarua,Short Rains,Beans,6.77,735.9,16.6,51.4,Traditional,0.97
2016,Nyandarua,Short Rains,Maize,8.11,587.2,17.0,51.4,Traditional,0.76
2016,Nyandarua,Short Rains,Potatoes,6.14,453.1,16.2,51.4,Hybrid,3.22
2016,Nairobi,Long Rains,Beans,3.95,763.4,19.9,26.3,Traditional,0.24
2016,Nairobi,Long Rains,Maize,4.5,618.2,19.1,26.3,Hybrid,1.02
2016,Nairobi,Short Rains,Beans,7.9,578.2,18.4,26.3,Traditional,0.35
2016,Nairobi,Short Rains,Maize,9.62,331.6,19.5,26.3,Traditional,0.33
2016,Machakos,Long Rains,Sorghum,5.66,584.5,21.0,66.2,Improved Traditional,0.32
2016,Machakos,Long Rains,Beans,9.37,321.6,23.5,66.2,Traditional,0.22
2016,Machakos,Long Rains,Maize,8.33,717.6,21.1,66.2,Improved Traditional,2.32
2016,Machakos,Short Rains,Sorghum,11.54,227.8,22.1,66.2,Improved Traditional,0.2
2016,Machakos,Short Rains,Beans,7.82,242.8,24.5,66.2,Improved Traditional,0.2
2016,Machakos,Short Rains,Maize,1.23,646.9,21.0,66.2,Traditional,2.51
2016,Makueni,Long Rains,Sorghum,3.12,877.8,23.6,14.2,Traditional,0.73
2016,Makueni,Long Rains,Beans,14.19,700.3,24.9,14.2,Improved Traditional,0.22
2016,Makueni,Long Rains,Maize,3.39,451.1,24.7,14.2,Traditional,0.6
2016,Makueni,Short Rains,Sorghum,11.93,337.9,25.2,14.2,Traditional,0.34
2016,Makueni,Short Rains,Beans,10.18,409.3,25.1,14.2,Traditional,0.21
2016,Makueni,Short Rains,Maize,5.48,295.5,25.7,14.2,Traditional,0.28
2016,Kitui,Long Rains,Sorghum,3.37,509.6,25.5,25.7,Hybrid,0.35
2016,Kitui,Long Rains,Beans,12.86,671.6,25.8,25.7,Improved Traditional,0.27
2016,Kitui,Long Rains,Maize,14.32,739.6,25.3,25.7,Improved Traditional,0.65
2016,Kitui,Short Rains,Sorghum,11.08,664.9,26.6,25.7,Improved Traditional,0.84
2016,Kitui,Short Rains,Beans,13.34,262.1,26.4,25.7,Traditional,0.2
2016,Kitui,Short Rains,Maize,14.17,534.9,25.3,25.7,Traditional,0.49
2016,Mombasa,Long Rains,Beans,9.98,1109.9,29.3,14.1,Traditional,0.2
2016,Mombasa,Long Rains,Maize,5.97,713.3,29.2,14.1,Hybrid,0.41
2016,Mombasa,Short Rains,Beans,7.7,361.5,29.4,14.1,Improved Traditional,0.2
2016,Mombasa,Short Rains,Maize,15.0,998.4,29.0,14.1,Hybrid,0.53
2016,Kilifi,Long Rains,Beans,8.81,716.1,28.1,25.4,Hybrid,0.27
2016,Kilifi,Long Rains,Maize,14.87,782.9,27.5,25.4,Improved Traditional,0.58
2016,Kilifi,Long Rains,Cassava,12.7,754.5,27.2,25.4,Hybrid,1.71
2016,Kilifi,Short Rains,Beans,13.49,746.8,26.4,25.4,Traditional,0.2
2016,Kilifi,Short Rains,Maize,14.7,575.4,28.1,25.4,Improved Traditional,0.36
2016,Kilifi,Short Rains,Cassava,5.96,577.1,26.7,25.4,Improved Traditional,1.86
2016,Kwale,Long Rains,Beans,4.77,701.2,27.1,15.0,Improved Traditional,0.2
2016,Kwale,Long Rains,Maize,6.58,829.8,28.0,15.0,Hybrid,0.37
2016,Kwale,Long Rains,Cassava,4.92,699.5,27.6,15.0,Traditional,1.62
2016,Kwale,Short Rains,Beans,14.85,207.2,28.6,15.0,Traditional,0.2
2016,Kwale,Short Rains,Maize,0.67,307.4,28.0,15.0,Improved Traditional,0.2
2016,Kwale,Short Rains,Cassava,1.62,800.7,27.2,15.0,Hybrid,2.72
2016,Tana River,Long Rains,Beans,12.89,403.7,29.2,26.7,Hybrid,0.2
2016,Tana River,Long Rains,Maize,6.18,527.1,30.7,26.7,Improved Traditional,0.46
2016,Tana River,Long Rains,Rice,1.83,431.9,30.8,26.7,Improved Traditional,0.6
2016,Tana River,Short Rains,Beans,6.05,258.0,28.8,26.7,Traditional,0.2
2016,Tana River,Short Rains,Maize,2.59,308.4,28.8,26.7,Traditional,0.33
2016,Tana River,Short Rains,Rice,7.87,330.8,29.0,26.7,Traditional,0.42
2016,Lamu,Long Rains,Beans,1.79,991.8,27.6,52.3,Traditional,0.31
2016,Lamu,Long Rains,Maize,4.5,1048.5,28.2,52.3,Hybrid,0.89
2016,Lamu,Short Rains,Beans,8.97,474.1,29.4,52.3,Improved Traditional,0.2
2016,Lamu,Short Rains,Maize,6.95,210.1,28.6,52.3,Traditional,0.2
2016,Taita Taveta,Long Rains,Beans,10.71,811.7,23.1,32.4,Traditional,0.62
2016,Taita Taveta,Long Rains,Maize,6.22,567.9,21.8,32.4,Improved Traditional,2.11
2016,Taita Taveta,Short Rains,Beans,1.09,349.1,26.0,32.4,Traditional,0.25
2016,Taita Taveta,Short Rains,Maize,13.32,167.2,25.0,32.4,Traditional,0.2
2016,Garissa,Long Rains,Sorghum,1.72,185.5,32.6,41.4,Traditional,0.38
2016,Garissa,Long Rains,Beans,8.49,168.4,32.0,41.4,Traditional,0.2
2016,Garissa,Long Rains,Maize,12.78,280.3,30.6,41.4,Traditional,0.29
2016,Garissa,Short Rains,Sorghum,4.06,191.8,31.3,41.4,Hybrid,0.32
2016,Garissa,Short Rains,Beans,4.57,345.9,35.1,41.4,Hybrid,0.2
2016,Garissa,Short Rains,Maize,10.22,195.1,34.8,41.4,Hybrid,0.23
2016,Wajir,Long Rains,Sorghum,8.61,231.0,35.5,27.0,Hybrid,0.3
2016,Wajir,Long Rains,Beans,12.87,232.6,32.5,27.0,Hybrid,0.2
2016,Wajir,Long Rains,Maize,10.82,198.6,33.9,27.0,Hybrid,0.2
2016,Wajir,Short Rains,Sorghum,5.21,182.6,32.1,27.0,Traditional,0.33
2016,Wajir,Short Rains,Beans,4.82,241.8,33.6,27.0,Traditional,0.2
2016,Wajir,Short Rains,Maize,8.6,188.2,32.6,27.0,Improved Traditional,0.2
2016,Mandera,Long Rains,Sorghum,2.58,112.2,36.2,11.8,Traditional,0.2
2016,Mandera,Long Rains,Beans,7.52,348.5,35.6,11.8,Improved Traditional,0.2
2016,Mandera,Long Rains,Maize,13.78,211.6,34.1,11.8,Traditional,0.2
2016,Mandera,Short Rains,Sorghum,13.85,165.7,35.9,11.8,Traditional,0.2
2016,Mandera,Short Rains,Beans,4.86,215.4,33.4,11.8,Traditional,0.2
2016,Mandera,Short Rains,Maize,0.75,262.6,33.6,11.8,Hybrid,0.2
2016,Turkana,Long Rains,Sorghum,5.25,250.5,35.4,15.5,Traditional,0.21
2016,Turkana,Long Rains,Beans,0.91,119.3,35.3,15.5,Hybrid,0.2
2016,Turkana,Long Rains,Maize,12.88,178.8,33.5,15.5,Improved Traditional,0.23
2016,Turkana,Short Rains,Sorghum,0.66,102.8,36.1,15.5,Traditional,0.2
2016,Turkana,Short Rains,Beans,12.28,129.9,35.9,15.5,Improved Traditional,0.2
2016,Turkana,Short Rains,Maize,8.38,50.0,33.7,15.5,Hybrid,0.2
2016,West Pokot,Long Rains,Beans,8.88,477.3,23.2,55.0,Improved Traditional,0.38
2016,West Pokot,Long Rains,Maize,4.33,470.6,20.9,55.0,Hybrid,1.97
2016,West Pokot,Short Rains,Beans,3.16,135.1,24.4,55.0,Traditional,0.2
2016,West Pokot,Short Rains,Maize,2.92,372.5,24.2,55.0,Hybrid,1.66
2016,Samburu,Long Rains,Beans,9.73,206.1,26.6,34.5,Traditional,0.2
2016,Samburu,Long Rains,Maize,7.48,503.3,27.1,34.5,Hybrid,0.62
2016,Samburu,Short Rains,Beans,8.93,153.5,27.9,34.5,Traditional,0.2
2016,Samburu,Short Rains,Maize,11.2,246.4,25.3,34.5,Improved Traditional,0.65
2016,Baringo,Long Rains,Beans,2.4,842.0,21.7,30.7,Traditional,0.35
2016,Baringo,Long Rains,Maize,7.74,578.3,24.9,30.7,Traditional,1.27
2016,Baringo,Short Rains,Beans,12.68,445.9,21.9,30.7,Hybrid,0.47
2016,Baringo,Short Rains,Maize,3.47,245.0,22.4,30.7,Improved Traditional,0.2
2016,Laikipia,Long Rains,Wheat,2.47,796.0,19.9,53.8,Traditional,1.28
2016,Laikipia,Long Rains,Beans,3.12,770.3,17.3,53.8,Improved Traditional,0.82
2016,Laikipia,Long Rains,Maize,11.08,563.9,18.5,53.8,Improved Traditional,1.65
2016,Laikipia,Short Rains,Wheat,9.24,532.8,18.3,53.8,Traditional,2.04
2016,Laikipia,Short Rains,Beans,3.4,246.8,19.6,53.8,Traditional,0.2
2016,Laikipia,Short Rains,Maize,11.49,574.2,17.4,53.8,Improved Traditional,0.69
2016,Kisumu,Long Rains,Beans,14.62,1207.3,23.6,27.8,Hybrid,0.76
2016,Kisumu,Long Rains,Maize,11.18,921.5,20.2,27.8,Hybrid,1.95
2016,Kisumu,Short Rains,Beans,4.4,564.5,24.0,27.8,Hybrid,0.48
2016,Kisumu,Short Rains,Maize,0.61,631.7,22.4,27.8,Traditional,1.16
2016,Siaya,Long Rains,Beans,8.49,940.4,23.0,36.5,Hybrid,0.58
2016,Siaya,Long Rains,Maize,12.67,1297.6,22.1,36.5,Hybrid,4.02
2016,Siaya,Long Rains,Cassava,6.65,784.7,20.8,36.5,Improved Traditional,1.12
2016,Siaya,Short Rains,Beans,14.0,198.8,20.3,36.5,Improved Traditional,0.2
2016,Siaya,Short Rains,Maize,8.76,616.1,23.7,36.5,Hybrid,1.32
2016,Siaya,Short Rains,Cassava,3.61,261.8,24.2,36.5,Hybrid,0.36
2016,Homa Bay,Long Rains,Beans,7.35,1098.1,23.1,71.1,Improved Traditional,0.82
2016,Homa Bay,Long Rains,Maize,13.37,553.9,23.5,71.1,Traditional,1.88
2016,Homa Bay,Short Rains,Beans,5.42,261.5,24.8,71.1,Traditional,0.2
2016,Homa Bay,Short Rains,Maize,14.39,394.1,23.3,71.1,Improved Traditional,0.25
2016,Migori,Long Rains,Beans,1.06,970.3,23.9,58.2,Traditional,0.65
2016,Migori,Long Rains,Maize,8.93,1155.5,21.2,58.2,Improved Traditional,3.83
2016,Migori,Short Rains,Beans,13.54,960.0,21.1,58.2,Improved Traditional,1.1
2016,Migori,Short Rains,Maize,3.14,904.6,22.7,58.2,Traditional,2.24
2016,Kajiado,Long Rains,Beans,14.17,510.6,22.9,26.1,Traditional,0.25
2016,Kajiado,Long Rains,Maize,12.29,590.4,23.7,26.1,Improved Traditional,0.77
2016,Kajiado,Short Rains,Beans,11.51,124.7,21.8,26.1,Hybrid,0.2
2016,Kajiado,Short Rains,Maize,4.66,508.7,20.1,26.1,Hybrid,1.52
2016,Narok,Long Rains,Wheat,1.29,697.8,18.6,56.5,Improved Traditional,1.82
2016,Narok,Long Rains,Beans,1.02,798.1,18.4,56.5,Traditional,1.71
2016,Narok,Long Rains,Maize,8.8,841.5,18.8,56.5,Traditional,1.56
2016,Narok,Short Rains,Wheat,9.3,600.5,18.3,56.5,Traditional,2.12
2016,Narok,Short Rains,Beans,11.36,679.2,18.9,56.5,Traditional,0.64
2016,Narok,Short Rains,Maize,7.49,551.8,19.9,56.5,Traditional,1.38
2016,Elgeyo-Marakwet,Long Rains,Beans,13.83,810.7,14.2,95.8,Traditional,0.85
2016,Elgeyo-Marakwet,Long Rains,Maize,12.57,688.0,18.6,95.8,Traditional,1.82
2016,Elgeyo-Marakwet,Short Rains,Beans,13.1,444.1,17.1,95.8,Traditional,0.57
2016,Elgeyo-Marakwet,Short Rains,Maize,11.52,382.5,18.0,95.8,Hybrid,1.13
2016,Busia,Long Rains,Beans,12.4,853.2,20.4,48.2,Traditional,0.84
2016,Busia,Long Rains,Maize,10.55,910.8,23.0,48.2,Traditional,2.96
2016,Busia,Long Rains,Cassava,10.64,982.9,21.0,48.2,Traditional,0.94
2016,Busia,Long Rains,Rice,3.47,1297.9,22.3,48.2,Traditional,4.02
2016,Busia,Short Rains,Beans,11.39,867.6,20.5,48.2,Improved Traditional,0.73
2016,Busia,Short Rains,Maize,4.72,750.7,19.3,48.2,Improved Traditional,1.65
2016,Busia,Short Rains,Cassava,11.43,792.5,21.2,48.2,Improved Traditional,2.87
2016,Busia,Short Rains,Rice,3.14,930.5,19.4,48.2,Hybrid,1.63
2016,Isiolo,Long Rains,Beans,6.37,353.7,30.4,16.7,Traditional,0.2
2016,Isiolo,Long Rains,Maize,10.03,251.9,31.2,16.7,Improved Traditional,0.2
2016,Isiolo,Short Rains,Beans,5.08,257.4,32.4,16.7,Traditional,0.2
2016,Isiolo,Short Rains,Maize,9.25,225.0,31.1,16.7,Traditional,0.2
2016,Marsabit,Long Rains,Beans,14.73,260.0,32.0,25.9,Traditional,0.2
2016,Marsabit,Long Rains,Maize,5.26,293.1,31.2,25.9,Improved Traditional,0.2
2016,Marsabit,Short Rains,Beans,8.5,226.8,31.2,25.9,Hybrid,0.2
2016,Marsabit,Short Rains,Maize,7.43,183.0,31.3,25.9,Hybrid,0.2
2017,Uasin Gishu,Long Rains,Wheat,6.58,811.6,17.2,156.9,Hybrid,9.41
2017,Uasin Gishu,Long Rains,Beans,13.53,889.8,16.5,156.9,Hybrid,1.59
2017,Uasin Gishu,Long Rains,Maize,13.72,845.8,18.0,156.9,Hybrid,5.12
2017,Uasin Gishu,Short Rains,Wheat,7.33,654.6,17.3,156.9,Improved Traditional,5.44
2017,Uasin Gishu,Short Rains,Beans,2.12,497.8,16.6,156.9,Hybrid,1.04
2017,Uasin Gishu,Short Rains,Maize,4.02,376.4,17.7,156.9,Hybrid,0.82
2017,Trans Nzoia,Long Rains,Wheat,10.75,919.1,16.7,124.2,Traditional,5.87
2017,Trans Nzoia,Long Rains,Beans,10.43,1135.4,16.4,124.2,Traditional,0.89
2017,Trans Nzoia,Long Rains,Maize,12.05,1389.1,16.3,124.2,Improved Traditional,2.53
2017,Trans Nzoia,Short Rains,Wheat,12.88,727.7,18.2,124.2,Improved Traditional,3.67
2017,Trans Nzoia,Short Rains,Beans,3.59,873.8,16.9,124.2,Improved Traditional,1.44
2017,Trans Nzoia,Short Rains,Maize,12.82,965.3,17.9,124.2,Traditional,3.64
2017,Nakuru,Long Rains,Wheat,4.03,1072.2,21.4,53.2,Hybrid,3.3
2017,Nakuru,Long Rains,Beans,4.31,729.9,18.2,53.2,Improved Traditional,0.72
2017,Nakuru,Long Rains,Maize,1.66,756.0,19.5,53.2,Improved Traditional,1.78
2017,Nakuru,Long Rains,Potatoes,10.71,1228.0,20.4,53.2,Hybrid,4.12
2017,Nakuru,Short Rains,Wheat,13.77,347.1,20.0,53.2,Hybrid,0.3
2017,Nakuru,Short Rains,Beans,1.23,525.7,17.8,53.2,Hybrid,0.69
2017,Nakuru,Short Rains,Maize,6.09,586.5,19.3,53.2,Improved Traditional,1.49
2017,Nakuru,Short Rains,Potatoes,14.35,543.6,18.2,53.2,Hybrid,1.19
2017,Nandi,Long Rains,Beans,14.07,1036.5,17.2,112.6,Hybrid,1.62
2017,Nandi,Long Rains,Maize,3.96,1242.1,19.4,112.6,Hybrid,6.28
2017,Nandi,Long Rains,Tea,1.47,1392.3,17.1,112.6,Improved Traditional,5.94
2017,Nandi,Short Rains,Beans,7.07,420.4,19.4,112.6,Improved Traditional,0.23
2017,Nandi,Short Rains,Maize,13.31,631.5,17.9,112.6,Hybrid,1.12
2017,Nandi,Short Rains,Tea,12.16,336.7,18.7,112.6,Traditional,0.24
2017,Bungoma,Long Rains,Beans,13.11,899.6,19.0,122.0,Improved Traditional,1.77
2017,Bungoma,Long Rains,Maize,0.92,1204.2,20.3,122.0,Traditional,3.59
2017,Bungoma,Short Rains,Beans,2.6,427.9,18.1,122.0,Hybrid,0.3
2017,Bungoma,Short Rains,Maize,5.45,397.0,17.2,122.0,Hybrid,0.62
2017,Kakamega,Long Rains,Beans,14.29,1324.7,21.4,100.7,Hybrid,1.5
2017,Kakamega,Long Rains,Maize,11.63,1252.8,19.3,100.7,Hybrid,2.13
2017,Kakamega,Short Rains,Beans,5.78,853.2,19.8,100.7,Improved Traditional,0.41
2017,Kakamega,Short Rains,Maize,8.71,830.5,18.1,100.7,Hybrid,2.94
2017,Kisii,Long Rains,Beans,10.67,1236.9,18.7,101.5,Improved Traditional,0.99
2017,Kisii,Long Rains,Maize,10.5,1065.3,17.6,101.5,Traditional,1.62
2017,Kisii,Short Rains,Beans,9.48,1022.5,20.2,101.5,Traditional,1.14
2017,Kisii,Short Rains,Maize,9.76,730.9,20.2,101.5,Improved Traditional,1.72
2017,Nyamira,Long Rains,Beans,12.03,1412.7,17.3,119.0,Improved Traditional,1.09
2017,Nyamira,Long Rains,Maize,13.74,1512.6,19.7,119.0,Hybrid,3.06
2017,Nyamira,Short Rains,Beans,4.56,1048.0,21.2,119.0,Improved Traditional,1.13
2017,Nyamira,Short Rains,Maize,0.75,1109.3,19.2,119.0,Hybrid,4.05
2017,Vihiga,Long Rains,Beans,9.97,1703.5,19.8,65.8,Traditional,1.47
2017,Vihiga,Long Rains,Maize,2.02,1554.6,22.3,65.8,Traditional,3.45
2017,Vihiga,Short Rains,Beans,8.67,794.5,22.0,65.8,Traditional,0.35
2017,Vihiga,Short Rains,Maize,6.75,1174.0,17.9,65.8,Improved Traditional,0.76
2017,Bomet,Long Rains,Beans,9.87,1171.6,19.0,85.2,Hybrid,1.88
2017,Bomet,Long Rains,Maize,6.11,1080.8,16.2,85.2,Hybrid,0.9
2017,Bomet,Long Rains,Tea,2.58,1594.7,17.6,85.2,Hybrid,8.24
2017,Bomet,Long Rains,Potatoes,12.39,1009.5,16.8,85.2,Traditional,5.63
2017,Bomet,Short Rains,Beans,1.18,1050.6,18.9,85.2,Traditional,0.69
2017,Bomet,Short Rains,Maize,13.74,1560.4,18.5,85.2,Improved Traditional,3.62
2017,Bomet,Short Rains,Tea,13.52,907.7,16.8,85.2,Hybrid,2.47
2017,Bomet,Short Rains,Potatoes,6.73,602.2,17.4,85.2,Hybrid,2.78
2017,Kericho,Long Rains,Beans,13.3,1071.7,16.7,75.2,Hybrid,1.12
2017,Kericho,Long Rains,Maize,13.99,1770.6,16.2,75.2,Improved Traditional,3.1
2017,Kericho,Long Rains,Tea,10.18,1100.0,18.9,75.2,Improved Traditional,1.21
2017,Kericho,Short Rains,Beans,0.57,438.0,17.1,75.2,Improved Traditional,0.2
2017,Kericho,Short Rains,Maize,6.93,1404.5,16.8,75.2,Hybrid,2.23
2017,Kericho,Short Rains,Tea,1.7,407.7,19.8,75.2,Hybrid,0.31
2017,Nyeri,Long Rains,Beans,12.18,812.5,16.8,73.8,Improved Traditional,1.01
2017,Nyeri,Long Rains,Maize,3.79,710.5,15.9,73.8,Traditional,1.39
2017,Nyeri,Long Rains,Tea,6.79,1183.1,15.0,73.8,Improved Traditional,2.63
2017,Nyeri,Long Rains,Coffee,6.22,879.1,16.5,73.8,Traditional,1.49
2017,Nyeri,Short Rains,Beans,6.63,619.6,17.0,73.8,Improved Traditional,0.48
2017,Nyeri,Short Rains,Maize,6.07,733.9,15.1,73.8,Hybrid,1.3
2017,Nyeri,Short Rains,Tea,7.48,716.1,16.2,73.8,Traditional,1.13
2017,Nyeri,Short Rains,Coffee,14.81,772.0,17.4,73.8,Traditional,0.85
2017,Muranga,Long Rains,Beans,1.25,798.9,17.4,44.1,Traditional,0.48
2017,Muranga,Long Rains,Maize,13.93,788.8,19.1,44.1,Hybrid,1.47
2017,Muranga,Long Rains,Tea,12.49,949.4,17.6,44.1,Hybrid,2.85
2017,Muranga,Long Rains,Coffee,11.04,864.8,18.4,44.1,Improved Traditional,1.23
2017,Muranga,Short Rains,Beans,6.9,931.7,19.3,44.1,Hybrid,0.88
2017,Muranga,Short Rains,Maize,4.29,875.6,16.9,44.1,Hybrid,0.99
2017,Muranga,Short Rains,Tea,10.62,548.1,17.5,44.1,Improved Traditional,0.79
2017,Muranga,Short Rains,Coffee,5.51,937.6,18.2,44.1,Traditional,1.14
2017,Kiambu,Long Rains,Beans,0.53,1127.3,18.3,74.0,Traditional,0.95
2017,Kiambu,Long Rains,Maize,2.69,920.7,14.9,74.0,Hybrid,1.36
2017,Kiambu,Long Rains,Coffee,1.2,648.9,19.0,74.0,Traditional,0.33
2017,Kiambu,Short Rains,Beans,13.66,407.4,17.6,74.0,Traditional,0.23
2017,Kiambu,Short Rains,Maize,7.36,707.4,18.3,74.0,Traditional,1.33
2017,Kiambu,Short Rains,Coffee,13.39,381.9,16.8,74.0,Improved Traditional,0.2
2017,Kirinyaga,Long Rains,Beans,11.35,896.5,19.6,47.4,Traditional,0.5
2017,Kirinyaga,Long Rains,Maize,10.64,886.7,20.4,47.4,Traditional,0.8
2017,Kirinyaga,Long Rains,Coffee,7.93,929.4,19.0,47.4,Traditional,1.01
2017,Kirinyaga,Long Rains,Rice,2.76,578.3,19.0,47.4,Improved Traditional,0.66
2017,Kirinyaga,Short Rains,Beans,7.22,670.2,19.6,47.4,Improved Traditional,0.59
2017,Kirinyaga,Short Rains,Maize,11.06,894.8,18.1,47.4,Traditional,0.95
2017,Kirinyaga,Short Rains,Coffee,7.68,640.6,18.3,47.4,Traditional,0.99
2017,Kirinyaga,Short Rains,Rice,14.96,754.9,19.2,47.4,Traditional,0.67
2017,Embu,Long Rains,Beans,12.49,841.3,20.3,63.9,Improved Traditional,1.03
2017,Embu,Long Rains,Maize,4.17,684.1,20.4,63.9,Improved Traditional,0.71
2017,Embu,Long Rains,Coffee,11.65,965.6,18.5,63.9,Improved Traditional,1.15
2017,Embu,Short Rains,Beans,6.26,819.1,20.4,63.9,Improved Traditional,1.43
2017,Embu,Short Rains,Maize,4.92,874.6,19.8,63.9,Improved Traditional,2.54
2017,Embu,Short Rains,Coffee,9.92,474.2,19.9,63.9,Traditional,0.22
2017,Meru,Long Rains,Beans,11.03,1006.5,17.8,64.8,Improved Traditional,1.02
2017,Meru,Long Rains,Maize,12.65,896.3,18.2,64.8,Improved Traditional,0.76
2017,Meru,Long Rains,Coffee,14.82,820.7,15.7,64.8,Traditional,0.96
2017,Meru,Long Rains,Potatoes,14.05,716.6,18.8,64.8,Traditional,2.87
2017,Meru,Short Rains,Beans,5.51,700.7,15.6,64.8,Traditional,0.42
2017,Meru,Short Rains,Maize,14.07,154.0,19.3,64.8,Traditional,0.2
2017,Meru,Short Rains,Coffee,10.97,804.7,19.1,64.8,Traditional,1.36
2017,Meru,Short Rains,Potatoes,2.51,452.6,16.0,64.8,Hybrid,3.51
2017,Tharaka-Nithi,Long Rains,Beans,14.94,638.4,21.3,68.8,Hybrid,0.72
2017,Tharaka-Nithi,Long Rains,Maize,2.48,833.4,19.5,68.8,Traditional,2.12
2017,Tharaka-Nithi,Short Rains,Beans,7.0,265.7,21.8,68.8,Hybrid,0.2
2017,Tharaka-Nithi,Short Rains,Maize,7.19,50.0,21.0,68.8,Hybrid,0.2
2017,Nyandarua,Long Rains,Beans,4.13,890.7,15.8,121.0,Hybrid,0.97
2017,Nyandarua,Long Rains,Maize,4.53,841.4,15.1,121.0,Hybrid,1.28
2017,Nyandarua,Long Rains,Potatoes,1.48,755.4,17.0,121.0,Hybrid,8.84
2017,Nyandarua,Short Rains,Beans,9.09,624.9,16.1,121.0,Traditional,0.51
2017,Nyandarua,Short Rains,Maize,14.31,593.5,15.4,121.0,Traditional,0.86
2017,Nyandarua,Short Rains,Potatoes,8.44,715.6,17.2,121.0,Hybrid,4.57
2017,Nairobi,Long Rains,Beans,3.25,729.4,22.2,16.5,Traditional,0.2
2017,Nairobi,Long Rains,Maize,7.25,657.2,20.3,16.5,Hybrid,1.1
2017,Nairobi,Short Rains,Beans,6.78,50.0,21.7,16.5,Traditional,0.2
2017,Nairobi,Short Rains,Maize,6.2,246.2,20.7,16.5,Traditional,0.2
2017,Machakos,Long Rains,Sorghum,5.37,642.8,21.5,48.7,Traditional,0.41
2017,Machakos,Long Rains,Beans,14.63,706.5,22.7,48.7,Hybrid,0.73
2017,Machakos,Long Rains,Maize,3.73,628.9,23.8,48.7,Hybrid,1.97
2017,Machakos,Short Rains,Sorghum,5.58,633.9,23.2,48.7,Traditional,0.38
2017,Machakos,Short Rains,Beans,9.46,620.6,22.5,48.7,Traditional,0.25
2017,Machakos,Short Rains,Maize,10.85,372.5,22.5,48.7,Traditional,0.7
2017,Makueni,Long Rains,Sorghum,12.48,677.7,23.9,11.7,Traditional,0.58
2017,Makueni,Long Rains,Beans,14.16,769.0,25.4,11.7,Traditional,0.2
2017,Makueni,Long Rains,Maize,6.77,273.0,26.1,11.7,Traditional,0.2
2017,Makueni,Short Rains,Sorghum,7.46,307.0,24.5,11.7,Traditional,0.2
2017,Makueni,Short Rains,Beans,8.79,694.0,24.1,11.7,Traditional,0.25
2017,Makueni,Short Rains,Maize,6.47,313.5,23.0,11.7,Traditional,0.33
2017,Kitui,Long Rains,Sorghum,9.83,612.6,23.6,32.9,Improved Traditional,0.43
2017,Kitui,Long Rains,Beans,11.99,698.0,23.6,32.9,Traditional,0.32
2017,Kitui,Long Rains,Maize,2.58,331.7,27.0,32.9,Traditional,0.33
2017,Kitui,Short Rains,Sorghum,7.9,575.8,22.9,32.9,Improved Traditional,0.35
2017,Kitui,Short Rains,Beans,14.42,476.3,26.8,32.9,Traditional,0.2
2017,Kitui,Short Rains,Maize,4.46,646.9,23.5,32.9,Hybrid,1.29
2017,Mombasa,Long Rains,Beans,6.08,772.8,29.5,35.2,Traditional,0.2
2017,Mombasa,Long Rains,Maize,6.73,988.5,26.7,35.2,Traditional,0.49
2017,Mombasa,Short Rains,Beans,3.42,921.5,30.1,35.2,Improved Traditional,0.2
2017,Mombasa,Short Rains,Maize,10.33,623.0,29.3,35.2,Traditional,0.2
2017,Kilifi,Long Rains,Beans,0.57,711.8,27.3,10.9,Traditional,0.2
2017,Kilifi,Long Rains,Maize,13.86,908.0,25.2,10.9,Hybrid,0.55
2017,Kilifi,Long Rains,Cassava,5.22,562.5,29.0,10.9,Hybrid,0.84
2017,Kilifi,Short Rains,Beans,3.12,372.1,27.5,10.9,Improved Traditional,0.2
2017,Kilifi,Short Rains,Maize,5.9,829.6,27.1,10.9,Hybrid,0.21
2017,Kilifi,Short Rains,Cassava,2.04,685.3,30.4,10.9,Traditional,0.49
2017,Kwale,Long Rains,Beans,8.23,677.6,27.5,25.9,Improved Traditional,0.2
2017,Kwale,Long Rains,Maize,1.72,982.1,26.7,25.9,Traditional,0.35
2017,Kwale,Long Rains,Cassava,5.08,653.9,26.6,25.9,Hybrid,1.3
2017,Kwale,Short Rains,Beans,7.3,515.9,29.5,25.9,Traditional,0.2
2017,Kwale,Short Rains,Maize,4.61,924.7,28.1,25.9,Hybrid,0.32
2017,Kwale,Short Rains,Cassava,6.17,260.5,29.5,25.9,Traditional,0.2
2017,Tana River,Long Rains,Beans,4.7,630.4,28.4,17.3,Traditional,0.2
2017,Tana River,Long Rains,Maize,13.86,626.6,29.1,17.3,Hybrid,0.2
2017,Tana River,Long Rains,Rice,3.16,281.2,28.3,17.3,Traditional,0.41
2017,Tana River,Short Rains,Beans,2.58,414.5,28.2,17.3,Improved Traditional,0.2
2017,Tana River,Short Rains,Maize,8.53,513.9,29.0,17.3,Traditional,0.22
2017,Tana River,Short Rains,Rice,5.58,264.3,29.1,17.3,Improved Traditional,0.24
2017,Lamu,Long Rains,Beans,8.99,751.8,28.9,9.5,Traditional,0.2
2017,Lamu,Long Rains,Maize,6.45,729.3,25.8,9.5,Traditional,0.25
2017,Lamu,Short Rains,Beans,14.4,511.6,29.1,9.5,Traditional,0.2
2017,Lamu,Short Rains,Maize,8.88,356.8,26.5,9.5,Traditional,0.2
2017,Taita Taveta,Long Rains,Beans,14.38,943.5,24.1,34.4,Traditional,0.36
2017,Taita Taveta,Long Rains,Maize,3.26,798.2,22.9,34.4,Traditional,0.98
2017,Taita Taveta,Short Rains,Beans,11.81,287.4,23.6,34.4,Improved Traditional,0.2
2017,Taita Taveta,Short Rains,Maize,5.28,414.9,24.1,34.4,Traditional,0.41
2017,Garissa,Long Rains,Sorghum,1.93,353.7,32.5,28.0,Hybrid,0.24
2017,Garissa,Long Rains,Beans,14.26,259.2,33.6,28.0,Traditional,0.2
2017,Garissa,Long Rains,Maize,0.73,179.4,33.1,28.0,Traditional,0.2
2017,Garissa,Short Rains,Sorghum,13.11,271.9,33.3,28.0,Traditional,0.2
2017,Garissa,Short Rains,Beans,1.9,121.2,31.4,28.0,Hybrid,0.2
2017,Garissa,Short Rains,Maize,7.8,114.3,32.1,28.0,Improved Traditional,0.2
2017,Wajir,Long Rains,Sorghum,9.0,246.4,35.5,17.3,Traditional,0.2
2017,Wajir,Long Rains,Beans,3.63,160.9,35.3,17.3,Hybrid,0.2
2017,Wajir,Long Rains,Maize,12.53,238.4,33.6,17.3,Improved Traditional,0.2
2017,Wajir,Short Rains,Sorghum,6.68,134.1,31.8,17.3,Traditional,0.2
2017,Wajir,Short Rains,Beans,13.81,185.3,32.1,17.3,Improved Traditional,0.2
2017,Wajir,Short Rains,Maize,11.04,157.5,34.4,17.3,Traditional,0.2
2017,Mandera,Long Rains,Sorghum,0.79,234.5,37.1,36.9,Improved Traditional,0.2
2017,Mandera,Long Rains,Beans,11.59,216.9,35.3,36.9,Improved Traditional,0.2
2017,Mandera,Long Rains,Maize,9.26,193.4,33.0,36.9,Traditional,0.2
2017,Mandera,Short Rains,Sorghum,6.66,89.9,34.4,36.9,Improved Traditional,0.2
2017,Mandera,Short Rains,Beans,5.15,172.2,35.9,36.9,Improved Traditional,0.2
2017,Mandera,Short Rains,Maize,2.62,53.2,33.7,36.9,Traditional,0.2
2017,Turkana,Long Rains,Sorghum,11.73,184.8,33.5,9.8,Traditional,0.2
2017,Turkana,Long Rains,Beans,7.89,176.9,34.1,9.8,Traditional,0.2
2017,Turkana,Long Rains,Maize,10.82,178.8,35.0,9.8,Traditional,0.2
2017,Turkana,Short Rains,Sorghum,12.89,388.3,35.2,9.8,Improved Traditional,0.2
2017,Turkana,Short Rains,Beans,11.76,63.9,35.2,9.8,Traditional,0.2
2017,Turkana,Short Rains,Maize,10.48,171.4,36.8,9.8,Improved Traditional,0.2
2017,West Pokot,Long Rains,Beans,6.88,551.9,23.0,51.5,Traditional,0.55
2017,West Pokot,Long Rains,Maize,14.97,598.7,23.8,51.5,Hybrid,1.47
2017,West Pokot,Short Rains,Beans,13.5,229.3,22.6,51.5,Traditional,0.2
2017,West Pokot,Short Rains,Maize,10.12,403.5,23.1,51.5,Hybrid,1.37
2017,Samburu,Long Rains,Beans,5.4,237.8,26.3,33.0,Traditional,0.2
2017,Samburu,Long Rains,Maize,0.56,382.5,26.4,33.0,Traditional,0.29
2017,Samburu,Short Rains,Beans,13.48,317.3,27.4,33.0,Hybrid,0.2
2017,Samburu,Short Rains,Maize,11.61,258.4,24.8,33.0,Traditional,0.25
2017,Baringo,Long Rains,Beans,14.67,565.9,22.9,10.2,Improved Traditional,0.2
2017,Baringo,Long Rains,Maize,12.89,731.6,23.4,10.2,Traditional,0.66
2017,Baringo,Short Rains,Beans,3.61,367.2,22.2,10.2,Improved Traditional,0.2
2017,Baringo,Short Rains,Maize,8.84,174.8,25.7,10.2,Hybrid,0.2
2017,Laikipia,Long Rains,Wheat,10.0,1008.3,21.1,23.2,Improved Traditional,0.75
2017,Laikipia,Long Rains,Beans,12.71,530.8,17.5,23.2,Traditional,0.23
2017,Laikipia,Long Rains,Maize,6.69,811.0,20.7,23.2,Traditional,1.43
2017,Laikipia,Short Rains,Wheat,2.68,579.4,20.6,23.2,Hybrid,1.09
2017,Laikipia,Short Rains,Beans,3.18,539.2,21.3,23.2,Improved Traditional,0.44
2017,Laikipia,Short Rains,Maize,1.64,50.0,20.1,23.2,Improved Traditional,0.2
2017,Kisumu,Long Rains,Beans,7.17,1021.7,21.6,34.4,Hybrid,0.79
2017,Kisumu,Long Rains,Maize,2.2,1198.6,22.0,34.4,Improved Traditional,2.1
2017,Kisumu,Short Rains,Beans,1.36,905.7,21.4,34.4,Traditional,0.47
2017,Kisumu,Short Rains,Maize,9.86,519.1,22.2,34.4,Traditional,0.82
2017,Siaya,Long Rains,Beans,8.71,1111.4,20.8,67.9,Traditional,1.16
2017,Siaya,Long Rains,Maize,0.88,1153.6,23.3,67.9,Hybrid,2.34
2017,Siaya,Long Rains,Cassava,7.97,1599.4,23.8,67.9,Hybrid,2.86
2017,Siaya,Short Rains,Beans,5.01,671.0,21.9,67.9,Improved Traditional,0.55
2017,Siaya,Short Rains,Maize,11.84,880.1,23.0,67.9,Improved Traditional,0.92
2017,Siaya,Short Rains,Cassava,8.13,1048.2,22.7,67.9,Traditional,2.26
2017,Homa Bay,Long Rains,Beans,8.12,1078.6,23.6,50.1,Improved Traditional,0.62
2017,Homa Bay,Long Rains,Maize,2.12,931.2,25.2,50.1,Traditional,0.87
2017,Homa Bay,Short Rains,Beans,10.1,669.1,23.2,50.1,Hybrid,0.38
2017,Homa Bay,Short Rains,Maize,7.74,447.2,23.0,50.1,Traditional,0.2
2017,Migori,Long Rains,Beans,0.93,494.7,21.3,60.9,Improved Traditional,0.2
2017,Migori,Long Rains,Maize,9.42,1308.3,20.7,60.9,Traditional,2.69
2017,Migori,Short Rains,Beans,1.35,694.0,23.4,60.9,Traditional,0.44
2017,Migori,Short Rains,Maize,7.18,631.0,22.9,60.9,Traditional,0.66
2017,Kajiado,Long Rains,Beans,12.77,604.2,20.2,29.4,Traditional,0.22
2017,Kajiado,Long Rains,Maize,11.0,517.8,21.8,29.4,Traditional,0.59
2017,Kajiado,Short Rains,Beans,13.22,152.3,22.2,29.4,Improved Traditional,0.2
2017,Kajiado,Short Rains,Maize,13.03,183.0,23.1,29.4,Traditional,0.2
2017,Narok,Long Rains,Wheat,1.05,1052.5,18.2,86.8,Traditional,2.51
2017,Narok,Long Rains,Beans,11.1,1280.0,18.1,86.8,Traditional,0.75
2017,Narok,Long Rains,Maize,7.41,1005.9,19.4,86.8,Hybrid,2.96
2017,Narok,Short Rains,Wheat,9.93,330.6,18.5,86.8,Traditional,0.44
2017,Narok,Short Rains,Beans,8.46,507.4,17.9,86.8,Hybrid,0.46
2017,Narok,Short Rains,Maize,11.18,230.2,16.8,86.8,Traditional,0.2
2017,Elgeyo-Marakwet,Long Rains,Beans,4.06,1167.1,18.0,61.0,Hybrid,1.39
2017,Elgeyo-Marakwet,Long Rains,Maize,3.39,655.9,16.8,61.0,Improved Traditional,0.94
2017,Elgeyo-Marakwet,Short Rains,Beans,2.37,520.0,16.4,61.0,Improved Traditional,0.42
2017,Elgeyo-Marakwet,Short Rains,Maize,12.16,222.3,17.9,61.0,Improved Traditional,0.2
2017,Busia,Long Rains,Beans,13.88,782.7,20.4,73.7,Improved Traditional,0.69
2017,Busia,Long Rains,Maize,11.96,1300.8,18.1,73.7,Hybrid,1.8
2017,Busia,Long Rains,Cassava,11.87,1460.3,17.6,73.7,Traditional,1.67
2017,Busia,Long Rains,Rice,2.42,1385.5,20.9,73.7,Hybrid,4.29
2017,Busia,Short Rains,Beans,9.85,870.9,20.0,73.7,Improved Traditional,1.07
2017,Busia,Short Rains,Maize,0.97,340.2,20.1,73.7,Traditional,0.28
2017,Busia,Short Rains,Cassava,6.93,760.6,19.9,73.7,Hybrid,1.2
2017,Busia,Short Rains,Rice,12.65,351.9,20.7,73.7,Hybrid,0.28
2017,Isiolo,Long Rains,Beans,2.49,492.1,30.2,15.8,Traditional,0.2
2017,Isiolo,Long Rains,Maize,0.73,351.7,30.1,15.8,Traditional,0.2
2017,Isiolo,Short Rains,Beans,5.99,285.9,29.9,15.8,Traditional,0.2
2017,Isiolo,Short Rains,Maize,6.37,297.9,31.3,15.8,Hybrid,0.2
2017,Marsabit,Long Rains,Beans,0.52,196.4,29.8,24.1,Hybrid,0.2
2017,Marsabit,Long Rains,Maize,4.18,358.8,30.1,24.1,Improved Traditional,0.21
2017,Marsabit,Short Rains,Beans,13.25,224.9,31.3,24.1,Hybrid,0.2
2017,Marsabit,Short Rains,Maize,3.52,283.4,31.0,24.1,Traditional,0.2
2018,Uasin Gishu,Long Rains,Wheat,0.91,1041.5,16.5,94.5,Hybrid,15.59
2018,Uasin Gishu,Long Rains,Beans,11.37,738.2,18.5,94.5,Hybrid,1.52
2018,Uasin Gishu,Long Rains,Maize,3.19,1240.6,17.8,94.5,Hybrid,7.14
2018,Uasin Gishu,Short Rains,Wheat,14.71,788.0,17.3,94.5,Traditional,8.51
2018,Uasin Gishu,Short Rains,Beans,4.84,1079.2,18.0,94.5,Hybrid,2.52
2018,Uasin Gishu,Short Rains,Maize,7.18,641.4,16.6,94.5,Hybrid,2.25
2018,Trans Nzoia,Long Rains,Wheat,1.82,1554.8,15.2,110.3,Improved Traditional,12.05
2018,Trans Nzoia,Long Rains,Beans,5.64,1174.8,17.5,110.3,Hybrid,3.59
2018,Trans Nzoia,Long Rains,Maize,8.8,718.3,17.5,110.3,Improved Traditional,2.25
2018,Trans Nzoia,Short Rains,Wheat,11.11,604.6,16.6,110.3,Hybrid,4.85
2018,Trans Nzoia,Short Rains,Beans,7.46,1303.8,16.9,110.3,Improved Traditional,2.41
2018,Trans Nzoia,Short Rains,Maize,4.18,616.0,18.0,110.3,Hybrid,3.69
2018,Nakuru,Long Rains,Wheat,14.3,837.2,18.6,140.4,Hybrid,9.51
2018,Nakuru,Long Rains,Beans,14.34,597.6,17.8,140.4,Hybrid,1.92
2018,Nakuru,Long Rains,Maize,3.72,926.6,19.8,140.4,Traditional,7.38
2018,Nakuru,Long Rains,Potatoes,11.18,845.0,18.0,140.4,Hybrid,16.05
2018,Nakuru,Short Rains,Wheat,3.68,421.9,19.1,140.4,Traditional,1.1
2018,Nakuru,Short Rains,Beans,4.22,413.2,19.3,140.4,Traditional,0.37
2018,Nakuru,Short Rains,Maize,11.38,649.9,18.5,140.4,Hybrid,4.01
2018,Nakuru,Short Rains,Potatoes,1.66,664.7,20.1,140.4,Hybrid,8.55
2018,Nandi,Long Rains,Beans,14.08,1004.3,17.8,93.9,Improved Traditional,2.03
2018,Nandi,Long Rains,Maize,7.57,931.5,19.2,93.9,Hybrid,5.41
2018,Nandi,Long Rains,Tea,3.94,1047.5,17.5,93.9,Hybrid,7.76
2018,Nandi,Short Rains,Beans,2.42,892.5,18.7,93.9,Improved Traditional,2.15
2018,Nandi,Short Rains,Maize,5.22,582.1,18.3,93.9,Hybrid,1.6
2018,Nandi,Short Rains,Tea,10.49,706.4,20.9,93.9,Hybrid,3.65
2018,Bungoma,Long Rains,Beans,5.22,1470.7,18.0,76.4,Improved Traditional,2.05
2018,Bungoma,Long Rains,Maize,8.83,1519.2,17.9,76.4,Improved Traditional,6.03
2018,Bungoma,Short Rains,Beans,2.62,504.8,16.4,76.4,Hybrid,0.29
2018,Bungoma,Short Rains,Maize,8.9,622.7,16.0,76.4,Hybrid,1.36
2018,Kakamega,Long Rains,Beans,4.22,1163.1,19.6,100.6,Hybrid,1.59
2018,Kakamega,Long Rains,Maize,5.47,951.7,19.3,100.6,Hybrid,4.19
2018,Kakamega,Short Rains,Beans,14.23,946.6,19.6,100.6,Traditional,1.49
2018,Kakamega,Short Rains,Maize,8.41,1151.5,17.0,100.6,Hybrid,2.81
2018,Kisii,Long Rains,Beans,7.22,1686.9,17.9,128.3,Hybrid,3.82
2018,Kisii,Long Rains,Maize,14.01,1477.6,18.3,128.3,Hybrid,6.22
2018,Kisii,Short Rains,Beans,6.27,1171.6,20.9,128.3,Traditional,2.51
2018,Kisii,Short Rains,Maize,8.48,1110.3,18.7,128.3,Hybrid,2.34
2018,Nyamira,Long Rains,Beans,7.21,1257.1,18.5,75.2,Hybrid,1.78
2018,Nyamira,Long Rains,Maize,7.24,1373.2,17.5,75.2,Hybrid,2.89
2018,Nyamira,Short Rains,Beans,7.35,1048.5,18.0,75.2,Hybrid,1.35
2018,Nyamira,Short Rains,Maize,14.9,964.1,17.6,75.2,Hybrid,1.38
2018,Vihiga,Long Rains,Beans,2.77,1415.1,18.8,70.2,Improved Traditional,0.76
2018,Vihiga,Long Rains,Maize,11.06,1022.1,18.2,70.2,Improved Traditional,2.45
2018,Vihiga,Short Rains,Beans,0.81,1307.3,20.3,70.2,Traditional,1.46
2018,Vihiga,Short Rains,Maize,3.74,584.7,20.4,70.2,Traditional,0.5
2018,Bomet,Long Rains,Beans,5.09,1337.6,20.4,143.2,Hybrid,3.14
2018,Bomet,Long Rains,Maize,3.31,989.1,19.2,143.2,Hybrid,8.26
2018,Bomet,Long Rains,Tea,1.54,1262.0,16.3,143.2,Improved Traditional,5.44
2018,Bomet,Long Rains,Potatoes,11.19,815.0,17.3,143.2,Improved Traditional,13.18
2018,Bomet,Short Rains,Beans,7.64,925.8,16.2,143.2,Traditional,1.52
2018,Bomet,Short Rains,Maize,9.05,671.9,17.7,143.2,Hybrid,1.85
2018,Bomet,Short Rains,Tea,6.8,717.9,18.4,143.2,Hybrid,2.66
2018,Bomet,Short Rains,Potatoes,1.32,351.4,17.8,143.2,Improved Traditional,1.55
2018,Kericho,Long Rains,Beans,14.0,1595.1,17.9,126.8,Traditional,0.56
2018,Kericho,Long Rains,Maize,10.18,1007.7,17.2,126.8,Improved Traditional,3.13
2018,Kericho,Long Rains,Tea,2.87,1567.2,18.3,126.8,Improved Traditional,7.19
2018,Kericho,Short Rains,Beans,10.6,1300.3,18.6,126.8,Improved Traditional,2.32
2018,Kericho,Short Rains,Maize,4.12,1304.5,16.7,126.8,Hybrid,2.61
2018,Kericho,Short Rains,Tea,11.6,841.7,20.2,126.8,Hybrid,3.44
2018,Nyeri,Long Rains,Beans,6.55,784.6,18.4,60.2,Improved Traditional,1.32
2018,Nyeri,Long Rains,Maize,5.33,891.4,16.1,60.2,Traditional,1.52
2018,Nyeri,Long Rains,Tea,8.95,800.2,16.1,60.2,Traditional,0.95
2018,Nyeri,Long Rains,Coffee,6.64,979.4,16.3,60.2,Traditional,1.85
2018,Nyeri,Short Rains,Beans,11.56,458.1,18.3,60.2,Improved Traditional,1.04
2018,Nyeri,Short Rains,Maize,7.0,347.4,15.2,60.2,Traditional,0.2
2018,Nyeri,Short Rains,Tea,3.37,797.5,15.7,60.2,Hybrid,1.94
2018,Nyeri,Short Rains,Coffee,5.87,425.2,18.4,60.2,Hybrid,1.29
2018,Muranga,Long Rains,Beans,3.43,916.0,18.9,73.7,Improved Traditional,1.92
2018,Muranga,Long Rains,Maize,1.75,704.9,17.6,73.7,Traditional,1.84
2018,Muranga,Long Rains,Tea,12.64,698.4,17.5,73.7,Traditional,1.86
2018,Muranga,Long Rains,Coffee,4.04,751.6,17.5,73.7,Traditional,1.09
2018,Muranga,Short Rains,Beans,7.28,570.0,19.3,73.7,Hybrid,0.98
2018,Muranga,Short Rains,Maize,11.98,476.2,17.8,73.7,Traditional,1.1
2018,Muranga,Short Rains,Tea,2.88,900.4,17.5,73.7,Traditional,3.74
2018,Muranga,Short Rains,Coffee,12.97,186.2,18.7,73.7,Traditional,0.2
2018,Kiambu,Long Rains,Beans,12.72,922.9,21.4,69.3,Traditional,1.84
2018,Kiambu,Long Rains,Maize,11.21,769.7,19.4,69.3,Traditional,0.89
2018,Kiambu,Long Rains,Coffee,14.18,512.1,19.5,69.3,Traditional,1.53
2018,Kiambu,Short Rains,Beans,8.54,546.6,18.4,69.3,Traditional,0.84
2018,Kiambu,Short Rains,Maize,3.59,539.7,17.5,69.3,Improved Traditional,1.26
2018,Kiambu,Short Rains,Coffee,11.97,406.5,18.8,69.3,Improved Traditional,0.94
2018,Kirinyaga,Long Rains,Beans,13.76,1084.8,19.2,47.7,Hybrid,1.92
2018,Kirinyaga,Long Rains,Maize,2.0,815.6,21.9,47.7,Traditional,4.18
2018,Kirinyaga,Long Rains,Coffee,11.22,715.3,16.3,47.7,Traditional,0.69
2018,Kirinyaga,Long Rains,Rice,12.28,563.2,18.8,47.7,Hybrid,1.38
2018,Kirinyaga,Short Rains,Beans,9.99,646.4,19.8,47.7,Traditional,0.53
2018,Kirinyaga,Short Rains,Maize,4.75,749.0,17.8,47.7,Traditional,0.84
2018,Kirinyaga,Short Rains,Coffee,14.51,738.9,18.7,47.7,Traditional,0.95
2018,Kirinyaga,Short Rains,Rice,12.73,559.9,18.4,47.7,Traditional,0.74
2018,Embu,Long Rains,Beans,8.96,804.1,18.3,68.1,Traditional,1.96
2018,Embu,Long Rains,Maize,9.78,519.4,22.0,68.1,Improved Traditional,2.82
2018,Embu,Long Rains,Coffee,9.15,925.3,21.4,68.1,Hybrid,1.96
2018,Embu,Short Rains,Beans,5.0,312.8,19.7,68.1,Traditional,0.2
2018,Embu,Short Rains,Maize,8.43,484.5,22.0,68.1,Hybrid,2.92
2018,Embu,Short Rains,Coffee,2.49,644.8,20.0,68.1,Traditional,2.31
2018,Meru,Long Rains,Beans,3.44,642.6,17.4,38.6,Improved Traditional,0.49
2018,Meru,Long Rains,Maize,1.14,713.1,17.6,38.6,Traditional,1.46
2018,Meru,Long Rains,Coffee,5.17,1250.5,18.5,38.6,Traditional,1.11
2018,Meru,Long Rains,Potatoes,9.01,1080.8,16.3,38.6,Hybrid,10.48
2018,Meru,Short Rains,Beans,6.59,450.8,17.2,38.6,Traditional,0.46
2018,Meru,Short Rains,Maize,10.32,795.9,20.2,38.6,Hybrid,3.01
2018,Meru,Short Rains,Coffee,4.86,751.3,17.5,38.6,Hybrid,1.71
2018,Meru,Short Rains,Potatoes,5.11,629.2,17.8,38.6,Improved Traditional,3.8
2018,Tharaka-Nithi,Long Rains,Beans,9.44,892.1,21.5,67.1,Hybrid,1.72
2018,Tharaka-Nithi,Long Rains,Maize,14.62,902.3,20.3,67.1,Traditional,2.91
2018,Tharaka-Nithi,Short Rains,Beans,2.53,376.0,19.5,67.1,Traditional,0.43
2018,Tharaka-Nithi,Short Rains,Maize,12.71,586.9,20.5,67.1,Traditional,1.74
2018,Nyandarua,Long Rains,Beans,12.97,1157.6,17.0,141.0,Hybrid,2.76
2018,Nyandarua,Long Rains,Maize,3.58,959.0,17.7,141.0,Traditional,5.38
2018,Nyandarua,Long Rains,Potatoes,12.46,484.9,15.5,141.0,Improved Traditional,5.31
2018,Nyandarua,Short Rains,Beans,0.94,734.4,14.8,141.0,Hybrid,0.79
2018,Nyandarua,Short Rains,Maize,0.63,291.6,17.4,141.0,Traditional,0.63
2018,Nyandarua,Short Rains,Potatoes,12.9,485.7,17.8,141.0,Traditional,4.85
2018,Nairobi,Long Rains,Beans,7.65,708.2,19.0,31.9,Hybrid,0.92
2018,Nairobi,Long Rains,Maize,5.12,917.2,19.2,31.9,Traditional,0.54
2018,Nairobi,Short Rains,Beans,7.7,336.1,21.7,31.9,Hybrid,0.29
2018,Nairobi,Short Rains,Maize,7.56,432.2,20.9,31.9,Traditional,0.48
2018,Machakos,Long Rains,Sorghum,4.49,617.5,22.3,56.3,Improved Traditional,1.08
2018,Machakos,Long Rains,Beans,1.07,796.8,22.7,56.3,Improved Traditional,0.72
2018,Machakos,Long Rains,Maize,2.18,613.4,22.5,56.3,Traditional,2.92
2018,Machakos,Short Rains,Sorghum,2.67,390.8,23.2,56.3,Hybrid,0.57
2018,Machakos,Short Rains,Beans,3.7,560.5,21.8,56.3,Improved Traditional,0.47
2018,Machakos,Short Rains,Maize,1.71,487.6,23.8,56.3,Hybrid,1.88
2018,Makueni,Long Rains,Sorghum,8.63,395.8,25.1,33.7,Improved Traditional,0.47
2018,Makueni,Long Rains,Beans,13.03,141.6,23.8,33.7,Improved Traditional,0.2
2018,Makueni,Long Rains,Maize,11.56,404.8,24.0,33.7,Improved Traditional,1.1
2018,Makueni,Short Rains,Sorghum,11.95,467.3,23.0,33.7,Traditional,0.5
2018,Makueni,Short Rains,Beans,10.0,245.5,24.3,33.7,Hybrid,0.2
2018,Makueni,Short Rains,Maize,10.54,482.5,23.0,33.7,Traditional,0.43
2018,Kitui,Long Rains,Sorghum,11.24,555.5,24.0,24.3,Traditional,0.53
2018,Kitui,Long Rains,Beans,4.69,468.1,24.4,24.3,Traditional,0.2
2018,Kitui,Long Rains,Maize,8.77,677.2,25.2,24.3,Hybrid,0.88
2018,Kitui,Short Rains,Sorghum,8.36,353.3,26.7,24.3,Traditional,0.54
2018,Kitui,Short Rains,Beans,12.21,486.1,25.8,24.3,Hybrid,0.35
2018,Kitui,Short Rains,Maize,1.29,516.0,27.0,24.3,Traditional,0.54
2018,Mombasa,Long Rains,Beans,3.41,770.8,28.2,27.4,Traditional,0.2
2018,Mombasa,Long Rains,Maize,3.52,1122.4,30.0,27.4,Traditional,0.34
2018,Mombasa,Short Rains,Beans,5.95,852.5,28.7,27.4,Hybrid,0.2
2018,Mombasa,Short Rains,Maize,14.07,143.6,29.0,27.4,Traditional,0.2
2018,Kilifi,Long Rains,Beans,12.3,792.5,29.6,11.5,Traditional,0.2
2018,Kilifi,Long Rains,Maize,6.77,926.6,27.4,11.5,Traditional,0.36
2018,Kilifi,Long Rains,Cassava,3.54,712.1,25.5,11.5,Traditional,0.93
2018,Kilifi,Short Rains,Beans,9.21,764.1,29.3,11.5,Traditional,0.2
2018,Kilifi,Short Rains,Maize,1.74,544.3,26.4,11.5,Improved Traditional,0.47
2018,Kilifi,Short Rains,Cassava,1.09,77.7,26.9,11.5,Improved Traditional,0.2
2018,Kwale,Long Rains,Beans,2.77,820.6,28.1,28.9,Hybrid,0.2
2018,Kwale,Long Rains,Maize,14.98,1197.9,29.8,28.9,Hybrid,1.1
2018,Kwale,Long Rains,Cassava,8.76,856.7,27.1,28.9,Hybrid,3.06
2018,Kwale,Short Rains,Beans,4.51,807.9,27.5,28.9,Traditional,0.2
2018,Kwale,Short Rains,Maize,9.15,617.9,29.6,28.9,Hybrid,0.59
2018,Kwale,Short Rains,Cassava,2.07,491.0,31.0,28.9,Improved Traditional,0.99
2018,Tana River,Long Rains,Beans,10.15,320.4,27.3,22.7,Traditional,0.2
2018,Tana River,Long Rains,Maize,9.94,429.5,30.9,22.7,Traditional,0.2
2018,Tana River,Long Rains,Rice,5.87,321.2,30.5,22.7,Hybrid,0.61
2018,Tana River,Short Rains,Beans,7.18,171.5,28.0,22.7,Improved Traditional,0.2
2018,Tana River,Short Rains,Maize,5.41,274.9,29.1,22.7,Traditional,0.21
2018,Tana River,Short Rains,Rice,2.47,466.4,30.5,22.7,Traditional,0.59
2018,Lamu,Long Rains,Beans,1.08,847.6,30.3,30.5,Traditional,0.2
2018,Lamu,Long Rains,Maize,12.41,704.3,28.4,30.5,Traditional,0.38
2018,Lamu,Short Rains,Beans,6.7,332.0,27.9,30.5,Hybrid,0.2
2018,Lamu,Short Rains,Maize,12.98,598.4,28.5,30.5,Traditional,0.25
2018,Taita Taveta,Long Rains,Beans,3.4,530.5,22.0,34.6,Traditional,0.2
2018,Taita Taveta,Long Rains,Maize,0.94,400.6,24.5,34.6,Traditional,0.65
2018,Taita Taveta,Short Rains,Beans,14.3,549.7,22.6,34.6,Traditional,0.26
2018,Taita Taveta,Short Rains,Maize,2.9,557.4,23.6,34.6,Traditional,0.71
2018,Garissa,Long Rains,Sorghum,2.01,292.2,33.6,35.1,Improved Traditional,0.55
2018,Garissa,Long Rains,Beans,9.86,325.4,31.2,35.1,Traditional,0.2
2018,Garissa,Long Rains,Maize,1.28,514.1,33.5,35.1,Hybrid,0.35
2018,Garissa,Short Rains,Sorghum,14.97,50.0,32.4,35.1,Traditional,0.2
2018,Garissa,Short Rains,Beans,12.21,200.6,31.0,35.1,Improved Traditional,0.2
2018,Garissa,Short Rains,Maize,7.33,255.0,32.7,35.1,Improved Traditional,0.29
2018,Wajir,Long Rains,Sorghum,9.03,349.9,34.7,9.7,Hybrid,0.38
2018,Wajir,Long Rains,Beans,1.0,202.9,34.6,9.7,Hybrid,0.2
2018,Wajir,Long Rains,Maize,1.83,210.3,34.8,9.7,Hybrid,0.2
2018,Wajir,Short Rains,Sorghum,13.6,157.5,35.6,9.7,Traditional,0.2
2018,Wajir,Short Rains,Beans,13.2,151.7,32.1,9.7,Hybrid,0.2
2018,Wajir,Short Rains,Maize,10.4,203.9,32.2,9.7,Improved Traditional,0.2
2018,Mandera,Long Rains,Sorghum,13.74,193.8,34.3,45.2,Traditional,0.3
2018,Mandera,Long Rains,Beans,2.62,212.3,33.8,45.2,Traditional,0.2
2018,Mandera,Long Rains,Maize,14.84,160.5,32.8,45.2,Improved Traditional,0.2
2018,Mandera,Short Rains,Sorghum,12.13,179.3,35.1,45.2,Improved Traditional,0.29
2018,Mandera,Short Rains,Beans,3.63,219.0,34.9,45.2,Improved Traditional,0.2
2018,Mandera,Short Rains,Maize,12.1,131.2,35.6,45.2,Hybrid,0.2
2018,Turkana,Long Rains,Sorghum,7.0,228.3,34.6,20.0,Improved Traditional,0.32
2018,Turkana,Long Rains,Beans,9.82,250.3,37.2,20.0,Traditional,0.2
2018,Turkana,Long Rains,Maize,9.21,215.2,34.6,20.0,Traditional,0.2
2018,Turkana,Short Rains,Sorghum,3.72,90.3,34.7,20.0,Improved Traditional,0.2
2018,Turkana,Short Rains,Beans,2.9,133.0,37.4,20.0,Hybrid,0.2
2018,Turkana,Short Rains,Maize,5.29,205.6,36.3,20.0,Improved Traditional,0.2
2018,West Pokot,Long Rains,Beans,7.15,721.5,22.3,33.4,Improved Traditional,0.52
2018,West Pokot,Long Rains,Maize,5.11,366.0,21.1,33.4,Traditional,0.71
2018,West Pokot,Short Rains,Beans,7.02,443.9,22.0,33.4,Traditional,0.44
2018,West Pokot,Short Rains,Maize,10.32,517.0,23.2,33.4,Hybrid,1.51
2018,Samburu,Long Rains,Beans,13.83,378.2,26.1,23.0,Traditional,0.2
2018,Samburu,Long Rains,Maize,8.6,247.8,24.5,23.0,Traditional,0.28
2018,Samburu,Short Rains,Beans,1.74,384.1,26.1,23.0,Hybrid,0.23
2018,Samburu,Short Rains,Maize,11.49,414.0,28.8,23.0,Hybrid,0.31
2018,Baringo,Long Rains,Beans,1.34,705.8,22.4,30.9,Traditional,0.48
2018,Baringo,Long Rains,Maize,14.54,699.0,25.6,30.9,Traditional,1.14
2018,Baringo,Short Rains,Beans,12.36,301.3,23.7,30.9,Hybrid,0.2
2018,Baringo,Short Rains,Maize,3.27,515.3,24.4,30.9,Traditional,0.71
2018,Laikipia,Long Rains,Wheat,5.76,614.1,20.0,94.9,Hybrid,3.89
2018,Laikipia,Long Rains,Beans,3.21,493.3,21.3,94.9,Improved Traditional,0.64
2018,Laikipia,Long Rains,Maize,6.61,887.5,19.8,94.9,Traditional,3.41
2018,Laikipia,Short Rains,Wheat,0.97,332.9,22.5,94.9,Hybrid,0.5
2018,Laikipia,Short Rains,Beans,10.2,252.8,19.2,94.9,Improved Traditional,0.2
2018,Laikipia,Short Rains,Maize,5.23,466.1,20.2,94.9,Improved Traditional,1.52
2018,Kisumu,Long Rains,Beans,3.91,1026.1,23.2,65.2,Traditional,0.96
2018,Kisumu,Long Rains,Maize,3.18,777.0,24.6,65.2,Improved Traditional,3.27
2018,Kisumu,Short Rains,Beans,12.35,381.7,21.5,65.2,Traditional,0.2
2018,Kisumu,Short Rains,Maize,4.01,685.1,21.9,65.2,Traditional,3.03
2018,Siaya,Long Rains,Beans,11.78,787.2,22.9,59.6,Hybrid,0.98
2018,Siaya,Long Rains,Maize,7.13,973.0,21.7,59.6,Traditional,4.01
2018,Siaya,Long Rains,Cassava,9.16,997.5,24.1,59.6,Hybrid,5.64
2018,Siaya,Short Rains,Beans,7.62,800.6,22.9,59.6,Traditional,0.77
2018,Siaya,Short Rains,Maize,0.96,276.9,23.0,59.6,Traditional,0.24
2018,Siaya,Short Rains,Cassava,11.36,409.5,21.4,59.6,Hybrid,0.35
2018,Homa Bay,Long Rains,Beans,2.79,700.1,25.0,75.6,Hybrid,0.57
2018,Homa Bay,Long Rains,Maize,1.57,1029.8,23.9,75.6,Hybrid,3.74
2018,Homa Bay,Short Rains,Beans,8.74,575.8,22.9,75.6,Improved Traditional,0.78
2018,Homa Bay,Short Rains,Maize,8.8,633.0,23.1,75.6,Traditional,1.48
2018,Migori,Long Rains,Beans,12.92,1407.9,20.2,90.8,Traditional,1.81
2018,Migori,Long Rains,Maize,4.52,1429.4,22.0,90.8,Traditional,1.77
2018,Migori,Short Rains,Beans,14.34,1258.5,22.3,90.8,Traditional,0.91
2018,Migori,Short Rains,Maize,5.03,408.1,22.8,90.8,Hybrid,0.97
2018,Kajiado,Long Rains,Beans,3.48,467.6,21.1,31.8,Hybrid,0.6
2018,Kajiado,Long Rains,Maize,7.46,461.0,20.8,31.8,Hybrid,1.43
2018,Kajiado,Short Rains,Beans,6.36,88.2,22.8,31.8,Improved Traditional,0.2
2018,Kajiado,Short Rains,Maize,8.02,308.3,20.7,31.8,Traditional,0.73
2018,Narok,Long Rains,Wheat,3.36,789.7,18.0,48.6,Traditional,2.17
2018,Narok,Long Rains,Beans,14.48,918.9,15.4,48.6,Improved Traditional,0.92
2018,Narok,Long Rains,Maize,4.66,743.4,17.4,48.6,Traditional,1.21
2018,Narok,Short Rains,Wheat,8.24,728.9,18.0,48.6,Traditional,2.87
2018,Narok,Short Rains,Beans,11.72,460.8,19.1,48.6,Traditional,0.49
2018,Narok,Short Rains,Maize,3.05,463.4,16.2,48.6,Traditional,0.68
2018,Elgeyo-Marakwet,Long Rains,Beans,13.53,610.0,16.4,60.8,Improved Traditional,0.74
2018,Elgeyo-Marakwet,Long Rains,Maize,3.87,667.1,17.5,60.8,Traditional,1.78
2018,Elgeyo-Marakwet,Short Rains,Beans,4.41,830.6,19.1,60.8,Traditional,1.18
2018,Elgeyo-Marakwet,Short Rains,Maize,9.63,680.6,17.7,60.8,Traditional,1.57
2018,Busia,Long Rains,Beans,2.97,741.9,20.8,71.2,Traditional,0.74
2018,Busia,Long Rains,Maize,3.7,925.4,19.6,71.2,Improved Traditional,2.39
2018,Busia,Long Rains,Cassava,13.5,1012.5,20.5,71.2,Hybrid,3.41
2018,Busia,Long Rains,Rice,9.28,1136.8,19.3,71.2,Hybrid,2.71
2018,Busia,Short Rains,Beans,11.73,473.1,19.2,71.2,Hybrid,0.3
2018,Busia,Short Rains,Maize,0.62,296.0,20.6,71.2,Hybrid,0.49
2018,Busia,Short Rains,Cassava,2.77,756.1,22.3,71.2,Traditional,2.53
2018,Busia,Short Rains,Rice,2.7,799.3,20.2,71.2,Traditional,2.16
2018,Isiolo,Long Rains,Beans,8.67,299.5,31.0,23.1,Improved Traditional,0.2
2018,Isiolo,Long Rains,Maize,2.35,301.5,31.8,23.1,Traditional,0.21
2018,Isiolo,Short Rains,Beans,12.62,82.8,30.6,23.1,Improved Traditional,0.2
2018,Isiolo,Short Rains,Maize,3.94,85.8,32.0,23.1,Hybrid,0.2
2018,Marsabit,Long Rains,Beans,11.07,257.1,31.5,33.5,Traditional,0.2
2018,Marsabit,Long Rains,Maize,13.57,349.2,32.7,33.5,Improved Traditional,0.2
2018,Marsabit,Short Rains,Beans,7.9,193.3,31.0,33.5,Traditional,0.2
2018,Marsabit,Short Rains,Maize,0.86,236.0,31.4,33.5,Improved Traditional,0.3
2019,Uasin Gishu,Long Rains,Wheat,6.55,1204.6,17.7,137.2,Hybrid,12.85
2019,Uasin Gishu,Long Rains,Beans,4.94,1313.7,19.2,137.2,Traditional,2.68
2019,Uasin Gishu,Long Rains,Maize,14.17,919.1,15.7,137.2,Hybrid,3.74
2019,Uasin Gishu,Short Rains,Wheat,5.94,601.8,19.2,137.2,Traditional,5.0
2019,Uasin Gishu,Short Rains,Beans,12.25,750.3,18.9,137.2,Hybrid,3.2
2019,Uasin Gishu,Short Rains,Maize,14.07,626.1,18.7,137.2,Hybrid,4.69
2019,Trans Nzoia,Long Rains,Wheat,7.73,1676.3,17.7,134.0,Hybrid,15.39
2019,Trans Nzoia,Long Rains,Beans,11.74,1101.5,18.2,134.0,Hybrid,3.67
2019,Trans Nzoia,Long Rains,Maize,11.9,1236.0,17.9,134.0,Hybrid,12.65
2019,Trans Nzoia,Short Rains,Wheat,4.07,814.8,18.8,134.0,Hybrid,8.53
2019,Trans Nzoia,Short Rains,Beans,1.36,1167.5,17.8,134.0,Improved Traditional,2.38
2019,Trans Nzoia,Short Rains,Maize,3.95,972.8,17.6,134.0,Improved Traditional,5.17
2019,Nakuru,Long Rains,Wheat,9.29,1003.8,18.0,107.6,Hybrid,9.6
2019,Nakuru,Long Rains,Beans,4.37,946.8,20.1,107.6,Hybrid,1.88
2019,Nakuru,Long Rains,Maize,1.68,1424.4,20.5,107.6,Improved Traditional,5.21
2019,Nakuru,Long Rains,Potatoes,10.37,1101.1,18.3,107.6,Improved Traditional,12.01
2019,Nakuru,Short Rains,Wheat,13.61,316.1,17.6,107.6,Hybrid,1.06
2019,Nakuru,Short Rains,Beans,14.88,428.2,17.7,107.6,Traditional,0.91
2019,Nakuru,Short Rains,Maize,1.84,452.7,21.8,107.6,Hybrid,3.97
2019,Nakuru,Short Rains,Potatoes,2.32,328.2,19.7,107.6,Improved Traditional,1.18
2019,Nandi,Long Rains,Beans,1.48,1486.3,21.1,120.7,Hybrid,3.09
2019,Nandi,Long Rains,Maize,5.64,880.0,18.2,120.7,Hybrid,5.06
2019,Nandi,Long Rains,Tea,14.0,1249.3,17.7,120.7,Traditional,6.33
2019,Nandi,Short Rains,Beans,10.75,460.6,18.3,120.7,Hybrid,0.54
2019,Nandi,Short Rains,Maize,5.54,1105.2,17.2,120.7,Improved Traditional,5.56
2019,Nandi,Short Rains,Tea,6.28,936.2,17.6,120.7,Improved Traditional,2.13
2019,Bungoma,Long Rains,Beans,7.92,1378.4,18.2,99.0,Hybrid,2.26
2019,Bungoma,Long Rains,Maize,12.35,1392.8,17.7,99.0,Traditional,2.6
2019,Bungoma,Short Rains,Beans,2.35,530.1,18.7,99.0,Hybrid,1.29
2019,Bungoma,Short Rains,Maize,11.42,598.8,19.5,99.0,Improved Traditional,3.16
2019,Kakamega,Long Rains,Beans,8.95,1799.1,19.5,73.7,Improved Traditional,1.7
2019,Kakamega,Long Rains,Maize,14.01,1551.0,18.3,73.7,Hybrid,5.12
2019,Kakamega,Short Rains,Beans,2.28,676.9,20.8,73.7,Hybrid,1.1
2019,Kakamega,Short Rains,Maize,3.44,1258.0,17.7,73.7,Hybrid,4.86
2019,Kisii,Long Rains,Beans,9.09,1344.4,19.1,159.1,Improved Traditional,3.34
2019,Kisii,Long Rains,Maize,13.27,1270.6,19.2,159.1,Hybrid,2.5
2019,Kisii,Short Rains,Beans,6.43,668.6,19.5,159.1,Improved Traditional,0.4
2019,Kisii,Short Rains,Maize,6.5,1789.6,20.1,159.1,Traditional,10.03
2019,Nyamira,Long Rains,Beans,5.11,1510.4,20.1,79.7,Traditional,1.98
2019,Nyamira,Long Rains,Maize,0.82,1683.8,18.1,79.7,Hybrid,2.37
2019,Nyamira,Short Rains,Beans,4.17,1161.8,18.4,79.7,Hybrid,1.64
2019,Nyamira,Short Rains,Maize,7.15,1176.2,20.8,79.7,Improved Traditional,4.16
2019,Vihiga,Long Rains,Beans,12.43,1152.4,18.4,63.5,Hybrid,1.14
2019,Vihiga,Long Rains,Maize,12.35,1404.9,19.4,63.5,Improved Traditional,3.97
2019,Vihiga,Short Rains,Beans,8.62,795.4,20.5,63.5,Traditional,0.86
2019,Vihiga,Short Rains,Maize,2.73,138.8,18.5,63.5,Hybrid,0.2
2019,Bomet,Long Rains,Beans,3.85,871.7,16.2,109.7,Traditional,0.25
2019,Bomet,Long Rains,Maize,10.55,1154.4,17.8,109.7,Improved Traditional,5.13
2019,Bomet,Long Rains,Tea,10.04,1237.2,18.7,109.7,Hybrid,1.54
2019,Bomet,Long Rains,Potatoes,1.34,1034.0,16.7,109.7,Hybrid,15.08
2019,Bomet,Short Rains,Beans,9.77,627.3,16.8,109.7,Improved Traditional,0.69
2019,Bomet,Short Rains,Maize,13.25,1233.1,20.5,109.7,Traditional,3.25
2019,Bomet,Short Rains,Tea,11.03,1280.9,17.8,109.7,Hybrid,5.94
2019,Bomet,Short Rains,Potatoes,11.7,289.0,18.3,109.7,Traditional,0.8
2019,Kericho,Long Rains,Beans,1.07,1566.5,18.2,110.3,Traditional,3.29
2019,Kericho,Long Rains,Maize,10.72,1650.5,18.2,110.3,Improved Traditional,6.23
2019,Kericho,Long Rains,Tea,3.89,1306.0,17.5,110.3,Improved Traditional,5.61
2019,Kericho,Short Rains,Beans,3.57,629.9,18.5,110.3,Improved Traditional,0.58
2019,Kericho,Short Rains,Maize,8.32,1191.5,16.5,110.3,Improved Traditional,2.44
2019,Kericho,Short Rains,Tea,6.53,1220.1,18.1,110.3,Hybrid,4.36
2019,Nyeri,Long Rains,Beans,2.4,883.8,16.7,46.7,Improved Traditional,0.9
2019,Nyeri,Long Rains,Maize,7.41,1039.8,15.2,46.7,Traditional,1.45
2019,Nyeri,Long Rains,Tea,1.37,964.1,17.3,46.7,Hybrid,3.46
2019,Nyeri,Long Rains,Coffee,5.3,1043.1,16.7,46.7,Hybrid,2.12
2019,Nyeri,Short Rains,Beans,14.64,455.1,16.4,46.7,Traditional,0.37
2019,Nyeri,Short Rains,Maize,1.76,696.1,17.1,46.7,Hybrid,2.17
2019,Nyeri,Short Rains,Tea,2.68,1092.9,15.4,46.7,Traditional,2.35
2019,Nyeri,Short Rains,Coffee,0.69,473.4,16.4,46.7,Improved Traditional,0.87
2019,Muranga,Long Rains,Beans,13.73,617.7,20.3,52.7,Traditional,0.58
2019,Muranga,Long Rains,Maize,10.65,1010.5,19.0,52.7,Traditional,3.06
2019,Muranga,Long Rains,Tea,11.1,626.7,18.2,52.7,Traditional,2.2
2019,Muranga,Long Rains,Coffee,2.03,1373.2,20.0,52.7,Traditional,2.61
2019,Muranga,Short Rains,Beans,1.39,362.3,17.6,52.7,Traditional,0.2
2019,Muranga,Short Rains,Maize,10.07,700.2,19.6,52.7,Hybrid,1.95
2019,Muranga,Short Rains,Tea,11.99,685.2,19.4,52.7,Traditional,1.78
2019,Muranga,Short Rains,Coffee,8.99,346.7,17.3,52.7,Hybrid,0.24
2019,Kiambu,Long Rains,Beans,11.82,961.9,15.8,65.1,Traditional,0.59
2019,Kiambu,Long Rains,Maize,6.94,747.0,16.8,65.1,Traditional,1.52
2019,Kiambu,Long Rains,Coffee,11.11,1273.9,17.8,65.1,Hybrid,3.1
2019,Kiambu,Short Rains,Beans,14.56,763.8,20.0,65.1,Traditional,1.09
2019,Kiambu,Short Rains,Maize,11.85,390.6,17.6,65.1,Traditional,0.89
2019,Kiambu,Short Rains,Coffee,11.61,796.8,18.0,65.1,Traditional,1.83
2019,Kirinyaga,Long Rains,Beans,8.71,1123.0,19.9,74.7,Traditional,2.03
2019,Kirinyaga,Long Rains,Maize,10.59,869.9,19.0,74.7,Hybrid,1.5
2019,Kirinyaga,Long Rains,Coffee,3.47,1180.5,21.0,74.7,Traditional,1.77
2019,Kirinyaga,Long Rains,Rice,13.88,614.5,18.5,74.7,Traditional,1.47
2019,Kirinyaga,Short Rains,Beans,5.95,292.0,18.7,74.7,Traditional,0.2
2019,Kirinyaga,Short Rains,Maize,2.46,830.9,19.2,74.7,Traditional,2.82
2019,Kirinyaga,Short Rains,Coffee,9.7,350.4,20.2,74.7,Traditional,0.37
2019,Kirinyaga,Short Rains,Rice,2.48,590.9,16.6,74.7,Improved Traditional,0.65
2019,Embu,Long Rains,Beans,7.07,750.0,19.3,53.0,Traditional,1.1
2019,Embu,Long Rains,Maize,4.42,578.3,21.1,53.0,Improved Traditional,2.6
2019,Embu,Long Rains,Coffee,14.46,845.0,18.7,53.0,Hybrid,2.3
2019,Embu,Short Rains,Beans,5.47,561.0,20.2,53.0,Traditional,0.21
2019,Embu,Short Rains,Maize,9.75,487.5,19.0,53.0,Traditional,1.47
2019,Embu,Short Rains,Coffee,0.98,943.6,20.3,53.0,Hybrid,2.9
2019,Meru,Long Rains,Beans,13.68,867.2,18.7,38.4,Improved Traditional,1.05
2019,Meru,Long Rains,Maize,10.73,618.4,15.9,38.4,Traditional,1.29
2019,Meru,Long Rains,Coffee,5.86,722.1,17.4,38.4,Hybrid,2.18
2019,Meru,Long Rains,Potatoes,12.64,646.3,18.9,38.4,Improved Traditional,2.47
2019,Meru,Short Rains,Beans,6.65,409.5,17.5,38.4,Traditional,0.42
2019,Meru,Short Rains,Maize,9.18,669.1,19.0,38.4,Traditional,1.87
2019,Meru,Short Rains,Coffee,8.46,707.2,18.1,38.4,Traditional,1.06
2019,Meru,Short Rains,Potatoes,8.43,222.1,18.4,38.4,Traditional,0.31
2019,Tharaka-Nithi,Long Rains,Beans,7.01,688.6,20.0,61.6,Traditional,0.64
2019,Tharaka-Nithi,Long Rains,Maize,9.38,854.6,20.1,61.6,Traditional,3.84
2019,Tharaka-Nithi,Short Rains,Beans,6.55,768.8,22.1,61.6,Improved Traditional,1.11
2019,Tharaka-Nithi,Short Rains,Maize,7.46,354.8,20.9,61.6,Hybrid,1.75
2019,Nyandarua,Long Rains,Beans,6.31,855.4,16.6,128.5,Hybrid,1.74
2019,Nyandarua,Long Rains,Maize,12.86,1126.2,17.1,128.5,Improved Traditional,4.59
2019,Nyandarua,Long Rains,Potatoes,12.84,1170.1,15.9,128.5,Improved Traditional,12.29
2019,Nyandarua,Short Rains,Beans,10.42,608.5,16.8,128.5,Hybrid,2.26
2019,Nyandarua,Short Rains,Maize,14.25,446.6,15.4,128.5,Traditional,0.68
2019,Nyandarua,Short Rains,Potatoes,9.98,955.4,16.1,128.5,Improved Traditional,10.84
2019,Nairobi,Long Rains,Beans,13.16,688.5,18.8,30.5,Hybrid,0.36
2019,Nairobi,Long Rains,Maize,10.2,790.7,20.3,30.5,Improved Traditional,1.76
2019,Nairobi,Short Rains,Beans,7.21,268.6,20.1,30.5,Hybrid,0.2
2019,Nairobi,Short Rains,Maize,5.57,729.6,18.9,30.5,Traditional,0.82
2019,Machakos,Long Rains,Sorghum,0.76,786.5,22.2,87.9,Hybrid,1.54
2019,Machakos,Long Rains,Beans,3.46,664.2,25.2,87.9,Traditional,0.77
2019,Machakos,Long Rains,Maize,4.91,696.6,21.3,87.9,Traditional,2.11
2019,Machakos,Short Rains,Sorghum,6.72,674.2,22.6,87.9,Traditional,0.95
2019,Machakos,Short Rains,Beans,6.22,506.9,22.0,87.9,Traditional,0.49
2019,Machakos,Short Rains,Maize,5.98,390.9,23.3,87.9,Hybrid,2.89
2019,Makueni,Long Rains,Sorghum,8.1,790.2,25.9,23.9,Hybrid,0.81
2019,Makueni,Long Rains,Beans,6.07,786.9,25.1,23.9,Traditional,0.45
2019,Makueni,Long Rains,Maize,2.9,679.1,24.4,23.9,Improved Traditional,1.22
2019,Makueni,Short Rains,Sorghum,12.09,355.1,23.7,23.9,Traditional,0.27
2019,Makueni,Short Rains,Beans,6.28,396.4,26.3,23.9,Improved Traditional,0.23
2019,Makueni,Short Rains,Maize,0.75,435.2,23.6,23.9,Hybrid,0.89
2019,Kitui,Long Rains,Sorghum,1.24,1042.2,25.5,38.7,Traditional,0.7
2019,Kitui,Long Rains,Beans,12.29,569.3,24.2,38.7,Hybrid,0.43
2019,Kitui,Long Rains,Maize,1.98,638.6,26.0,38.7,Hybrid,1.2
2019,Kitui,Short Rains,Sorghum,2.21,710.6,24.5,38.7,Traditional,0.92
2019,Kitui,Short Rains,Beans,6.08,536.0,26.4,38.7,Hybrid,0.23
2019,Kitui,Short Rains,Maize,4.25,609.2,27.6,38.7,Traditional,0.9
2019,Mombasa,Long Rains,Beans,8.47,969.5,29.3,15.6,Hybrid,0.2
2019,Mombasa,Long Rains,Maize,9.84,1298.6,28.4,15.6,Traditional,0.54
2019,Mombasa,Short Rains,Beans,9.76,396.8,28.1,15.6,Traditional,0.2
2019,Mombasa,Short Rains,Maize,8.46,887.4,29.1,15.6,Improved Traditional,0.37
2019,Kilifi,Long Rains,Beans,10.92,1130.0,28.6,25.2,Hybrid,0.2
2019,Kilifi,Long Rains,Maize,6.76,746.8,28.1,25.2,Traditional,0.69
2019,Kilifi,Long Rains,Cassava,12.59,617.5,27.1,25.2,Traditional,1.5
2019,Kilifi,Short Rains,Beans,6.36,619.2,26.4,25.2,Traditional,0.25
2019,Kilifi,Short Rains,Maize,2.56,504.8,27.2,25.2,Traditional,0.73
2019,Kilifi,Short Rains,Cassava,14.13,618.3,27.9,25.2,Traditional,1.04
2019,Kwale,Long Rains,Beans,2.69,1102.4,25.9,24.4,Traditional,0.29
2019,Kwale,Long Rains,Maize,2.6,832.0,27.3,24.4,Improved Traditional,0.41
2019,Kwale,Long Rains,Cassava,11.24,1240.2,27.3,24.4,Traditional,2.09
2019,Kwale,Short Rains,Beans,9.21,193.8,29.7,24.4,Traditional,0.2
2019,Kwale,Short Rains,Maize,5.04,400.8,28.0,24.4,Traditional,0.2
2019,Kwale,Short Rains,Cassava,2.39,506.1,28.3,24.4,Hybrid,1.05
2019,Tana River,Long Rains,Beans,9.84,484.8,31.4,20.1,Traditional,0.2
2019,Tana River,Long Rains,Maize,6.96,407.6,30.5,20.1,Traditional,0.2
2019,Tana River,Long Rains,Rice,13.23,335.5,26.6,20.1,Traditional,0.47
2019,Tana River,Short Rains,Beans,2.6,724.4,30.5,20.1,Traditional,0.2
2019,Tana River,Short Rains,Maize,6.52,98.7,29.0,20.1,Improved Traditional,0.2
2019,Tana River,Short Rains,Rice,1.02,244.4,30.7,20.1,Hybrid,0.2
2019,Lamu,Long Rains,Beans,0.96,825.4,29.8,22.2,Traditional,0.2
2019,Lamu,Long Rains,Maize,4.63,1026.3,29.0,22.2,Traditional,0.24
2019,Lamu,Short Rains,Beans,9.77,681.1,27.7,22.2,Hybrid,0.21
2019,Lamu,Short Rains,Maize,13.73,569.3,27.7,22.2,Hybrid,0.64
2019,Taita Taveta,Long Rains,Beans,6.57,926.3,24.1,16.3,Hybrid,0.81
2019,Taita Taveta,Long Rains,Maize,13.33,852.6,22.7,16.3,Traditional,1.4
2019,Taita Taveta,Short Rains,Beans,2.02,538.0,24.8,16.3,Improved Traditional,0.34
2019,Taita Taveta,Short Rains,Maize,4.68,471.1,22.0,16.3,Hybrid,0.63
2019,Garissa,Long Rains,Sorghum,12.6,464.6,33.2,8.2,Hybrid,0.3
2019,Garissa,Long Rains,Beans,8.77,288.9,30.4,8.2,Traditional,0.2
2019,Garissa,Long Rains,Maize,4.07,120.2,32.1,8.2,Traditional,0.2
2019,Garissa,Short Rains,Sorghum,8.7,248.4,33.1,8.2,Improved Traditional,0.2
2019,Garissa,Short Rains,Beans,0.83,370.3,30.6,8.2,Traditional,0.2
2019,Garissa,Short Rains,Maize,12.45,207.5,33.3,8.2,Traditional,0.2
2019,Wajir,Long Rains,Sorghum,10.77,138.3,33.2,22.1,Improved Traditional,0.2
2019,Wajir,Long Rains,Beans,4.41,113.4,32.9,22.1,Traditional,0.2
2019,Wajir,Long Rains,Maize,5.04,257.0,35.3,22.1,Traditional,0.2
2019,Wajir,Short Rains,Sorghum,5.51,194.6,35.0,22.1,Traditional,0.2
2019,Wajir,Short Rains,Beans,12.37,182.4,34.8,22.1,Improved Traditional,0.2
2019,Wajir,Short Rains,Maize,4.61,70.3,33.7,22.1,Traditional,0.2
2019,Mandera,Long Rains,Sorghum,11.99,161.4,37.6,21.7,Traditional,0.2
2019,Mandera,Long Rains,Beans,12.3,416.1,35.0,21.7,Traditional,0.2
2019,Mandera,Long Rains,Maize,3.63,260.9,34.1,21.7,Hybrid,0.2
2019,Mandera,Short Rains,Sorghum,5.29,222.9,34.3,21.7,Traditional,0.28
2019,Mandera,Short Rains,Beans,5.39,50.0,36.7,21.7,Hybrid,0.2
2019,Mandera,Short Rains,Maize,5.84,237.9,32.9,21.7,Hybrid,0.26
2019,Turkana,Long Rains,Sorghum,0.99,264.2,36.8,39.7,Traditional,0.2
2019,Turkana,Long Rains,Beans,3.64,225.6,34.7,39.7,Hybrid,0.2
2019,Turkana,Long Rains,Maize,8.97,405.9,37.7,39.7,Traditional,0.37
2019,Turkana,Short Rains,Sorghum,6.66,150.0,35.4,39.7,Hybrid,0.23
2019,Turkana,Short Rains,Beans,8.52,176.1,33.7,39.7,Hybrid,0.2
2019,Turkana,Short Rains,Maize,3.24,167.4,35.2,39.7,Traditional,0.2
2019,West Pokot,Long Rains,Beans,10.62,798.9,22.6,51.6,Hybrid,1.03
2019,West Pokot,Long Rains,Maize,8.71,770.8,22.1,51.6,Traditional,2.22
2019,West Pokot,Short Rains,Beans,7.45,399.9,21.0,51.6,Traditional,0.58
2019,West Pokot,Short Rains,Maize,6.76,577.2,21.8,51.6,Improved Traditional,1.81
2019,Samburu,Long Rains,Beans,5.04,755.0,24.0,21.3,Traditional,0.38
2019,Samburu,Long Rains,Maize,11.57,391.8,26.9,21.3,Improved Traditional,0.42
2019,Samburu,Short Rains,Beans,8.66,374.1,26.6,21.3,Improved Traditional,0.2
2019,Samburu,Short Rains,Maize,14.18,217.8,27.0,21.3,Traditional,0.42
2019,Baringo,Long Rains,Beans,7.79,894.4,24.6,11.3,Traditional,0.33
2019,Baringo,Long Rains,Maize,11.02,918.9,25.1,11.3,Hybrid,1.71
2019,Baringo,Short Rains,Beans,5.01,468.6,23.5,11.3,Improved Traditional,0.23
2019,Baringo,Short Rains,Maize,13.04,397.6,23.8,11.3,Hybrid,0.64
2019,Laikipia,Long Rains,Wheat,3.56,696.1,17.2,74.5,Improved Traditional,4.37
2019,Laikipia,Long Rains,Beans,11.46,679.9,20.2,74.5,Hybrid,1.97
2019,Laikipia,Long Rains,Maize,11.5,681.8,20.1,74.5,Traditional,2.23
2019,Laikipia,Short Rains,Wheat,7.82,259.4,19.1,74.5,Hybrid,0.4
2019,Laikipia,Short Rains,Beans,11.32,466.1,18.4,74.5,Traditional,0.55
2019,Laikipia,Short Rains,Maize,14.45,587.4,19.0,74.5,Hybrid,4.17
2019,Kisumu,Long Rains,Beans,1.19,1055.1,23.0,74.0,Traditional,0.32
2019,Kisumu,Long Rains,Maize,6.89,1338.7,23.2,74.0,Improved Traditional,5.73
2019,Kisumu,Short Rains,Beans,13.67,585.9,23.0,74.0,Traditional,0.8
2019,Kisumu,Short Rains,Maize,10.23,752.5,24.2,74.0,Hybrid,3.38
2019,Siaya,Long Rains,Beans,6.61,1394.9,23.1,66.8,Hybrid,1.31
2019,Siaya,Long Rains,Maize,10.46,1405.7,23.3,66.8,Traditional,3.54
2019,Siaya,Long Rains,Cassava,4.42,929.0,24.5,66.8,Traditional,3.43
2019,Siaya,Short Rains,Beans,7.68,1003.1,23.5,66.8,Traditional,0.74
2019,Siaya,Short Rains,Maize,5.71,741.4,23.8,66.8,Traditional,2.05
2019,Siaya,Short Rains,Cassava,3.78,325.2,23.7,66.8,Traditional,0.31
2019,Homa Bay,Long Rains,Beans,13.1,1066.6,22.5,82.9,Traditional,1.36
2019,Homa Bay,Long Rains,Maize,11.98,1205.5,24.8,82.9,Traditional,2.18
2019,Homa Bay,Short Rains,Beans,0.75,269.6,22.8,82.9,Traditional,0.2
2019,Homa Bay,Short Rains,Maize,1.64,1029.7,23.2,82.9,Improved Traditional,3.28
2019,Migori,Long Rains,Beans,14.97,1883.0,20.0,32.7,Improved Traditional,0.89
2019,Migori,Long Rains,Maize,14.07,1471.5,21.9,32.7,Traditional,3.77
2019,Migori,Short Rains,Beans,13.04,1115.4,23.0,32.7,Hybrid,0.63
2019,Migori,Short Rains,Maize,10.19,1093.7,21.3,32.7,Hybrid,2.34
2019,Kajiado,Long Rains,Beans,0.96,733.4,19.7,20.7,Hybrid,0.51
2019,Kajiado,Long Rains,Maize,12.24,686.3,21.5,20.7,Improved Traditional,1.71
2019,Kajiado,Short Rains,Beans,13.85,433.9,20.0,20.7,Traditional,0.32
2019,Kajiado,Short Rains,Maize,6.07,308.5,21.3,20.7,Hybrid,0.4
2019,Narok,Long Rains,Wheat,5.97,751.1,19.3,65.9,Hybrid,2.83
2019,Narok,Long Rains,Beans,8.27,1374.5,18.5,65.9,Hybrid,2.2
2019,Narok,Long Rains,Maize,12.63,1238.8,18.3,65.9,Improved Traditional,1.99
2019,Narok,Short Rains,Wheat,14.85,499.6,18.3,65.9,Improved Traditional,2.37
2019,Narok,Short Rains,Beans,3.31,464.2,21.7,65.9,Traditional,0.24
2019,Narok,Short Rains,Maize,11.54,581.3,19.0,65.9,Traditional,1.06
2019,Elgeyo-Marakwet,Long Rains,Beans,12.83,1081.7,16.9,55.2,Traditional,1.48
2019,Elgeyo-Marakwet,Long Rains,Maize,11.96,1121.2,15.8,55.2,Traditional,2.38
2019,Elgeyo-Marakwet,Short Rains,Beans,7.12,802.8,18.8,55.2,Traditional,0.67
2019,Elgeyo-Marakwet,Short Rains,Maize,2.96,325.8,16.3,55.2,Hybrid,0.31
2019,Busia,Long Rains,Beans,13.66,1035.4,21.3,60.7,Traditional,1.02
2019,Busia,Long Rains,Maize,9.99,1162.4,20.0,60.7,Improved Traditional,1.58
2019,Busia,Long Rains,Cassava,4.85,1130.1,17.9,60.7,Improved Traditional,0.96
2019,Busia,Long Rains,Rice,1.2,1338.5,20.0,60.7,Improved Traditional,2.86
2019,Busia,Short Rains,Beans,10.94,590.9,19.2,60.7,Traditional,0.8
2019,Busia,Short Rains,Maize,6.0,981.9,21.2,60.7,Improved Traditional,3.9
2019,Busia,Short Rains,Cassava,6.63,1075.1,21.0,60.7,Hybrid,3.53
2019,Busia,Short Rains,Rice,0.92,1172.3,19.2,60.7,Hybrid,3.54
2019,Isiolo,Long Rains,Beans,11.37,309.8,29.2,20.3,Improved Traditional,0.2
2019,Isiolo,Long Rains,Maize,2.42,375.1,30.0,20.3,Traditional,0.25
2019,Isiolo,Short Rains,Beans,10.62,249.9,30.2,20.3,Improved Traditional,0.2
2019,Isiolo,Short Rains,Maize,14.0,356.4,30.2,20.3,Hybrid,0.4
2019,Marsabit,Long Rains,Beans,12.52,383.8,33.0,43.0,Improved Traditional,0.2
2019,Marsabit,Long Rains,Maize,11.69,255.5,31.4,43.0,Traditional,0.22
2019,Marsabit,Short Rains,Beans,13.37,203.7,32.9,43.0,Improved Traditional,0.2
2019,Marsabit,Short Rains,Maize,6.12,211.5,31.9,43.0,Traditional,0.2
2020,Uasin Gishu,Long Rains,Wheat,14.58,1242.2,20.0,122.5,Improved Traditional,4.65
2020,Uasin Gishu,Long Rains,Beans,1.71,1148.2,16.6,122.5,Hybrid,2.7
2020,Uasin Gishu,Long Rains,Maize,5.32,897.7,17.7,122.5,Traditional,4.83
2020,Uasin Gishu,Short Rains,Wheat,13.35,837.8,17.0,122.5,Hybrid,8.88
2020,Uasin Gishu,Short Rains,Beans,11.92,365.6,18.5,122.5,Improved Traditional,0.44
2020,Uasin Gishu,Short Rains,Maize,12.71,832.2,16.7,122.5,Traditional,4.09
2020,Trans Nzoia,Long Rains,Wheat,12.65,1242.1,16.6,100.1,Hybrid,9.22
2020,Trans Nzoia,Long Rains,Beans,9.59,1247.8,17.5,100.1,Traditional,1.6
2020,Trans Nzoia,Long Rains,Maize,4.53,1141.5,18.1,100.1,Hybrid,4.22
2020,Trans Nzoia,Short Rains,Wheat,4.76,825.5,19.1,100.1,Improved Traditional,2.9
2020,Trans Nzoia,Short Rains,Beans,4.76,1161.4,18.1,100.1,Improved Traditional,2.07
2020,Trans Nzoia,Short Rains,Maize,1.96,812.2,16.3,100.1,Improved Traditional,3.19
2020,Nakuru,Long Rains,Wheat,10.17,1097.3,18.8,118.1,Hybrid,8.14
2020,Nakuru,Long Rains,Beans,7.19,1350.0,19.2,118.1,Hybrid,3.58
2020,Nakuru,Long Rains,Maize,10.36,1496.2,21.7,118.1,Hybrid,17.44
2020,Nakuru,Long Rains,Potatoes,5.56,729.2,19.6,118.1,Hybrid,3.86
2020,Nakuru,Short Rains,Wheat,11.9,753.4,19.2,118.1,Hybrid,7.21
2020,Nakuru,Short Rains,Beans,3.88,502.5,20.7,118.1,Improved Traditional,1.92
2020,Nakuru,Short Rains,Maize,12.74,520.9,18.8,118.1,Traditional,1.2
2020,Nakuru,Short Rains,Potatoes,5.81,424.6,18.4,118.1,Hybrid,2.28
2020,Nandi,Long Rains,Beans,0.89,1704.7,18.3,44.3,Improved Traditional,0.92
2020,Nandi,Long Rains,Maize,9.86,1460.4,19.9,44.3,Improved Traditional,6.19
2020,Nandi,Long Rains,Tea,6.86,1361.2,18.9,44.3,Hybrid,2.33
2020,Nandi,Short Rains,Beans,11.0,741.5,17.6,44.3,Hybrid,1.0
2020,Nandi,Short Rains,Maize,12.11,806.7,18.9,44.3,Hybrid,2.82
2020,Nandi,Short Rains,Tea,4.78,705.7,18.5,44.3,Hybrid,3.2
2020,Bungoma,Long Rains,Beans,2.06,1164.2,20.1,93.1,Traditional,2.39
2020,Bungoma,Long Rains,Maize,10.15,1258.7,18.1,93.1,Improved Traditional,2.86
2020,Bungoma,Short Rains,Beans,11.68,1088.6,19.0,93.1,Hybrid,1.01
2020,Bungoma,Short Rains,Maize,13.83,1030.4,18.5,93.1,Traditional,2.75
2020,Kakamega,Long Rains,Beans,13.37,1569.0,19.3,135.2,Improved Traditional,2.76
2020,Kakamega,Long Rains,Maize,7.29,1651.5,18.0,135.2,Hybrid,7.94
2020,Kakamega,Short Rains,Beans,11.82,1149.1,18.7,135.2,Hybrid,1.76
2020,Kakamega,Short Rains,Maize,3.56,1148.5,19.6,135.2,Improved Traditional,4.83
2020,Kisii,Long Rains,Beans,7.52,1457.8,17.5,147.4,Improved Traditional,2.17
2020,Kisii,Long Rains,Maize,1.54,2323.8,20.6,147.4,Improved Traditional,7.17
2020,Kisii,Short Rains,Beans,11.86,1132.9,16.9,147.4,Hybrid,2.18
2020,Kisii,Short Rains,Maize,3.15,1022.9,17.3,147.4,Hybrid,4.75
2020,Nyamira,Long Rains,Beans,2.61,1327.9,20.4,131.3,Hybrid,2.01
2020,Nyamira,Long Rains,Maize,9.9,2186.7,18.6,131.3,Hybrid,6.82
2020,Nyamira,Short Rains,Beans,7.17,971.4,17.1,131.3,Improved Traditional,0.7
2020,Nyamira,Short Rains,Maize,5.31,1143.3,17.8,131.3,Hybrid,3.58
2020,Vihiga,Long Rains,Beans,13.97,1445.4,20.4,65.8,Traditional,1.46
2020,Vihiga,Long Rains,Maize,11.27,1536.8,17.5,65.8,Traditional,3.09
2020,Vihiga,Short Rains,Beans,0.85,743.5,19.6,65.8,Traditional,0.69
2020,Vihiga,Short Rains,Maize,14.02,308.6,19.7,65.8,Hybrid,0.59
2020,Bomet,Long Rains,Beans,3.3,1610.7,18.1,76.6,Traditional,1.54
2020,Bomet,Long Rains,Maize,12.61,1431.0,15.8,76.6,Hybrid,3.97
2020,Bomet,Long Rains,Tea,9.69,1514.5,18.7,76.6,Hybrid,4.03
2020,Bomet,Long Rains,Potatoes,10.53,1561.2,17.0,76.6,Hybrid,16.59
2020,Bomet,Short Rains,Beans,5.28,1128.7,16.9,76.6,Hybrid,1.23
2020,Bomet,Short Rains,Maize,6.92,831.6,17.7,76.6,Improved Traditional,1.85
2020,Bomet,Short Rains,Tea,4.63,958.1,17.6,76.6,Improved Traditional,2.14
2020,Bomet,Short Rains,Potatoes,2.67,1074.0,18.5,76.6,Improved Traditional,5.9
2020,Kericho,Long Rains,Beans,5.4,1099.5,17.8,53.9,Traditional,0.71
2020,Kericho,Long Rains,Maize,13.61,1506.5,20.2,53.9,Improved Traditional,4.82
2020,Kericho,Long Rains,Tea,13.77,1365.5,19.0,53.9,Hybrid,4.22
2020,Kericho,Short Rains,Beans,2.57,1224.6,16.9,53.9,Improved Traditional,1.34
2020,Kericho,Short Rains,Maize,7.22,646.1,16.6,53.9,Traditional,0.62
2020,Kericho,Short Rains,Tea,11.96,533.0,16.3,53.9,Traditional,0.32
2020,Nyeri,Long Rains,Beans,0.64,913.4,15.8,92.5,Traditional,1.24
2020,Nyeri,Long Rains,Maize,8.36,998.8,19.1,92.5,Hybrid,4.85
2020,Nyeri,Long Rains,Tea,6.34,1127.2,17.3,92.5,Traditional,5.79
2020,Nyeri,Long Rains,Coffee,2.71,949.4,17.1,92.5,Hybrid,2.52
2020,Nyeri,Short Rains,Beans,8.73,944.9,17.2,92.5,Traditional,1.27
2020,Nyeri,Short Rains,Maize,7.96,558.1,16.1,92.5,Hybrid,2.42
2020,Nyeri,Short Rains,Tea,2.15,816.4,17.4,92.5,Hybrid,3.75
2020,Nyeri,Short Rains,Coffee,0.63,541.7,17.3,92.5,Traditional,1.54
2020,Muranga,Long Rains,Beans,12.37,592.9,18.1,48.0,Improved Traditional,0.37
2020,Muranga,Long Rains,Maize,5.32,1221.6,20.8,48.0,Hybrid,4.51
2020,Muranga,Long Rains,Tea,1.9,960.1,20.1,48.0,Traditional,1.81
2020,Muranga,Long Rains,Coffee,12.77,1079.6,18.3,48.0,Traditional,2.35
2020,Muranga,Short Rains,Beans,2.53,627.1,19.5,48.0,Traditional,0.63
2020,Muranga,Short Rains,Maize,2.91,721.7,17.4,48.0,Traditional,1.88
2020,Muranga,Short Rains,Tea,9.96,349.9,20.0,48.0,Traditional,0.32
2020,Muranga,Short Rains,Coffee,10.46,609.5,19.2,48.0,Hybrid,2.22
2020,Kiambu,Long Rains,Beans,2.53,880.9,17.2,49.6,Improved Traditional,1.1
2020,Kiambu,Long Rains,Maize,6.03,1122.5,19.6,49.6,Improved Traditional,4.89
2020,Kiambu,Long Rains,Coffee,9.79,685.0,17.5,49.6,Traditional,1.05
2020,Kiambu,Short Rains,Beans,11.24,270.3,17.3,49.6,Traditional,0.2
2020,Kiambu,Short Rains,Maize,1.97,734.5,19.0,49.6,Traditional,2.06
2020,Kiambu,Short Rains,Coffee,13.19,549.4,18.4,49.6,Improved Traditional,0.37
2020,Kirinyaga,Long Rains,Beans,1.57,1358.5,18.8,67.2,Improved Traditional,1.98
2020,Kirinyaga,Long Rains,Maize,3.23,1238.3,18.5,67.2,Traditional,3.14
2020,Kirinyaga,Long Rains,Coffee,10.75,751.6,17.9,67.2,Traditional,1.76
2020,Kirinyaga,Long Rains,Rice,2.17,1253.1,16.6,67.2,Traditional,2.28
2020,Kirinyaga,Short Rains,Beans,7.83,512.6,19.0,67.2,Improved Traditional,1.35
2020,Kirinyaga,Short Rains,Maize,4.68,833.7,18.5,67.2,Traditional,3.22
2020,Kirinyaga,Short Rains,Coffee,13.11,602.8,18.3,67.2,Hybrid,1.34
2020,Kirinyaga,Short Rains,Rice,11.75,795.1,18.6,67.2,Traditional,1.47
2020,Embu,Long Rains,Beans,0.67,804.4,19.8,75.4,Improved Traditional,1.27
2020,Embu,Long Rains,Maize,4.54,588.0,19.3,75.4,Traditional,1.96
2020,Embu,Long Rains,Coffee,11.06,1053.1,19.2,75.4,Traditional,2.73
2020,Embu,Short Rains,Beans,5.23,580.4,18.9,75.4,Improved Traditional,1.29
2020,Embu,Short Rains,Maize,0.78,502.7,19.5,75.4,Hybrid,3.55
2020,Embu,Short Rains,Coffee,11.21,824.0,19.0,75.4,Traditional,2.89
2020,Meru,Long Rains,Beans,9.17,883.8,17.9,87.5,Traditional,1.5
2020,Meru,Long Rains,Maize,3.69,1073.7,16.7,87.5,Hybrid,2.51
2020,Meru,Long Rains,Coffee,4.67,1106.0,17.5,87.5,Hybrid,3.66
2020,Meru,Long Rains,Potatoes,13.41,1094.7,16.5,87.5,Improved Traditional,10.96
2020,Meru,Short Rains,Beans,13.97,520.5,18.0,87.5,Improved Traditional,1.51
2020,Meru,Short Rains,Maize,0.93,467.8,18.0,87.5,Traditional,1.58
2020,Meru,Short Rains,Coffee,6.5,950.6,17.5,87.5,Hybrid,3.87
2020,Meru,Short Rains,Potatoes,6.25,399.8,17.7,87.5,Traditional,3.56
2020,Tharaka-Nithi,Long Rains,Beans,14.71,1205.1,21.3,83.4,Traditional,1.46
2020,Tharaka-Nithi,Long Rains,Maize,13.6,779.2,20.7,83.4,Traditional,2.99
2020,Tharaka-Nithi,Short Rains,Beans,13.33,618.1,19.8,83.4,Hybrid,2.19
2020,Tharaka-Nithi,Short Rains,Maize,12.33,517.3,21.5,83.4,Hybrid,2.3
2020,Nyandarua,Long Rains,Beans,4.84,1012.2,15.7,108.9,Traditional,1.6
2020,Nyandarua,Long Rains,Maize,14.26,786.9,15.8,108.9,Hybrid,2.6
2020,Nyandarua,Long Rains,Potatoes,8.19,1337.6,17.3,108.9,Hybrid,22.91
2020,Nyandarua,Short Rains,Beans,5.36,888.8,15.9,108.9,Improved Traditional,1.28
2020,Nyandarua,Short Rains,Maize,1.82,595.3,14.2,108.9,Hybrid,1.76
2020,Nyandarua,Short Rains,Potatoes,1.11,453.1,16.9,108.9,Hybrid,3.55
2020,Nairobi,Long Rains,Beans,12.28,887.9,19.4,29.0,Hybrid,0.74
2020,Nairobi,Long Rains,Maize,11.24,846.3,19.2,29.0,Traditional,0.71
2020,Nairobi,Short Rains,Beans,1.15,826.5,20.8,29.0,Improved Traditional,0.34
2020,Nairobi,Short Rains,Maize,2.15,254.9,18.1,29.0,Traditional,0.2
2020,Machakos,Long Rains,Sorghum,8.27,675.6,22.3,71.0,Improved Traditional,0.44
2020,Machakos,Long Rains,Beans,5.7,685.5,24.2,71.0,Hybrid,0.91
2020,Machakos,Long Rains,Maize,6.3,897.7,22.0,71.0,Improved Traditional,2.55
2020,Machakos,Short Rains,Sorghum,14.83,774.8,22.8,71.0,Traditional,1.15
2020,Machakos,Short Rains,Beans,2.84,379.4,23.0,71.0,Improved Traditional,0.78
2020,Machakos,Short Rains,Maize,14.05,597.0,22.4,71.0,Improved Traditional,2.54
2020,Makueni,Long Rains,Sorghum,8.52,640.0,24.5,21.8,Traditional,0.5
2020,Makueni,Long Rains,Beans,3.44,782.2,23.3,21.8,Hybrid,0.29
2020,Makueni,Long Rains,Maize,2.35,659.9,25.8,21.8,Hybrid,0.79
2020,Makueni,Short Rains,Sorghum,2.52,403.5,25.7,21.8,Hybrid,0.42
2020,Makueni,Short Rains,Beans,4.55,613.2,22.8,21.8,Traditional,0.3
2020,Makueni,Short Rains,Maize,6.23,590.4,22.6,21.8,Traditional,0.87
2020,Kitui,Long Rains,Sorghum,3.83,752.8,24.5,14.0,Hybrid,0.32
2020,Kitui,Long Rains,Beans,11.14,873.1,23.8,14.0,Hybrid,0.35
2020,Kitui,Long Rains,Maize,13.06,657.7,24.5,14.0,Hybrid,1.13
2020,Kitui,Short Rains,Sorghum,12.69,627.8,26.0,14.0,Hybrid,0.87
2020,Kitui,Short Rains,Beans,8.73,196.6,24.3,14.0,Improved Traditional,0.2
2020,Kitui,Short Rains,Maize,14.34,750.2,23.3,14.0,Traditional,0.63
2020,Mombasa,Long Rains,Beans,5.7,1130.1,29.9,29.8,Hybrid,0.2
2020,Mombasa,Long Rains,Maize,13.9,1629.4,29.0,29.8,Traditional,0.68
2020,Mombasa,Short Rains,Beans,11.03,711.4,29.5,29.8,Traditional,0.2
2020,Mombasa,Short Rains,Maize,3.61,1152.9,28.4,29.8,Hybrid,0.65
2020,Kilifi,Long Rains,Beans,14.86,404.4,27.5,31.7,Improved Traditional,0.2
2020,Kilifi,Long Rains,Maize,13.04,659.4,28.2,31.7,Traditional,0.58
2020,Kilifi,Long Rains,Cassava,3.26,894.0,26.9,31.7,Traditional,2.05
2020,Kilifi,Short Rains,Beans,14.33,643.2,27.6,31.7,Hybrid,0.2
2020,Kilifi,Short Rains,Maize,8.82,661.7,26.8,31.7,Traditional,1.03
2020,Kilifi,Short Rains,Cassava,3.93,424.5,28.2,31.7,Improved Traditional,0.83
2020,Kwale,Long Rains,Beans,11.4,1006.9,29.1,23.0,Hybrid,0.22
2020,Kwale,Long Rains,Maize,12.86,1192.3,28.2,23.0,Improved Traditional,1.25
2020,Kwale,Long Rains,Cassava,11.15,1154.7,26.7,23.0,Improved Traditional,1.98
2020,Kwale,Short Rains,Beans,8.74,367.2,26.9,23.0,Traditional,0.2
2020,Kwale,Short Rains,Maize,10.7,734.4,28.2,23.0,Improved Traditional,0.66
2020,Kwale,Short Rains,Cassava,4.26,145.4,28.1,23.0,Traditional,0.2
2020,Tana River,Long Rains,Beans,6.54,598.2,30.4,27.3,Improved Traditional,0.2
2020,Tana River,Long Rains,Maize,11.56,339.5,29.9,27.3,Hybrid,0.26
2020,Tana River,Long Rains,Rice,2.03,464.5,28.8,27.3,Improved Traditional,0.62
2020,Tana River,Short Rains,Beans,3.3,356.8,29.9,27.3,Traditional,0.2
2020,Tana River,Short Rains,Maize,4.1,413.9,30.5,27.3,Traditional,0.32
2020,Tana River,Short Rains,Rice,4.77,488.3,29.1,27.3,Hybrid,0.7
2020,Lamu,Long Rains,Beans,3.3,1133.3,28.7,33.0,Traditional,0.2
2020,Lamu,Long Rains,Maize,11.46,781.4,28.9,33.0,Improved Traditional,0.37
2020,Lamu,Short Rains,Beans,1.13,503.5,27.9,33.0,Improved Traditional,0.2
2020,Lamu,Short Rains,Maize,14.96,341.6,28.6,33.0,Traditional,0.2
2020,Taita Taveta,Long Rains,Beans,3.87,929.0,23.2,23.1,Improved Traditional,0.62
2020,Taita Taveta,Long Rains,Maize,12.39,887.7,23.9,23.1,Traditional,0.86
2020,Taita Taveta,Short Rains,Beans,10.28,680.3,23.2,23.1,Improved Traditional,0.51
2020,Taita Taveta,Short Rains,Maize,2.49,536.4,23.2,23.1,Hybrid,0.69
2020,Garissa,Long Rains,Sorghum,5.21,414.2,31.6,12.6,Improved Traditional,0.39
2020,Garissa,Long Rains,Beans,9.33,394.5,33.1,12.6,Hybrid,0.2
2020,Garissa,Long Rains,Maize,7.89,240.9,34.6,12.6,Improved Traditional,0.2
2020,Garissa,Short Rains,Sorghum,8.52,107.1,32.2,12.6,Traditional,0.2
2020,Garissa,Short Rains,Beans,14.04,50.0,34.2,12.6,Traditional,0.2
2020,Garissa,Short Rains,Maize,8.59,296.7,32.7,12.6,Traditional,0.2
2020,Wajir,Long Rains,Sorghum,8.11,126.2,34.3,8.2,Traditional,0.2
2020,Wajir,Long Rains,Beans,12.73,298.5,35.5,8.2,Improved Traditional,0.2
2020,Wajir,Long Rains,Maize,13.34,202.5,32.1,8.2,Traditional,0.2
2020,Wajir,Short Rains,Sorghum,12.37,291.0,33.6,8.2,Improved Traditional,0.29
2020,Wajir,Short Rains,Beans,12.88,54.2,33.6,8.2,Traditional,0.2
2020,Wajir,Short Rains,Maize,1.74,257.3,33.6,8.2,Traditional,0.2
2020,Mandera,Long Rains,Sorghum,11.22,321.2,33.7,18.4,Improved Traditional,0.32
2020,Mandera,Long Rains,Beans,14.79,378.3,33.0,18.4,Hybrid,0.2
2020,Mandera,Long Rains,Maize,6.53,297.4,33.3,18.4,Improved Traditional,0.28
2020,Mandera,Short Rains,Sorghum,14.36,110.1,34.3,18.4,Improved Traditional,0.2
2020,Mandera,Short Rains,Beans,10.96,87.1,32.7,18.4,Improved Traditional,0.2
2020,Mandera,Short Rains,Maize,10.42,228.1,35.9,18.4,Improved Traditional,0.22
2020,Turkana,Long Rains,Sorghum,1.06,276.7,35.6,14.0,Traditional,0.21
2020,Turkana,Long Rains,Beans,0.9,226.9,36.8,14.0,Traditional,0.2
2020,Turkana,Long Rains,Maize,3.34,318.9,37.1,14.0,Hybrid,0.43
2020,Turkana,Short Rains,Sorghum,2.99,92.9,35.5,14.0,Traditional,0.2
2020,Turkana,Short Rains,Beans,9.91,135.8,34.5,14.0,Traditional,0.2
2020,Turkana,Short Rains,Maize,1.91,234.8,36.7,14.0,Traditional,0.21
2020,West Pokot,Long Rains,Beans,4.9,651.6,23.1,65.3,Traditional,0.4
2020,West Pokot,Long Rains,Maize,5.9,859.4,23.6,65.3,Traditional,3.13
2020,West Pokot,Short Rains,Beans,0.72,192.5,23.0,65.3,Improved Traditional,0.2
2020,West Pokot,Short Rains,Maize,12.06,387.3,23.8,65.3,Traditional,0.96
2020,Samburu,Long Rains,Beans,6.86,630.7,25.1,36.7,Improved Traditional,0.44
2020,Samburu,Long Rains,Maize,10.96,453.0,25.4,36.7,Hybrid,1.54
2020,Samburu,Short Rains,Beans,5.18,245.6,26.4,36.7,Traditional,0.2
2020,Samburu,Short Rains,Maize,6.65,61.0,25.4,36.7,Hybrid,0.2
2020,Baringo,Long Rains,Beans,3.13,735.2,23.7,26.3,Traditional,0.4
2020,Baringo,Long Rains,Maize,1.91,650.1,22.8,26.3,Traditional,0.89
2020,Baringo,Short Rains,Beans,5.63,547.0,23.2,26.3,Traditional,0.23
2020,Baringo,Short Rains,Maize,7.56,444.6,24.7,26.3,Hybrid,0.85
2020,Laikipia,Long Rains,Wheat,12.23,973.0,17.8,53.2,Traditional,3.08
2020,Laikipia,Long Rains,Beans,10.62,534.1,17.8,53.2,Improved Traditional,0.77
2020,Laikipia,Long Rains,Maize,8.03,1200.6,20.5,53.2,Traditional,2.3
2020,Laikipia,Short Rains,Wheat,0.52,534.6,17.8,53.2,Hybrid,2.92
2020,Laikipia,Short Rains,Beans,4.34,513.2,18.9,53.2,Hybrid,0.79
2020,Laikipia,Short Rains,Maize,2.75,256.2,18.0,53.2,Hybrid,0.2
2020,Kisumu,Long Rains,Beans,4.68,972.9,21.6,29.3,Traditional,0.88
2020,Kisumu,Long Rains,Maize,3.04,1524.0,24.0,29.3,Traditional,1.54
2020,Kisumu,Short Rains,Beans,1.77,512.6,21.7,29.3,Traditional,0.39
2020,Kisumu,Short Rains,Maize,4.56,1022.4,21.3,29.3,Traditional,2.9
2020,Siaya,Long Rains,Beans,14.5,940.7,21.8,70.3,Traditional,1.1
2020,Siaya,Long Rains,Maize,10.17,863.6,23.0,70.3,Traditional,2.92
2020,Siaya,Long Rains,Cassava,3.76,1137.9,22.8,70.3,Traditional,3.75
2020,Siaya,Short Rains,Beans,10.92,557.5,23.0,70.3,Hybrid,0.76
2020,Siaya,Short Rains,Maize,13.63,1203.1,23.5,70.3,Traditional,2.88
2020,Siaya,Short Rains,Cassava,13.65,696.5,23.0,70.3,Improved Traditional,0.79
2020,Homa Bay,Long Rains,Beans,3.61,1139.3,22.7,55.1,Improved Traditional,1.4
2020,Homa Bay,Long Rains,Maize,12.41,1066.7,23.4,55.1,Traditional,3.17
2020,Homa Bay,Short Rains,Beans,2.43,982.4,25.4,55.1,Traditional,0.62
2020,Homa Bay,Short Rains,Maize,3.75,1054.6,23.9,55.1,Hybrid,2.04
2020,Migori,Long Rains,Beans,7.4,1216.0,20.4,73.8,Traditional,1.54
2020,Migori,Long Rains,Maize,7.79,1276.2,20.1,73.8,Traditional,4.14
2020,Migori,Short Rains,Beans,12.5,1075.5,20.4,73.8,Improved Traditional,1.29
2020,Migori,Short Rains,Maize,5.3,521.4,20.1,73.8,Traditional,0.47
2020,Kajiado,Long Rains,Beans,6.21,450.9,22.8,24.0,Improved Traditional,0.2
2020,Kajiado,Long Rains,Maize,12.11,447.1,21.1,24.0,Improved Traditional,0.49
2020,Kajiado,Short Rains,Beans,9.9,218.3,21.7,24.0,Traditional,0.2
2020,Kajiado,Short Rains,Maize,3.32,354.0,22.9,24.0,Traditional,0.56
2020,Narok,Long Rains,Wheat,0.94,989.3,17.8,50.1,Traditional,3.58
2020,Narok,Long Rains,Beans,1.53,1013.0,19.5,50.1,Hybrid,1.81
2020,Narok,Long Rains,Maize,7.46,932.7,17.9,50.1,Traditional,1.83
2020,Narok,Short Rains,Wheat,3.42,383.6,17.5,50.1,Improved Traditional,0.5
2020,Narok,Short Rains,Beans,9.86,598.2,20.6,50.1,Traditional,0.53
2020,Narok,Short Rains,Maize,14.41,247.3,20.8,50.1,Hybrid,0.29
2020,Elgeyo-Marakwet,Long Rains,Beans,8.02,883.9,17.2,51.9,Traditional,0.75
2020,Elgeyo-Marakwet,Long Rains,Maize,3.26,996.4,18.5,51.9,Improved Traditional,2.57
2020,Elgeyo-Marakwet,Short Rains,Beans,10.18,516.7,15.4,51.9,Hybrid,0.63
2020,Elgeyo-Marakwet,Short Rains,Maize,12.95,841.5,17.0,51.9,Traditional,2.3
2020,Busia,Long Rains,Beans,9.31,1228.0,18.3,65.4,Hybrid,2.68
2020,Busia,Long Rains,Maize,13.59,1275.5,21.5,65.4,Hybrid,7.44
2020,Busia,Long Rains,Cassava,9.88,1564.2,20.5,65.4,Traditional,4.47
2020,Busia,Long Rains,Rice,10.97,1029.4,21.6,65.4,Hybrid,2.47
2020,Busia,Short Rains,Beans,12.3,527.7,19.4,65.4,Improved Traditional,0.8
2020,Busia,Short Rains,Maize,4.93,850.2,20.0,65.4,Traditional,1.76
2020,Busia,Short Rains,Cassava,4.65,1104.5,19.3,65.4,Traditional,1.14
2020,Busia,Short Rains,Rice,5.1,871.6,20.0,65.4,Improved Traditional,1.84
2020,Isiolo,Long Rains,Beans,14.49,496.3,29.8,26.0,Traditional,0.2
2020,Isiolo,Long Rains,Maize,6.21,356.5,30.5,26.0,Traditional,0.25
2020,Isiolo,Short Rains,Beans,1.32,390.3,32.4,26.0,Traditional,0.2
2020,Isiolo,Short Rains,Maize,0.51,271.4,29.4,26.0,Traditional,0.39
2020,Marsabit,Long Rains,Beans,0.6,380.1,31.2,19.3,Traditional,0.2
2020,Marsabit,Long Rains,Maize,5.67,420.3,32.8,19.3,Traditional,0.33
2020,Marsabit,Short Rains,Beans,14.89,498.2,32.0,19.3,Traditional,0.2
2020,Marsabit,Short Rains,Maize,5.27,320.0,30.5,19.3,Improved Traditional,0.36
2021,Uasin Gishu,Long Rains,Wheat,9.44,470.5,17.5,94.6,Hybrid,1.52
2021,Uasin Gishu,Long Rains,Beans,8.77,644.3,18.4,94.6,Hybrid,0.52
2021,Uasin Gishu,Long Rains,Maize,6.85,741.5,16.8,94.6,Hybrid,4.79
2021,Uasin Gishu,Short Rains,Wheat,8.94,294.1,16.2,94.6,Hybrid,1.64
2021,Uasin Gishu,Short Rains,Beans,4.94,483.2,17.3,94.6,Hybrid,1.14
2021,Uasin Gishu,Short Rains,Maize,5.04,711.1,17.4,94.6,Improved Traditional,2.64
2021,Trans Nzoia,Long Rains,Wheat,13.13,1040.1,17.3,132.6,Hybrid,5.39
2021,Trans Nzoia,Long Rains,Beans,8.85,842.8,17.7,132.6,Hybrid,2.27
2021,Trans Nzoia,Long Rains,Maize,4.53,556.2,17.2,132.6,Hybrid,4.34
2021,Trans Nzoia,Short Rains,Wheat,5.14,704.0,18.1,132.6,Hybrid,5.32
2021,Trans Nzoia,Short Rains,Beans,5.44,797.8,15.1,132.6,Hybrid,1.11
2021,Trans Nzoia,Short Rains,Maize,2.77,576.4,18.8,132.6,Hybrid,3.91
2021,Nakuru,Long Rains,Wheat,6.27,462.1,18.4,101.6,Improved Traditional,2.31
2021,Nakuru,Long Rains,Beans,0.75,787.2,19.6,101.6,Hybrid,1.28
2021,Nakuru,Long Rains,Maize,10.45,637.2,18.5,101.6,Hybrid,2.41
2021,Nakuru,Long Rains,Potatoes,14.0,579.9,18.7,101.6,Traditional,5.21
2021,Nakuru,Short Rains,Wheat,4.43,420.3,19.0,101.6,Improved Traditional,0.94
2021,Nakuru,Short Rains,Beans,7.27,189.1,19.0,101.6,Hybrid,0.2
2021,Nakuru,Short Rains,Maize,4.97,496.9,19.1,101.6,Improved Traditional,1.58
2021,Nakuru,Short Rains,Potatoes,5.04,405.2,18.0,101.6,Traditional,1.73
2021,Nandi,Long Rains,Beans,11.27,936.8,18.6,107.5,Improved Traditional,2.65
2021,Nandi,Long Rains,Maize,4.71,671.5,19.2,107.5,Hybrid,3.22
2021,Nandi,Long Rains,Tea,5.4,598.7,17.0,107.5,Hybrid,2.66
2021,Nandi,Short Rains,Beans,14.13,543.2,17.1,107.5,Hybrid,1.06
2021,Nandi,Short Rains,Maize,13.49,485.9,18.3,107.5,Traditional,0.94
2021,Nandi,Short Rains,Tea,5.85,597.5,18.5,107.5,Improved Traditional,2.02
2021,Bungoma,Long Rains,Beans,2.65,678.8,20.3,58.8,Improved Traditional,0.91
2021,Bungoma,Long Rains,Maize,12.73,953.7,18.7,58.8,Hybrid,3.12
2021,Bungoma,Short Rains,Beans,1.51,621.1,18.4,58.8,Hybrid,0.96
2021,Bungoma,Short Rains,Maize,9.19,416.9,18.4,58.8,Hybrid,0.45
2021,Kakamega,Long Rains,Beans,14.27,623.8,20.3,132.2,Hybrid,1.15
2021,Kakamega,Long Rains,Maize,12.66,687.5,21.3,132.2,Traditional,2.43
2021,Kakamega,Short Rains,Beans,5.01,802.5,18.1,132.2,Hybrid,0.56
2021,Kakamega,Short Rains,Maize,4.52,482.8,19.1,132.2,Hybrid,0.34
2021,Kisii,Long Rains,Beans,12.07,1082.7,18.3,114.8,Hybrid,1.9
2021,Kisii,Long Rains,Maize,13.89,1325.2,17.3,114.8,Hybrid,4.05
2021,Kisii,Short Rains,Beans,7.96,445.1,18.5,114.8,Hybrid,0.2
2021,Kisii,Short Rains,Maize,13.01,1194.3,19.7,114.8,Traditional,5.21
2021,Nyamira,Long Rains,Beans,12.72,1186.4,20.4,102.3,Hybrid,2.66
2021,Nyamira,Long Rains,Maize,11.26,1212.3,18.0,102.3,Hybrid,3.33
2021,Nyamira,Short Rains,Beans,2.06,490.0,18.1,102.3,Improved Traditional,0.2
2021,Nyamira,Short Rains,Maize,2.08,1089.6,17.5,102.3,Hybrid,3.53
2021,Vihiga,Long Rains,Beans,4.92,1030.7,20.0,45.8,Improved Traditional,0.43
2021,Vihiga,Long Rains,Maize,10.09,724.0,18.5,45.8,Improved Traditional,0.73
2021,Vihiga,Short Rains,Beans,1.02,437.8,19.8,45.8,Traditional,0.2
2021,Vihiga,Short Rains,Maize,9.67,767.0,21.6,45.8,Traditional,1.96
2021,Bomet,Long Rains,Beans,2.86,990.6,19.4,93.1,Hybrid,2.58
2021,Bomet,Long Rains,Maize,2.06,952.7,17.4,93.1,Hybrid,3.35
2021,Bomet,Long Rains,Tea,7.36,721.1,18.8,93.1,Improved Traditional,2.18
2021,Bomet,Long Rains,Potatoes,2.86,877.8,18.8,93.1,Traditional,6.36
2021,Bomet,Short Rains,Beans,10.49,448.3,17.4,93.1,Improved Traditional,0.25
2021,Bomet,Short Rains,Maize,2.07,435.0,17.5,93.1,Improved Traditional,0.75
2021,Bomet,Short Rains,Tea,12.36,756.0,18.6,93.1,Hybrid,3.1
2021,Bomet,Short Rains,Potatoes,8.95,931.5,18.9,93.1,Improved Traditional,5.08
2021,Kericho,Long Rains,Beans,14.07,1177.8,19.0,119.8,Improved Traditional,2.0
2021,Kericho,Long Rains,Maize,2.08,772.7,18.4,119.8,Hybrid,3.95
2021,Kericho,Long Rains,Tea,6.98,1324.5,16.7,119.8,Improved Traditional,4.84
2021,Kericho,Short Rains,Beans,5.63,586.9,18.1,119.8,Improved Traditional,0.48
2021,Kericho,Short Rains,Maize,11.97,736.1,18.5,119.8,Improved Traditional,3.06
2021,Kericho,Short Rains,Tea,5.8,632.2,17.0,119.8,Hybrid,1.27
2021,Nyeri,Long Rains,Beans,2.79,830.6,16.4,67.9,Traditional,0.99
2021,Nyeri,Long Rains,Maize,5.0,684.0,16.6,67.9,Improved Traditional,1.77
2021,Nyeri,Long Rains,Tea,3.28,1012.6,16.9,67.9,Traditional,0.54
2021,Nyeri,Long Rains,Coffee,3.4,564.0,15.9,67.9,Traditional,1.12
2021,Nyeri,Short Rains,Beans,3.2,478.2,15.4,67.9,Traditional,0.62
2021,Nyeri,Short Rains,Maize,2.77,471.4,15.5,67.9,Traditional,0.76
2021,Nyeri,Short Rains,Tea,1.89,398.2,17.4,67.9,Traditional,0.59
2021,Nyeri,Short Rains,Coffee,10.69,294.9,17.7,67.9,Traditional,0.26
2021,Muranga,Long Rains,Beans,8.02,697.7,19.3,73.8,Hybrid,1.47
2021,Muranga,Long Rains,Maize,4.63,859.8,19.0,73.8,Traditional,3.85
2021,Muranga,Long Rains,Tea,12.24,598.9,17.6,73.8,Traditional,1.66
2021,Muranga,Long Rains,Coffee,9.89,744.6,16.0,73.8,Traditional,1.9
2021,Muranga,Short Rains,Beans,2.03,511.7,18.4,73.8,Improved Traditional,0.53
2021,Muranga,Short Rains,Maize,0.8,626.7,19.7,73.8,Improved Traditional,2.54
2021,Muranga,Short Rains,Tea,7.46,500.2,19.0,73.8,Traditional,1.35
2021,Muranga,Short Rains,Coffee,7.69,388.4,20.0,73.8,Improved Traditional,0.38
2021,Kiambu,Long Rains,Beans,2.88,735.2,16.4,70.2,Traditional,0.86
2021,Kiambu,Long Rains,Maize,11.38,660.6,18.1,70.2,Improved Traditional,2.27
2021,Kiambu,Long Rains,Coffee,8.2,455.8,21.0,70.2,Traditional,0.84
2021,Kiambu,Short Rains,Beans,1.74,378.3,16.4,70.2,Traditional,0.2
2021,Kiambu,Short Rains,Maize,14.8,591.1,20.2,70.2,Improved Traditional,1.46
2021,Kiambu,Short Rains,Coffee,13.27,348.3,16.9,70.2,Hybrid,0.46
2021,Kirinyaga,Long Rains,Beans,5.74,674.1,19.0,62.4,Hybrid,1.22
2021,Kirinyaga,Long Rains,Maize,9.42,632.5,19.0,62.4,Hybrid,1.18
2021,Kirinyaga,Long Rains,Coffee,5.77,690.6,19.7,62.4,Improved Traditional,0.74
2021,Kirinyaga,Long Rains,Rice,6.02,883.9,20.1,62.4,Traditional,1.52
2021,Kirinyaga,Short Rains,Beans,6.03,563.1,18.2,62.4,Hybrid,1.44
2021,Kirinyaga,Short Rains,Maize,12.88,300.2,18.6,62.4,Hybrid,0.45
2021,Kirinyaga,Short Rains,Coffee,4.21,379.9,17.9,62.4,Improved Traditional,0.29
2021,Kirinyaga,Short Rains,Rice,5.11,660.9,17.7,62.4,Traditional,1.25
2021,Embu,Long Rains,Beans,7.2,436.4,20.5,47.8,Traditional,0.59
2021,Embu,Long Rains,Maize,10.7,593.2,20.1,47.8,Traditional,1.64
2021,Embu,Long Rains,Coffee,11.35,332.5,20.8,47.8,Traditional,0.2
2021,Embu,Short Rains,Beans,2.91,316.2,18.5,47.8,Traditional,0.2
2021,Embu,Short Rains,Maize,7.75,313.3,22.6,47.8,Traditional,0.51
2021,Embu,Short Rains,Coffee,6.37,472.7,23.7,47.8,Hybrid,0.88
2021,Meru,Long Rains,Beans,3.51,672.8,19.4,38.5,Hybrid,1.06
2021,Meru,Long Rains,Maize,6.1,547.0,15.8,38.5,Improved Traditional,0.81
2021,Meru,Long Rains,Coffee,13.67,763.4,19.3,38.5,Traditional,1.04
2021,Meru,Long Rains,Potatoes,5.44,785.7,18.0,38.5,Traditional,2.31
2021,Meru,Short Rains,Beans,4.09,130.0,18.1,38.5,Traditional,0.2
2021,Meru,Short Rains,Maize,6.07,373.5,16.8,38.5,Traditional,0.39
2021,Meru,Short Rains,Coffee,5.2,457.9,16.9,38.5,Hybrid,1.06
2021,Meru,Short Rains,Potatoes,1.64,427.6,17.8,38.5,Traditional,1.71
2021,Tharaka-Nithi,Long Rains,Beans,10.32,722.9,22.0,74.5,Traditional,1.17
2021,Tharaka-Nithi,Long Rains,Maize,5.43,443.4,21.2,74.5,Improved Traditional,2.47
2021,Tharaka-Nithi,Short Rains,Beans,3.9,445.9,19.3,74.5,Traditional,0.71
2021,Tharaka-Nithi,Short Rains,Maize,4.68,135.4,20.8,74.5,Traditional,0.29
2021,Nyandarua,Long Rains,Beans,9.83,742.6,18.0,123.3,Hybrid,2.04
2021,Nyandarua,Long Rains,Maize,13.87,1023.0,14.8,123.3,Hybrid,1.91
2021,Nyandarua,Long Rains,Potatoes,6.43,656.7,14.6,123.3,Hybrid,15.01
2021,Nyandarua,Short Rains,Beans,10.16,476.4,13.8,123.3,Traditional,0.73
2021,Nyandarua,Short Rains,Maize,8.18,415.6,15.8,123.3,Improved Traditional,0.43
2021,Nyandarua,Short Rains,Potatoes,7.24,366.8,17.0,123.3,Improved Traditional,2.17
2021,Nairobi,Long Rains,Beans,4.98,502.1,18.6,26.1,Hybrid,0.24
2021,Nairobi,Long Rains,Maize,9.01,563.2,21.1,26.1,Hybrid,1.35
2021,Nairobi,Short Rains,Beans,10.46,378.9,20.2,26.1,Traditional,0.2
2021,Nairobi,Short Rains,Maize,9.78,324.0,20.5,26.1,Hybrid,0.31
2021,Machakos,Long Rains,Sorghum,3.01,480.0,22.7,53.0,Traditional,0.76
2021,Machakos,Long Rains,Beans,2.72,472.3,23.0,53.0,Improved Traditional,0.68
2021,Machakos,Long Rains,Maize,13.42,420.2,21.9,53.0,Improved Traditional,1.66
2021,Machakos,Short Rains,Sorghum,12.82,327.8,23.2,53.0,Traditional,0.64
2021,Machakos,Short Rains,Beans,5.66,380.3,22.3,53.0,Improved Traditional,0.43
2021,Machakos,Short Rains,Maize,7.09,415.6,24.1,53.0,Traditional,1.03
2021,Makueni,Long Rains,Sorghum,10.79,471.4,25.5,18.5,Traditional,0.69
2021,Makueni,Long Rains,Beans,3.45,585.1,24.9,18.5,Hybrid,0.64
2021,Makueni,Long Rains,Maize,6.63,574.9,24.4,18.5,Traditional,0.65
2021,Makueni,Short Rains,Sorghum,6.67,407.2,25.5,18.5,Traditional,0.48
2021,Makueni,Short Rains,Beans,2.37,496.1,24.6,18.5,Traditional,0.3
2021,Makueni,Short Rains,Maize,6.73,260.5,26.0,18.5,Traditional,0.2
2021,Kitui,Long Rains,Sorghum,11.06,346.7,24.4,14.3,Hybrid,0.26
2021,Kitui,Long Rains,Beans,4.53,582.6,21.3,14.3,Traditional,0.28
2021,Kitui,Long Rains,Maize,6.55,503.5,24.9,14.3,Improved Traditional,0.64
2021,Kitui,Short Rains,Sorghum,10.51,529.1,26.0,14.3,Traditional,0.33
2021,Kitui,Short Rains,Beans,1.09,537.1,24.8,14.3,Hybrid,0.29
2021,Kitui,Short Rains,Maize,8.24,360.8,24.9,14.3,Traditional,0.57
2021,Mombasa,Long Rains,Beans,11.41,588.8,26.0,33.1,Improved Traditional,0.2
2021,Mombasa,Long Rains,Maize,1.79,795.5,30.2,33.1,Improved Traditional,0.23
2021,Mombasa,Short Rains,Beans,9.19,520.7,30.0,33.1,Hybrid,0.2
2021,Mombasa,Short Rains,Maize,2.32,468.7,27.7,33.1,Hybrid,0.42
2021,Kilifi,Long Rains,Beans,13.05,629.1,27.7,10.4,Hybrid,0.2
2021,Kilifi,Long Rains,Maize,11.92,352.0,26.6,10.4,Traditional,0.23
2021,Kilifi,Long Rains,Cassava,13.19,651.9,29.1,10.4,Traditional,0.74
2021,Kilifi,Short Rains,Beans,13.53,444.9,26.8,10.4,Traditional,0.2
2021,Kilifi,Short Rains,Maize,2.37,446.9,27.8,10.4,Improved Traditional,0.26
2021,Kilifi,Short Rains,Cassava,2.89,444.8,27.3,10.4,Traditional,1.2
2021,Kwale,Long Rains,Beans,5.53,571.0,26.0,17.2,Improved Traditional,0.2
2021,Kwale,Long Rains,Maize,4.01,758.2,28.3,17.2,Traditional,0.34
2021,Kwale,Long Rains,Cassava,6.39,471.8,28.6,17.2,Traditional,0.45
2021,Kwale,Short Rains,Beans,3.71,364.2,26.0,17.2,Traditional,0.2
2021,Kwale,Short Rains,Maize,4.3,193.2,26.5,17.2,Improved Traditional,0.2
2021,Kwale,Short Rains,Cassava,7.17,381.4,28.4,17.2,Traditional,0.2
2021,Tana River,Long Rains,Beans,3.94,514.7,29.2,27.8,Improved Traditional,0.2
2021,Tana River,Long Rains,Maize,9.01,289.1,31.4,27.8,Improved Traditional,0.2
2021,Tana River,Long Rains,Rice,7.5,442.8,29.6,27.8,Traditional,0.47
2021,Tana River,Short Rains,Beans,10.09,270.0,30.2,27.8,Traditional,0.2
2021,Tana River,Short Rains,Maize,6.84,229.5,31.5,27.8,Improved Traditional,0.2
2021,Tana River,Short Rains,Rice,6.61,329.1,30.5,27.8,Traditional,0.36
2021,Lamu,Long Rains,Beans,8.68,639.9,25.8,6.6,Improved Traditional,0.2
2021,Lamu,Long Rains,Maize,13.08,727.4,29.7,6.6,Hybrid,0.3
2021,Lamu,Short Rains,Beans,10.98,299.4,28.9,6.6,Traditional,0.2
2021,Lamu,Short Rains,Maize,9.2,447.2,29.0,6.6,Traditional,0.2
2021,Taita Taveta,Long Rains,Beans,7.08,759.6,23.6,30.5,Traditional,0.54
2021,Taita Taveta,Long Rains,Maize,5.49,710.3,22.2,30.5,Traditional,1.65
2021,Taita Taveta,Short Rains,Beans,1.3,421.0,24.4,30.5,Traditional,0.2
2021,Taita Taveta,Short Rains,Maize,6.7,532.1,23.2,30.5,Hybrid,1.21
2021,Garissa,Long Rains,Sorghum,10.62,136.1,31.7,37.8,Traditional,0.2
2021,Garissa,Long Rains,Beans,12.02,153.9,32.3,37.8,Traditional,0.2
2021,Garissa,Long Rains,Maize,11.77,178.0,30.9,37.8,Traditional,0.2
2021,Garissa,Short Rains,Sorghum,3.69,174.2,31.9,37.8,Traditional,0.49
2021,Garissa,Short Rains,Beans,10.56,168.2,32.1,37.8,Traditional,0.2
2021,Garissa,Short Rains,Maize,10.58,82.7,32.5,37.8,Improved Traditional,0.2
2021,Wajir,Long Rains,Sorghum,11.22,191.0,33.6,37.8,Hybrid,0.44
2021,Wajir,Long Rains,Beans,13.73,168.0,34.2,37.8,Improved Traditional,0.2
2021,Wajir,Long Rains,Maize,1.06,211.2,33.9,37.8,Traditional,0.2
2021,Wajir,Short Rains,Sorghum,14.02,147.3,31.1,37.8,Traditional,0.35
2021,Wajir,Short Rains,Beans,5.22,86.3,33.6,37.8,Traditional,0.2
2021,Wajir,Short Rains,Maize,14.85,203.4,34.1,37.8,Traditional,0.23
2021,Mandera,Long Rains,Sorghum,4.72,107.6,34.1,29.0,Hybrid,0.2
2021,Mandera,Long Rains,Beans,9.57,147.2,34.7,29.0,Traditional,0.2
2021,Mandera,Long Rains,Maize,10.55,154.6,36.4,29.0,Traditional,0.21
2021,Mandera,Short Rains,Sorghum,6.19,142.8,33.4,29.0,Hybrid,0.26
2021,Mandera,Short Rains,Beans,8.22,108.4,34.9,29.0,Traditional,0.2
2021,Mandera,Short Rains,Maize,14.5,91.8,34.5,29.0,Traditional,0.2
2021,Turkana,Long Rains,Sorghum,12.91,153.4,36.3,28.8,Improved Traditional,0.2
2021,Turkana,Long Rains,Beans,10.55,181.9,36.8,28.8,Hybrid,0.2
2021,Turkana,Long Rains,Maize,6.38,69.6,36.1,28.8,Improved Traditional,0.2
2021,Turkana,Short Rains,Sorghum,4.16,105.3,34.2,28.8,Traditional,0.2
2021,Turkana,Short Rains,Beans,8.78,103.1,34.9,28.8,Traditional,0.2
2021,Turkana,Short Rains,Maize,1.1,99.8,35.7,28.8,Improved Traditional,0.2
2021,West Pokot,Long Rains,Beans,8.73,476.6,21.9,99.4,Improved Traditional,0.67
2021,West Pokot,Long Rains,Maize,5.51,623.1,21.7,99.4,Traditional,4.89
2021,West Pokot,Short Rains,Beans,4.73,300.7,24.1,99.4,Traditional,0.22
2021,West Pokot,Short Rains,Maize,8.69,369.0,22.4,99.4,Improved Traditional,1.56
2021,Samburu,Long Rains,Beans,12.68,217.4,28.0,25.9,Traditional,0.2
2021,Samburu,Long Rains,Maize,8.55,285.1,24.9,25.9,Traditional,0.48
2021,Samburu,Short Rains,Beans,14.97,180.2,26.9,25.9,Traditional,0.2
2021,Samburu,Short Rains,Maize,2.03,305.8,25.9,25.9,Improved Traditional,0.43
2021,Baringo,Long Rains,Beans,5.7,413.0,25.4,19.7,Improved Traditional,0.2
2021,Baringo,Long Rains,Maize,6.26,537.8,23.4,19.7,Traditional,0.64
2021,Baringo,Short Rains,Beans,3.66,223.4,23.5,19.7,Traditional,0.2
2021,Baringo,Short Rains,Maize,9.07,312.8,23.9,19.7,Traditional,0.2
2021,Laikipia,Long Rains,Wheat,11.02,585.1,19.9,73.6,Hybrid,3.43
2021,Laikipia,Long Rains,Beans,11.96,685.4,19.9,73.6,Traditional,1.26
2021,Laikipia,Long Rains,Maize,13.86,663.4,21.7,73.6,Traditional,4.46
2021,Laikipia,Short Rains,Wheat,12.25,403.6,21.3,73.6,Traditional,0.96
2021,Laikipia,Short Rains,Beans,10.63,416.4,18.9,73.6,Traditional,0.41
2021,Laikipia,Short Rains,Maize,4.85,384.8,20.3,73.6,Improved Traditional,1.46
2021,Kisumu,Long Rains,Beans,3.27,465.8,21.6,78.9,Improved Traditional,0.62
2021,Kisumu,Long Rains,Maize,1.41,1035.3,22.2,78.9,Improved Traditional,6.01
2021,Kisumu,Short Rains,Beans,8.58,237.9,23.2,78.9,Traditional,0.2
2021,Kisumu,Short Rains,Maize,2.06,267.8,23.2,78.9,Traditional,0.54
2021,Siaya,Long Rains,Beans,3.14,930.4,22.2,62.1,Traditional,0.45
2021,Siaya,Long Rains,Maize,10.89,656.0,23.4,62.1,Improved Traditional,1.65
2021,Siaya,Long Rains,Cassava,5.64,570.7,22.0,62.1,Traditional,1.64
2021,Siaya,Short Rains,Beans,14.46,760.0,23.3,62.1,Traditional,0.83
2021,Siaya,Short Rains,Maize,1.7,399.4,20.3,62.1,Hybrid,0.68
2021,Siaya,Short Rains,Cassava,9.38,495.1,24.8,62.1,Traditional,1.16
2021,Homa Bay,Long Rains,Beans,6.92,660.8,23.8,49.6,Traditional,0.42
2021,Homa Bay,Long Rains,Maize,6.45,569.3,24.9,49.6,Traditional,0.7
2021,Homa Bay,Short Rains,Beans,4.78,437.4,22.7,49.6,Improved Traditional,0.32
2021,Homa Bay,Short Rains,Maize,2.26,527.3,26.3,49.6,Hybrid,1.47
2021,Migori,Long Rains,Beans,8.42,721.4,22.3,65.9,Traditional,0.47
2021,Migori,Long Rains,Maize,4.07,934.0,23.4,65.9,Hybrid,3.42
2021,Migori,Short Rains,Beans,5.89,733.7,18.7,65.9,Traditional,0.72
2021,Migori,Short Rains,Maize,10.15,441.4,20.2,65.9,Hybrid,0.64
2021,Kajiado,Long Rains,Beans,3.84,425.8,21.7,28.7,Traditional,0.2
2021,Kajiado,Long Rains,Maize,4.25,467.7,22.1,28.7,Improved Traditional,0.94
2021,Kajiado,Short Rains,Beans,6.69,403.6,20.7,28.7,Improved Traditional,0.29
2021,Kajiado,Short Rains,Maize,2.1,261.7,21.7,28.7,Improved Traditional,0.56
2021,Narok,Long Rains,Wheat,9.36,672.0,18.8,48.2,Traditional,1.4
2021,Narok,Long Rains,Beans,4.47,694.3,17.4,48.2,Traditional,0.45
2021,Narok,Long Rains,Maize,7.56,543.0,17.1,48.2,Traditional,1.12
2021,Narok,Short Rains,Wheat,10.97,342.8,18.1,48.2,Hybrid,0.65
2021,Narok,Short Rains,Beans,3.85,491.0,20.5,48.2,Traditional,0.38
2021,Narok,Short Rains,Maize,11.62,597.4,17.8,48.2,Traditional,0.91
2021,Elgeyo-Marakwet,Long Rains,Beans,11.01,712.8,16.8,49.8,Hybrid,0.47
2021,Elgeyo-Marakwet,Long Rains,Maize,1.96,555.1,19.2,49.8,Traditional,1.78
2021,Elgeyo-Marakwet,Short Rains,Beans,10.37,413.5,16.7,49.8,Improved Traditional,0.2
2021,Elgeyo-Marakwet,Short Rains,Maize,8.48,726.2,17.1,49.8,Hybrid,2.2
2021,Busia,Long Rains,Beans,3.65,785.9,19.9,62.8,Improved Traditional,0.94
2021,Busia,Long Rains,Maize,7.79,857.1,19.5,62.8,Hybrid,2.55
2021,Busia,Long Rains,Cassava,10.67,636.3,19.8,62.8,Traditional,1.16
2021,Busia,Long Rains,Rice,13.98,638.1,19.7,62.8,Improved Traditional,0.75
2021,Busia,Short Rains,Beans,12.72,645.7,19.0,62.8,Traditional,0.72
2021,Busia,Short Rains,Maize,5.92,692.0,24.3,62.8,Traditional,1.96
2021,Busia,Short Rains,Cassava,12.86,562.7,23.2,62.8,Hybrid,2.02
2021,Busia,Short Rains,Rice,7.68,750.6,20.6,62.8,Traditional,2.9
2021,Isiolo,Long Rains,Beans,1.66,307.2,32.7,29.4,Improved Traditional,0.2
2021,Isiolo,Long Rains,Maize,14.06,316.2,30.3,29.4,Traditional,0.3
2021,Isiolo,Short Rains,Beans,6.41,198.2,29.9,29.4,Traditional,0.2
2021,Isiolo,Short Rains,Maize,4.74,283.7,30.8,29.4,Traditional,0.2
2021,Marsabit,Long Rains,Beans,13.09,276.2,32.3,26.8,Traditional,0.2
2021,Marsabit,Long Rains,Maize,9.61,279.8,31.5,26.8,Hybrid,0.21
2021,Marsabit,Short Rains,Beans,3.14,143.0,30.0,26.8,Hybrid,0.2
2021,Marsabit,Short Rains,Maize,5.02,225.0,32.8,26.8,Hybrid,0.3
2022,Uasin Gishu,Long Rains,Wheat,13.89,1248.4,17.7,128.9,Improved Traditional,3.21
2022,Uasin Gishu,Long Rains,Beans,9.61,922.1,17.1,128.9,Hybrid,1.62
2022,Uasin Gishu,Long Rains,Maize,14.73,1138.1,18.7,128.9,Hybrid,5.23
2022,Uasin Gishu,Short Rains,Wheat,1.12,651.9,20.1,128.9,Hybrid,3.76
2022,Uasin Gishu,Short Rains,Beans,3.21,389.7,19.3,128.9,Improved Traditional,0.26
2022,Uasin Gishu,Short Rains,Maize,2.63,226.3,14.7,128.9,Hybrid,0.2
2022,Trans Nzoia,Long Rains,Wheat,10.72,1348.1,18.8,104.8,Traditional,6.53
2022,Trans Nzoia,Long Rains,Beans,4.05,770.4,18.1,104.8,Traditional,0.45
2022,Trans Nzoia,Long Rains,Maize,14.95,1486.4,17.6,104.8,Hybrid,3.78
2022,Trans Nzoia,Short Rains,Wheat,1.69,599.3,17.1,104.8,Hybrid,2.18
2022,Trans Nzoia,Short Rains,Beans,3.34,625.6,14.7,104.8,Traditional,0.32
2022,Trans Nzoia,Short Rains,Maize,1.07,703.0,18.2,104.8,Traditional,0.59
2022,Nakuru,Long Rains,Wheat,0.75,1049.1,19.9,132.8,Traditional,2.44
2022,Nakuru,Long Rains,Beans,10.56,924.3,19.4,132.8,Hybrid,0.76
2022,Nakuru,Long Rains,Maize,10.97,928.0,19.2,132.8,Hybrid,3.18
2022,Nakuru,Long Rains,Potatoes,0.55,948.0,18.4,132.8,Hybrid,10.21
2022,Nakuru,Short Rains,Wheat,7.71,405.1,19.8,132.8,Hybrid,0.97
2022,Nakuru,Short Rains,Beans,8.99,353.2,19.8,132.8,Improved Traditional,0.2
2022,Nakuru,Short Rains,Maize,10.0,511.6,19.4,132.8,Traditional,0.52
2022,Nakuru,Short Rains,Potatoes,6.93,442.3,18.8,132.8,Hybrid,3.49
2022,Nandi,Long Rains,Beans,4.03,707.1,16.9,95.3,Hybrid,0.99
2022,Nandi,Long Rains,Maize,10.36,703.6,18.6,95.3,Traditional,1.24
2022,Nandi,Long Rains,Tea,9.18,961.3,18.2,95.3,Improved Traditional,2.03
2022,Nandi,Short Rains,Beans,5.71,816.7,17.9,95.3,Hybrid,0.49
2022,Nandi,Short Rains,Maize,3.05,733.3,18.1,95.3,Hybrid,1.88
2022,Nandi,Short Rains,Tea,9.2,1084.9,20.0,95.3,Improved Traditional,1.47
2022,Bungoma,Long Rains,Beans,9.02,1068.7,17.6,126.1,Improved Traditional,1.92
2022,Bungoma,Long Rains,Maize,8.23,712.7,17.3,126.1,Traditional,1.32
2022,Bungoma,Short Rains,Beans,6.71,915.3,16.2,126.1,Hybrid,0.64
2022,Bungoma,Short Rains,Maize,12.78,783.5,18.8,126.1,Improved Traditional,2.99
2022,Kakamega,Long Rains,Beans,2.06,1161.7,19.0,74.8,Traditional,1.07
2022,Kakamega,Long Rains,Maize,14.71,829.4,21.4,74.8,Hybrid,2.82
2022,Kakamega,Short Rains,Beans,5.19,589.5,18.7,74.8,Traditional,0.2
2022,Kakamega,Short Rains,Maize,5.67,870.1,21.2,74.8,Hybrid,2.07
2022,Kisii,Long Rains,Beans,5.15,1107.5,19.7,152.2,Improved Traditional,0.89
2022,Kisii,Long Rains,Maize,13.26,1437.5,20.5,152.2,Hybrid,2.58
2022,Kisii,Short Rains,Beans,0.99,1116.6,19.6,152.2,Hybrid,0.67
2022,Kisii,Short Rains,Maize,0.9,1122.7,21.4,152.2,Traditional,2.28
2022,Nyamira,Long Rains,Beans,10.8,1727.0,16.5,109.1,Hybrid,1.5
2022,Nyamira,Long Rains,Maize,4.24,1171.4,20.2,109.1,Traditional,2.19
2022,Nyamira,Short Rains,Beans,6.72,1152.3,18.5,109.1,Hybrid,1.57
2022,Nyamira,Short Rains,Maize,11.51,449.1,17.3,109.1,Hybrid,0.29
2022,Vihiga,Long Rains,Beans,14.33,1020.5,19.8,61.4,Hybrid,0.97
2022,Vihiga,Long Rains,Maize,14.42,1225.6,20.7,61.4,Traditional,1.36
2022,Vihiga,Short Rains,Beans,2.84,1062.5,20.1,61.4,Improved Traditional,0.46
2022,Vihiga,Short Rains,Maize,14.07,893.0,19.6,61.4,Hybrid,1.41
2022,Bomet,Long Rains,Beans,10.66,952.0,16.8,109.0,Hybrid,1.3
2022,Bomet,Long Rains,Maize,6.46,1076.7,16.2,109.0,Hybrid,2.26
2022,Bomet,Long Rains,Tea,10.27,725.0,18.4,109.0,Hybrid,1.32
2022,Bomet,Long Rains,Potatoes,5.57,864.1,16.0,109.0,Hybrid,9.32
2022,Bomet,Short Rains,Beans,1.23,949.7,17.9,109.0,Traditional,0.72
2022,Bomet,Short Rains,Maize,10.05,584.8,16.9,109.0,Hybrid,0.3
2022,Bomet,Short Rains,Tea,3.78,582.0,19.4,109.0,Hybrid,0.74
2022,Bomet,Short Rains,Potatoes,0.82,384.8,19.4,109.0,Hybrid,0.7
2022,Kericho,Long Rains,Beans,1.9,1235.3,18.1,65.5,Hybrid,0.87
2022,Kericho,Long Rains,Maize,14.77,1337.6,18.6,65.5,Hybrid,1.15
2022,Kericho,Long Rains,Tea,6.68,1279.3,18.4,65.5,Traditional,1.57
2022,Kericho,Short Rains,Beans,8.8,940.1,17.6,65.5,Hybrid,0.6
2022,Kericho,Short Rains,Maize,13.36,996.4,16.7,65.5,Hybrid,1.96
2022,Kericho,Short Rains,Tea,1.48,1052.0,19.3,65.5,Hybrid,1.71
2022,Nyeri,Long Rains,Beans,3.9,904.3,14.3,75.1,Traditional,0.35
2022,Nyeri,Long Rains,Maize,11.91,736.1,17.3,75.1,Traditional,1.51
2022,Nyeri,Long Rains,Tea,5.33,603.8,16.0,75.1,Hybrid,1.24
2022,Nyeri,Long Rains,Coffee,10.09,843.1,15.8,75.1,Traditional,1.15
2022,Nyeri,Short Rains,Beans,2.06,541.6,16.9,75.1,Hybrid,0.58
2022,Nyeri,Short Rains,Maize,14.44,461.4,17.0,75.1,Improved Traditional,0.85
2022,Nyeri,Short Rains,Tea,1.52,431.2,18.3,75.1,Traditional,0.74
2022,Nyeri,Short Rains,Coffee,6.56,379.4,17.2,75.1,Improved Traditional,0.21
2022,Muranga,Long Rains,Beans,3.0,755.8,19.6,58.6,Improved Traditional,0.81
2022,Muranga,Long Rains,Maize,9.15,811.8,18.5,58.6,Improved Traditional,1.13
2022,Muranga,Long Rains,Tea,12.76,963.4,19.2,58.6,Traditional,1.88
2022,Muranga,Long Rains,Coffee,5.96,1011.2,17.9,58.6,Traditional,1.3
2022,Muranga,Short Rains,Beans,4.4,525.2,17.7,58.6,Traditional,0.44
2022,Muranga,Short Rains,Maize,11.4,580.2,18.2,58.6,Traditional,0.71
2022,Muranga,Short Rains,Tea,14.46,530.4,19.8,58.6,Hybrid,1.16
2022,Muranga,Short Rains,Coffee,8.8,382.0,18.2,58.6,Traditional,0.23
2022,Kiambu,Long Rains,Beans,6.71,645.1,18.1,69.0,Improved Traditional,0.6
2022,Kiambu,Long Rains,Maize,13.58,1085.9,17.9,69.0,Hybrid,2.12
2022,Kiambu,Long Rains,Coffee,7.92,800.9,19.2,69.0,Traditional,1.02
2022,Kiambu,Short Rains,Beans,2.96,477.0,19.0,69.0,Traditional,0.34
2022,Kiambu,Short Rains,Maize,4.96,481.9,16.1,69.0,Traditional,0.44
2022,Kiambu,Short Rains,Coffee,12.19,354.5,18.9,69.0,Hybrid,0.2
2022,Kirinyaga,Long Rains,Beans,2.76,732.2,17.5,55.8,Hybrid,0.52
2022,Kirinyaga,Long Rains,Maize,1.1,849.7,17.2,55.8,Traditional,0.89
2022,Kirinyaga,Long Rains,Coffee,5.23,1109.9,16.8,55.8,Improved Traditional,0.94
2022,Kirinyaga,Long Rains,Rice,6.55,858.9,16.9,55.8,Traditional,0.51
2022,Kirinyaga,Short Rains,Beans,11.99,314.9,19.0,55.8,Traditional,0.2
2022,Kirinyaga,Short Rains,Maize,7.98,432.7,18.3,55.8,Improved Traditional,0.56
2022,Kirinyaga,Short Rains,Coffee,0.6,391.7,20.0,55.8,Traditional,0.22
2022,Kirinyaga,Short Rains,Rice,7.77,166.6,15.6,55.8,Improved Traditional,0.2
2022,Embu,Long Rains,Beans,5.61,752.2,19.7,43.1,Traditional,0.71
2022,Embu,Long Rains,Maize,0.93,787.6,19.2,43.1,Hybrid,1.5
2022,Embu,Long Rains,Coffee,3.25,688.5,20.5,43.1,Improved Traditional,0.5
2022,Embu,Short Rains,Beans,0.97,551.5,20.3,43.1,Traditional,0.5
2022,Embu,Short Rains,Maize,7.83,472.2,18.7,43.1,Hybrid,0.58
2022,Embu,Short Rains,Coffee,6.31,558.5,19.0,43.1,Traditional,0.53
2022,Meru,Long Rains,Beans,1.44,823.2,19.4,64.3,Traditional,0.69
2022,Meru,Long Rains,Maize,6.63,1103.4,15.2,64.3,Hybrid,1.48
2022,Meru,Long Rains,Coffee,4.85,505.0,15.4,64.3,Traditional,0.48
2022,Meru,Long Rains,Potatoes,11.65,456.0,19.4,64.3,Improved Traditional,2.33
2022,Meru,Short Rains,Beans,5.74,488.3,16.9,64.3,Traditional,0.33
2022,Meru,Short Rains,Maize,14.88,564.1,17.4,64.3,Hybrid,1.04
2022,Meru,Short Rains,Coffee,2.54,481.3,17.8,64.3,Improved Traditional,0.44
2022,Meru,Short Rains,Potatoes,1.66,522.2,15.8,64.3,Traditional,1.43
2022,Tharaka-Nithi,Long Rains,Beans,13.35,508.4,18.9,63.5,Hybrid,0.71
2022,Tharaka-Nithi,Long Rains,Maize,9.74,642.3,20.5,63.5,Hybrid,2.08
2022,Tharaka-Nithi,Short Rains,Beans,6.94,495.3,20.3,63.5,Improved Traditional,0.43
2022,Tharaka-Nithi,Short Rains,Maize,14.99,474.1,21.3,63.5,Traditional,1.45
2022,Nyandarua,Long Rains,Beans,12.08,914.3,18.6,100.9,Traditional,0.5
2022,Nyandarua,Long Rains,Maize,2.32,1255.8,15.9,100.9,Hybrid,2.37
2022,Nyandarua,Long Rains,Potatoes,14.6,1056.7,15.9,100.9,Traditional,4.88
2022,Nyandarua,Short Rains,Beans,9.56,630.9,15.4,100.9,Improved Traditional,0.31
2022,Nyandarua,Short Rains,Maize,2.67,439.3,15.5,100.9,Hybrid,0.31
2022,Nyandarua,Short Rains,Potatoes,9.32,570.4,13.8,100.9,Traditional,2.5
2022,Nairobi,Long Rains,Beans,13.4,716.8,19.0,42.0,Traditional,0.29
2022,Nairobi,Long Rains,Maize,4.11,397.6,20.7,42.0,Improved Traditional,0.21
2022,Nairobi,Short Rains,Beans,14.02,323.8,20.1,42.0,Traditional,0.2
2022,Nairobi,Short Rains,Maize,10.93,437.5,20.1,42.0,Improved Traditional,0.28
2022,Machakos,Long Rains,Sorghum,2.27,557.0,22.5,87.9,Improved Traditional,0.31
2022,Machakos,Long Rains,Beans,14.68,512.8,20.4,87.9,Improved Traditional,0.44
2022,Machakos,Long Rains,Maize,6.31,607.0,23.3,87.9,Improved Traditional,0.69
2022,Machakos,Short Rains,Sorghum,1.64,402.3,24.1,87.9,Traditional,0.51
2022,Machakos,Short Rains,Beans,11.19,578.8,23.3,87.9,Hybrid,0.47
2022,Machakos,Short Rains,Maize,14.1,369.5,24.8,87.9,Improved Traditional,0.53
2022,Makueni,Long Rains,Sorghum,7.28,627.0,25.5,27.6,Traditional,0.38
2022,Makueni,Long Rains,Beans,13.51,498.7,24.1,27.6,Traditional,0.2
2022,Makueni,Long Rains,Maize,8.96,668.7,24.2,27.6,Traditional,0.57
2022,Makueni,Short Rains,Sorghum,3.12,357.1,25.7,27.6,Traditional,0.31
2022,Makueni,Short Rains,Beans,9.11,528.7,25.4,27.6,Hybrid,0.2
2022,Makueni,Short Rains,Maize,14.24,515.5,25.9,27.6,Improved Traditional,0.48
2022,Kitui,Long Rains,Sorghum,3.76,563.4,25.1,26.8,Hybrid,0.54
2022,Kitui,Long Rains,Beans,9.24,519.0,27.8,26.8,Traditional,0.2
2022,Kitui,Long Rains,Maize,3.59,480.2,26.2,26.8,Improved Traditional,0.39
2022,Kitui,Short Rains,Sorghum,4.69,371.1,26.4,26.8,Traditional,0.38
2022,Kitui,Short Rains,Beans,3.57,302.3,26.2,26.8,Improved Traditional,0.2
2022,Kitui,Short Rains,Maize,14.85,265.2,24.6,26.8,Traditional,0.2
2022,Mombasa,Long Rains,Beans,13.35,964.2,30.9,8.7,Traditional,0.2
2022,Mombasa,Long Rains,Maize,10.17,741.7,31.6,8.7,Traditional,0.2
2022,Mombasa,Short Rains,Beans,12.18,274.9,29.3,8.7,Traditional,0.2
2022,Mombasa,Short Rains,Maize,11.57,829.1,28.4,8.7,Hybrid,0.2
2022,Kilifi,Long Rains,Beans,11.46,694.0,26.4,11.7,Improved Traditional,0.2
2022,Kilifi,Long Rains,Maize,5.22,566.8,28.1,11.7,Hybrid,0.32
2022,Kilifi,Long Rains,Cassava,9.71,460.5,27.9,11.7,Traditional,0.45
2022,Kilifi,Short Rains,Beans,10.67,197.4,27.1,11.7,Hybrid,0.2
2022,Kilifi,Short Rains,Maize,3.74,789.1,26.3,11.7,Improved Traditional,0.36
2022,Kilifi,Short Rains,Cassava,10.53,385.9,27.7,11.7,Traditional,0.47
2022,Kwale,Long Rains,Beans,11.06,846.7,30.5,18.7,Traditional,0.2
2022,Kwale,Long Rains,Maize,8.01,1001.2,28.2,18.7,Traditional,0.38
2022,Kwale,Long Rains,Cassava,0.79,915.8,27.1,18.7,Traditional,1.0
2022,Kwale,Short Rains,Beans,8.99,647.7,26.1,18.7,Improved Traditional,0.2
2022,Kwale,Short Rains,Maize,3.99,653.9,28.0,18.7,Traditional,0.28
2022,Kwale,Short Rains,Cassava,14.13,531.4,29.6,18.7,Improved Traditional,0.39
2022,Tana River,Long Rains,Beans,14.37,581.1,30.1,42.3,Improved Traditional,0.2
2022,Tana River,Long Rains,Maize,6.78,638.5,32.2,42.3,Improved Traditional,0.29
2022,Tana River,Long Rains,Rice,2.19,165.0,26.6,42.3,Traditional,0.2
2022,Tana River,Short Rains,Beans,6.32,143.7,29.1,42.3,Improved Traditional,0.2
2022,Tana River,Short Rains,Maize,5.25,302.8,31.6,42.3,Improved Traditional,0.2
2022,Tana River,Short Rains,Rice,8.21,275.2,30.7,42.3,Traditional,0.27
2022,Lamu,Long Rains,Beans,4.02,627.0,29.0,13.9,Hybrid,0.2
2022,Lamu,Long Rains,Maize,6.08,910.5,27.8,13.9,Traditional,0.22
2022,Lamu,Short Rains,Beans,2.48,649.5,27.8,13.9,Hybrid,0.2
2022,Lamu,Short Rains,Maize,3.25,565.0,26.1,13.9,Hybrid,0.23
2022,Taita Taveta,Long Rains,Beans,9.12,566.0,23.1,17.8,Improved Traditional,0.2
2022,Taita Taveta,Long Rains,Maize,9.92,718.8,25.1,17.8,Traditional,0.64
2022,Taita Taveta,Short Rains,Beans,7.01,337.8,23.3,17.8,Improved Traditional,0.2
2022,Taita Taveta,Short Rains,Maize,11.61,541.2,21.4,17.8,Traditional,0.2
2022,Garissa,Long Rains,Sorghum,13.39,130.4,32.9,37.7,Traditional,0.2
2022,Garissa,Long Rains,Beans,12.75,240.9,33.8,37.7,Hybrid,0.2
2022,Garissa,Long Rains,Maize,9.79,240.6,31.0,37.7,Improved Traditional,0.22
2022,Garissa,Short Rains,Sorghum,11.2,59.2,34.4,37.7,Hybrid,0.2
2022,Garissa,Short Rains,Beans,10.84,298.5,33.9,37.7,Traditional,0.2
2022,Garissa,Short Rains,Maize,0.71,212.9,33.0,37.7,Traditional,0.2
2022,Wajir,Long Rains,Sorghum,10.72,205.8,32.8,40.3,Traditional,0.2
2022,Wajir,Long Rains,Beans,3.39,151.7,31.7,40.3,Hybrid,0.2
2022,Wajir,Long Rains,Maize,4.33,246.2,33.0,40.3,Hybrid,0.24
2022,Wajir,Short Rains,Sorghum,11.43,75.1,31.9,40.3,Traditional,0.2
2022,Wajir,Short Rains,Beans,14.96,172.7,33.3,40.3,Hybrid,0.2
2022,Wajir,Short Rains,Maize,8.92,232.8,33.8,40.3,Traditional,0.21
2022,Mandera,Long Rains,Sorghum,14.69,206.6,36.4,19.8,Traditional,0.2
2022,Mandera,Long Rains,Beans,12.56,273.9,36.1,19.8,Improved Traditional,0.2
2022,Mandera,Long Rains,Maize,4.47,127.8,34.6,19.8,Improved Traditional,0.2
2022,Mandera,Short Rains,Sorghum,6.01,133.9,33.9,19.8,Traditional,0.2
2022,Mandera,Short Rains,Beans,14.38,211.2,35.1,19.8,Improved Traditional,0.2
2022,Mandera,Short Rains,Maize,13.3,70.7,35.2,19.8,Traditional,0.2
2022,Turkana,Long Rains,Sorghum,6.8,272.1,35.6,24.1,Hybrid,0.2
2022,Turkana,Long Rains,Beans,8.83,223.0,34.3,24.1,Improved Traditional,0.2
2022,Turkana,Long Rains,Maize,7.04,188.5,34.5,24.1,Traditional,0.2
2022,Turkana,Short Rains,Sorghum,3.73,196.9,34.0,24.1,Traditional,0.2
2022,Turkana,Short Rains,Beans,2.87,76.1,34.5,24.1,Hybrid,0.2
2022,Turkana,Short Rains,Maize,7.93,112.0,33.4,24.1,Traditional,0.2
2022,West Pokot,Long Rains,Beans,13.23,844.8,24.5,37.2,Improved Traditional,0.3
2022,West Pokot,Long Rains,Maize,9.68,632.0,21.7,37.2,Hybrid,0.95
2022,West Pokot,Short Rains,Beans,1.14,50.0,24.5,37.2,Traditional,0.2
2022,West Pokot,Short Rains,Maize,5.18,487.9,23.3,37.2,Hybrid,0.88
2022,Samburu,Long Rains,Beans,14.07,391.5,29.0,39.7,Improved Traditional,0.2
2022,Samburu,Long Rains,Maize,11.74,244.3,25.5,39.7,Traditional,0.22
2022,Samburu,Short Rains,Beans,12.74,111.1,26.7,39.7,Traditional,0.2
2022,Samburu,Short Rains,Maize,0.66,250.4,26.4,39.7,Traditional,0.37
2022,Baringo,Long Rains,Beans,5.09,924.4,27.1,38.1,Improved Traditional,0.3
2022,Baringo,Long Rains,Maize,13.91,930.2,24.3,38.1,Hybrid,1.16
2022,Baringo,Short Rains,Beans,13.95,625.1,22.1,38.1,Traditional,0.25
2022,Baringo,Short Rains,Maize,14.05,508.6,24.4,38.1,Traditional,0.41
2022,Laikipia,Long Rains,Wheat,14.05,454.3,21.3,58.3,Hybrid,0.92
2022,Laikipia,Long Rains,Beans,13.56,709.2,18.8,58.3,Hybrid,0.69
2022,Laikipia,Long Rains,Maize,10.47,699.3,19.1,58.3,Traditional,0.75
2022,Laikipia,Short Rains,Wheat,5.55,626.7,21.4,58.3,Traditional,0.86
2022,Laikipia,Short Rains,Beans,10.7,477.8,19.8,58.3,Traditional,0.32
2022,Laikipia,Short Rains,Maize,9.83,183.0,19.3,58.3,Hybrid,0.2
2022,Kisumu,Long Rains,Beans,5.19,300.8,23.1,50.3,Hybrid,0.2
2022,Kisumu,Long Rains,Maize,1.59,1006.9,23.1,50.3,Traditional,1.67
2022,Kisumu,Short Rains,Beans,9.73,628.4,18.6,50.3,Improved Traditional,0.63
2022,Kisumu,Short Rains,Maize,4.62,674.0,24.0,50.3,Hybrid,0.97
2022,Siaya,Long Rains,Beans,13.33,859.6,23.1,90.0,Improved Traditional,0.83
2022,Siaya,Long Rains,Maize,10.02,850.8,23.2,90.0,Traditional,0.87
2022,Siaya,Long Rains,Cassava,1.2,889.3,19.1,90.0,Traditional,0.76
2022,Siaya,Short Rains,Beans,4.2,245.6,23.8,90.0,Traditional,0.2
2022,Siaya,Short Rains,Maize,10.32,848.6,23.1,90.0,Hybrid,1.56
2022,Siaya,Short Rains,Cassava,13.42,781.1,24.6,90.0,Traditional,2.36
2022,Homa Bay,Long Rains,Beans,13.31,722.2,22.8,38.5,Traditional,0.26
2022,Homa Bay,Long Rains,Maize,4.13,366.2,25.2,38.5,Traditional,0.2
2022,Homa Bay,Short Rains,Beans,11.39,442.3,23.7,38.5,Hybrid,0.21
2022,Homa Bay,Short Rains,Maize,0.69,560.7,26.4,38.5,Traditional,0.56
2022,Migori,Long Rains,Beans,9.76,1178.1,23.7,74.4,Traditional,0.7
2022,Migori,Long Rains,Maize,10.35,1242.9,22.4,74.4,Traditional,1.68
2022,Migori,Short Rains,Beans,14.77,464.7,22.2,74.4,Improved Traditional,0.2
2022,Migori,Short Rains,Maize,8.3,485.7,20.6,74.4,Hybrid,0.36
2022,Kajiado,Long Rains,Beans,8.06,613.5,18.6,21.6,Improved Traditional,0.22
2022,Kajiado,Long Rains,Maize,14.33,460.2,21.2,21.6,Traditional,0.67
2022,Kajiado,Short Rains,Beans,10.4,394.9,22.6,21.6,Traditional,0.2
2022,Kajiado,Short Rains,Maize,1.48,170.9,21.5,21.6,Traditional,0.2
2022,Narok,Long Rains,Wheat,8.23,767.9,16.7,48.1,Traditional,1.51
2022,Narok,Long Rains,Beans,2.65,543.6,17.0,48.1,Traditional,0.2
2022,Narok,Long Rains,Maize,9.22,555.2,19.9,48.1,Traditional,0.41
2022,Narok,Short Rains,Wheat,13.35,369.1,18.1,48.1,Traditional,0.2
2022,Narok,Short Rains,Beans,6.39,343.5,18.3,48.1,Hybrid,0.2
2022,Narok,Short Rains,Maize,13.73,311.7,19.5,48.1,Traditional,0.2
2022,Elgeyo-Marakwet,Long Rains,Beans,1.62,916.6,16.8,47.2,Traditional,0.53
2022,Elgeyo-Marakwet,Long Rains,Maize,4.95,818.7,16.9,47.2,Hybrid,1.45
2022,Elgeyo-Marakwet,Short Rains,Beans,3.47,415.0,17.6,47.2,Improved Traditional,0.2
2022,Elgeyo-Marakwet,Short Rains,Maize,6.94,620.9,18.2,47.2,Improved Traditional,1.13
2022,Busia,Long Rains,Beans,9.72,1223.9,19.6,46.1,Hybrid,1.14
2022,Busia,Long Rains,Maize,3.69,710.0,19.4,46.1,Hybrid,1.03
2022,Busia,Long Rains,Cassava,10.04,949.1,19.1,46.1,Improved Traditional,0.41
2022,Busia,Long Rains,Rice,9.94,1023.1,20.9,46.1,Improved Traditional,1.31
2022,Busia,Short Rains,Beans,8.66,703.8,20.9,46.1,Improved Traditional,0.57
2022,Busia,Short Rains,Maize,9.71,609.4,19.9,46.1,Traditional,0.99
2022,Busia,Short Rains,Cassava,8.4,734.7,20.2,46.1,Traditional,0.58
2022,Busia,Short Rains,Rice,11.91,780.5,19.6,46.1,Improved Traditional,0.86
2022,Isiolo,Long Rains,Beans,1.51,359.0,32.9,19.9,Traditional,0.2
2022,Isiolo,Long Rains,Maize,0.58,316.1,29.4,19.9,Traditional,0.2
2022,Isiolo,Short Rains,Beans,10.58,317.3,32.0,19.9,Traditional,0.2
2022,Isiolo,Short Rains,Maize,10.4,219.2,30.7,19.9,Traditional,0.2
2022,Marsabit,Long Rains,Beans,3.39,185.1,30.7,15.8,Traditional,0.2
2022,Marsabit,Long Rains,Maize,4.28,251.5,29.4,15.8,Traditional,0.2
2022,Marsabit,Short Rains,Beans,13.7,287.0,33.5,15.8,Hybrid,0.2
2022,Marsabit,Short Rains,Maize,8.65,162.3,32.6,15.8,Traditional,0.2
2023,Uasin Gishu,Long Rains,Wheat,13.71,1328.0,16.2,138.6,Hybrid,13.97
2023,Uasin Gishu,Long Rains,Beans,12.75,975.3,17.5,138.6,Hybrid,2.53
2023,Uasin Gishu,Long Rains,Maize,5.45,1191.8,18.3,138.6,Hybrid,3.34
2023,Uasin Gishu,Short Rains,Wheat,10.03,925.1,17.8,138.6,Hybrid,9.11
2023,Uasin Gishu,Short Rains,Beans,8.28,753.8,16.5,138.6,Hybrid,2.69
2023,Uasin Gishu,Short Rains,Maize,2.64,923.2,16.6,138.6,Traditional,3.87
2023,Trans Nzoia,Long Rains,Wheat,14.12,1053.7,15.6,130.5,Improved Traditional,12.12
2023,Trans Nzoia,Long Rains,Beans,14.58,1830.8,17.8,130.5,Hybrid,5.32
2023,Trans Nzoia,Long Rains,Maize,7.14,1231.2,17.4,130.5,Improved Traditional,6.24
2023,Trans Nzoia,Short Rains,Wheat,1.01,903.8,17.5,130.5,Hybrid,11.83
2023,Trans Nzoia,Short Rains,Beans,6.68,895.7,17.4,130.5,Hybrid,2.7
2023,Trans Nzoia,Short Rains,Maize,10.54,1272.0,18.4,130.5,Hybrid,11.74
2023,Nakuru,Long Rains,Wheat,13.18,1244.5,21.1,159.2,Hybrid,12.4
2023,Nakuru,Long Rains,Beans,0.64,836.4,19.8,159.2,Improved Traditional,2.05
2023,Nakuru,Long Rains,Maize,10.24,890.1,19.5,159.2,Improved Traditional,2.95
2023,Nakuru,Long Rains,Potatoes,13.53,985.8,19.8,159.2,Traditional,11.85
2023,Nakuru,Short Rains,Wheat,5.92,580.6,19.8,159.2,Improved Traditional,4.87
2023,Nakuru,Short Rains,Beans,8.32,649.1,18.2,159.2,Traditional,2.43
2023,Nakuru,Short Rains,Maize,3.7,775.9,19.9,159.2,Traditional,4.75
2023,Nakuru,Short Rains,Potatoes,3.8,840.7,19.6,159.2,Hybrid,14.95
2023,Nandi,Long Rains,Beans,10.01,1017.0,19.3,163.3,Traditional,3.52
2023,Nandi,Long Rains,Maize,13.18,1335.9,19.2,163.3,Improved Traditional,10.94
2023,Nandi,Long Rains,Tea,13.07,1530.2,17.2,163.3,Hybrid,10.12
2023,Nandi,Short Rains,Beans,4.2,1174.6,15.8,163.3,Improved Traditional,2.43
2023,Nandi,Short Rains,Maize,1.88,1139.4,18.7,163.3,Traditional,5.59
2023,Nandi,Short Rains,Tea,6.54,1044.9,18.3,163.3,Hybrid,9.31
2023,Bungoma,Long Rains,Beans,11.25,1076.5,19.9,118.0,Hybrid,3.43
2023,Bungoma,Long Rains,Maize,5.28,980.7,19.5,118.0,Hybrid,6.54
2023,Bungoma,Short Rains,Beans,4.17,1283.4,19.1,118.0,Traditional,2.77
2023,Bungoma,Short Rains,Maize,14.22,833.1,19.8,118.0,Hybrid,1.09
2023,Kakamega,Long Rains,Beans,5.2,1852.1,19.5,64.8,Hybrid,2.28
2023,Kakamega,Long Rains,Maize,8.65,1037.7,19.9,64.8,Improved Traditional,2.97
2023,Kakamega,Short Rains,Beans,12.18,844.4,20.1,64.8,Traditional,1.26
2023,Kakamega,Short Rains,Maize,1.09,1017.4,19.0,64.8,Improved Traditional,1.64
2023,Kisii,Long Rains,Beans,12.17,1810.7,19.8,80.2,Traditional,2.71
2023,Kisii,Long Rains,Maize,1.08,1634.6,20.1,80.2,Hybrid,3.76
2023,Kisii,Short Rains,Beans,7.88,1070.8,17.0,80.2,Improved Traditional,1.04
2023,Kisii,Short Rains,Maize,6.96,1333.3,19.5,80.2,Improved Traditional,2.79
2023,Nyamira,Long Rains,Beans,14.25,1418.6,17.0,127.9,Improved Traditional,2.01
2023,Nyamira,Long Rains,Maize,5.1,1430.2,18.4,127.9,Traditional,3.95
2023,Nyamira,Short Rains,Beans,9.04,1069.7,17.7,127.9,Hybrid,1.72
2023,Nyamira,Short Rains,Maize,4.43,982.2,20.3,127.9,Hybrid,3.52
2023,Vihiga,Long Rains,Beans,12.19,1442.3,18.4,80.0,Hybrid,1.9
2023,Vihiga,Long Rains,Maize,1.45,1607.6,23.0,80.0,Improved Traditional,1.79
2023,Vihiga,Short Rains,Beans,3.65,600.3,21.2,80.0,Traditional,0.22
2023,Vihiga,Short Rains,Maize,9.95,774.5,19.5,80.0,Traditional,1.65
2023,Bomet,Long Rains,Beans,12.86,1262.2,18.0,120.7,Traditional,2.66
2023,Bomet,Long Rains,Maize,11.69,1685.1,16.9,120.7,Traditional,3.96
2023,Bomet,Long Rains,Tea,7.35,1374.6,18.0,120.7,Hybrid,7.25
2023,Bomet,Long Rains,Potatoes,4.66,1153.5,17.4,120.7,Hybrid,16.84
2023,Bomet,Short Rains,Beans,13.12,832.3,20.3,120.7,Hybrid,2.4
2023,Bomet,Short Rains,Maize,12.49,698.6,18.0,120.7,Hybrid,3.63
2023,Bomet,Short Rains,Tea,2.1,919.0,17.5,120.7,Hybrid,4.81
2023,Bomet,Short Rains,Potatoes,9.3,1013.9,18.0,120.7,Improved Traditional,9.04
2023,Kericho,Long Rains,Beans,4.7,1770.1,18.3,110.3,Improved Traditional,2.78
2023,Kericho,Long Rains,Maize,2.77,1477.6,18.3,110.3,Traditional,4.52
2023,Kericho,Long Rains,Tea,13.11,2089.9,17.0,110.3,Improved Traditional,5.35
2023,Kericho,Short Rains,Beans,0.84,1813.0,17.2,110.3,Traditional,3.22
2023,Kericho,Short Rains,Maize,3.93,975.3,18.7,110.3,Hybrid,3.51
2023,Kericho,Short Rains,Tea,1.64,477.0,19.5,110.3,Hybrid,0.28
2023,Nyeri,Long Rains,Beans,3.7,1084.9,15.0,92.2,Hybrid,2.48
2023,Nyeri,Long Rains,Maize,2.11,592.1,15.6,92.2,Hybrid,1.5
2023,Nyeri,Long Rains,Tea,8.19,1125.9,18.1,92.2,Traditional,3.29
2023,Nyeri,Long Rains,Coffee,5.54,1015.0,19.3,92.2,Traditional,3.75
2023,Nyeri,Short Rains,Beans,14.39,795.7,15.5,92.2,Improved Traditional,1.64
2023,Nyeri,Short Rains,Maize,9.33,457.2,18.7,92.2,Improved Traditional,2.09
2023,Nyeri,Short Rains,Tea,7.53,757.3,17.5,92.2,Hybrid,5.44
2023,Nyeri,Short Rains,Coffee,6.61,607.3,15.9,92.2,Traditional,1.65
2023,Muranga,Long Rains,Beans,8.42,1250.5,19.4,68.7,Traditional,1.34
2023,Muranga,Long Rains,Maize,7.97,867.9,17.0,68.7,Traditional,2.01
2023,Muranga,Long Rains,Tea,2.36,1214.1,18.1,68.7,Hybrid,6.35
2023,Muranga,Long Rains,Coffee,2.03,624.8,18.8,68.7,Traditional,1.46
2023,Muranga,Short Rains,Beans,10.46,512.9,17.5,68.7,Improved Traditional,0.79
2023,Muranga,Short Rains,Maize,6.3,567.8,17.9,68.7,Hybrid,1.69
2023,Muranga,Short Rains,Tea,9.59,889.8,18.4,68.7,Traditional,2.09
2023,Muranga,Short Rains,Coffee,14.42,847.8,19.7,68.7,Traditional,1.17
2023,Kiambu,Long Rains,Beans,14.06,1000.3,17.3,64.5,Improved Traditional,1.33
2023,Kiambu,Long Rains,Maize,14.37,622.5,17.0,64.5,Traditional,1.32
2023,Kiambu,Long Rains,Coffee,13.85,900.5,18.8,64.5,Traditional,2.2
2023,Kiambu,Short Rains,Beans,0.63,531.0,17.5,64.5,Traditional,0.4
2023,Kiambu,Short Rains,Maize,4.76,528.2,17.4,64.5,Traditional,1.7
2023,Kiambu,Short Rains,Coffee,8.9,554.9,17.9,64.5,Hybrid,1.09
2023,Kirinyaga,Long Rains,Beans,11.7,905.6,17.6,41.4,Traditional,0.24
2023,Kirinyaga,Long Rains,Maize,5.03,914.9,19.6,41.4,Hybrid,4.21
2023,Kirinyaga,Long Rains,Coffee,2.67,980.1,19.2,41.4,Traditional,1.63
2023,Kirinyaga,Long Rains,Rice,14.73,992.4,18.5,41.4,Traditional,1.02
2023,Kirinyaga,Short Rains,Beans,10.68,629.4,17.4,41.4,Hybrid,1.12
2023,Kirinyaga,Short Rains,Maize,5.93,398.7,19.6,41.4,Traditional,0.2
2023,Kirinyaga,Short Rains,Coffee,7.68,178.5,19.5,41.4,Improved Traditional,0.2
2023,Kirinyaga,Short Rains,Rice,6.2,688.6,18.3,41.4,Hybrid,0.96
2023,Embu,Long Rains,Beans,2.39,783.9,20.0,65.8,Improved Traditional,2.76
2023,Embu,Long Rains,Maize,12.38,829.5,21.5,65.8,Hybrid,7.9
2023,Embu,Long Rains,Coffee,3.88,684.6,19.9,65.8,Traditional,2.1
2023,Embu,Short Rains,Beans,13.43,459.3,21.4,65.8,Traditional,0.5
2023,Embu,Short Rains,Maize,11.12,475.1,20.1,65.8,Improved Traditional,2.43
2023,Embu,Short Rains,Coffee,2.24,608.3,21.2,65.8,Improved Traditional,1.44
2023,Meru,Long Rains,Beans,11.43,1093.2,18.8,53.4,Traditional,1.74
2023,Meru,Long Rains,Maize,13.56,1108.7,19.5,53.4,Improved Traditional,2.05
2023,Meru,Long Rains,Coffee,8.41,898.6,17.4,53.4,Traditional,1.2
2023,Meru,Long Rains,Potatoes,12.53,1174.1,17.1,53.4,Hybrid,5.59
2023,Meru,Short Rains,Beans,9.41,874.5,15.9,53.4,Traditional,0.49
2023,Meru,Short Rains,Maize,10.94,622.9,16.6,53.4,Traditional,1.39
2023,Meru,Short Rains,Coffee,1.21,896.7,18.0,53.4,Traditional,2.38
2023,Meru,Short Rains,Potatoes,7.22,133.1,18.4,53.4,Traditional,0.33
2023,Tharaka-Nithi,Long Rains,Beans,8.01,490.0,21.6,52.6,Improved Traditional,0.36
2023,Tharaka-Nithi,Long Rains,Maize,6.49,868.9,20.4,52.6,Improved Traditional,1.77
2023,Tharaka-Nithi,Short Rains,Beans,1.86,645.9,23.3,52.6,Hybrid,1.0
2023,Tharaka-Nithi,Short Rains,Maize,8.85,420.1,19.9,52.6,Improved Traditional,1.91
2023,Nyandarua,Long Rains,Beans,11.09,552.7,18.1,61.1,Improved Traditional,0.86
2023,Nyandarua,Long Rains,Maize,2.54,1038.7,18.5,61.1,Hybrid,4.18
2023,Nyandarua,Long Rains,Potatoes,1.68,1048.0,15.2,61.1,Hybrid,15.27
2023,Nyandarua,Short Rains,Beans,10.37,728.1,14.8,61.1,Traditional,0.67
2023,Nyandarua,Short Rains,Maize,9.24,537.4,14.8,61.1,Hybrid,1.18
2023,Nyandarua,Short Rains,Potatoes,13.11,578.7,17.7,61.1,Improved Traditional,2.45
2023,Nairobi,Long Rains,Beans,13.1,882.8,20.6,17.0,Improved Traditional,0.68
2023,Nairobi,Long Rains,Maize,5.52,955.4,18.0,17.0,Traditional,0.2
2023,Nairobi,Short Rains,Beans,14.56,647.9,21.4,17.0,Traditional,0.35
2023,Nairobi,Short Rains,Maize,11.17,515.8,21.7,17.0,Traditional,0.88
2023,Machakos,Long Rains,Sorghum,8.69,836.3,23.1,78.4,Hybrid,0.98
2023,Machakos,Long Rains,Beans,0.67,860.2,21.3,78.4,Traditional,0.77
2023,Machakos,Long Rains,Maize,11.97,346.1,22.1,78.4,Improved Traditional,1.87
2023,Machakos,Short Rains,Sorghum,11.67,397.2,22.8,78.4,Hybrid,1.05
2023,Machakos,Short Rains,Beans,7.75,521.5,20.3,78.4,Hybrid,1.58
2023,Machakos,Short Rains,Maize,0.69,291.8,22.8,78.4,Improved Traditional,0.41
2023,Makueni,Long Rains,Sorghum,5.39,722.7,24.2,19.4,Traditional,1.01
2023,Makueni,Long Rains,Beans,9.35,645.2,24.6,19.4,Improved Traditional,0.36
2023,Makueni,Long Rains,Maize,7.35,827.5,24.7,19.4,Improved Traditional,0.93
2023,Makueni,Short Rains,Sorghum,15.0,359.7,23.4,19.4,Improved Traditional,0.38
2023,Makueni,Short Rains,Beans,0.56,485.1,23.7,19.4,Traditional,0.24
2023,Makueni,Short Rains,Maize,1.44,537.1,24.2,19.4,Hybrid,1.36
2023,Kitui,Long Rains,Sorghum,7.35,995.0,27.2,19.7,Hybrid,0.86
2023,Kitui,Long Rains,Beans,11.64,475.0,26.3,19.7,Hybrid,0.22
2023,Kitui,Long Rains,Maize,13.78,671.5,24.7,19.7,Hybrid,1.28
2023,Kitui,Short Rains,Sorghum,1.1,228.0,25.0,19.7,Traditional,0.2
2023,Kitui,Short Rains,Beans,9.4,543.2,25.9,19.7,Traditional,0.26
2023,Kitui,Short Rains,Maize,3.1,336.0,24.5,19.7,Improved Traditional,0.53
2023,Mombasa,Long Rains,Beans,12.66,896.0,28.9,30.5,Traditional,0.2
2023,Mombasa,Long Rains,Maize,5.66,957.0,27.9,30.5,Traditional,0.37
2023,Mombasa,Short Rains,Beans,6.77,1083.5,30.0,30.5,Traditional,0.2
2023,Mombasa,Short Rains,Maize,14.03,777.2,31.4,30.5,Improved Traditional,0.21
2023,Kilifi,Long Rains,Beans,7.61,500.5,27.7,26.0,Traditional,0.2
2023,Kilifi,Long Rains,Maize,11.6,598.2,25.8,26.0,Hybrid,0.66
2023,Kilifi,Long Rains,Cassava,11.39,1087.1,27.2,26.0,Improved Traditional,3.75
2023,Kilifi,Short Rains,Beans,10.01,391.0,28.2,26.0,Traditional,0.2
2023,Kilifi,Short Rains,Maize,3.6,628.3,29.5,26.0,Traditional,0.25
2023,Kilifi,Short Rains,Cassava,4.93,1048.0,25.4,26.0,Traditional,1.16
2023,Kwale,Long Rains,Beans,7.85,1429.0,29.5,30.2,Hybrid,0.29
2023,Kwale,Long Rains,Maize,9.3,1108.1,27.9,30.2,Hybrid,0.7
2023,Kwale,Long Rains,Cassava,3.07,1024.9,28.2,30.2,Traditional,1.65
2023,Kwale,Short Rains,Beans,10.13,766.0,30.4,30.2,Traditional,0.2
2023,Kwale,Short Rains,Maize,11.24,351.5,26.0,30.2,Traditional,0.23
2023,Kwale,Short Rains,Cassava,14.91,945.6,29.8,30.2,Improved Traditional,0.73
2023,Tana River,Long Rains,Beans,8.11,468.8,30.1,33.5,Traditional,0.2
2023,Tana River,Long Rains,Maize,11.32,744.0,27.4,33.5,Improved Traditional,0.99
2023,Tana River,Long Rains,Rice,8.29,466.3,30.1,33.5,Traditional,0.6
2023,Tana River,Short Rains,Beans,5.34,220.7,30.5,33.5,Hybrid,0.2
2023,Tana River,Short Rains,Maize,0.78,367.5,28.3,33.5,Improved Traditional,0.4
2023,Tana River,Short Rains,Rice,8.11,302.9,30.4,33.5,Improved Traditional,0.5
2023,Lamu,Long Rains,Beans,5.71,868.9,28.3,27.7,Traditional,0.2
2023,Lamu,Long Rains,Maize,12.76,1203.9,27.8,27.7,Hybrid,1.06
2023,Lamu,Short Rains,Beans,4.7,872.4,28.9,27.7,Improved Traditional,0.2
2023,Lamu,Short Rains,Maize,12.46,727.7,29.8,27.7,Improved Traditional,0.33
2023,Taita Taveta,Long Rains,Beans,4.42,876.5,24.0,11.0,Improved Traditional,0.41
2023,Taita Taveta,Long Rains,Maize,12.25,514.2,22.9,11.0,Improved Traditional,0.55
2023,Taita Taveta,Short Rains,Beans,11.67,498.2,24.8,11.0,Traditional,0.21
2023,Taita Taveta,Short Rains,Maize,3.6,402.7,22.8,11.0,Traditional,0.72
2023,Garissa,Long Rains,Sorghum,8.64,362.4,32.6,42.2,Improved Traditional,0.41
2023,Garissa,Long Rains,Beans,13.12,282.6,33.9,42.2,Improved Traditional,0.2
2023,Garissa,Long Rains,Maize,14.42,160.1,32.1,42.2,Traditional,0.2
2023,Garissa,Short Rains,Sorghum,1.76,298.7,33.0,42.2,Improved Traditional,0.42
2023,Garissa,Short Rains,Beans,1.42,116.7,31.9,42.2,Improved Traditional,0.2
2023,Garissa,Short Rains,Maize,13.28,159.1,31.4,42.2,Traditional,0.2
2023,Wajir,Long Rains,Sorghum,5.67,176.3,33.5,16.8,Traditional,0.2
2023,Wajir,Long Rains,Beans,12.25,241.3,34.2,16.8,Improved Traditional,0.2
2023,Wajir,Long Rains,Maize,7.1,165.7,35.5,16.8,Traditional,0.2
2023,Wajir,Short Rains,Sorghum,10.67,50.0,35.2,16.8,Hybrid,0.2
2023,Wajir,Short Rains,Beans,5.31,102.2,33.2,16.8,Traditional,0.2
2023,Wajir,Short Rains,Maize,9.97,213.9,34.9,16.8,Hybrid,0.2
2023,Mandera,Long Rains,Sorghum,4.54,201.3,33.8,23.3,Traditional,0.21
2023,Mandera,Long Rains,Beans,14.15,149.0,33.1,23.3,Hybrid,0.2
2023,Mandera,Long Rains,Maize,5.24,208.5,35.1,23.3,Traditional,0.2
2023,Mandera,Short Rains,Sorghum,14.63,132.6,34.9,23.3,Improved Traditional,0.2
2023,Mandera,Short Rains,Beans,5.27,263.8,34.9,23.3,Traditional,0.2
2023,Mandera,Short Rains,Maize,12.15,122.1,34.5,23.3,Improved Traditional,0.2
2023,Turkana,Long Rains,Sorghum,4.2,335.6,37.5,29.5,Improved Traditional,0.21
2023,Turkana,Long Rains,Beans,12.42,313.7,35.7,29.5,Traditional,0.2
2023,Turkana,Long Rains,Maize,2.47,210.3,35.9,29.5,Traditional,0.21
2023,Turkana,Short Rains,Sorghum,14.68,89.2,38.5,29.5,Traditional,0.2
2023,Turkana,Short Rains,Beans,6.88,69.8,35.3,29.5,Traditional,0.2
2023,Turkana,Short Rains,Maize,11.72,140.5,38.0,29.5,Traditional,0.2
2023,West Pokot,Long Rains,Beans,8.17,652.6,23.2,30.3,Hybrid,0.65
2023,West Pokot,Long Rains,Maize,9.8,591.1,22.3,30.3,Traditional,1.23
2023,West Pokot,Short Rains,Beans,5.03,472.8,20.9,30.3,Traditional,0.49
2023,West Pokot,Short Rains,Maize,11.94,263.4,20.7,30.3,Traditional,0.3
2023,Samburu,Long Rains,Beans,9.26,459.4,26.6,33.3,Traditional,0.2
2023,Samburu,Long Rains,Maize,10.68,781.7,25.1,33.3,Improved Traditional,0.75
2023,Samburu,Short Rains,Beans,9.72,547.2,27.9,33.3,Improved Traditional,0.21
2023,Samburu,Short Rains,Maize,5.49,230.7,27.2,33.3,Traditional,0.3
2023,Baringo,Long Rains,Beans,12.47,564.3,22.5,24.5,Traditional,0.36
2023,Baringo,Long Rains,Maize,0.62,872.6,22.7,24.5,Hybrid,1.98
2023,Baringo,Short Rains,Beans,0.55,443.2,23.4,24.5,Traditional,0.21
2023,Baringo,Short Rains,Maize,5.49,379.9,24.6,24.5,Traditional,0.4
2023,Laikipia,Long Rains,Wheat,14.36,908.4,17.5,73.3,Traditional,3.37
2023,Laikipia,Long Rains,Beans,3.21,789.9,18.1,73.3,Traditional,1.13
2023,Laikipia,Long Rains,Maize,14.25,768.2,20.6,73.3,Improved Traditional,3.05
2023,Laikipia,Short Rains,Wheat,9.55,689.4,18.2,73.3,Improved Traditional,2.9
2023,Laikipia,Short Rains,Beans,8.81,313.3,18.7,73.3,Traditional,0.2
2023,Laikipia,Short Rains,Maize,13.65,319.3,18.4,73.3,Hybrid,0.5
2023,Kisumu,Long Rains,Beans,5.84,1343.1,22.2,43.8,Traditional,1.33
2023,Kisumu,Long Rains,Maize,9.31,914.8,24.3,43.8,Hybrid,2.75
2023,Kisumu,Short Rains,Beans,8.98,1098.6,21.9,43.8,Improved Traditional,1.55
2023,Kisumu,Short Rains,Maize,14.48,739.6,22.5,43.8,Improved Traditional,3.09
2023,Siaya,Long Rains,Beans,3.95,1079.7,23.7,70.8,Hybrid,0.98
2023,Siaya,Long Rains,Maize,4.57,1166.1,24.6,70.8,Traditional,2.54
2023,Siaya,Long Rains,Cassava,5.43,1157.5,22.2,70.8,Traditional,4.1
2023,Siaya,Short Rains,Beans,3.58,704.5,23.2,70.8,Hybrid,0.58
2023,Siaya,Short Rains,Maize,13.14,670.6,21.2,70.8,Traditional,1.93
2023,Siaya,Short Rains,Cassava,12.07,970.5,24.2,70.8,Improved Traditional,2.95
2023,Homa Bay,Long Rains,Beans,12.3,1260.8,24.6,64.7,Traditional,1.08
2023,Homa Bay,Long Rains,Maize,0.78,1032.2,24.6,64.7,Hybrid,2.85
2023,Homa Bay,Short Rains,Beans,9.06,772.1,23.0,64.7,Traditional,0.2
2023,Homa Bay,Short Rains,Maize,10.24,503.1,24.6,64.7,Traditional,0.43
2023,Migori,Long Rains,Beans,9.8,1247.7,22.8,64.4,Traditional,0.95
2023,Migori,Long Rains,Maize,2.3,1548.4,21.3,64.4,Hybrid,8.43
2023,Migori,Short Rains,Beans,14.75,561.2,21.8,64.4,Improved Traditional,0.2
2023,Migori,Short Rains,Maize,5.48,788.9,23.2,64.4,Traditional,1.03
2023,Kajiado,Long Rains,Beans,11.8,388.2,23.7,37.5,Improved Traditional,0.31
2023,Kajiado,Long Rains,Maize,11.78,762.9,20.7,37.5,Traditional,1.41
2023,Kajiado,Short Rains,Beans,10.44,464.8,21.2,37.5,Hybrid,0.29
2023,Kajiado,Short Rains,Maize,9.06,270.0,23.1,37.5,Traditional,0.6
2023,Narok,Long Rains,Wheat,10.3,1453.0,19.3,54.0,Traditional,2.98
2023,Narok,Long Rains,Beans,3.71,918.9,20.5,54.0,Traditional,1.41
2023,Narok,Long Rains,Maize,8.5,875.0,20.1,54.0,Traditional,1.87
2023,Narok,Short Rains,Wheat,13.58,653.7,18.2,54.0,Traditional,1.96
2023,Narok,Short Rains,Beans,12.92,907.4,18.0,54.0,Traditional,0.44
2023,Narok,Short Rains,Maize,1.34,403.0,18.8,54.0,Traditional,1.51
2023,Elgeyo-Marakwet,Long Rains,Beans,7.01,889.7,17.1,67.3,Traditional,1.04
2023,Elgeyo-Marakwet,Long Rains,Maize,9.57,878.8,18.4,67.3,Improved Traditional,3.53
2023,Elgeyo-Marakwet,Short Rains,Beans,6.2,468.1,16.8,67.3,Hybrid,0.55
2023,Elgeyo-Marakwet,Short Rains,Maize,2.75,624.7,16.6,67.3,Hybrid,2.18
2023,Busia,Long Rains,Beans,13.75,947.7,21.3,45.8,Traditional,1.1
2023,Busia,Long Rains,Maize,11.24,1399.5,22.9,45.8,Traditional,4.05
2023,Busia,Long Rains,Cassava,6.45,1551.3,22.4,45.8,Hybrid,4.0
2023,Busia,Long Rains,Rice,11.71,1303.4,19.3,45.8,Traditional,1.67
2023,Busia,Short Rains,Beans,9.15,187.0,19.1,45.8,Traditional,0.2
2023,Busia,Short Rains,Maize,4.6,404.5,19.2,45.8,Improved Traditional,0.4
2023,Busia,Short Rains,Cassava,4.0,1277.0,23.0,45.8,Traditional,2.43
2023,Busia,Short Rains,Rice,13.92,813.8,19.1,45.8,Hybrid,1.31
2023,Isiolo,Long Rains,Beans,8.78,416.2,30.0,16.3,Traditional,0.2
2023,Isiolo,Long Rains,Maize,7.43,588.0,31.2,16.3,Improved Traditional,0.33
2023,Isiolo,Short Rains,Beans,9.89,328.9,28.8,16.3,Hybrid,0.2
2023,Isiolo,Short Rains,Maize,6.26,161.3,31.4,16.3,Traditional,0.2
2023,Marsabit,Long Rains,Beans,8.54,289.1,29.9,17.4,Traditional,0.2
2023,Marsabit,Long Rains,Maize,1.02,249.3,34.0,17.4,Improved Traditional,0.2
2023,Marsabit,Short Rains,Beans,4.61,50.0,32.3,17.4,Traditional,0.2
2023,Marsabit,Short Rains,Maize,2.72,368.3,31.9,17.4,Improved Traditional,0.31
